district,metro,state,entity_type,ai_policy_status,safety_ai_status,deepfake_ban,impersonation_ban,links_to_hib_titleix,approved_tools_only,safety_ai_notes,safety_sources,safety_last_verified_at,deepfake_quote,impersonation_quote,hib_titleix_quote,safety_instrument_label,safety_instrument_url,elementary_ai,secondary_ai,assignment_framework,primary_edtech_ai,teacher_pd,student_literacy,parent_comms,outcomes_published,graduation_evidence,graduation_evidence_notes,graduation_evidence_sources,attendance_evidence,attendance_evidence_notes,attendance_evidence_sources,sga_evidence_last_verified_at,grad_rate_pct,grad_rate_year,attendance_metric_type,attendance_or_chronic_abs_pct,attendance_metric_year,context_metrics_source,context_metrics_last_verified_at,last_verified_at,one_liner,status,sources,superintendent_name,superintendent_title,superintendent_email,superintendent_phone,tech_lead_name,tech_lead_title,tech_lead_email,tech_lead_phone,board_chair_name,board_members,board_roster_url,board_calendar_url,next_board_meeting_at,next_board_meeting_notes,board_calendar_last_verified_at,board_office_email,board_member_emails,board_emails_source,board_emails_last_verified_at,people_sources,people_last_verified_at,student_impact,teacher_impact,student_impact_notes,teacher_impact_notes,use_cases_working,use_cases_not_working,impact_sources,impact_last_verified_at,head_of_school_name,head_of_school_title,head_of_school_email,head_of_school_phone,accreditation
City Schools of Decatur,Atlanta,GA,traditional,principles_only,none,no,no,no,no,No public AI deepfake/impersonation/HIB-linked rule recovered in reviewed primary sources.,https://www.csdecatur.net/our-district-5f/departments/safety-and-technology-services/technology/student-technology-qa,2026-09-07,,,,,,unknown,restricted,teacher_discretion,Gemini (domain reported),ad_hoc,none,listening,no,unknown,,,unknown,,,,95.3,2024,chronic_absenteeism,9.6,2024-25,https://static.allongeorgia.com/wp-content/uploads/2024/10/2024-4-Year-Cohort-Graduation-Rate-State-District-School-by-Subgroups-ga-doe.pdf;https://download.gosa.ga.gov/2025/Attendance_2024-25_2026-02-19_00_32_26.csv,2026-09-09,2026-09-06,District published 2024 AI Principles (human-centered; inspectable/explainable/overridable; privacy compliance) via Student Technology Q&A and a Jan 9 2024 “AI Position and Principles” board presentation; student-voice work continues while finished classroom assignment rules are not yet published.,verified,https://www.csdecatur.net/our-district-5f/departments/safety-and-technology-services/technology/student-technology-qa|https://docs.google.com/document/d/1h1N0ToH3Zvujf0r5BQKL_3maMPni_dGPSWNXbF9HKDM/edit|https://www.csdecatur.net/our-district-5f/departments/safety-and-technology-services/reports-and-presentations|https://www.csdecatur.net/our-district-5f/departments/safety-and-technology-services/technology,Dr. Gyimah Whitaker,Superintendent,gyimah.whitaker@csdecatur.net,(404) 371-3601,,,,,Dr. Carmen Sulton,Dr. Carmen Sulton|Board Chair|District 2|Expires 2029;Hans Utz|Vice Chair|District 1|Expires 2029;James Herndon|Board Member|District 1|Expires 2027;Tracey Anderson|Board Member|District 2|Expires 2027;Lorraine Irier|Board Member|At-Large|Expires 2029,https://www.csdecatur.net/board-of-education-b8/board-of-education-overview/meet-the-members,https://www.csdecatur.net/board-of-education-b8/resources,2026-10-13,"Sep 8 monthly already held. Next Executive Session/Work Session/Board Meeting 2026-10-13 at Wilson School Support Center, 125 Electric Ave. Agendas: https://simbli.eboardsolutions.com/sb_meetings/sb_meetinglisting.aspx?s=4052",2026-09-09,board@csdecatur.net,Dr. Carmen Sulton|csulton@csdecatur.net;Hans Utz|hutz@csdecatur.net;James Herndon|jherndon@csdecatur.net;Tracey Anderson|tracey.anderson@csdecatur.net;Lorraine Irier|lorraine.irier@csdecatur.net;,https://www.csdecatur.net/board-of-education-b8/board-of-education-overview/meet-the-members,2026-09-09,https://www.csdecatur.net/our-district-5f/superintendent|https://www.csdecatur.net/board-of-education-b8/board-of-education-overview/meet-the-members|https://www.csdecatur.net/our-district-5f/departments/safety-and-technology-services/technology,2026-09-06,mixed,mixed,Principles and student-voice listening without classroom rules leave secondary restricted use under teacher discretion — ambiguity risk for honesty and access.,Principles-only stance gives autonomy without a finished assignment framework; PD is ad hoc.,Published principles; parent/community listening posture,No concrete classroom assignment rules yet; secondary restricted without clear literacy path; outcomes not published,district verified one_liner/principles_only coding (sources column thin),2026-09-06,,,,,
Marietta City Schools,Atlanta,GA,traditional,resolution,none,no,no,no,no,No public AI deepfake/impersonation/HIB-linked rule recovered in reviewed primary sources.,https://www.wsbtv.com/news/local/cobb-county/marietta-city-schools-adopt-new-guidelines-screen-time-artificial-intelligence/T5TFUQAWMZHO5DVTH2CENMALSE/,2026-09-07,,,,,,banned,restricted,traffic_light,MagicSchool,ad_hoc,none,listening,no,unknown,,,unknown,,,,91.4,2024,chronic_absenteeism,22.6,2024-25,https://static.allongeorgia.com/wp-content/uploads/2024/10/2024-4-Year-Cohort-Graduation-Rate-State-District-School-by-Subgroups-ga-doe.pdf;https://download.gosa.ga.gov/2025/Attendance_2024-25_2026-02-19_00_32_26.csv,2026-09-09,2026-09-06,Board resolution sets screens closed by default (open with purpose; no screens as behavior management); K–5 AI banned; secondary assignments use a red/yellow/green traffic-light framework with MagicSchool guardrails after family/teacher listening.,verified,https://www.marietta-city.org/news/news-details/~board/marietta-city-schools-district-news-marietta-city-schools-25755/post/marietta-city-school-board-sets-district-vision-for-screens-technology-and-ai|https://www.marietta-city.org/|https://www.atlantanewsfirst.com/2026/08/04/marietta-welcomes-students-back-school/|https://www.wsbtv.com/news/local/cobb-county/marietta-city-schools-adopt-new-guidelines-screen-time-artificial-intelligence/T5TFUQAWMZHO5DVTH2CENMALSE/,Dr. Grant Rivera,Superintendent,grivera@marietta-city.k12.ga.us,(770) 422-3500,Torey Bradley,Director - Technology,,(770) 422-3500,Jaillene Hunter,Jeff DeJarnett|Board Member|Ward One|;Laura Holder|Board Member|Ward Two|;Jeff Collins|Board Member|Ward Three|;Jaillene Hunter|Board Chair|Ward Four|;Angela Orange|Vice Chair|Ward Five|;Christina Rogers|Board Member|Ward Six|;Irene Berens|Board Member|Ward Seven|,https://www.marietta-city.org/board-of-education1/board-members,https://www.marietta-city.org/board-of-education1/marietta-city-schools-board-of-education,2026-09-15,Regular Monthly Meeting 6:00-8:00pm at 250 Howard St NE. Work Session Sep 8 already held; Training/Planning Retreat Sep 11. Agendas: https://simbli.eboardsolutions.com/SB_Meetings/SB_MeetingListing.aspx?S=4110,2026-09-09,,Jeff DeJarnett|jdejarnett@marietta-city.k12.ga.us;Laura Holder|friendsoflauraholder@gmail.com;Jeff Collins|jeffcollinsward3@gmail.com;Jaillene Hunter|jaillenehunterward4@gmail.com;Angela Orange|aorange@marietta-city.k12.ga.us;Christina Rogers|christina4ward6@gmail.com;Irene Berens|irene.berens@gmail.com;,https://www.marietta-city.org/board-of-education1/board-members,2026-09-09,https://www.marietta-city.org/about-mcs/superintendents-office|https://www.marietta-city.org/departments1/technology-information-systems|https://www.marietta-city.org/board-of-education1/board-members,2026-09-06,mixed,mixed,K-5 ban plus screens-closed default and secondary restricted with traffic-light framing prioritize safety over early AI literacy; secondary gets clearer labels when traffic-light is used.,Resolution + traffic-light give a shared signal; MagicSchool for staff/secondary contexts with only ad hoc PD.,Board resolution stance; traffic-light assignment framing; MagicSchool presence,K-5 AI banned with no literacy path found; listening-only parent AI posture; outcomes not published,district verified resolution/banned-elementary coding,2026-09-06,,,,,
DeKalb County School District,Atlanta,GA,traditional,drafting_IFBG,none,no,no,no,no,No public AI deepfake/impersonation/HIB-linked rule recovered in reviewed primary sources.,https://www.decaturish.com/schools/dekalb-schools-looks-for-audit-firm-developing-ai-policy/article_8e59f093-25e3-474a-8279-6227681da2aa.html;https://its.dekalb.k12.ga.us/aup.aspx,2026-09-07,,,,,,unknown,teacher_discretion,teacher_discretion,Copilot preferred (reported),unknown,none,survey_screen_focus,no,unknown,,,unknown,,,,79.1,2024,chronic_absenteeism,26.4,2024-25,https://static.allongeorgia.com/wp-content/uploads/2024/10/2024-4-Year-Cohort-Graduation-Rate-State-District-School-by-Subgroups-ga-doe.pdf;https://download.gosa.ga.gov/2025/Attendance_2024-25_2026-02-19_00_32_26.csv,2026-09-09,2026-09-06,Board policy committee is drafting IFBG Internet Acceptable Use revisions to add classroom generative-AI guidelines (ethical use; teacher approval/attribution; ban on assessments/unauthorized work) with an AI task force; no finished adopted AI board policy yet so classroom practice remains teacher-by-teacher (including Dunwoody variance).,verified,https://its.dekalb.k12.ga.us/aup.aspx|https://www.dekalbschoolsga.org/divisions/information-and-instructional-technology/leadership|https://www.decaturish.com/schools/dekalb-schools-looks-for-audit-firm-developing-ai-policy/article_8e59f093-25e3-474a-8279-6227681da2aa.html|https://www.dekalbschoolsga.org/,Dr. Norman C. Sauce III,Interim Superintendent,Norman_C_Sauce@dekalbschoolsga.org,(678) 676-1200,Dr. Kermit Belcher,Chief Information Officer,,,Allyson Gevertz,Allyson Gevertz|Board Chair|District 4|;Awet Eyasu|Vice Chair|District 7|;Andrew B. Ziffer|Board Member|District 1|;Whitney McGinniss|Board Member|District 2|;Deirdre P. Pierce|Board Member|District 3|;Tiffany Hogan Ph.D.|Board Member|District 5|;Diijon DaCosta Sr.|Board Member|District 6|,https://www.dekalbschoolsga.org/board/meet-the-boe,https://www.dekalbschoolsga.org/board/meeting-calendar,2026-09-14,"Board of Education Meeting 11:30am-8:00pm at AIC (1701 Mountain Industrial Blvd, Stone Mountain). Agendas: https://simbli.eboardsolutions.com/SB_Meetings/SB_MeetingListing.aspx?S=4054",2026-09-09,,Allyson Gevertz|allyson_gevertz@dekalbschoolsga.org;Andrew B. Ziffer|andrew_b_ziffer@dekalbschoolsga.org;Whitney McGinniss|whitney_mcginniss@dekalbschoolsga.org;Deirdre P. Pierce|deirdre_pierce@dekalbschoolsga.org;Tiffany Hogan|tiffany_e_hogan@dekalbschoolsga.org;Diijon DaCosta Sr.|diijon_dacosta@dekalbschoolsga.org;Awet Eyasu|awet_eyasu@dekalbschoolsga.org;,https://www.dekalbschoolsga.org/board/meet-the-boe,2026-09-09,https://www.dekalbschoolsga.org/superintendent/dr-norman-c-sauce-iii|https://www.dekalbschoolsga.org/superintendent/cabinet|https://www.dekalbschoolsga.org/board/meet-the-boe|https://www.dekalbschoolsga.org/divisions/information-and-instructional-technology/leadership|https://coralwoodct.dekalb.k12.ga.us/CouncilMembers.aspx,2026-09-06,negative,negative,IFBG still drafting and secondary use is teacher-discretion with no literacy program — high honesty/access inconsistency risk (including Dunwoody lived variance).,No finished board AI policy and unknown PD leave teachers inventing rules while surveys focus on screens more than GenAI practice.,Drafting IFBG signals intent; Copilot preferred (reported) as a possible staff channel,No finished AI policy; teacher-by-teacher practice; no student literacy program; outcomes not published,district verified drafting_IFBG coding + one_liner,2026-09-06,,,,,
Atlanta Public Schools,Atlanta,GA,traditional,guidance,procedure_handbook,yes,yes,no,no,"Student handbook Rule 14D bans creating/sharing AI-generated, altered, or false images/videos/digital content that misrepresent students/employees or school events; Rule 6A bans unauthorized AI assistance. District publishes AI guidance and MagicSchool tools list; Board Policy IFBI still drafting. No explicit HIB/Title IX crosswalk for AI misuse; no published approved-tools-only mandate.",https://resources.finalsite.net/images/v1756225650/atlantapublicschoolsus/jdpu2cpykxgbnhbs7btf/student-handbook.pdf;https://www.atlantapublicschools.us/about/departments/teaching-learning/instructional-technology/artificial-intelligence,2026-09-09,"No student shall create, share, or distribute AI-generated, altered, or otherwise false images, videos, or digital content that do not serve an educational purpose, disrupt the learning environment, misrepresent students/employees and/or school-related events.","No student shall create, share, or distribute AI-generated, altered, or otherwise false images, videos, or digital content that do not serve an educational purpose, disrupt the learning environment, misrepresent students/employees and/or school-related events.",,Handbook Rule 14D,https://resources.finalsite.net/images/v1756225650/atlantapublicschoolsus/jdpu2cpykxgbnhbs7btf/student-handbook.pdf,teacher_discretion,teacher_discretion,teacher_discretion,MagicSchool,ad_hoc,curriculum,faq,no,unknown,,,unknown,,,,88.4,2024,chronic_absenteeism,31.9,2024-25,https://static.allongeorgia.com/wp-content/uploads/2024/10/2024-4-Year-Cohort-Graduation-Rate-State-District-School-by-Subgroups-ga-doe.pdf;https://download.gosa.ga.gov/2025/Attendance_2024-25_2026-02-19_00_32_26.csv,2026-09-09,2026-09-06,APS publishes AI position statement + educator/student/parent guidance and MagicSchool-led tools list while board drafts Policy IFBI; handbook bans unauthorized AI and deepfakes.,verified,https://www.atlantapublicschools.us/about/departments/teaching-learning/instructional-technology/artificial-intelligence|https://www.atlantapublicschools.us/about/departments/teaching-learning/instructional-technology/google-ai-essentials|https://resources.finalsite.net/images/v1756225650/atlantapublicschoolsus/jdpu2cpykxgbnhbs7btf/student-handbook.pdf|https://www.atlantapublicschools.us/fs/resource-manager/view/53ca98d0-dba1-4d08-91b6-9d4890cc0023|https://www.atlantapublicschools.us/boe/board-policy-manual,Dr. Bryan Johnson,Superintendent,suptoffice@apsk12.org,(404) 802-3500,Dr. Aleigha H. Rosser,Assistant Superintendent of Information Technology,ahrosser@apsk12.org,(404) 802-3500,Jessica Johnson,Katie Howard|Board Member|District 1|;Tony Mitchell Jr.|Board Member|District 2|;Dr. Ken Zeff|Vice Chair|District 3|;Jennifer McDonald|Board Member|District 4|;Erika Mitchell|Board Member|District 5|;Patreece Hutcherson|Board Member|District 6|;Alfred Shivy Brooks|Board Member|At-Large Seat 7|;Dr. Kaycee Brock|Board Member|At-Large Seat 8|;Jessica Johnson|Board Chair|At-Large Seat 9|,https://www.atlantapublicschools.us/boe/about-the-board,https://www.atlantapublicschools.us/boe/boe-calendar,2026-10-05,Monthly Board Meeting 2:30-8:00pm at CLL (130 Trinity Ave SW). Policy Committee & Budget Commission also listed 2026-09-16. Agendas: https://simbli.eboardsolutions.com/SB_Meetings/SB_MeetingListing.aspx?S=36031014,2026-09-09,atlantaboard@atlanta.k12.ga.us,,https://www.atlantapublicschools.us/boe/board-policy-manual,2026-09-09,https://www.atlantapublicschools.us/about/superintendent|https://www.atlantapublicschools.us/boe/about-the-board,2026-09-06,mixed,mixed,Educator/student/parent guidance and MagicSchool-led tools list plus handbook bans on unauthorized AI/deepfakes provide norms; assignment use remains teacher-discretion so classroom inconsistency persists.,Published guidance and tools list help; PD still ad hoc and board Policy IFBI still drafting so staff lack a finished board-level mandate.,AI position statement; educator/student/parent guidance; MagicSchool tools list; handbook unauthorized-AI/deepfake bans,Policy IFBI still drafting; teacher-discretion assignment framework; ad hoc PD; outcomes not published,https://www.atlantapublicschools.us/about/departments/teaching-learning/instructional-technology/artificial-intelligence,2026-09-06,,,,,
Fulton County Schools,Atlanta,GA,traditional,board_policy,board_policy,yes,yes,no,yes,"Board Policy IFBI (NEW; meeting draft dated ~May 2026, board bulletin cites Aug 2026 approval) is a governance/use policy: district-approved AI tools only, District accounts, tech-governance contract review, human oversight for high-stakes decisions, academic integrity, student PII ban in AI tools, and ban on inappropriate/harmful AI content (points to student discipline). IFBI itself does NOT explicitly ban deepfakes or impersonation and has no HIB/Title IX AI crosswalk. Deepfake/false-image Safety signal is from Code of Conduct Rule 18k.III (create/share AI-generated, altered, or false images/videos that misrepresent students, employees, or school events) plus academic-honesty AI bans — not from IFBI alone.",https://news.fultonschools.org/details/~board/board-bulletin/post/board-bulletin-for-8212026;https://resources.finalsite.net/images/v1748957951/fultonschoolsorg/olepmfcb9ltjqqmg3ogv/25-26CodeofConduct.pdf;https://simbli.eboardsolutions.com/meetings/TempFolder/Meetings/BoardPolicyIFBI_AI_5-11-2026_2052144welz41h5uub2iayasxhqznr1.pdf,2026-09-09,"Students are prohibited from creating, sharing, or distributing AI-generated, altered, or otherwise false images, videos, or digital content that do not serve an educational purpose and disrupt the learning environment.","misrepresent students, District employees, or school-related events, or misrepresent/falsify District or school-related documents.",,CoC Rule 18k.III,https://resources.finalsite.net/images/v1748957951/fultonschoolsorg/olepmfcb9ltjqqmg3ogv/25-26CodeofConduct.pdf,restricted,restricted,teacher_discretion,SchoolAI,cohort,curriculum,listening,no,unknown,,,unknown,,,,90.7,2024,chronic_absenteeism,19.1,2024-25,https://static.allongeorgia.com/wp-content/uploads/2024/10/2024-4-Year-Cohort-Graduation-Rate-State-District-School-by-Subgroups-ga-doe.pdf;https://download.gosa.ga.gov/2025/Attendance_2024-25_2026-02-19_00_32_26.csv,2026-09-09,2026-09-06,"FCS Board Policy IFBI (Aug 2026 bulletin; IFBI PDF on file) requires district-approved AI with human oversight; deepfake/false-image ban lives in CoC Rule 18k.III, not IFBI; SchoolAI 2025-26.",verified,https://news.fultonschools.org/details/~board/board-bulletin/post/board-bulletin-for-8212026|https://news.fultonschools.org/details/~board/board-bulletin/post/board-bulletin-for-8132025|https://news.fultonschools.org/details/~board/board-bulletin/post/fcs-board-bulletin-for-october-9-2024|https://news.fultonschools.org/details/~board/board-bulletin/post/board-bulletin-for-8112023|https://resources.finalsite.net/images/v1748957951/fultonschoolsorg/olepmfcb9ltjqqmg3ogv/25-26CodeofConduct.pdf|https://www.fultonschools.org/codeofconduct|https://news.fultonschools.org/details/~board/district-news-stories/post/johns-creek-high-school-students-compete-in-artificial-intelligence-ai-prompt-a-thon|https://news.fultonschools.org/details/~board/lets-talk-schools/post/lets-talk-schools-ai-in-our-schools|https://news.fultonschools.org/details/~board/lets-talk-schools/post/episode-8-artificial-intelligence|https://simbli.eboardsolutions.com/meetings/TempFolder/Meetings/BoardPolicyIFBI_AI_5-11-2026_2052144welz41h5uub2iayasxhqznr1.pdf,Dr. Mike Looney,Superintendent,looneym@fultonschools.org,470-254-6890,Dr. Joe Phillips,Chief Strategy & Technology Officer,,470-254-5710,Kristin McCabe,Sara Gillespie|Board Member|District 1|expires 2028-12-31;Lillie Pozatek|Board Member|District 2|expires 2026-12-31;Katie Gregory|Board Vice President|District 3|expires 2028-12-31;Franchesca Warren|Board Member|District 4|expires 2028-12-31;Kristin McCabe|Board President|District 5|expires 2026-12-31;Kimberly Dove|Board Member|District 6|expires 2026-12-31;Dr. Michelle Morancie|Board Member|District 7|expires 2026-12-31,https://www.fultonschools.org/fcs-board-of-education,https://www.fultonschools.org/fcs-board-of-education/meeting-calendar,2026-09-10,Work Session 12:30-7:30pm North Learning Center (450 Northridge Pkwy). Regular Board Meeting 2026-09-17 6:00pm start South Learning Center. Agendas: https://simbli.eboardsolutions.com/fulton,2026-09-09,,Sara Gillespie|gillespies1@fultonschools.org;Lillie Pozatek|pozatekl@fultonschools.org;Katie Gregory|gregoryk1@fultonschools.org;Franchesca Warren|warrenf2@fultonschools.org;Kristin McCabe|mccabek@fultonschools.org;Kimberly Dove|dovek@fultonschools.org;Dr. Michelle Morancie|moranciem1@fultonschools.org;,https://www.fultonschools.org/fcs-board-of-education,2026-09-09,https://www.fultonschools.org/our-district/superintendent/superintendent|https://www.fultonschools.org/our-district/superintendent/executive-cabinet-staff|https://www.fultonschools.org/all-departments/information-technology/it|https://www.fultonschools.org/fcs-board-of-education,2026-09-06,mixed,positive,Board Policy IFBI and SchoolAI rollout with CoC bans on unauthorized AI create a guarded path; elementary/secondary remain restricted so access depends on approved channels.,Adopted IFBI plus cohort PD and SchoolAI give teachers a board-backed approved-tool model with human-oversight requirement.,Board Policy IFBI (Aug 2026); SchoolAI 2025-26 rollout; cohort PD; CoC unauthorized-AI / false-image bans,Student use restricted to district-approved tools; outcomes not published; parent comms still listening-focused,https://news.fultonschools.org/details/~board/board-bulletin/post/board-bulletin-for-8212026,2026-09-06,,,,,
Gwinnett County Public Schools,Atlanta,GA,traditional,guidance,procedure_handbook,no,yes,yes,yes,"Student handbooks (e.g., Magill ES 2025-26 academic honesty) and GCPS Human-Centered AI Guidance prohibit using AI tools to impersonate others for bullying, harassment, or intimidation and ban misrepresenting the likeness of others; staff must use Third-Party Vendor–approved tools / approved tools list. No explicit deepfake/false-image clause recovered in reviewed primaries.",https://resources.finalsite.net/images/v1755269883/gcpsk12org/zedcruklv70edonpfvlj/StudentHandbook2025-2026-MagillES.pdf;https://www.gcpsk12.org/programs-and-services/college-and-career-development/academies-and-career-technical-and-agricultural-education/artificial-intelligence-and-computer-science/guidance-for-human-centered-ai-use;https://www.gcpsk12.org/news-details/~board/news-releases/post/gcps-implementing-comprehensive-guidance-for-the-ethical-use-of-ai,2026-09-09,,"Using AI tools to impersonate others for bullying, harassment, or any form of intimidation","Using AI tools to impersonate others for bullying, harassment, or any form of intimidation",Handbook — Prohibited AI Usage (Magill ES),https://resources.finalsite.net/images/v1755269883/gcpsk12org/zedcruklv70edonpfvlj/StudentHandbook2025-2026-MagillES.pdf,teacher_discretion,teacher_discretion,teacher_discretion,unknown,cohort,curriculum,faq,yes,unknown,,,unknown,,,,84.1,2024,chronic_absenteeism,18.4,2024-25,https://static.allongeorgia.com/wp-content/uploads/2024/10/2024-4-Year-Cohort-Graduation-Rate-State-District-School-by-Subgroups-ga-doe.pdf;https://download.gosa.ga.gov/2025/Attendance_2024-25_2026-02-19_00_32_26.csv,2026-09-09,2026-09-06,GCPS pairs IFBG AI language with Human-Centered AI Guidance; teacher-set assignment rules + citation; Seckinger AI-Ready pilot expanding districtwide.,verified,https://www.gcpsk12.org/programs-and-services/college-and-career-development/academies-and-career-technical-and-agricultural-education/artificial-intelligence-and-computer-science/guidance-for-human-centered-ai-use|https://www.gcpsk12.org/programs-and-services/college-and-career-development/academies-and-career-technical-and-agricultural-education/artificial-intelligence-and-computer-science/guidance-for-human-centered-ai-use/gcps-human-centered-ai-faq|https://www.gcpsk12.org/news-details/~board/news-releases/post/gcps-implementing-comprehensive-guidance-for-the-ethical-use-of-ai|https://www.gcpsk12.org/programs-and-services/college-and-career-development/academies-and-career-technical-and-agricultural-education/artificial-intelligence-and-computer-science|https://www.gcpsk12.org/fs/resource-manager/view/b1791047-1306-47b2-8d18-f8b14f2e7c3e|https://millcreekhs.gcpsk12.org/academics/gcps-academic-honesty-statement|https://resources.finalsite.net/images/v1759413986/gcpsk12org/bluxdfege9qwngdowma5/_GCPSAI-ReadyPilotExternalReport_v2eq.pdf|https://www.gcpsk12.org/get-connected/district-news-and-communication/all-news/gcps-full-news-article/~board/news-releases/post/google-awards-gcps-grant-for-ai-focused-research,Dr. Alexandra Estrella,Superintendent,alex.estrella@gcpsk12.org,678-301-6000,Serena Sacks-Mandel,Chief Technology & Innovation Officer,,,Dr. Tarece Johnson-Morgan,Ms. Rachel Ruffin Stone|Board Member|District I|through December 2028;Mr. Steven B. Knudsen|Board Member|District II|through December 2026;Mr. Steve Gasper|Board Member|District III|through December 2028;Dr. Adrienne Simmons|Vice Chair|District IV|through December 2026;Dr. Tarece Johnson-Morgan|Chair|District V|term end 2028,https://www.gcpsk12.org/about-us/board,https://www.gcpsk12.org/about-us/board/board-meeting-schedule,2026-09-23,"Work Session Wed Sep 23 6:00pm; Business Meeting Thu Sep 24 7:00pm; ISC Board Room, 437 Old Peachtree Rd, Suwanee. Agendas: https://simbli.eboardsolutions.com/SB_Meetings/SB_MeetingListing.aspx?S=36031119",2026-09-09,MySchoolBoard@gcpsk12.org,,https://www.gcpsk12.org/about-us/board,2026-09-09,https://www.gcpsk12.org/about-us/divisions-and-teams|https://www.gcpsk12.org/about-us/divisions-and-teams/superintendent|https://www.gcpsk12.org/about-us/board|https://www.gcpsk12.org/about-us/board/dr-tarece-johnson-morgan,2026-09-06,positive,positive,Human-Centered AI Guidance with citation expectations plus AI-Ready pilot expansion and published outcomes signal a more mature student pathway than most GA peers.,IFBG-linked guidance and cohort PD give teachers shared language; teacher-set assignment rules still leave some classroom variance.,Human-Centered AI Guidance; citation expectations; Seckinger AI-Ready pilot expanding; published outcomes_published=yes,Assignment framework remains teacher-set (inconsistency risk across classrooms),https://www.gcpsk12.org/programs-and-services/college-and-career-development/academies-and-career-technical-and-agricultural-education/artificial-intelligence-and-computer-science/guidance-for-human-centered-ai,2026-09-06,,,,,
Cobb County School District,Atlanta,GA,traditional,procedure_handbook,procedure_handbook,yes,yes,no,no,"JCDA-R (Student Code of Conduct) prohibits creating, sharing, or distributing AI-generated, -altered, or otherwise false images/videos/digital content that disrupt learning or misrepresent students or employees. Future Ready frameworks address AI literacy/citation separately. No HIB/Title IX AI crosswalk and no district-approved-tools-only rule found in reviewed primary sources.",https://media.cobbk12.org/media/WWWCobb/medialib/2026-2027-ccsd-student-code-of-conduct.bf4313134836.pdf,2026-09-09,"creating, sharing, or distributing artificial intelligence-generated, -altered, or otherwise false images, videos, or other digital content that does not serve educational purposes, disrupts the learning environment, misrepresents students or employees of the District.","creating, sharing, or distributing artificial intelligence-generated, -altered, or otherwise false images, videos, or other digital content that does not serve educational purposes, disrupts the learning environment, misrepresents students or employees of the District.",,JCDA-R §I.3 (False Information),https://media.cobbk12.org/media/WWWCobb/medialib/2026-2027-ccsd-student-code-of-conduct.bf4313134836.pdf,teacher_discretion,permitted_with_citation,teacher_discretion,Microsoft 365,ad_hoc,curriculum,none,no,unknown,,,unknown,,,,87.9,2024,chronic_absenteeism,16.5,2024-25,https://static.allongeorgia.com/wp-content/uploads/2024/10/2024-4-Year-Cohort-Graduation-Rate-State-District-School-by-Subgroups-ga-doe.pdf;https://download.gosa.ga.gov/2025/Attendance_2024-25_2026-02-19_00_32_26.csv,2026-09-09,2026-09-06,CCSD embeds AI literacy and GenAI citation in Future Ready frameworks and bans AI deepfakes in JCDA-R; assignment use is school/teacher-gated with no standalone Board AI policy.,verified,https://media.cobbk12.org/media/WWWCobb/medialib/laptop-futurereadyframework6-12.af2e5961038.pdf|https://media.cobbk12.org/media/WWWCobb/medialib/laptop-futurereadyframeworkpk-5.eed75461037.pdf|https://media.cobbk12.org/media/WWWCobb/medialib/2026-2027-ccsd-student-code-of-conduct.bf4313134836.pdf|https://media.cobbk12.org/media/WWWCobb/medialib/ifbg-r.a1d00737156.pdf|https://media.cobbk12.org/media/WWWCobb/medialib/ifbge.5e834237155.pdf|https://www.cobbk12.org/instructional-technology|https://cobbk12.org/_ci/p/108775|https://www.cobbk12.org/austell/cobb-tank-2025-innovation-in-education-takes-center-stage.121054,Chris Ragsdale,Superintendent,Chris.Ragsdale@cobbk12.org,770-426-3453,Marc Smith,Chief Technology & Operations Officer,Marc.Smith@cobbk12.org,,Randy Scamihorn,Randy Scamihorn|Board Chair|Post 1|expires 2028-12-31;Becky Sayler|Board Member|Post 2|expires 2026-12-31;Leroy Tre' Hutchins|Board Member|Post 3|expires 2028-12-31;David Chastain|Board Vice-Chair|Post 4|expires 2026-12-31;John Cristadoro|Board Member|Post 5|expires 2028-12-31;Nichelle Davis|Board Member|Post 6|expires 2026-12-31;Brad Wheeler|Board Member|Post 7|expires 2028-12-31,https://www.cobbk12.org/board,https://www.cobbk12.org/board-meeting-schedule,2026-09-17,"Work Session 2:00pm then Board Meeting 7:00pm (public comment both); 514 Glover Street, Marietta. October 15 next monthly after that.",2026-09-09,,Randy Scamihorn|rscamihorn.boardmember@cobbk12.org;Becky Sayler|bsayler.boardmember@cobbk12.org;Leroy Tre' Hutchins|THutchins.Boardmember@cobbk12.org;David Chastain|dchastain.boardmember@cobbk12.org;John Cristadoro|JCristadoro.Boardmember@cobbk12.org;Nichelle Davis|ndavis.boardmember@cobbk12.org;Brad Wheeler|bwheeler.boardmember@cobbk12.org;,https://www.cobbk12.org/board,2026-09-09,https://www.cobbk12.org/leadership|https://www.cobbk12.org/superintendent|https://www.cobbk12.org/board|https://www.cobbk12.org/randy-scamihorn,2026-09-06,mixed,mixed,Future Ready frameworks embed AI literacy and GenAI citation; secondary permitted-with-citation is clearer than peers without rules. Deepfake bans help safety; no standalone board AI policy and thin parent AI comms leave gaps.,Framework PDFs and JCDA-R deepfake language help; assignment use stays school/teacher-gated and PD is ad hoc.,Future Ready PK-5 and 6-12 frameworks (AI literacy + GenAI citation); JCDA-R AI deepfake bans,No standalone Board AI policy; parent_comms none for AI; ad hoc PD; outcomes not published,https://media.cobbk12.org/media/WWWCobb/medialib/laptop-futurereadyframework6-12.af2e5961038.pdf,2026-09-06,,,,,
Cherokee County School District,Atlanta,GA,traditional,board_policy,guidance,no,yes,yes,yes,"Admin AI Guidelines (rev. July 2026, pursuant to Board Policy IFBG) require district-approved AI tools only and prohibit using AI to impersonate, harass, or intimidate others, directing users to the Student Code of Conduct. IFBG section 5 Responsible Use of AI sets ethical/safe integration and points to the Guidelines. No explicit deepfake/false-image ban found in reviewed IFBG/Guidelines/CoC AI text.",https://resources.finalsite.net/images/v1753482957/cherokeek12net/zmgieuc1sfgh9xmwyy4l/ArtificialIntelligenceAIGuidelines.pdf;https://resources.finalsite.net/images/v1777579023/cherokeek12net/kamzh4jmvpecncfc1lkx/IFBG2026FINAL.pdf,2026-09-09,,"AI must not be used to impersonate, harass, or intimidate others. See CCSD Student Code of Conduct.","Bullying or Harassment: AI must not be used to impersonate, harass, or intimidate others. See CCSD Student Code of Conduct.",Admin AI Guidelines — Prohibited Uses (Bullying or Harassment),https://resources.finalsite.net/images/v1753482957/cherokeek12net/zmgieuc1sfgh9xmwyy4l/ArtificialIntelligenceAIGuidelines.pdf,restricted,permitted_with_citation,traffic_light,unknown,unknown,unknown,none,no,unknown,,,unknown,,,,93.5,2024,chronic_absenteeism,13.7,2024-25,https://static.allongeorgia.com/wp-content/uploads/2024/10/2024-4-Year-Cohort-Graduation-Rate-State-District-School-by-Subgroups-ga-doe.pdf;https://download.gosa.ga.gov/2025/Attendance_2024-25_2026-02-19_00_32_26.csv,2026-09-09,2026-09-06,Board Policy IFBG (rev. 2026-04-23) plus admin AI Guidelines (rev. July 2026): district-approved tools only; AI Stoplight per assignment; K-5 teacher-led; secondary with disclosure/citation.,verified,https://www.cherokeek12.net/i-instructional-program/ifbg-internet-acceptable-use|https://resources.finalsite.net/images/v1777579023/cherokeek12net/kamzh4jmvpecncfc1lkx/IFBG2026FINAL.pdf|https://resources.finalsite.net/images/v1753482957/cherokeek12net/zmgieuc1sfgh9xmwyy4l/ArtificialIntelligenceAIGuidelines.pdf|https://www.cherokeek12.net/post-detail/~board/all-locations/post/board-business-briefs-school-board-hears-back-to-school-reports|https://resources.finalsite.net/images/v1750447228/cherokeek12net/fjkezss0zircmjdywqe1/CodeofConductSY2025-26.pdf|https://www.cherokeek12.net/divisions/technology-information-services,Mary Elizabeth Davis,Superintendent of Schools,maryelizabeth.davis@cherokeek12.net,770-479-1871,Dr. Brian Blanton,Chief Information Officer,Brian.Blanton@cherokeek12.net,770-721-6200,Janet Read Welch,Janet Read Welch|School Board Chair|At-Large Chair|2025-2028;Kelly Poole|Board Member|District 1|2025-2028;Patsy Jordan|Vice Chair|District 2|2025-2028;Chance Beam|Board Member|District 3|2025-2026;Robert Rechsteiner|Board Member|District 4|2023-2026;Erin Ragsdale|Board Member|District 5|2023-2026;Dr. Susan Padgett-Harrison|Board Member|District 6|2023-2026,https://www.cherokeek12.net/board-of-education,https://www.cherokeek12.net/board-of-education/board-meetings,2026-09-17,"Work Session 5:30pm then Regular Meeting 7:00pm at Dr. Frank R. Petruzielo Educational Services Facility, 1205 Bluffs Pkwy, Canton.",2026-09-09,,Janet Read Welch|janet.readwelch@cherokeek12.net;Kelly Poole|kelly.poole@cherokeek12.net;Patsy Jordan|patsy.jordan@cherokeek12.net;Chance Beam|chance.beam@cherokeek12.net;Robert Rechsteiner|rick.steiner@cherokeek12.net;Erin Ragsdale|eragsdale@cherokeek12.net;Dr. Susan Padgett-Harrison|SPH@cherokeek12.net;,https://www.cherokeek12.net/board-of-education,2026-09-09,https://www.cherokeek12.net/superintendents-cabinet|https://www.cherokeek12.net/board-of-education|https://cherokeegavotes.com/elected-officials-2/,2026-09-06,positive,positive,Board Policy IFBG plus AI Stoplight and K-5 teacher-led / secondary disclosure-citation rules give one of the clearest published student frameworks in the verified set.,Admin AI Guidelines (rev. July 2026) and stoplight model reduce rule-invention burden; PD status still unknown publicly.,Board Policy IFBG (rev. 2026-04-23); admin AI Guidelines; AI Stoplight per assignment; secondary citation/disclosure,Teacher PD and student literacy codes still unknown/unpublished; parent_comms none; outcomes not published,https://www.cherokeek12.net/i-instructional-program/ifbg-internet-acceptable-use,2026-09-06,,,,,
Forsyth County Schools,Atlanta,GA,traditional,guidance,guidance,no,no,no,yes,"2026-27 FCS Handbook AI Guidelines and Responsible Use Guidelines require FCS-approved / Trusted Apps–vetted age-appropriate AI tools and prohibit using AI to propagate harmful, misleading, offensive, or inappropriate content. No explicit deepfake, impersonation/likeness, or HIB/Title IX AI crosswalk recovered.",https://resources.finalsite.net/images/v1786555327/forsythk12gaus/ydbffv7va2d9unrzybht/FCSHandbook2026-2027FINALPDF.pdf;https://www.forsyth.k12.ga.us/district-services/technology-information-services/educational-technology-and-media/responsible-use-guidelines;https://www.forsyth.k12.ga.us/district-services/technology-information-services/educational-technology-and-media/fcsai,2026-09-09,,,,Handbook — Artificial Intelligence (AI) Guidelines,https://resources.finalsite.net/images/v1786555327/forsythk12gaus/ydbffv7va2d9unrzybht/FCSHandbook2026-2027FINALPDF.pdf,permitted_with_citation,permitted_with_citation,citation_required,MagicSchool,ad_hoc,unknown,letter,no,unknown,,,unknown,,,,96.2,2024,chronic_absenteeism,8.7,2024-25,https://static.allongeorgia.com/wp-content/uploads/2024/10/2024-4-Year-Cohort-Graduation-Rate-State-District-School-by-Subgroups-ga-doe.pdf;https://download.gosa.ga.gov/2025/Attendance_2024-25_2026-02-19_00_32_26.csv,2026-09-09,2026-09-06,FCS permits age-appropriate TrustEd Apps–vetted genAI under teacher guidance with required citation; FERPA bans on student PII; AP/IB may restrict further.,verified,https://www.forsyth.k12.ga.us/district-services/technology-information-services/educational-technology-and-media/fcsai|https://www.forsyth.k12.ga.us/district-services/technology-information-services/educational-technology-and-media/responsible-use-guidelines|https://resources.finalsite.net/images/v1786555327/forsythk12gaus/ydbffv7va2d9unrzybht/FCSHandbook2026-2027FINALPDF.pdf|https://www.forsyth.k12.ga.us/inside-fcs/deputy-superintendent/family-engagement-guide|https://www.forsyth.k12.ga.us/district-services/safety-student-support/safety-operations/code-of-conduct|https://resources.finalsite.net/images/v1774568466/forsythk12gaus/jb36ok7hqfq10j32j3lf/2025-2028TechnologyPlan.pdf|https://app.1edtech.org/embeddable/trustedApps/976|https://www.forsyth.k12.ga.us/district-services/technology-information-services/technology-services/technology-integration-standards,Dr. Mitch Young,Superintendent,,770-887-2461,Mike Evans,Chief Technology and Information Officer,mevans@forsyth.k12.ga.us,770-887-2461 ext. 204404,Mike Valdes,Wes McCall|Vice Chairman|District 1|took office 2019 term expires Dec 31 2026;Trisha Hoyes|Board Member|District 2|took office 2025 term expires Dec 31 2028;Dorian Usherwood|Board Member|District 3|took office 2025 term expires Dec 31 2028;Chris Grimes|Board Member|District 4|took office 2025 term expires Dec 31 2028;Mike Valdes|Chairman|District 5|took office 2023 term expires Dec 31 2026,https://www.forsyth.k12.ga.us/inside-fcs/board-of-education/board-of-education,https://www.forsyth.k12.ga.us/inside-fcs/board-of-education/meeting-schedule,2026-09-15,"Regular meeting: Executive Session 5:00pm, public portion 6:00pm at 1120 Dahlonega Hwy, Cumming. Work Session Sep 8 already held. Board meeting contact Suzy Mayo sumayo@forsyth.k12.ga.us",2026-09-09,sumayo@forsyth.k12.ga.us,Mike Valdes|mvaldes@forsyth.k12.ga.us;Wes McCall|WMcCall@forsyth.k12.ga.us;Trisha Hoyes|f34821@forsyth.k12.ga.us;Dorian Usherwood|f45826@forsyth.k12.ga.us;Chris Grimes|f26101@forsyth.k12.ga.us;,https://www.forsyth.k12.ga.us/inside-fcs/board-of-education/board-of-education;https://www.forsyth.k12.ga.us/inside-fcs/board-of-education/meeting-schedule,2026-09-09,https://www.forsyth.k12.ga.us/inside-fcs/superintendent/about|https://www.forsyth.k12.ga.us/district-services/technology-information-services/staff-directory|https://www.forsyth.k12.ga.us/inside-fcs/board-of-education/board-of-education,2026-09-06,positive,mixed,TrustEd Apps–vetted genAI under teacher guidance with required citation and FERPA PII bans give a clear permitted-with-citation path for age-appropriate tools.,Written FCS AI guidance helps; PD still ad hoc and AP/IB may restrict further so teachers must track course-level exceptions.,FCSAI guidance; TrustEd Apps vetted genAI; required citation; parent letter channel,Ad hoc PD; AP/IB further restrictions; outcomes not published,https://www.forsyth.k12.ga.us/district-services/technology-information-services/educational-technology-and-media/fcsai,2026-09-06,,,,,
Clayton County Public Schools,Atlanta,GA,traditional,guidance,procedure_handbook,yes,yes,no,yes,2026-27 Student Handbook bans Deepfake/Deepfaking (AI-generated or manipulated audio/movie/nude/sexually explicit images of a real student or employee that appear authentic). Feb 2025 AI Position Statement requires only district-approved AI tools that meet legal/ethical requirements. Deepfake sits near sexual-misconduct rules but does not explicitly crosswalk AI misuse to HIB/Title IX policy text.,https://resources.finalsite.net/images/v1785425108/claytonk12gaus/awy0brozmyc8nefcmztz/StudentHandbook202627.pdf;https://www.clayton.k12.ga.us/about/artificial-intelligence-position-statement;https://www.clayton.k12.ga.us/about/artificial-intelligence-position-statement/parents-and-community-ai-guidance,2026-09-09,"creating, distributing or transmitting artificial intelligence (AI) generated or manipulated audio, movie, nude, partially nude, inappropriate images, or sexually explicit images of a real student, other individual, or school employee that appear authentic or truthful","creating, distributing or transmitting artificial intelligence (AI) generated or manipulated audio, movie, nude, partially nude, inappropriate images, or sexually explicit images of a real student, other individual, or school employee that appear authentic or truthful",,Handbook — Deepfake/Deepfaking (Sexual Offenses f),https://resources.finalsite.net/images/v1785425108/claytonk12gaus/awy0brozmyc8nefcmztz/StudentHandbook202627.pdf,restricted,teacher_discretion,teacher_discretion,Amira,required,curriculum,faq,no,unknown,,,unknown,,,,83.0,2024,chronic_absenteeism,28.8,2024-25,https://static.allongeorgia.com/wp-content/uploads/2024/10/2024-4-Year-Cohort-Graduation-Rate-State-District-School-by-Subgroups-ga-doe.pdf;https://download.gosa.ga.gov/2025/Attendance_2024-25_2026-02-19_00_32_26.csv,2026-09-09,2026-09-06,Official Feb 2025 AI Position Statement: district-approved tools only; teacher-authorized use with attribution; required AI literacy PD; parent FAQ; Amira K-5 + Lumi pilot.,verified,https://www.clayton.k12.ga.us/about/artificial-intelligence-position-statement|https://www.clayton.k12.ga.us/about/artificial-intelligence-position-statement/parents-and-community-ai-guidance|https://www.clayton.k12.ga.us/about/artificial-intelligence-position-statement/ai-frequently-asked-questions|https://www.clayton.k12.ga.us/fs/resource-manager/view/1cdf4b56-14a3-4bbf-a9a0-0354b5267e8f|https://www.clayton.k12.ga.us/about/artificial-intelligence-position-statement/informationsession|https://www.clayton.k12.ga.us/resources/community/district-news/whats-happening/~board/clayton-county-public-schools-news/post/clayton-county-public-schools-shares-official-ai-position-statement|https://www.clayton.k12.ga.us/resources/community/district-news/whats-happening/~board/clayton-county-public-schools-news/post/clayton-county-public-schools-launches-innovative-lumi-ai-pilot-with-colin-kaepernick|https://www.clayton.k12.ga.us/resources/community/district-news/whats-happening/~board/clayton-county-public-schools-news/post/clayton-county-public-schools-encourages-summer-reading-with-amiraover-5-million-minutes-already-read|https://resources.finalsite.net/images/v1785425108/claytonk12gaus/awy0brozmyc8nefcmztz/StudentHandbook202627.pdf,Dr. Douglas Hendrix Sr.,Superintendent/CEO,douglas.hendrix@clayton.k12.ga.us,770-473-2700,Andy Sykes,Chief Technology Officer,andy.sykes@clayton.k12.ga.us,770-473-2700,Benjamin Straker,Jasmine Bowles|Board Member|District 1|term ends December 31 2026;Mark Christmas|Board Member|District 2|term ends December 31 2028;Jessie Goree|Board Member|District 3|term ends December 31 2028;Victoria Williams|Board Member|District 4|term ends December 31 2026;Deatrice Dee Haney|Board Member|District 5|term ends December 31 2028;Mary Baker|Vice Chair|District 6|term ends December 31 2028;Sabrina Hill|Board Member|District 7|term ends December 31 2028;Joy Tellis Cooper|Board Member|District 8|term ends December 31 2028;Benjamin Straker|Chair|District 9|term ends December 31 2026,https://www.clayton.k12.ga.us/administration/board-of-education/board-members,https://www.clayton.k12.ga.us/administration/board-of-education/board-meetings,2026-09-09,Board Meeting listed for Sep 9 (today). Next Work Session Sep 28 6:00pm. Agendas on Simbli S=4038. Office CTA: boepublic@clayton.k12.ga.us,2026-09-09,boepublic@clayton.k12.ga.us,Jasmine Bowles|jasmine.bowles@clayton.k12.ga.us;Mark Christmas|mark.christmas@clayton.k12.ga.us;Jessie Goree|jessie.goree@clayton.k12.ga.us;Victoria Williams|victoria.williams@clayton.k12.ga.us;Deatrice Dee Haney|deatrice.haney@clayton.k12.ga.us;Mary Baker|mary.baker@clayton.k12.ga.us;Sabrina Hill|sabrina.hill@clayton.k12.ga.us;Joy Tellis Cooper|joy.telliscooper@clayton.k12.ga.us;Benjamin Straker|benjamin.straker@clayton.k12.ga.us;,https://www.clayton.k12.ga.us/administration/board-of-education/board-members;https://www.clayton.k12.ga.us/administration/board-of-education/board-meetings/board-meeting-schedule,2026-09-09,https://www.clayton.k12.ga.us/administration/superintendent|https://www.clayton.k12.ga.us/administration/chief-officers|https://www.clayton.k12.ga.us/administration/board-of-education/board-members|https://www.clayton.k12.ga.us/departments/technology/techdirectory,2026-09-06,mixed,positive,Feb 2025 AI Position Statement requires teacher-authorized use with attribution and offers parent FAQ; elementary remains restricted (Amira/Lumi path) so genAI access is uneven by level.,Required AI literacy PD plus approved-tools framing and parent FAQ give teachers clearer backing than most districts.,Official AI Position Statement; required AI literacy PD; parent FAQ; Amira K-5 + Lumi pilot; attribution requirement,Elementary still restricted for genAI; outcomes not published,https://www.clayton.k12.ga.us/about/artificial-intelligence-position-statement,2026-09-06,,,,,
Seattle Public Schools,Seattle,WA,traditional,procedure_handbook,unknown,unknown,unknown,unknown,unknown,,,,,,,,,restricted,permitted_with_citation,teacher_discretion,MagicSchool,cohort,lesson_pack,faq,no,unknown,,,unknown,,,,,,unknown,,,,,2026-09-05,Handbook + tools + PD; no published outcomes,verified,,Ben Shuldiner,Superintendent,boshuldiner@seattleschools.org,206-252-0167,Carlos Del Valle,Assistant Superintendent of Technology and Optimization,crdelvalle@seattleschools.org,,Gina Topp,Gina Topp|Board Chair|District 6|Term ends 11/2027;Evan Briggs|Vice Chair|District 3|Term ends 11/2027;Liza Rankin|Board Member|District 1|Term ends 11/2027;Kathleen Smith|Board Member|District 2|Term ends 11/2027;Joe Mizrahi|Board Member|District 4|Term ends 11/2029;Vivian Song|Board Member|District 5|Term ends 11/2029;Jen LaVallee|Board Member|District 7|Term ends 11/2029,https://seattlepublicschools.community.diligentoneplatform.com/portal/members.aspx?id=16,,,,,,,,,https://www.seattleschools.org/departments/superintendent/|https://www.seattleschools.org/departments/superintendent/contact/|https://www.seattleschools.org/news/new-superintendent-begins-tenure-leading-sps/|https://www.seattleschools.org/about/levy/|https://seattlepublicschools.community.diligentoneplatform.com/portal/members.aspx?id=16|https://www.seattleschools.org/about/school-board/meet-the-board/,2026-09-06,mixed,positive,SPS AI Handbook + 2022SP and public AI page give secondary citation/permission-level norms and a parent/staff FAQ path while restricting common genAI for PreK-5; assignment use remains teacher-labeled so classroom inconsistency and no published outcomes keep the net mixed.,Cohort-style Education Technologist training on MagicSchool and related tools plus a published handbook and approved AI tools list give staff a clearer operating manual than principles-only districts.,AI Handbook permission levels + responsible-use rules; MagicSchool on approved tools list; ET MagicSchool training; public AI FAQ/principles page,PreK-5 genAI restrictions without a separate published outcomes study; teacher_discretion labeling still required per assignment; outcomes_published=no,https://www.seattleschools.org/departments/dots/ai/|https://www.seattleschools.org/wp-content/uploads/2025/02/AI-Handbook-ADA.pdf|https://www.seattleschools.org/student-portal/technology-supports-for-families/digital-tools/ai-tools/|https://www.seattleschools.org/departments/digital-learning/educational-technologists/,2026-09-06,,,,,
Bellevue School District,Seattle,WA,traditional,procedure_handbook,unknown,unknown,unknown,unknown,unknown,,,,,,,,,teacher_discretion,teacher_discretion,teacher_discretion,unknown,unknown,unknown,listening,no,unknown,,,unknown,,,,,,unknown,,,,,2026-09-06,BSD Procedure 2022.2P (Aug 2025) covers student AI use (respect/responsibility/transparency/accountability); school-level scaffolding at Interlake; EdTech Design Team on AI+devices with recommendations due spring 2027.,verified,https://www.bsd405.org/about-us/school-board/policies-and-procedures/policy-and-procedure-details/~board/policies-procedures/post/procedure-20222p-acceptable-use-of-artificial-intelligence-ai|https://resources.finalsite.net/images/v1757635446/bsd405org/klbqzvtsatqp06raiohi/2025-26StudentHandbook.pdf|https://interlakehigh.bsd405.org/academics/academic-honesty|https://www.bsd405.org/about-us/news/news-details/~board/bsd-news/post/coming-soon-test-of-ai-chatbot-on-bsd405org|https://www.bsd405.org/about-us/news/news-details/~board/bsd-news/post/superintendents-blog-bsds-best-year-yet|https://strategicplan.bsd405.org/annual-plan|https://www.bsd405.org/programs-and-services/technology-services/technology-frequently-asked-questions|https://bsd405.app.learnplatform.com/new/public/tools,Dr. Kelly Aramaki,Superintendent,superintendent@bsd405.org,(425) 456-4025,Angela Christofferson,Executive Director of Technology,christoffersona@bsd405.org,,Phil Bloch,Phil Bloch|Board Chair|District 1|December 2023 – November 2027;Carolyn Watson|Vice Chair|District 2|December 2023 – November 2027;Tracy Mayclin|Board Member|District 3|December 2025 – November 2029;Yevgeny (Eugene) Kolovyansky|Board Member|District 4|January 2026 – November 2027;Jane Aras|Board Member|District 5|December 2025 – November 2029,https://www.bsd405.org/about-us/school-board/meet-the-board,,,,,,,,,https://www.bsd405.org/about-us/superintendent|https://www.bsd405.org/about-us/administration/superintendents-cabinet-organizational-chart|https://www.bsd405.org/about-us/administration/financial-services-and-operations-leadership|https://www.bsd405.org/about-us/school-board/meet-the-board|https://www.bsd405.org/about-us/news/news-details/~board/bsd-news/post/new-district-4-school-board-director-appointed,2026-09-06,mixed,mixed,Procedure 2022.2P gives districtwide student AI expectations (respect/responsibility/transparency/accountability) but classroom use stays teacher_discretion and the EdTech Design Team AI+device recommendations are not due until spring 2027.,Staff have a written student AI procedure and Interlake-level academic-honesty scaffolding examples but PD/edtech channels remain unknown in the verified coding and districtwide AI vision is still in design.,Procedure 2022.2P acceptable use of AI; Interlake academic honesty scaffolding; EdTech Design Team chartered for AI integration,Teacher-discretion assignment framework districtwide; Design Team recommendations not due until spring 2027; unknown teacher PD / primary edtech AI / student literacy; outcomes_published=no,https://www.bsd405.org/about-us/school-board/policies-and-procedures/policy-and-procedure-details/~board/policies-procedures/post/procedure-20222p-acceptable-use-of-artificial-intelligence-ai|https://www.bsd405.org/about-us/news/news-details/~board/bsd-news/post/apply-to-join-the-bellevue-school-district-edtech-design-team|https://interlakehigh.bsd405.org/academics/academic-honesty,2026-09-06,,,,,
Highline Public Schools,Seattle,WA,traditional,guidance,unknown,unknown,unknown,unknown,unknown,,,,,,,,,teacher_discretion,teacher_discretion,teacher_discretion,Microsoft 365 Copilot,cohort,lesson_pack,letter,no,unknown,,,unknown,,,,,,unknown,,,,,2026-09-06,Highline uses an AI Vision Statement/principles plus teacher-led syllabus rules (use only when allowed; disclose AI); no board AI policy found; Microsoft partner (Hour of AI; Copilot EDU staff licenses).,verified,https://www.highlineschools.org/about/news/news-details/~board/district-news/post/highlines-approach-to-artificial-intelligence|https://www.highlineschools.org/about/news/news-details/~board/district-news/post/hour-of-ai-inspiring-young-coders-across-highline|https://www.highlineschools.org/departments/communications/news/new-posts/~board/district-news/post/helping-students-be-safe-smart-and-kind-online|https://www.highlineschools.org/about/news/news-details/~board/district-news/post/preparing-students-for-the-futurewithmicrosoft-365|https://resources.finalsite.net/images/v1778881412/highlineschoolsorg/a8ffrlhj8rcs9msziwfc/BAR_DonationtoDigitalTransformation.pdf|https://resources.finalsite.net/images/v1772149111/highlineschoolsorg/h2hkv61v9kvadnuuep3d/BAR_OETCMicrosoftInfrastructureLicensingRenewal.pdf|https://www.highlineschools.org/about/board-policies/policy-details/~board/board-policies/post/policy-2022-electronic-information-system-k-20-network|https://www.highlineschools.org/about/board-policies/policy-details/~board/board-policies/post/procedure-2022-electronic-information-system-aup,Dr. Ivan Duran,Superintendent,ivan.duran@highlineschools.org,206-631-3070,Teshon Christie,Chief of Digital Transformation & Innovation,teshon.christie@highlineschools.org,206-631-3330,Joe Van,Joe Van|Board Chair|District 3|Term expires 12/2029;Angelica Alvarez|Vice Chair|District 2|Term expires 12/2029;Stephanie Tidholm|Board Member|District 1|Term expires 12/2027;Dr. Damarys Espinoza|Board Member|District 4|Term expires 12/2027;Blaine Holien|Board Member|District 5|Term expires 12/2027,https://www.highlineschools.org/about/school-board,,,,,,,,,https://www.highlineschools.org/about/superintendent|https://www.highlineschools.org/about/superintendent/cabinet|https://www.highlineschools.org/about/school-board|https://resources.finalsite.net/images/v1769639052/highlineschoolsorg/bkbrifjzyo5g8ect22pa/DigitalTransformationandInnovation-2025-2026-LastRevised1-8-2026.pdf,2026-09-06,mixed,mixed,Published AI Vision/principles plus Hour of AI and teacher syllabus rules (use only when allowed; disclose) create some student literacy path while assignment framework stays teacher_discretion and no board AI policy was found.,Microsoft partner channel (Copilot EDU staff licenses) and cohort-style digital transformation supports help staff productivity but teachers still invent syllabus-level AI rules without a board AI policy.,AI Vision Statement/principles page; Hour of AI events; Microsoft 365 Copilot EDU staff licensing; teacher disclose-when-allowed syllabus norm,No board AI policy found; teacher_discretion assignment framework; outcomes_published=no,https://www.highlineschools.org/about/news/news-details/~board/district-news/post/highlines-approach-to-artificial-intelligence|https://www.highlineschools.org/about/news/news-details/~board/district-news/post/hour-of-ai-inspiring-young-coders-across-highline|https://www.highlineschools.org/about/news/news-details/~board/district-news/post/preparing-students-for-the-futurewithmicrosoft-365,2026-09-06,,,,,
Lake Washington School District,Seattle,WA,traditional,drafting_guidance,unknown,unknown,unknown,unknown,unknown,,,,,,,,,permitted,permitted,unknown,MagicSchool,unknown,curriculum,letter,no,unknown,,,unknown,,,,,,unknown,,,,,2026-09-06,LWSD is drafting an AI policy stack via 2025-26 EDSAFE AI Policy Lab while provisioning MagicSchool and expanding CS AI coursework; no adopted standalone genAI board policy found.,verified,https://www.lwsd.org/services/communications/news-and-stories/news-details/~board/press-releases/post/lake-washington-school-district-selected-for-national-ai-policy-lab-network|https://www.lwsd.org/services/communications/connections-e-newsletters/connections-2025-26/connections-october-24-2025|https://www.lwsd.org/services/technology|https://www.lwsd.org/fs/resource-manager/view/a74f9d77-f71a-47b5-9d5f-b1ae49d1e764|https://www.lwsd.org/students-families/families/family-information-handbook/electronic-resources|https://lwsd.community.highbond.com/document/48247/Board%20Work%20Plan%202025-26_CURRENT%20VERSION.pdf|https://www.lwsd.org/services/communications/news-and-stories/news-details/~board/elementary-schools/post/redmond-elementary-fifth-graders-bring-books-to-life-with-steam-parade|https://www.lwsd.org/services/communications/news-and-stories/news-details/~board/students-and-schools/post/juanita-high-school-students-expand-coding-and-ai-learning-opportunities-across-lwsd,Dr. Jon Holmen,Superintendent,superintendent@lwsd.org,425-936-1257,Scott Beebe,Deputy Superintendent of Learning & Technology,sbeebe@lwsd.org,425-936-1217,Lisa Guthrie,Lisa Guthrie|Board Chair|District Two|Term ends 11/2027;Lindsey Yocum|Vice Chair|District Five|Term ends 11/2027;Eric Laliberte|Board Member|District One|Term ends 11/2027;Angela Meekhof|Board Member|District Three|Term ends 11/2029;Aspen Richter|Board Member|District Four|Term ends 11/2029,https://www.lwsd.org/about/school-board/board-members,,,,,,,,,https://www.lwsd.org/about/superintendent|https://www.lwsd.org/help/contact-us/contact-information|https://www.lwsd.org/about/district-leadership-team|https://www.lwsd.org/about/school-board/board-members|https://www.lwsd.org/services/communications/news-and-stories/news-details/~board/press-releases/post/lake-washington-school-district-board-of-directors-names-president-vice-president-and-legislative-representative|https://www.lwsd.org/about/district-leadership-team/technology-services,2026-09-06,mixed,mixed,Students already see permitted AI bands MagicSchool provisioning and expanding CS/AI coursework while the district is still drafting its AI policy stack in the EDSAFE AI Policy Lab — access without a finished assignment framework or published outcomes.,MagicSchool provisioning and levy language funding AI policy-stack development help staff but teacher PD remains unknown in verified coding and no adopted standalone genAI board policy was found.,EDSAFE AI Policy Lab participation; MagicSchool provisioning; Juanita HS / CS AI coursework expansion; 2026 tech levy language includes AI policy stack development,drafting_guidance only (no adopted standalone genAI board policy); assignment_framework unknown; teacher_pd unknown; outcomes_published=no,https://www.lwsd.org/services/communications/news-and-stories/news-details/~board/press-releases/post/lake-washington-school-district-selected-for-national-ai-policy-lab-network|https://www.lwsd.org/services/communications/connections-e-newsletters/connections-2025-26/connections-october-24-2025|https://www.lwsd.org/services/communications/news-and-stories/news-details/~board/students-and-schools/post/juanita-high-school-students-expand-coding-and-ai-learning-opportunities-across-lwsd|https://www.lwsd.org/services/facilities/construction/school-technology-and-capital-projects-levies/capital-projects-levy-2026/projects-by-site-2026,2026-09-06,,,,,
Issaquah School District,Seattle,WA,traditional,procedure_handbook,unknown,unknown,unknown,unknown,unknown,,,,,,,,,teacher_discretion,teacher_discretion,teacher_discretion,unknown,ad_hoc,lesson_pack,none,no,unknown,,,unknown,,,,,,unknown,,,,,2026-09-06,ISD permits genAI under Procedure 2022P §30 and K-12 RUAs: teacher sets per-assignment use; attribution required; no PII in open genAI; no standalone board AI policy.,verified,https://www.isd411.org/about-us/regulations/2000-series/2022/2022p|https://www.isd411.org/about-us/regulations/2000-series/2022/2022f1|https://www.isd411.org/about-us/regulations/2000-series/2022/2022f2|https://www.isd411.org/about-us/regulations/2000-series/2022|https://resources.finalsite.net/images/v1770767140/issaquah/eulxvy7a2mdmryvo15sc/DistrictRegulations2025-26.pdf|https://resources.finalsite.net/images/v1695080374/issaquah/ynjnos4plvcqnirzfb9k/TechPlan2023.pdf|https://www.isd411.org/uploaded/events/documents/events/1465/OE-14_Instructional_Program_FINAL_24-25.pdf|https://www.isd411.org/academics/digital-resources,Heather Tow-Yick,Superintendent,Superintendent@issaquah.wednet.edu,425-837-7002,Jason Golec,Chief Information and Technology Officer,,,A.J. Taylor,A.J. Taylor|Board Chair|District 1|Term expires 11/2027;Natalie Anderson|Board Member|District 2|Term expires 11/2029;Harlan Gallinger|Board Member|District 3|Term expires 11/2027;Sydne Mullings|Board Member|District 4|Term expires 11/2029;Matt Coyne|Board Member|District 5|Term expires 11/2027,https://www.isd411.org/about-us/school-board/meet-the-board,,,,,,,,,https://www.isd411.org/about-us/superintendent|https://www.isd411.org/about-us/contact-us|https://www.isd411.org/about-us/superintendent/superintendents-cabinet|https://www.isd411.org/about-us/school-board/meet-the-board|https://www.isd411.org/about-us/departments/hr/org-charts|https://www.isd411.org/about-us/announcements/single-announcement/~board/district-announcements/post/jason-golec-named-chief-information-technology-officer,2026-09-06,mixed,mixed,Procedure 2022P §30 and K-12 RUAs permit genAI with teacher-set per-assignment rules and required attribution while banning PII in open genAI — protective structure exists but teacher_discretion plus no parent AI comms and no published outcomes leave honesty/access variance.,Written procedure/RUA language backs classroom decisions but PD is only ad_hoc and there is no standalone board AI policy or published primary edtech AI channel in the verified coding.,Procedure 2022P §30 genAI rules; K-12 RUAs with attribution + no-PII-in-open-genAI; teacher sets per-assignment use,Teacher-discretion assignment framework; ad_hoc PD only; parent_comms none; no standalone board AI policy; outcomes_published=no,https://www.isd411.org/about-us/regulations/2000-series/2022/2022p|https://www.isd411.org/about-us/regulations/2000-series/2022/2022f1|https://www.isd411.org/about-us/regulations/2000-series/2022/2022f2,2026-09-06,,,,,
Rockdale County Public Schools,Atlanta,GA,traditional,none,none,no,no,no,no,No public AI deepfake/impersonation/HIB-linked rule recovered in reviewed primary sources.,https://www.rockdaleschools.org/families/parent-handbook;https://resources.finalsite.net/images/v1754087677/rockdaleschoolsorg/ofy5o3hfvdwgpvu3mzoh/202526RCPSphbTEXTENGLISH.pdf,2026-09-07,,,,,,unknown,unknown,unknown,unknown,unknown,unknown,unknown,no,unknown,,,unknown,,,,88.8,2024,chronic_absenteeism,28.3,2024-25,https://static.allongeorgia.com/wp-content/uploads/2024/10/2024-4-Year-Cohort-Graduation-Rate-State-District-School-by-Subgroups-ga-doe.pdf;https://download.gosa.ga.gov/2025/Attendance_2024-25_2026-02-19_00_32_26.csv,2026-09-09,2026-09-06,No public district genAI policy found (IFBG AUP only); CTAE Neurotech names AI; school-level family AI literacy at Shoal Creek; do not confuse with Richmond County RCSS AI principles.,verified,https://www.rockdaleschools.org/families/parent-handbook|https://resources.finalsite.net/images/v1754087677/rockdaleschoolsorg/ofy5o3hfvdwgpvu3mzoh/202526RCPSphbTEXTENGLISH.pdf|https://www.rockdaleschools.org/about/about-rcps/did-you-know|https://www.rockdaleschools.org/departments/technology/learning-reimagined-student-laptops|https://sce.rockdaleschools.org/families/digital-citizenship-clone-clone|https://www.rockdaleschools.org/about/board-of-education,Dr. Stephanie Johnson,Superintendent,,(770) 860-4211,Michael Rotjan,Chief Information Officer,mrotjan@rockdale.k12.ga.us,(770) 918-4282,Sandra Jackson-Lett,Sandra Jackson-Lett|Chair||serving since January 2019;Janie Jones|Vice Chair||serving since January 2023;Tonya J. Bloodworth|Board Member||sworn in March 2026;Pamela J. Brown|Board Member||serving since January 2017;Larry Cox|Board Member||serving since January 2025;Heather Duncan|Board Member||serving since January 2017;Akita Parmer|Board Member||serving since January 2021,https://www.rockdaleschools.org/about/board-of-education,https://www.rockdaleschools.org/about/board-of-education/meeting-schedule,2026-09-10,"Work Session 6:00pm Sep 10; Regular Session 7:00pm Sep 17 at RCPS Board Room, 960 Pine Street NE, Conyers. Simbli: https://simbli.eboardsolutions.com/SB_Meetings/SB_MeetingListing.aspx?S=4138",2026-09-09,rcpsinfo@rockdale.k12.ga.us,,https://www.rockdaleschools.org/about/board-of-education,2026-09-09,https://www.rockdaleschools.org/about/superintendent|https://www.rockdaleschools.org/departments/technology|https://www.rockdaleschools.org/about/board-of-education,2026-09-06,negative,mixed,No district genAI policy beyond IFBG AUP leaves honesty and access rules ambiguous for students; school-level Shoal Creek family AI literacy does not replace district classroom rules.,Absence of district genAI guidance means teachers invent norms; CTAE Neurotech naming AI is narrow and not a classroom playbook.,School-level family AI literacy at Shoal Creek; CTAE Neurotech naming AI,No public district genAI policy; elementary/secondary/assignment framework unknown; outcomes not published,https://www.rockdaleschools.org/families/parent-handbook,2026-09-06,,,,,
Henry County Schools,Atlanta,GA,traditional,board_policy,procedure_handbook,yes,no,no,yes,Student Code of Conduct / handbook Rule 2.3 bans using AI-generated posts such as Deepfakes in a non-instructional manner. Handbook Internet Acceptable Use states the district may provide access to approved AI tools and points to IFBG-R(2) AI regulation (eff. 2025-07-07; eBoard text not publicly fetchable). Board Policy IFBG lists AI among governed resources. No explicit AI impersonation or HIB/Title IX crosswalk found.,https://resources.finalsite.net/images/v1783626540/henryk12gaus/mpsec6pj8coggpjt24jm/SY2026-27CodeofConduct_weblinks_FINAL.pdf;https://resources.finalsite.net/images/v1783626088/henryk12gaus/qs1kmyu6jkr2iwyuf30e/2026-2027StudentandParentHandbook_forweb_links_FINAL.pdf;https://resources.finalsite.net/images/v1747140708/henryk12gaus/dcjwcmvdi9usu8b7eru3/IFBG-InternetAcceptableUse.pdf;https://www.henry.k12.ga.us/about-hcs/deputy-superintendents/deputy-superintendent-operations/strategic-initiatives-and-policy-design/policy-regulations,2026-09-09,using Artificial Intelligence (AI) generated post such as Deepfakes in a non-instructional manner,,,CoC Rule 2.3,https://resources.finalsite.net/images/v1783626540/henryk12gaus/mpsec6pj8coggpjt24jm/SY2026-27CodeofConduct_weblinks_FINAL.pdf,unknown,unknown,teacher_discretion,unknown,unknown,none,none,no,unknown,,,unknown,,,,86.8,2024,chronic_absenteeism,22.4,2024-25,https://static.allongeorgia.com/wp-content/uploads/2024/10/2024-4-Year-Cohort-Graduation-Rate-State-District-School-by-Subgroups-ga-doe.pdf;https://download.gosa.ga.gov/2025/Attendance_2024-25_2026-02-19_00_32_26.csv,2026-09-09,2026-09-06,IFBG board policy covers AI; IFBG-R(2) AI regulation effective 2025-07-07; handbook/CoC allow approved AI tools and ban unauthorized AI/deepfakes; STEM HS AI pathway opens fall 2027.,verified,https://www.henry.k12.ga.us/about-hcs/deputy-superintendents/deputy-superintendent-operations/strategic-initiatives-and-policy-design/policy-regulations|https://resources.finalsite.net/images/v1747140708/henryk12gaus/dcjwcmvdi9usu8b7eru3/IFBG-InternetAcceptableUse.pdf|https://resources.finalsite.net/images/v1783626088/henryk12gaus/qs1kmyu6jkr2iwyuf30e/2026-2027StudentandParentHandbook_forweb_links_FINAL.pdf|https://resources.finalsite.net/images/v1783626540/henryk12gaus/mpsec6pj8coggpjt24jm/SY2026-27CodeofConduct_weblinks_FINAL.pdf|https://www.henry.k12.ga.us/about-hcs/henry-county-stem-high-school|https://www.henry.k12.ga.us/about-hcs/board-meetings/highlights,Dr. John Pace III,Superintendent,john.pace@henry.k12.ga.us,770-957-6601,Christopher Davis,Executive Director Technology Operations,ChristopherR.Davis@henry.k12.ga.us,770-957-6601,Sophe Pope,Pam Nutt|Board Member|District 1|term ends December 31 2029;Annette Edwards|Board Member|District 2|term ends December 31 2026;Jennifer Carter|Board Member|District 3|term ends December 31 2029;Sophe Pope|Chair|District 4|term ends December 31 2026;Makenzie McDaniel|Vice Chair|District 5|term ends December 31 2029,https://www.henry.k12.ga.us/about-hcs/board-of-education/board-members,https://www.henry.k12.ga.us/about-hcs/board-meetings,2026-09-14,"Study Session 4:00pm, Executive Session 6:00pm, Business Meeting 7:00pm at 33 N. Zack Hinton Pkwy, McDonough. 2026 schedule PDF on board-meetings page. Agendas: https://simbli.eboardsolutions.com/sb_meetings/sb_meetinglisting.aspx?s=4088",2026-09-09,,Pam Nutt|pam.nutt@henry.k12.ga.us;Annette Edwards|annette.edwards@henry.k12.ga.us;Jennifer Carter|jennifer.carter@henry.k12.ga.us;Sophe Pope|sophe.pope@henry.k12.ga.us;Makenzie McDaniel|makenzie.mcdaniel@henry.k12.ga.us;,https://www.henry.k12.ga.us/about-hcs/board-of-education/board-members,2026-09-09,https://www.henry.k12.ga.us/about-hcs/superintendent|https://www.henry.k12.ga.us/about-hcs/board-of-education/board-members|https://www.henry.k12.ga.us/divisions/operational-services/technology-operations,2026-09-06,mixed,positive,IFBG board policy and IFBG-R(2) AI regulation plus handbook bans on unauthorized AI/deepfakes create a guarded path; elementary/secondary use codes remain unknown so classroom clarity is incomplete.,Board-level IFBG/IFBG-R(2) and approved-tool handbook language give teachers a published baseline; PD status still unknown publicly.,IFBG board policy; IFBG-R(2) AI regulation (effective 2025-07-07); handbook approved-AI / unauthorized-AI and deepfake bans; STEM HS AI pathway planned fall 2027,Elementary/secondary use and student literacy not clearly coded; parent AI comms none; outcomes not published,https://www.henry.k12.ga.us/about-hcs/deputy-superintendents/deputy-superintendent-operations/strategic-initiatives-and-policy-design/policy-regulations,2026-09-06,,,,,
Douglas County School System,Atlanta,GA,traditional,guidance,none,no,no,no,no,No public AI deepfake/impersonation/HIB-linked rule recovered in reviewed primary sources.,https://files-backend.assets.thrillshare.com/documents/asset/uploaded_file/4790/Sms/7caa9876-2701-4ffd-83f9-53e3aaef0a54/GenAI_Guidelines.pdf;https://www.dcssga.org/page/acceptable-use-policy,2026-09-07,,,,,,restricted,permitted_with_citation,citation_required,Gemini,ad_hoc,unknown,listening,no,unknown,,,unknown,,,,86.7,2024,chronic_absenteeism,23.2,2024-25,https://static.allongeorgia.com/wp-content/uploads/2024/10/2024-4-Year-Cohort-Graduation-Rate-State-District-School-by-Subgroups-ga-doe.pdf;https://download.gosa.ga.gov/2025/Attendance_2024-25_2026-02-19_00_32_26.csv,2026-09-09,2026-09-06,DCSS GenAI Guidelines (posted Dec 2025) age-gate under-13; teacher-approved GenAI with required attribution; Gemini cited; Career Clutch CTAE pilot; school parent tech nights.,verified,https://sms.dcssga.org/o/sms/article/2594321|https://files-backend.assets.thrillshare.com/documents/asset/uploaded_file/4790/Sms/7caa9876-2701-4ffd-83f9-53e3aaef0a54/GenAI_Guidelines.pdf|https://ahs.dcssga.org/o/lshs/article/2625488|https://www.dcssga.org/article/2839962|https://www.dcssga.org/page/acceptable-use-policy|https://mces.dcssga.org/o/mces/article/2419628,Dr. Trent North,Superintendent,trent.north@dcssga.org,770-651-2000,Trenton Little,Executive Director of Technology,,770-651-2000,Glenn Easterwood,Glenn Easterwood|Chair|District 5|Term Through 2028;Michelle Simmons|Vice Chair|District 4|Term Through 2026;D.T. Jackson|Member|District 2|Term Through 2026;Tracy Rookard|Member|District 3|Term Through 2026;Vacant|vacant seat|District 1|Term Through 2028,https://www.dcssga.org/page/board-members,https://simbli.eboardsolutions.com/SB_Meetings/SB_MeetingListing.aspx?S=4058,,Concrete next date not confirmed on district HTML (events/Simbli behind bot challenge). Use Simbli meeting listing. Member emails on board-members page; District 1 email not published.,2026-09-09,,Glenn Easterwood|glenn.easterwood@dcssga.org;Michelle Simmons|michelle.simmons@dcssga.org;D.T. Jackson|dt.jackson@dcssga.org;Tracy Rookard|tracy.rookard@dcssga.org;,https://www.dcssga.org/page/board-members,2026-09-09,https://www.dcssga.org/staff|https://www.dcssga.org/page/board-members|https://www.dcssga.org/article/2884771,2026-09-06,positive,mixed,Dec 2025 GenAI Guidelines age-gate under-13 and require teacher-approved GenAI with attribution — a clearer permitted-with-citation secondary path than most peers; elementary stays restricted.,Written guidelines and Gemini citation help; PD remains ad hoc and parent posture is listening-only.,DCSS GenAI Guidelines (Dec 2025); teacher-approved GenAI with required attribution; Gemini cited; Career Clutch CTAE pilot; school parent tech nights,Elementary restricted; ad hoc PD; student literacy unknown; outcomes not published,https://sms.dcssga.org/o/sms/article/2594321,2026-09-06,,,,,
Paulding County School District,Atlanta,GA,traditional,procedure_handbook,none,no,no,no,no,No public AI deepfake/impersonation/HIB-linked rule recovered in reviewed primary sources.,https://resources.finalsite.net/images/v1763144094/pauldingk12gaus/rpnxibxshargvgv0q2mc/PVAHandbook2025-2026.pdf;https://resources.finalsite.net/images/v1774362689/pauldingk12gaus/kb2qmrr8rzgoozj5gmjh/PVAHandbook26-27.pdf,2026-09-07,,,,,,restricted,restricted,teacher_discretion,unknown,unknown,none,none,no,unknown,,,unknown,,,,90.3,2024,chronic_absenteeism,18.9,2024-25,https://static.allongeorgia.com/wp-content/uploads/2024/10/2024-4-Year-Cohort-Graduation-Rate-State-District-School-by-Subgroups-ga-doe.pdf;https://download.gosa.ga.gov/2025/Attendance_2024-25_2026-02-19_00_32_26.csv,2026-09-09,2026-09-06,Code of Conduct treats inappropriate AI use as academic dishonesty; PVA HS handbook adds ChatGPT do/dont plus detector process; no district-adopted genAI product named.,verified,https://resources.finalsite.net/images/v1785261832/pauldingk12gaus/f2pqrhdwitsoppt6pzvr/2026-2027ParentStudentInformationGuide.pdf|https://resources.finalsite.net/images/v1740512925/pauldingk12gaus/t6vs71kedom8hvysq922/24-25_Student_Parent_Guide_ES_Final.pdf|https://resources.finalsite.net/images/v1763144094/pauldingk12gaus/rpnxibxshargvgv0q2mc/PVAHandbook2025-2026.pdf|https://resources.finalsite.net/images/v1774362689/pauldingk12gaus/kb2qmrr8rzgoozj5gmjh/PVAHandbook26-27.pdf|https://www.paulding.k12.ga.us/for-parents/for-parents/student-discipline-information|https://www.paulding.k12.ga.us/departments/instructional-technology/our-staff,Steve Barnette,Superintendent,sbarnette@paulding.k12.ga.us,770-443-8000,Julie Ragsdale,Chief Information Officer,,770-443-8000,Jeff Fuller,Jeff Fuller|Chair|At Large|;Adam Clayton|Vice Chair|District 3|;Theresa Lyons|Member|District 1|;Nicholas Chester|Member|District 2|;Deborah Collett|Member|District 4|;Trudy Sowar|Member|District 5|;Dan Nolan|Member|District 6|,https://www.paulding.k12.ga.us/board-of-education/board-members,https://www.paulding.k12.ga.us/home-page/calendar-e4,2026-09-22,Board Meeting 5:30-7:30pm Central Office (district calendar). Sep 8 morning session already listed. Agendas: https://simbli.eboardsolutions.com/index.aspx?S=4125,2026-09-09,,,https://www.paulding.k12.ga.us/board-of-education/board-members,2026-09-09,https://www.paulding.k12.ga.us/our-district/superintendent-leadership|https://www.paulding.k12.ga.us/board-of-education/board-members|https://www.paulding.k12.ga.us/departments/technology-division/index|https://resources.finalsite.net/images/v1768340339/pauldingk12gaus/b2hv02zsxuxlsu2c748u/BOE_Officers_PR_011326_v2.pdf,2026-09-06,mixed,mixed,CoC treats inappropriate AI as academic dishonesty and PVA adds ChatGPT do/dont plus detector process — clearer at one HS than districtwide; elementary/secondary remain restricted without a literacy path.,Handbook enforcement language reduces ambiguity for staff at PVA; no district-adopted genAI product or PD path published.,CoC inappropriate-AI as academic dishonesty; PVA HS ChatGPT do/dont and detector process,No district-adopted genAI product; no student literacy program; parent AI comms none; outcomes not published,https://resources.finalsite.net/images/v1785261832/pauldingk12gaus/f2pqrhdwitsoppt6pzvr/2026-2027ParentStudentInformationGuide.pdf,2026-09-06,,,,,
Coweta County School System,Atlanta,GA,traditional,procedure_handbook,none,no,no,no,no,No public AI deepfake/impersonation/HIB-linked rule recovered in reviewed primary sources.,https://www.cowetaschools.net/en-US/student-handbooks-97fe56c4,2026-09-07,,,,,,unknown,restricted,teacher_discretion,unknown,unknown,none,none,no,unknown,,,unknown,,,,91.4,2024,chronic_absenteeism,17.5,2024-25,https://static.allongeorgia.com/wp-content/uploads/2024/10/2024-4-Year-Cohort-Graduation-Rate-State-District-School-by-Subgroups-ga-doe.pdf;https://download.gosa.ga.gov/2025/Attendance_2024-25_2026-02-19_00_32_26.csv,2026-09-09,2026-09-06,FY27 HS handbook: GenAI without prior written teacher approval = plagiarism; 2024-27 tech plan plans AI staff training; no board AI policy or named genAI product on primary.,verified,https://www.cowetaschools.net/en-US/student-handbooks-97fe56c4|https://docs.google.com/document/d/1iP4wfM_8GVsiJ3YSNKLsyoNgDQXCvZTW9vYqga7HFfo/edit?tab=t.0|https://docs.google.com/document/d/16P1vAk6Pd0oMazXyCjF9ykJSiSYtO1tlpZUriOg_1bQ/edit?tab=t.0|https://drive.google.com/file/d/19YINRvtx8hPL84Ywq4NRLvsNKOgPNB-v/view?usp=sharing|https://www.cowetaschools.net/en-US/technology-services-9b48d7e1|https://www.cowetaschools.net/en-US/technology-initiatives-and-innovations-e043b865,Dr. Evan Horton,Superintendent,evan.horton@cowetaschools.net,770-254-2801,,,,,Buzz Glover,Buzz Glover|Chairman|District 2|;Rob DuBose|Vice-Chairman|District 4|;Larry Robertson|Treasurer|At-Large|;Amy Dees|Member|District 1|;Beth Barnett|Member|District 3|;Andrew Copeland|Member|District 5|;Frank Farmer|Member|At-Large|,https://www.cowetaschools.net/en-US/school-board-members-76ce431a,https://www.cowetaschools.net/en-US/school-board-information-13692135,2026-10-13,"Regular monthly 6:30pm at 167 Werz Industrial Blvd, Newnan (2nd Tuesday). Sep 8 already held. Dates doc + Simbli https://simbli.eboardsolutions.com/SB_Meetings/SB_MeetingListing.aspx?S=4046",2026-09-09,dana.roberson@cowetaschools.net,Buzz Glover|buzz.glover@cowetaschools.net;Rob DuBose|rob.dubose@cowetaschools.net;Larry Robertson|larry.robertson@cowetaschools.net;Amy Dees|amym.dees@cowetaschools.net;Beth Barnett|beth.barnett@cowetaschools.net;Andrew Copeland|andrew.copeland@cowetaschools.net;Frank Farmer|frank.farmer@cowetaschools.net;,https://www.cowetaschools.net/en-US/school-board-members-76ce431a;https://www.cowetaschools.net/en-US/school-board-information-13692135,2026-09-09,https://www.cowetaschools.net/en-US/superintendent-81d72fea|https://www.cowetaschools.net/en-US/school-board-members-76ce431a|https://www.cowetaschools.net/en-US/school-board-information-13692135,2026-09-06,mixed,mixed,FY27 HS handbook equates GenAI without prior written teacher approval to plagiarism — a restricted secondary rule without a positive literacy pathway; elementary use unknown.,Handbook rule gives a shared enforcement signal; 2024-27 tech plan only plans future AI staff training and no named genAI product is on primary.,FY27 HS handbook prior-written-approval GenAI rule; tech plan mentions future AI staff training,No board AI policy; no named genAI product; no student literacy or parent AI FAQ; outcomes not published,https://www.cowetaschools.net/en-US/student-handbooks-97fe56c4,2026-09-06,,,,,
Bartow County School System,Atlanta,GA,traditional,procedure_handbook,none,no,no,no,no,No public AI deepfake/impersonation/HIB-linked rule recovered in reviewed primary sources.,https://files-backend.assets.thrillshare.com/documents/asset/uploaded_file/2027/Bartow/c7172bd9-73ff-48a7-8a98-0a39e7df1f87/102808_ENGLISH_Handbook_REVISED_8.26.25__2_.pdf;https://files-backend.assets.thrillshare.com/documents/asset/uploaded_file/2027/Bartow/bd70732a-20de-422d-ad68-7e9312ca3668/BCSS_Employee_Handbook_2025-20267282025.pdf,2026-09-07,,,,,,unknown,unknown,unknown,unknown,unknown,none,none,no,unknown,,,unknown,,,,95.1,2024,chronic_absenteeism,25,2024-25,https://static.allongeorgia.com/wp-content/uploads/2024/10/2024-4-Year-Cohort-Graduation-Rate-State-District-School-by-Subgroups-ga-doe.pdf;https://download.gosa.ga.gov/2025/Attendance_2024-25_2026-02-19_00_32_26.csv,2026-09-09,2026-09-06,No standalone genAI policy found; 2025-26 handbook treats inappropriate AI use as academic misconduct (K-5 and 6-12); STEM camps expose AI concepts only.,verified,https://files-backend.assets.thrillshare.com/documents/asset/uploaded_file/2027/Bartow/c7172bd9-73ff-48a7-8a98-0a39e7df1f87/102808_ENGLISH_Handbook_REVISED_8.26.25__2_.pdf|https://www.bartow.k12.ga.us/documents/students/student-handbook/205282|https://files-backend.assets.thrillshare.com/documents/asset/uploaded_file/2027/Bartow/bd70732a-20de-422d-ad68-7e9312ca3668/BCSS_Employee_Handbook_2025-20267282025.pdf|https://www.bartow.k12.ga.us/o/cass-middle/article/2108985|https://www.bartow.k12.ga.us/page/technology|https://www.bartow.k12.ga.us/page/superintendent,Clint Terza,Superintendent,clint.terza@bartow.k12.ga.us,770-606-5800 x3838,,,,,Butch Emerson,Butch Emerson|Chairman|District 4|Next Election 2028;Matt Shultz|Vice Chairman|District 3|Next Election 2026;Tony Ross|Member|District 1|Next Election 2026;Darla Williams|Member|District 2|Next Election 2026;Sharon Viktora|Member|District 5|Next Election 2028,https://www.bartow.k12.ga.us/page/board-of-education,https://www.bartow.k12.ga.us/page/board-of-education,,Board page + agendas at https://www.bartow.k12.ga.us/page/school-board-agendas; concrete Sep/Oct 2026 regular-meeting date not confirmed on public page (budget hearings listed May/Jun 2026 only).,2026-09-09,,Butch Emerson|butch.emerson@bartow.k12.ga.us;Matt Shultz|matt.shultz@bartow.k12.ga.us;Tony Ross|tony.ross@bartow.k12.ga.us;Darla Williams|darla.williams@bartow.k12.ga.us;Sharon Viktora|sharon.viktora@bartow.k12.ga.us;,https://www.bartow.k12.ga.us/page/board-of-education,2026-09-09,https://www.bartow.k12.ga.us/page/board-of-education|https://www.bartow.k12.ga.us/article/2586053|https://www.bartowcountyga.gov/departments/elections/elected_officials.php,2026-09-06,negative,mixed,Handbook treats inappropriate AI use as academic misconduct without published allow-rules or literacy supports — students face honesty risk without a clear permitted path.,Misconduct language gives a thin enforcement baseline; STEM camps exposing AI concepts are not classroom genAI guidance.,2025-26 handbook inappropriate-AI as academic misconduct (K-5 and 6-12),No standalone genAI policy; assignment framework unknown; no literacy/parent AI path; outcomes not published,https://files-backend.assets.thrillshare.com/documents/asset/uploaded_file/2027/Bartow/c7172bd9-73ff-48a7-8a98-0a39e7df1f87/102808_ENGLISH_Handbook_REVISED_8.26.25__2_.pdf,2026-09-06,,,,,
Walton County School District,Atlanta,GA,traditional,unknown,none,no,no,no,no,No public AI deepfake/impersonation/HIB-linked rule recovered in reviewed primary sources.,https://resources.finalsite.net/images/v1784727788/waltonk12gaus/e1w7zhl1ogqk8gl4p6cj/2026-2027CodeofConduct.pdf;https://ares.walton.k12.ga.us/family-resources/ai-guidance,2026-09-07,,,,,,unknown,unknown,unknown,unknown,unknown,unknown,none,no,unknown,,,unknown,,,,95.0,2024,chronic_absenteeism,20.6,2024-25,https://static.allongeorgia.com/wp-content/uploads/2024/10/2024-4-Year-Cohort-Graduation-Rate-State-District-School-by-Subgroups-ga-doe.pdf;https://download.gosa.ga.gov/2025/Attendance_2024-25_2026-02-19_00_32_26.csv,2026-09-09,2026-09-06,No live board AI policy or recoverable guidance; ARES AI Guidance URL 404s; 2026-27 CoC silent on AI; AlwaysOn site chatbot only confirmed AI tool (not classroom genAI).,verified,https://ares.walton.k12.ga.us/family-resources/ai-guidance|https://resources.finalsite.net/images/v1784727788/waltonk12gaus/e1w7zhl1ogqk8gl4p6cj/2026-2027CodeofConduct.pdf|https://www.walton.k12.ga.us/departments/facilities-maintenance/student-discipline/code-of-conduct|https://www.walton.k12.ga.us/departments/instructional-technology|https://www.walton.k12.ga.us/departments/information-technology-services|https://bces.walton.k12.ga.us/family-resources/approved-instructional-technology,Chip Underwood,Superintendent,george.underwood@walton.k12.ga.us,(770) 266-4520,Derek Fort,Chief Technology Officer,derek.fort@walton.k12.ga.us,,David Breedlove,David Breedlove|Chair|District 7|Term expires December 31 2028;Ned Butler|Vice Chair|District 4|Term expires December 31 2028;Angenette Brooks|Member|District 1|Term expires December 31 2026;Karen Brown|Member|District 2|Term expires December 31 2026;Chris Kimbro|Member|District 3|Term expires December 31 2028;Tom Gibson|Member|District 5|Term expires December 31 2026;John Jessup|Member|District 6|Term expires December 31 2028,https://www.walton.k12.ga.us/board-of-education-link/board-members,https://www.walton.k12.ga.us/board-of-education-link/board-meetings,2026-10-06,Regular monthly meeting 5:30pm Oct 6 (work session Sep 29). Typically 2nd Tuesday regular / 1st Tuesday work at 200 Double Springs Church Rd. Sep 8 already held. Simbli https://simbli.eboardsolutions.com/walton,2026-09-09,,David Breedlove|david.breedlove@walton.k12.ga.us;Ned Butler|ned.butler@walton.k12.ga.us;Angenette Brooks|angenette.brooks@walton.k12.ga.us;Karen Brown|karen.brown@walton.k12.ga.us;Chris Kimbro|chris.kimbro@walton.k12.ga.us;Tom Gibson|tom.gibson@walton.k12.ga.us;John Jessup|john.s.jessup@walton.k12.ga.us;,https://www.walton.k12.ga.us/board-of-education-link/board-members,2026-09-09,https://www.walton.k12.ga.us/departments/superintendent|https://www.walton.k12.ga.us/departments/information-technology-services|https://www.walton.k12.ga.us/board-of-education-link/board-members,2026-09-06,negative,negative,No live board AI policy and ARES AI Guidance URL 404s with a CoC silent on AI — students lack any recoverable classroom GenAI rules.,Teachers have no recoverable district AI guidance; AlwaysOn site chatbot is not a classroom genAI program.,AlwaysOn site chatbot (non-classroom) noted on district properties,ARES AI Guidance 404; 2026-27 CoC silent on AI; no classroom genAI product; outcomes not published,https://ares.walton.k12.ga.us/family-resources/ai-guidance,2026-09-06,,,,,
Newton County School System,Atlanta,GA,traditional,procedure_handbook,none,no,no,no,no,No public AI deepfake/impersonation/HIB-linked rule recovered in reviewed primary sources.,https://www.newtoncountyschools.org/UserFiles/Servers/Server_72179/File/Students/codes-of-conduct/2026-2027/FINAL%20FY27%20Parent%20Information%20Guide%20Student%20Code%20of%20Conduct_English_a11y.pdf;https://www.newtoncountyschools.org/students/codes_of_conduct,2026-09-07,,,,,,permitted_with_citation,permitted_with_citation,citation_required,unknown,unknown,curriculum,none,no,unknown,,,unknown,,,,91.0,2024,chronic_absenteeism,24.2,2024-25,https://static.allongeorgia.com/wp-content/uploads/2024/10/2024-4-Year-Cohort-Graduation-Rate-State-District-School-by-Subgroups-ga-doe.pdf;https://download.gosa.ga.gov/2025/Attendance_2024-25_2026-02-19_00_32_26.csv,2026-09-09,2026-09-06,FY27 Parent Handbook embeds Responsible AI Guidelines (disclose/cite; AI OK as learning tool; submitting AI as own work banned) under IFBG AUP; annual Digital Citizenship; named genAI platform not on primary.,verified,https://www.newtoncountyschools.org/students/codes_of_conduct|https://www.newtoncountyschools.org/UserFiles/Servers/Server_72179/File/Students/codes-of-conduct/2026-2027/FINAL%20FY27%20Parent%20Information%20Guide%20Student%20Code%20of%20Conduct_English_a11y.pdf|https://www.newtoncountyschools.org/departments/instructional_technology___media_services|https://www.newtoncountyschools.org/departments/instructional_technology___media_services/instructional_technology_plan|https://www.newtoncountyschools.org/departments/communications/news/jennifer_williams_national_award_2026|https://www.newtoncountyschools.org/departments/technology_services,Dr. Duke Bradley III,Superintendent,,(770) 787-1330,Craig Dinn,Director of Technology Services,,(770) 787-1330 Ext. 1229,Trey Bailey,Trey Bailey|Chair|District 1|Term ends 2026;Eddie Johnson|Member|District 2|Term ends 2029;Shakila Henderson-Baker|Vice Chair|District 3|Term ends 2026;Anderson Bailey|Member|District 4|Term ends 2029;Abigail Coggin|Member|District 5|Term ends 2026,https://www.newtoncountyschools.org/b_o_e/board_members,https://www.newtoncountyschools.org/b_o_e/meetings,2026-09-15,"Monthly Meeting 7:00pm at 2109 Newton Drive NE, Covington (exec session 6:00pm). Sep 8 work session already held. 2026 schedule on meetings page.",2026-09-09,,,https://www.newtoncountyschools.org/b_o_e/board_members,2026-09-09,https://www.newtoncountyschools.org/superintendent|https://www.newtoncountyschools.org/b_o_e/board_members|https://www.newtoncountyschools.org/departments/technology_services,2026-09-06,positive,mixed,FY27 Parent Handbook Responsible AI Guidelines allow AI as a learning tool with disclose/cite and ban submitting AI as own work — one of the clearer permitted-with-citation student paths in the set.,Embedded handbook guidelines under IFBG help staff; teacher PD still unknown and no named genAI platform is on primary.,FY27 Responsible AI Guidelines (disclose/cite); permitted-with-citation elementary and secondary; annual Digital Citizenship; curriculum literacy coding,Teacher PD unknown; parent AI-specific FAQ none beyond handbook; named genAI platform not on primary; outcomes not published,https://www.newtoncountyschools.org/students/codes_of_conduct,2026-09-06,,,,,
Barrow County School System,Atlanta,GA,traditional,none,none,no,no,no,no,No public AI deepfake/impersonation/HIB-linked rule recovered in reviewed primary sources.,https://files.smartsites.parentsquare.com/10545/student-code-of-conduct_1.pdf;https://www.barrow.k12.ga.us/student-handbook,2026-09-07,,,,,,unknown,unknown,unknown,unknown,unknown,none,none,no,unknown,,,unknown,,,,91.5,2024,chronic_absenteeism,18.6,2024-25,https://static.allongeorgia.com/wp-content/uploads/2024/10/2024-4-Year-Cohort-Graduation-Rate-State-District-School-by-Subgroups-ga-doe.pdf;https://download.gosa.ga.gov/2025/Attendance_2024-25_2026-02-19_00_32_26.csv,2026-09-09,2026-09-06,No public genAI policy found (IFBG AUP + CoC plagiarism only); STC acknowledges AI/ML; March 2026 IFBG update posted for public comment (draft text not recoverable).,verified,https://www.barrow.k12.ga.us/student-handbook|https://files.smartsites.parentsquare.com/10545/student-code-of-conduct_1.pdf|https://www.barrow.k12.ga.us/instructional-technology|https://www.barrow.k12.ga.us/technology-competition/categories|https://www.barrow.k12.ga.us/index.php?articleID=73875970&pageID=smartSiteFeed&psqFeed=true|https://www.barrow.k12.ga.us/executive-cabinet,Dr. Dallas LeDuff,Superintendent,,(770) 867-4527,,,,,Lisa Maloof,Lisa Maloof|Chair|District 3|;Paige Maddox|Vice Chair|District 9 At-Large|;Kirsten Bradford|Member|District 1|;Holt Etheridge|Member|District 2|;Beverly Kelley|Member|District 4|;Jared Callaway|Member|District 5|;Dr. Darlene Carey|Member|District 6|;Kayla Hendrix|Member|District 7 At-Large|;Renee Lord|Member|District 8 At-Large|,https://www.barrow.k12.ga.us/board-of-education-home,https://www.barrow.k12.ga.us/board-of-education-home,,"Typically first Tuesday 6:00pm (regular) and last Tuesday (work session) at PDC, 179 W. Athens St, Winder. Concrete next date not listed on page; agendas: https://simbli.eboardsolutions.com/SB_Meetings/SB_MeetingListing.aspx?S=4009",2026-09-09,communication@barrow.k12.ga.us,Lisa Maloof|lisa.maloof@barrow.k12.ga.us;Paige Maddox|paige.maddox@barrow.k12.ga.us;Kirsten Bradford|Kirsten.bradford@barrow.k12.ga.us;Holt Etheridge|holt.etheridge@barrow.k12.ga.us;Beverly Kelley|beverly.kelley@barrow.k12.ga.us;Jared Callaway|jared.callaway@barrow.k12.ga.us;Dr. Darlene Carey|darlene.carey@barrow.k12.ga.us;Kayla Hendrix|kayla.hendrix@barrow.k12.ga.us;Renee Lord|renee.lord@barrow.k12.ga.us;,https://www.barrow.k12.ga.us/board-of-education-home,2026-09-09,https://barrow.k12.ga.us/superintendents-message|https://www.barrow.k12.ga.us/board-of-education-home|https://barrow.k12.ga.us/member-zones,2026-09-06,negative,mixed,No public genAI policy (IFBG AUP + CoC plagiarism only) leaves classroom honesty and access ambiguous; March 2026 IFBG update was posted for comment but draft text was not recoverable.,Teachers lack finished AI classroom rules; STC AI/ML acknowledgment is not an assignment framework.,March 2026 IFBG update posted for public comment (intent signal); STC acknowledges AI/ML,No recoverable genAI classroom policy; draft IFBG text not public; no literacy/parent AI path; outcomes not published,https://www.barrow.k12.ga.us/student-handbook,2026-09-06,,,,,
Jackson County School System,Jefferson,GA,traditional,guidance,guidance,no,no,no,no,"District AI Guidelines (Accuracy/Integrity/Safety) prohibit using AI to create/share content that includes harassment, hate speech, threats, or discriminatory language and require teacher approval/direction for AI tools; SchoolAI is the teacher-guided student platform. No explicit deepfake, impersonation/likeness, HIB/Title IX policy crosswalk, or district-approved-tools-only mandate found in primary text.",https://files.smartsites.parentsquare.com/12571/JCSSAIGuidelines-25_26%20(1)_1781546211.png;https://files.smartsites.parentsquare.com/12571/aistatementandinfoforwebsite.pdf;https://www.jacksonschoolsga.org/artificial-intelligence,2026-09-09,,,,District AI Guidelines — Safety,https://files.smartsites.parentsquare.com/12571/JCSSAIGuidelines-25_26%20(1)_1781546211.png,teacher_discretion,teacher_discretion,citation_required,SchoolAI,unknown,unknown,none,no,unknown,,,unknown,,,,96.1,2024,chronic_absenteeism,15.7,2024-25,https://static.allongeorgia.com/wp-content/uploads/2024/10/2024-4-Year-Cohort-Graduation-Rate-State-District-School-by-Subgroups-ga-doe.pdf;https://download.gosa.ga.gov/2025/Attendance_2024-25_2026-02-19_00_32_26.csv,2026-09-09,2026-09-06,District AI Guidelines (Accuracy/Integrity/Safety) + 2025-26 SchoolAI teacher-guided rollout; K-12 handbooks require teacher permission and citation for AI.,verified,https://www.jacksonschoolsga.org/artificial-intelligence|https://files.smartsites.parentsquare.com/12571/aistatementandinfoforwebsite.pdf|https://files.smartsites.parentsquare.com/12571/JCSSAIGuidelines-25_26%20(1)_1781546211.png|https://www.jacksonschoolsga.org/elementary-handbook|https://www.jacksonschoolsga.org/middle-and-high-school-handbook|https://files.smartsites.parentsquare.com/12571/2026-_2027_jcss_code_of_conductdocx.pdf|https://www.jacksonschoolsga.org/instructional-technology-home,Dr. Philip Brown,Superintendent,pbrown@jcss.us,(706) 367-5151,Brett Irvin,Director of Technology,dirvin@jcss.us,,Ricky J Sanders,Ricky J Sanders|Chair|District 2|;Lynne Massey-Wheeler|Vice Chair|District 4|;Rob Johnson|Member|District 1|;Ryan Brooks|Member|District 3|;Don Clerici|Member|District 5|,https://www.jacksonschoolsga.org/board-of-education,https://www.jacksonschoolsga.org/board-of-education,,Work session first Thursday of month; regular monthly meeting the following Monday. Concrete Sep/Oct 2026 dates not listed on board page; agendas via Simbli https://simbli.eboardsolutions.com/SB_Meetings/SB_MeetingListing.aspx?S=4091,2026-09-09,,Ricky J Sanders|ricky.sanders@jcss.us;Lynne Massey-Wheeler|lmwheeler@jcss.us;Rob Johnson|robjohnson@jcss.us;Ryan Brooks|ryan.brooks@jcss.us;Don Clerici|don.clerici@jcss.us;,https://www.jacksonschoolsga.org/board-of-education,2026-09-09,https://www.jacksonschoolsga.org/superintendents-office|https://www.jacksonschoolsga.org/board-of-education|https://www.jacksonschoolsga.org/technology,2026-09-06,positive,positive,District AI Guidelines plus K-12 handbook teacher-permission and citation rules with a 2025-26 SchoolAI teacher-guided rollout give a clear supervised student path.,Published Accuracy/Integrity/Safety guidelines and SchoolAI rollout reduce rule-invention burden; PD status still unknown publicly.,District AI Guidelines (Accuracy/Integrity/Safety); SchoolAI teacher-guided rollout; handbook teacher permission + citation,Teacher PD and student literacy codes still unknown; parent AI comms none; outcomes not published,https://www.jacksonschoolsga.org/artificial-intelligence,2026-09-06,,,,,
Carroll County Schools,Atlanta,GA,traditional,procedure_handbook,none,no,no,no,no,No public AI deepfake/impersonation/HIB-linked rule recovered in reviewed primary sources.,https://content.myconnectsuite.com/api/documents/829e5467f31e44b7a9a5ed534110af76.pdf,2026-09-07,,,,,,teacher_discretion,teacher_discretion,teacher_discretion,unknown,unknown,none,none,no,unknown,,,unknown,,,,97.2,2024,chronic_absenteeism,18.7,2024-25,https://static.allongeorgia.com/wp-content/uploads/2024/10/2024-4-Year-Cohort-Graduation-Rate-State-District-School-by-Subgroups-ga-doe.pdf;https://download.gosa.ga.gov/2025/Attendance_2024-25_2026-02-19_00_32_26.csv,2026-09-09,2026-09-06,FY26-27 Student Handbook Student Use of AI (teacher-approved; bans AI-as-own-work; FY27 CoC lists AI academic dishonesty) + FY25 employee AI Use under IFBG; not Carrollton City.,verified,https://www.carrollcountyschools.com/|https://content.myconnectsuite.com/api/documents/a1e7f1c154704652a343acc550e41033|https://content.myconnectsuite.com/api/documents/829e5467f31e44b7a9a5ed534110af76.pdf|https://content.myconnectsuite.com/api/documents/af5aec4b4eb8428ca5652a5f7014c9f0|https://www.carrollcountyschools.com/page/students|http://carrollcountyschools.com/staff,Dr. Jessica Ainsworth,Superintendent,jessica.ainsworth@carrollcountyschools.com,(770) 832-3568,Josh Bingham,Director of Technology,,(770) 832-3568,Kerry Miller,Kerry Miller|Chair|District 3|;Sandra A. Morris|Vice Chair|District 2|;Dr. Bernice Brooks|Member|District 1|;Lawana Knight|Member|District 4|;Tom Sizemore|Member|District 5|;Bart Cater|Member|District 6|;Bryant Turner|Member|District 7|,https://www.carrollcountyschools.com/article/2085685,https://www.carrollcountyschools.com/page/board-information,2026-09-24,"Regular monthly meeting 6:00pm at Carroll County Performing Arts Center, 775 Old Newnan Rd; work session Sep 21 5:30pm at BOE Office, 164 Independence Dr (Times-Georgian government meetings calendar + district board-information page).",2026-09-09,,,https://www.carrollcountyschools.com/page/board-information,2026-09-09,https://www.carrollcountyschools.com/article/2850470|https://www.carrollcountyschools.com/article/2085685|https://www.carrollcountyschools.com/staff?page_no=1,2026-09-06,mixed,mixed,FY26-27 Student Use of AI requires teacher approval and bans AI-as-own-work — better than silence but still teacher-discretion so consistency varies by classroom.,Student handbook AI section plus FY25 employee AI Use under IFBG give staff a baseline; PD and literacy supports not published.,FY26-27 Student Use of AI (teacher-approved); FY27 CoC AI academic dishonesty; FY25 employee AI Use under IFBG,No student literacy program; parent AI comms none; PD unknown; outcomes not published,https://www.carrollcountyschools.com/,2026-09-06,,,,,
Griffin-Spalding County School System,Atlanta,GA,traditional,none,none,no,no,no,no,No public AI deepfake/impersonation/HIB-linked rule recovered in reviewed primary sources.,https://www.gscs.org/,2026-09-07,,,,,,unknown,unknown,unknown,unknown,unknown,none,none,no,unknown,,,unknown,,,,84.7,2024,chronic_absenteeism,27,2024-25,https://static.allongeorgia.com/wp-content/uploads/2024/10/2024-4-Year-Cohort-Graduation-Rate-State-District-School-by-Subgroups-ga-doe.pdf;https://download.gosa.ga.gov/2025/Attendance_2024-25_2026-02-19_00_32_26.csv,2026-09-09,2026-09-06,No public district genAI classroom policy found; Employee Resources lists HR GSCS AI Assistants; ISTE AI Explorations capstone noted; Common Sense digital citizenship; no named classroom genAI product.,verified,https://www.gscs.org/|https://www.gscs.org/page/about-us|https://www.gscs.org/page/employee-resources|https://www.gscs.org/page/superintendent|https://www.gscs.org/page/digital-citizenship-internet-safety|https://www.gscs.org/page/ctae|https://nces.ed.gov/ccd/districtsearch/district_detail.asp?ID2=1302520,Dr. Donald Warren,Superintendent,donald.warren@gscs.org,(770) 229-3700,,,,,Sue McDonald,Sue McDonald|Chair|District 5|Term expires 12/31/2026;Kimberly Register|Vice-Chair|District 2|Term expires 12/31/2028;R. Syntel Brown|Member|District 1|Term expires 12/31/2026;Zachery Holmes|Member|District 3|Term expires 12/31/2026;Cherri Weldon|Member|District 4|Term expires 12/31/2028,https://www.gscs.org/page/meet-the-board-members,https://www.gscs.org/page/griffin-spalding-board-of-education,,"Agendas/minutes via Simbli https://simbli.eboardsolutions.com/SB_Meetings/SB_MeetingListing.aspx?S=4079; dedicated 2026 schedule page not found (404). Recent meetings announced ad hoc (e.g. May 26, Aug 25 2026).",2026-09-09,,Sue McDonald|sue.mcdonald@gscs.org;Kimberly Register|kimberly.register@gscs.org;R. Syntel Brown|syntel.brown@gscs.org;Zachery Holmes|zach.holmes@gscs.org;Cherri Weldon|cherri.weldon@gscs.org;,https://www.gscs.org/page/meet-the-board-members,2026-09-09,https://www.gscs.org/page/superintendent|https://www.gscs.org/page/meet-the-board-members|https://www.gscs.org/article/2937630,2026-09-06,negative,mixed,No public classroom genAI policy found — students lack assignment rules while only HR GSCS AI Assistants and ISTE explorations appear on staff/side paths.,Employee AI Assistants and ISTE AI Explorations may help some staff productivity; no classroom assignment framework backs teachers.,Employee Resources HR GSCS AI Assistants; ISTE AI Explorations capstone noted; Common Sense digital citizenship,No public classroom genAI policy; no named classroom genAI product; outcomes not published,https://www.gscs.org/,2026-09-06,,,,,
Fayette County Public Schools,Atlanta,GA,traditional,procedure_handbook,none,no,no,no,no,No public AI deepfake/impersonation/HIB-linked rule recovered in reviewed primary sources.,https://www.fcboe.org/students-families/student-code-of-conduct,2026-09-07,,,,,,restricted,restricted,teacher_discretion,unknown,unknown,none,none,no,unknown,,,unknown,,,,94.5,2024,chronic_absenteeism,11.8,2024-25,https://static.allongeorgia.com/wp-content/uploads/2024/10/2024-4-Year-Cohort-Graduation-Rate-State-District-School-by-Subgroups-ga-doe.pdf;https://download.gosa.ga.gov/2025/Attendance_2024-25_2026-02-19_00_32_26.csv,2026-09-09,2026-09-06,2026-27 CoCs treat GenAI as substitute for own work as plagiarism; Tech Services embracing AI but no standalone guidance or named classroom tool; not Fayette KY.,verified,https://www.fcboe.org/students-families/student-code-of-conduct|https://www.fcboe.org/fs/resource-manager/view/9bb86c42-ce21-495f-84f2-e3a09994a558|https://www.fcboe.org/fs/resource-manager/view/0ed74f82-deba-4ca1-8cec-a8d5ba9bbbab|https://www.fcboe.org/departments/technology-services/department-overview|https://www.fcboe.org/departments/technology-services/technology-policy-procedures|https://www.fcboe.org/fs/resource-manager/view/9c6e3cf9-4509-4b43-aff1-86371d7be79e,Dr. Jonathan S. Patterson,Superintendent,patterson.jonathan@fcboe.org,(770) 460-3990,Jim Farmer,Chief Technology Officer,,(770) 460-3535 x6018,Scott Hollowell,Scott Hollowell|Chair|District 3|Term finishes in 2028;Roy Rabold|Vice Chair|District 2|Term finishes in 2026;Randy Hough|Member|District 1|Term finishes in 2028;Dr. Regina Daigre|Member|District 4|Term finishes in 2026;Brian Anderson|Member|At Large|Term finishes in 2028,https://www.fcboe.org/board-of-ed/our-board-members,https://www.fcboe.org/board-of-ed/board-meeting-schedule,2026-09-14,"Work Session 2:00pm Sep 14; Business Meeting 7:00pm Sep 21 at LaFayette Educational Center, 205 LaFayette Ave, Fayetteville. Agendas: https://simbli.eboardsolutions.com/SB_Meetings/SB_MeetingListing.aspx?S=4067",2026-09-09,,Scott Hollowell|hollowell.scott@fcboe.org;Roy Rabold|rabold.roy@fcboe.org;Randy Hough|hough.randy@fcboe.org;Dr. Regina Daigre|daigre.regina@fcboe.org;Brian Anderson|anderson.brian@fcboe.org;,https://www.fcboe.org/board-of-ed/our-board-members,2026-09-09,https://www.fcboe.org/about-us/superintendents-office/welcome-to-the-superintendents-office|https://www.fcboe.org/departments/technology-services/department-overview|https://www.fcboe.org/board-of-ed/our-board-members,2026-09-06,mixed,mixed,2026-27 CoCs treat GenAI used as a substitute for own work as plagiarism under restricted elementary/secondary codes — enforcement without a positive literacy pathway.,CoC language and Tech Services “embracing AI” messaging give a thin shared signal; no standalone guidance or named classroom tool published.,2026-27 CoC GenAI-as-substitute = plagiarism; Tech Services embracing-AI posture,No standalone AI guidance; no named classroom tool; no literacy/parent AI path; outcomes not published,https://www.fcboe.org/students-families/student-code-of-conduct,2026-09-06,,,,,
Butts County School System,Atlanta,GA,traditional,guidance,none,no,no,no,no,No public AI deepfake/impersonation/HIB-linked rule recovered in reviewed primary sources.,https://resources.finalsite.net/images/v1787678604/buttsk12gaus/lmmlqhpezhrpbos8ziws/26-27StudentInformationandCodeofConduct.pdf;https://resources.finalsite.net/images/v1782743928/buttsk12gaus/cgaklain1eiab9wbgikd/OrganizationalChart_26-27_July26.pdf,2026-09-07,,,,,,teacher_discretion,teacher_discretion,teacher_discretion,unknown,unknown,unknown,none,no,unknown,,,unknown,,,,89.6,2024,chronic_absenteeism,19.1,2024-25,https://static.allongeorgia.com/wp-content/uploads/2024/10/2024-4-Year-Cohort-Graduation-Rate-State-District-School-by-Subgroups-ga-doe.pdf;https://download.gosa.ga.gov/2025/Attendance_2024-25_2026-02-19_00_32_26.csv,2026-09-09,2026-09-06,BCSS Human-Centered Guidance for AI: teacher-set use (full/partial/disallow) + cite when used; approved tools via vendor process; CoC silent on AI; no named classroom genAI product.,verified,https://www.bcssk12.org/departments/technology/chromebook-11-information/human-centered-guidance-for-ai|https://docs.google.com/document/d/e/2PACX-1vSk2NryeHrKUbuN86-WFFZXvXDzWwEnP4hMjEsYTTeQXWO66HiaUgafiP_4VkH5GQ/pub|https://www.bcssk12.org/departments/technology|https://resources.finalsite.net/images/v1787678604/buttsk12gaus/lmmlqhpezhrpbos8ziws/26-27StudentInformationandCodeofConduct.pdf|https://www.bcssk12.org/departments/teaching-and-learning/instructional-technology|https://resources.finalsite.net/images/v1782743928/buttsk12gaus/cgaklain1eiab9wbgikd/OrganizationalChart_26-27_July26.pdf,William Rustin,Interim Superintendent,rustinw@bcssk12.org,770-504-2300,,,,,Kelly King,Brandy Phillips|Board Member|District 1|;Laura English|Board Member|District 2|;Kelly King|Chair|District 3|;Arnita Watson|Board Member|District 4|;Danny Smith|Vice-Chair|District 5|,https://www.bcssk12.org/board-of-education,https://www.bcssk12.org/our-district/board-of-education,2026-10-13,"Regular monthly 7:00pm at Ernest Battle PDC, 218 Woodland Way, Jackson. Sep 8 already held. Simbli: https://simbli.eboardsolutions.com/sb_meetings/sb_meetinglisting.aspx?s=4022",2026-09-09,,Brandy Phillips|brandy.phillips@bcssk12.org;Laura English|laura.english@bcssk12.org;Kelly King|kelly.king@bcssk12.org;Danny Smith|danny.smith@bcssk12.org;,https://www.bcssk12.org/our-district/board-of-education,2026-09-09,https://www.bcssk12.org/board-of-education|https://www.gssaweb.org/superintendents/,2026-09-06,mixed,positive,Human-Centered Guidance lets teachers set full/partial/disallow plus cite when used — clarity when labels are applied; classroom variance remains under teacher_discretion.,Published guidance and approved-tools-via-vendor process give teachers a shared rulebook despite CoC silence on AI.,BCSS Human-Centered Guidance for AI; teacher-set full/partial/disallow + cite; approved tools via vendor process,CoC silent on AI; no named classroom genAI product; parent AI comms none; outcomes not published,https://www.bcssk12.org/departments/technology/chromebook-11-information/human-centered-guidance-for-ai,2026-09-06,,,,,
Jasper County Charter System,Atlanta,GA,traditional,procedure_handbook,none,no,no,no,no,No public AI deepfake/impersonation/HIB-linked rule recovered in reviewed primary sources.,https://resources.finalsite.net/images/v1788269872/jasperk12gaus/innbqesux8l1a0rtjush/JCCSDistricthandbookFY27.pdf;https://resources.finalsite.net/images/v1757428401/jasperk12gaus/hxdfevu6uymqgxwmtvvy/25-26JCVAHandbook1.pdf,2026-09-07,,,,,,restricted,restricted,teacher_discretion,Amira,unknown,none,none,no,unknown,,,unknown,,,,93.6,2024,chronic_absenteeism,16.9,2024-25,https://static.allongeorgia.com/wp-content/uploads/2024/10/2024-4-Year-Cohort-Graduation-Rate-State-District-School-by-Subgroups-ga-doe.pdf;https://download.gosa.ga.gov/2025/Attendance_2024-25_2026-02-19_00_32_26.csv,2026-09-09,2026-09-06,FY27 handbook treats submitting AI-generated work as plagiarism; Amira approved K-8 reading; no standalone genAI board policy (not Greater Jasper IN).,verified,https://resources.finalsite.net/images/v1788269872/jasperk12gaus/innbqesux8l1a0rtjush/JCCSDistricthandbookFY27.pdf|https://resources.finalsite.net/images/v1757428401/jasperk12gaus/hxdfevu6uymqgxwmtvvy/25-26JCVAHandbook1.pdf|https://www.jasper.k12.ga.us/departments/teaching-and-learning/district-approved-resources|https://resources.finalsite.net/images/v1758722592/jasperk12gaus/bxzz4jon3n6bihs2dhwc/25-26JCCSHQIMCurriculum_APPs.pdf|https://www.jasper.k12.ga.us/departments/technology|https://www.jasper.k12.ga.us/about/district-leadership,Tracy R. Blackburn,Superintendent,tblackburn@jasper.k12.ga.us,706-468-6350,,,,,Towonder Dennis,Towonder Dennis|Board Chairperson|District 1|;Matt Kelly|Board Member|District 2|;Bubba Wilson|Board Member|District 3|;Michele Celani|Board Member|District 4|;Michelle Coward|Board Member|District 5|,https://www.jasper.k12.ga.us/about/school-board,https://www.jasper.k12.ga.us/about/school-board,2026-09-15,Business Meeting 6:00-7:00pm Board Room; work session Oct 6; business Oct 27. Simbli https://simbli.eboardsolutions.com/index.aspx?s=4092,2026-09-09,,Towonder Dennis|tdennis@jasper.k12.ga.us;Matt Kelly|mkelly@jasper.k12.ga.us;Bubba Wilson|bwilson@jasper.k12.ga.us;Michele Celani|mmcelani@jasper.k12.ga.us;Michelle Coward|mcoward@jasper.k12.ga.us;,https://www.jasper.k12.ga.us/about/school-board,2026-09-09,https://www.jasper.k12.ga.us/about/school-board|https://www.jasper.k12.ga.us/,2026-09-06,mixed,mixed,FY27 handbook treats submitting AI-generated work as plagiarism under restricted use; Amira K-8 reading is an approved literacy-adjacent AI path but not a genAI classroom framework.,Handbook plagiarism rule and Amira as approved resource help narrowly; no standalone board genAI policy or PD path published.,FY27 handbook AI-generated work as plagiarism; Amira approved K-8 reading,No standalone genAI board policy; student genAI literacy none; parent AI comms none; outcomes not published,https://resources.finalsite.net/images/v1788269872/jasperk12gaus/innbqesux8l1a0rtjush/JCCSDistricthandbookFY27.pdf,2026-09-06,,,,,
Heard County School District,Atlanta,GA,traditional,none,none,no,no,no,no,No public AI deepfake/impersonation/HIB-linked rule recovered in reviewed primary sources.,https://www.heard.k12.ga.us/,2026-09-07,,,,,,unknown,unknown,unknown,unknown,unknown,none,none,no,unknown,,,unknown,,,,93.6,2024,chronic_absenteeism,17,2024-25,https://static.allongeorgia.com/wp-content/uploads/2024/10/2024-4-Year-Cohort-Graduation-Rate-State-District-School-by-Subgroups-ga-doe.pdf;https://download.gosa.ga.gov/2025/Attendance_2024-25_2026-02-19_00_32_26.csv,2026-09-09,2026-09-06,No public genAI/ChatGPT policy or guidance found; Board Policy folder empty (Simbli S=4087 bot-blocked); ClassLink/GoGuardian/Chromebooks on primary but no named genAI product or pilot.,verified,https://www.heard.k12.ga.us/|https://www.heard.k12.ga.us/staff|https://www.heard.k12.ga.us/page/board|https://www.heard.k12.ga.us/documents|https://nces.ed.gov/ccd/districtsearch/district_detail.asp?ID2=1302790|https://www.heard.k12.ga.us/page/superintendents-message,Mike Roberts,Superintendent,mike.roberts@heard.k12.ga.us,706-675-3320,,,,,,Chad Wood|Board Member|District 1|;Mike Crockett|Board Member|District 2|;Roger Harrod|Board Member|District 3|;Greg Holcomb|Board Member|District 4|;Ashley Awbrey|Board Member|District 5|,https://www.heard.k12.ga.us/staff,https://www.heard.k12.ga.us/page/board,,Board page present but no concrete upcoming meeting dates published on fetch; leave blank.,2026-09-09,,,https://www.heard.k12.ga.us/page/board,2026-09-09,https://www.heard.k12.ga.us/staff|https://www.gssaweb.org/superintendents/,2026-09-06,negative,negative,No public genAI/ChatGPT policy or guidance found — students face ambiguity for honesty and tool use with only device/ClassLink tooling visible.,Board Policy folder empty/bot-blocked and no named genAI product leave teachers inventing classroom rules.,ClassLink/GoGuardian/Chromebooks present (device stack only),No public genAI policy/guidance; Simbli policy folder empty/bot-blocked; no named genAI product; outcomes not published,https://www.heard.k12.ga.us/,2026-09-06,,,,,
Habersham County Schools,Cornelia,GA,traditional,none,none,no,no,no,no,No public AI deepfake/impersonation/HIB-linked rule recovered in reviewed primary sources.,https://4.files.edl.io/a47c/07/29/25/164919-c9eca4ad-5287-4858-9cab-216fa873300d.pdf;https://4.files.edl.io/1a04/08/05/26/125854-d523bb1c-dcae-45ae-8f1c-6552a314f782.pdf,2026-09-07,,,,,,unknown,unknown,unknown,Amira,none,none,none,no,unknown,,,unknown,,,,97.5,2024,chronic_absenteeism,16.6,2024-25,https://static.allongeorgia.com/wp-content/uploads/2024/10/2024-4-Year-Cohort-Graduation-Rate-State-District-School-by-Subgroups-ga-doe.pdf;https://download.gosa.ga.gov/2025/Attendance_2024-25_2026-02-19_00_32_26.csv,2026-09-09,2026-09-06,No public genAI/ChatGPT policy found; FY27 AUP silent on AI; Software Agreement lists Amira; Jan 8 2026 BOE tech presentation summary silent on AI.,verified,https://www.habershamschools.com/|https://4.files.edl.io/a47c/07/29/25/164919-c9eca4ad-5287-4858-9cab-216fa873300d.pdf|https://4.files.edl.io/1a04/08/05/26/125854-d523bb1c-dcae-45ae-8f1c-6552a314f782.pdf|https://technology.habershamschools.com/|https://4.files.edl.io/d6c4/01/20/26/153515-2b0d3d6b-3a93-448a-8d60-b81793cc97ca.pdf|https://nces.ed.gov/ccd/districtsearch/district_detail.asp?DistrictID=1302580&ID2=1302580&Search=2&details=,Patrick Franklin,Superintendent,pfranklin@habershamschools.com,706-754-2118 ext. 105,,,,,Joey Duncan,Joey Duncan|Board Chairperson||;Russ Nelson|Board Vice Chairperson||;Robert H. Barron|Board Member||;Doug Westmoreland|Board Member||;Darlene Hudson|Board Member||,https://www.habershamschools.com/,https://www.habershamschools.com/apps/pages/index.jsp?pREC_ID=1848371&type=d&uREC_ID=1691233,2026-09-10,Work Session 4:30pm Board Room (Scheduled Meetings table). Regular Monthly Sep 14 6:00pm; Oct 1 work / Oct 5 regular also listed.,2026-09-09,,,https://www.habershamschools.com/apps/pages/index.jsp?uREC_ID=1691233&type=d,2026-09-09,https://www.habershamschools.com/|https://www.gssaweb.org/superintendents/,2026-09-06,negative,mixed,FY27 AUP silent on AI and no public genAI policy found leave student GenAI rules ambiguous; Amira on the Software Agreement is reading AI not a classroom genAI allow-path.,No PD and no genAI guidance published; Amira listing is a narrow staff-facing tool signal only.,Software Agreement lists Amira,No public genAI/ChatGPT policy; FY27 AUP silent on AI; PD none; outcomes not published,https://www.habershamschools.com/,2026-09-06,,,,,
White County School System,Rural NE Georgia,GA,traditional,none,none,no,no,no,no,No public AI deepfake/impersonation/HIB-linked rule recovered in reviewed primary sources.,https://cdnsm5-ss20.sharpschool.com/UserFiles/Servers/Server_83362/File/SY26%20White%20Co%20Quest%20Gifted%20Program%20Handbook.docx.pdf;https://wchs.white.k12.ga.us/about/26-27_student_handbook,2026-09-07,,,,,,unknown,unknown,unknown,unknown,unknown,none,none,no,unknown,,,unknown,,,,93.0,2024,chronic_absenteeism,23.4,2024-25,https://static.allongeorgia.com/wp-content/uploads/2024/10/2024-4-Year-Cohort-Graduation-Rate-State-District-School-by-Subgroups-ga-doe.pdf;https://download.gosa.ga.gov/2025/Attendance_2024-25_2026-02-19_00_32_26.csv,2026-09-09,2026-09-06,No public genAI/ChatGPT policy found (IFBG AUP only; Simbli S=4176 bot-blocked); no named classroom genAI tools/pilots; EXCLUDE White County TN AI policy.,verified,"https://white.k12.ga.us/|https://white.k12.ga.us/departments/operations/technology|https://white.k12.ga.us/departments/operations/technology/internet_acceptable_use|https://white.k12.ga.us/board_of_education/meetings/board_members|https://white.k12.ga.us/board_of_education/organizational_chart|https://cdnsm5-ss20.sharpschool.com/UserFiles/Servers/Server_83362/Image/org_chart_20260413.png|https://white.k12.ga.us/about/charter_district|https://white.k12.ga.us/schools|https://white.k12.ga.us/about/schools|https://www.white.k12.ga.us/board_of_education/meetings/Highlights|https://cdnsm5-ss20.sharpschool.com/UserFiles/Servers/Server_83362/File/April%2028,%202026%20Board%20Highlights.pdf|https://www.white.k12.ga.us/UserFiles/Servers/Server_83362/File/Supt.%20Office/7.28.2026%20Board%20Meeting%20Highlights.pdf|https://www.white.k12.ga.us/UserFiles/Servers/Server_83362/File/Supt.%20Office/_7.30.2026%20Board%20Meeting%20Highlights%20.docx.pdf|https://www.white.k12.ga.us/UserFiles/Servers/Server_83362/File/Supt.%20Office/8.5.2026%20CALLED%20Board%20Meeting%20Highlights%20.docx.pdf|https://www.white.k12.ga.us/board_of_education/meetings/tentative_boe_meeting_agenda|https://cdnsm5-ss20.sharpschool.com/UserFiles/Servers/Server_83362/File/Supt.%20Office/Public%20Agenda%208_25_26.pdf|https://wchs.white.k12.ga.us/about/26-27_student_handbook|https://wchs.white.k12.ga.us/academics/ctae|https://white.k12.ga.us/departments/teaching_and_learning|https://white.k12.ga.us/departments/teaching_and_learning/digital_distance_learning|https://white.k12.ga.us/departments/teaching_and_learning/federal_state_programs|https://cdnsm5-ss20.sharpschool.com/UserFiles/Servers/Server_83362/File/SY26%20White%20Co%20Quest%20Gifted%20Program%20Handbook.docx.pdf|https://sites.google.com/white.k12.ga.us/walt-dundore/home|https://nces.ed.gov/ccd/districtsearch/district_detail.asp?ID2=1305670|https://simbli.eboardsolutions.com/Policy/PolicyListing.aspx?S=4176",Dr. Jonathan Stribling,Superintendent,jonathan.stribling@white.k12.ga.us,706-865-2315,,,,,Missy Jarrard,Missy Jarrard|Board Chair|District at Large|2025-01-01 to 2028-12-31;Charlie Thomas|Vice Chair|District 3|2025-01-01 to 2028-12-31;John Solmon|Board Member|District 2|2019-01-01 to 2026-12-31;Linda Erbele|Board Member|District 4|2023-01-01 to 2026-12-31;Jon Estes|Board Member|District 1|2025-01-01 to 2028-12-31,https://white.k12.ga.us/board_of_education/meetings/board_members,https://white.k12.ga.us/board_of_education/meetings/tentative_boe_meeting_agenda,,Agenda notices page; Aug 27 listed meeting already held. Meeting dates page present but no concrete upcoming date posted as of verify.,2026-09-09,,Missy Jarrard|missy.jarrard@white.k12.ga.us;Charlie Thomas|charlie.thomas@white.k12.ga.us;John Solmon|john.solmon@white.k12.ga.us;Linda Erbele|linda.erbele@white.k12.ga.us;Jon Estes|jon.estes@white.k12.ga.us;,https://white.k12.ga.us/board_of_education/meetings/board_members,2026-09-09,https://white.k12.ga.us/board_of_education/meetings/board_members|https://white.k12.ga.us/,2026-09-06,negative,negative,No public genAI/ChatGPT policy found beyond IFBG AUP — students lack classroom GenAI rules (do not confuse with White County TN).,Simbli bot-blocked and no named classroom genAI tools leave teachers without a district playbook.,IFBG AUP present (no GenAI terms found),No public genAI policy; no named classroom genAI tools/pilots; outcomes not published,https://white.k12.ga.us/,2026-09-06,,,,,
Lumpkin County Schools,Atlanta,GA,traditional,procedure_handbook,procedure_handbook,no,yes,no,yes,"Tech AUP Gemini/AI Responsible Use permits district-approved AI tools and states AI must not be used to cheat, plagiarize, impersonate others, or create harmful content. CoC AI Usage Procedures also ban malicious AI that generates harmful/inappropriate content (academic-integrity consequences). No explicit deepfake/false-image or HIB/Title IX AI crosswalk found.",https://files-backend.assets.thrillshare.com/documents/asset/uploaded_file/926/Lumpkin_County_Schools/452e3dcb-6790-4c54-82ff-c078793a55cd/Technology-Acceptable-Use.pdf?disposition=inline;https://files-backend.assets.thrillshare.com/documents/asset/uploaded_file/926/Lumpkin_County_Schools/62752c44-faae-4572-9eb3-3e708a1f3b32/LCSS_Code_of_Conduct_2025-2026.pdf?disposition=inline,2026-09-09,,"AI must not be used to cheat, plagiarize, impersonate others, create harmful content, bypass safeguards, or violate copyright or privacy laws.",,Tech AUP — Gemini and AI Tools Responsible Use,https://files-backend.assets.thrillshare.com/documents/asset/uploaded_file/926/Lumpkin_County_Schools/452e3dcb-6790-4c54-82ff-c078793a55cd/Technology-Acceptable-Use.pdf,teacher_discretion,teacher_discretion,teacher_discretion,Gemini,required,none,none,no,unknown,,,unknown,,,,98.3,2024,chronic_absenteeism,20,2024-25,https://static.allongeorgia.com/wp-content/uploads/2024/10/2024-4-Year-Cohort-Graduation-Rate-State-District-School-by-Subgroups-ga-doe.pdf;https://download.gosa.ga.gov/2025/Attendance_2024-25_2026-02-19_00_32_26.csv,2026-09-09,2026-09-06,"LCSS AI Usage Procedures (CoC + Employee HB) + Tech AUP Gemini/AI section: teacher-set use, disclose AI, district-approved tools only; annual teacher AI PD stated; no parent FAQ/outcomes.",verified,https://files-backend.assets.thrillshare.com/documents/asset/uploaded_file/926/Lumpkin_County_Schools/62752c44-faae-4572-9eb3-3e708a1f3b32/LCSS_Code_of_Conduct_2025-2026.pdf?disposition=inline|https://files-backend.assets.thrillshare.com/documents/asset/uploaded_file/926/Lumpkin_County_Schools/452e3dcb-6790-4c54-82ff-c078793a55cd/Technology-Acceptable-Use.pdf?disposition=inline|https://files-backend.assets.thrillshare.com/documents/asset/uploaded_file/926/Lumpkin_County_Schools/c90e913f-8e88-4bc6-8a58-78359d64f1c6/Employee-Handbook--2026-2027.docx.pdf?disposition=inline|https://files-backend.assets.thrillshare.com/documents/asset/uploaded_file/926/Lumpkin_County_Schools/7abe57ce-ce70-4d3a-a6ad-c53ca3e31ae1/LCHS_Student_Handbook_25-26.pdf?disposition=inline|https://files-backend.assets.thrillshare.com/documents/asset/uploaded_file/926/Lumpkin_County_Schools/d23b9a44-f55c-4780-994f-5d893f74e011/Board_Policy__IFBG__Internet_Acceptable_Use_18.pdf?disposition=inline|https://www.lumpkinschools.com/|https://www.lumpkinschools.com/documents|https://www.lumpkinschools.com/documents/student-handbooks/355666|https://www.lumpkinschools.com/page/technology|https://www.lumpkinschools.com/staff|https://www.lumpkinschools.com/page/superintendent|https://www.lumpkinschools.com/page/members|https://www.lumpkinschools.com/page/curriculum|https://nces.ed.gov/ccd/districtsearch/district_detail.asp?DistrictID=1303420&ID2=1303420&Search=2&details=|https://simbli.eboardsolutions.com/Policy/PolicyListing.aspx?S=4107|https://simbli.eboardsolutions.com/Index.aspx?S=4107|https://www.lumpkinschools.com/o/lumpkin-high/article/2381615|https://gadoe.org/learning/artificial-intelligence/,Sharon Head,Superintendent,sharon.head@lumpkinschools.com,(706) 864-3611,Jason Lemley,Executive Director of Technology & Communications,jason.lemley@lumpkinschools.com,(706) 864-3611,Bobby Self,Bobby Self|Board Chair|Chairperson|;Lynn Sylvester|Vice Chair|District 4|;Phillip Mull|Board Member||;Craig Poore|Board Member|District 2|;Mera Turner|Board Member||,https://www.lumpkinschools.com/page/members,https://www.lumpkinschools.com/page/members,,Member roster page; concrete next meeting date not published on page.,2026-09-09,,Bobby Self|bobby.self@lumpkinschools.com;Lynn Sylvester|lynn.sylvester@lumpkinschools.com;Phillip Mull|phillip.mull@lumpkinschools.com;Craig Poore|craig.poore@lumpkinschools.com;Mera Turner|mera.turner@lumpkinschools.com;,https://www.lumpkinschools.com/page/members,2026-09-09,https://www.lumpkinschools.com/staff|Employee Handbook 2026-2027 (board roster + Jason Lemley title)|https://www.lumpkinschools.com/page/members|https://nowgeorgia.com/2026-northeast-georgia-primary-election-results/,2026-09-06,mixed,positive,Handbook/AUP require disclose-AI and district-approved tools under teacher-set rules — better than silence but still classroom-variable. No parent FAQ or student literacy program found.,AI Usage Procedures in CoC/Employee HB plus stated annual teacher AI PD and Gemini AUP language give staff a baseline.,LCSS AI Usage Procedures; Tech AUP Gemini/AI section; annual teacher AI PD stated,No parent AI FAQ; no student literacy program found; outcomes not published,LCSS Code of Conduct 2025-2026; Employee Handbook; Tech AUP (district sources column),2026-09-06,,,,,
Dawson County School System,Atlanta,GA,traditional,guidance,guidance,no,yes,yes,yes,"Oct 2025 Guidance for AI Use (IFBG-R(2)) prohibits using AI tools to impersonate others for bullying, harassment, or intimidation and bars misrepresenting the likeness of others; staff must adhere to the DCS vendor-approved tools list when supporting student AI use. No explicit deepfake/false-image ban found.",https://cdnsm5-ss7.sharpschool.com/UserFiles/Servers/Server_494561/File/AI%20Guidelines.pdf;https://dawsoncountyschools.org/departments/teaching___learning/a_i_guidelines,2026-09-09,,"Using AI tools to impersonate others for bullying, harassment, or any form of intimidation is strictly prohibited.","Bullying/harassment: Using AI tools to impersonate others for bullying, harassment, or any form of intimidation is strictly prohibited.",IFBG-R(2) Guidance for AI Use — Prohibited AI Use,https://cdnsm5-ss7.sharpschool.com/UserFiles/Servers/Server_494561/File/AI%20Guidelines.pdf,teacher_discretion,teacher_discretion,traffic_light,unknown,unknown,unknown,unknown,no,unknown,,,unknown,,,,95.4,2024,chronic_absenteeism,20.6,2024-25,https://static.allongeorgia.com/wp-content/uploads/2024/10/2024-4-Year-Cohort-Graduation-Rate-State-District-School-by-Subgroups-ga-doe.pdf;https://download.gosa.ga.gov/2025/Attendance_2024-25_2026-02-19_00_32_26.csv,2026-09-09,2026-09-06,Oct 2025 IFBG-R(2) Guidance for AI Use (Teaching & Learning page + handbooks): genAI/LLMs OK with prior teacher permission; teachers set full/partial/none per assignment + cite; ChatGPT/Gemini named only as parent-exploration examples; staff must use DCS vendor-approved tools list (list not published on retrieved primaries); no named classroom genAI product or pilot found.,verified,https://dawsoncountyschools.org/departments/teaching___learning/a_i_guidelines|https://cdnsm5-ss7.sharpschool.com/UserFiles/Servers/Server_494561/File/AI%20Guidelines.pdf|https://www.dawsoncountyschools.org/UserFiles/Servers/Server_494561/File/AI%20Guidelines.pdf|https://cdnsm5-ss7.sharpschool.com/UserFiles/Servers/Server_494561/File/FY27%20Elementary%20Handbook%20FINAL.pdf|https://www.dawsoncountyschools.org/UserFiles/Servers/Server_494561/File/FY27%20Elementary%20Handbook%20FINAL%20(1).pdf|https://www.dawsoncountyschools.org/UserFiles/Servers/Server_494561/File/FY27%20Middle%20School%20Handbook%20FINAL%20(2).pdf|https://www.dawsoncountyschools.org/UserFiles/Servers/Server_494561/File/FY27%20JH_HS%20Student%20Handbook%20FINAL%20(2).pdf|https://cdnsm5-ss7.sharpschool.com/UserFiles/Servers/Server_494561/File/FY26%20Middle%20School%20Handbook_Final.pdf|https://dawsoncountyschools.org/schools/student_handbooks|https://dawsoncountyschools.org/|https://dawsoncountyschools.org/adc/board_of_education|https://dawsoncountyschools.org/adc/leadership|https://dawsoncountyschools.org/adc/superintendent_s_welcome|https://dawsoncountyschools.org/departments/technology|https://dawsoncountyschools.org/departments/teaching___learning|https://cdnsm5-ss7.sharpschool.com/UserFiles/Servers/Server_494561/Image/1_1%20iPad%20Agreement%20Form%20FY27.pdf|https://simbli.eboardsolutions.com/Policy/PolicyListing.aspx?S=4051|https://simbli.eboardsolutions.com/SB_Meetings/SB_MeetingListing.aspx?S=4051|https://gadoe.org/learning/artificial-intelligence/|https://nces.ed.gov/ccd/districtsearch/district_detail.asp?ID2=1301650|https://dchs.dawsoncountyschools.org/our-school/parent_information/technology-related_information,Nicole LeCave,Superintendent,nicole.lecave@dawsoncountyschools.org,(706) 265-3246,Brian DeRose,Executive Director of Technology,,(706) 265-3246,Elaine Wilson,Elaine Wilson|Board Chair|District 2|;Doris Cook|Vice Chair|District 1|;Karen Armstrong|Board Member|District 3|;Barry Slaton|Board Member|District 4|;Nathan Ingram|Board Member|At-Large|,https://dawsoncountyschools.org/adc/board_of_education,https://dawsoncountyschools.org/adc/board_of_education,2026-10-06,BOE Work Session 5:00-6:00pm Oct 6; Regular Meeting Oct 13 5:00-6:00pm (district homepage events). Typically 2nd Tuesday regular; preceding Monday work session.,2026-09-09,,,https://dawsoncountyschools.org/adc/board_of_education,2026-09-09,https://dawsoncountyschools.org/adc/board_of_education|https://dawsoncountyschools.org/adc/leadership|https://app.enhancedvoting.com/results/public/dawson-county-ga/elections/2024NovGen|https://www.dawsoncountyga.gov/Archive/ViewFile/Item/65,2026-09-06,mixed,positive,IFBG-R(2) allows genAI/LLMs only with prior teacher permission and full/partial/none plus cite — clarity when teachers label tasks; inconsistency risk across classrooms remains.,Written Oct 2025 guidance naming ChatGPT/Gemini and a traffic-light style assignment rule gives teachers a shared rulebook.,IFBG-R(2) Guidance for AI Use on Teaching & Learning page; per-assignment full/partial/none + citation,Teacher PD / student literacy / parent AI comms not clearly published; outcomes not published,https://dawsoncountyschools.org/departments/teaching___learning/a_i_guidelines,2026-09-06,,,,,
Pickens County Schools,Atlanta,GA,traditional,none,none,no,no,no,no,No public AI deepfake/impersonation/HIB-linked rule recovered in reviewed primary sources.,https://files-backend.assets.thrillshare.com/documents/asset/uploaded_file/4549/Pcs/63ae91ae-53c1-4425-909b-95a8c23b5c56/2025-2026_Student_Parent_Handbook_and_Code_of_.pdf;https://www.pickens.k12.ga.us/o/pcs/page/student-parent-handbook-code-of-conduct,2026-09-07,,,,,,unknown,unknown,unknown,unknown,unknown,none,none,no,unknown,,,unknown,,,,91.8,2024,chronic_absenteeism,23.2,2024-25,https://static.allongeorgia.com/wp-content/uploads/2024/10/2024-4-Year-Cohort-Graduation-Rate-State-District-School-by-Subgroups-ga-doe.pdf;https://download.gosa.ga.gov/2025/Attendance_2024-25_2026-02-19_00_32_26.csv,2026-09-09,2026-09-06,"No public genAI/ChatGPT policy or guidance found; 2025-26 CoC/AUP covers internet use, plagiarism/academic dishonesty, unauthorized software—silent on AI; IFBG final-approval on Jan 8 2026 agenda (Simbli S=4128 bot-blocked; text unread); Canvas/Infinite Campus named, no classroom genAI product or pilot on primary.",verified,https://www.pickens.k12.ga.us/|https://www.pickens.k12.ga.us/page/board-of-education|https://www.pickens.k12.ga.us/page/boe-meeting-dates/|https://www.pickens.k12.ga.us/staff|https://www.pickens.k12.ga.us/page/technology/|https://www.pickens.k12.ga.us/page/technology-use-rules/|https://www.pickens.k12.ga.us/page/internet-and-networked-information/|https://www.pickens.k12.ga.us/o/pcs/page/canvas-instruction|https://www.pickens.k12.ga.us/page/teaching-and-learning|https://www.pickens.k12.ga.us/o/pcs/page/curriculum|https://www.pickens.k12.ga.us/o/pcs/page/student-parent-handbook-code-of-conduct|https://www.pickens.k12.ga.us/documents/code-of-conduct/609072|https://files-backend.assets.thrillshare.com/documents/asset/uploaded_file/4549/Pcs/63ae91ae-53c1-4425-909b-95a8c23b5c56/2025-2026_Student_Parent_Handbook_and_Code_of_.pdf|https://www.pickens.k12.ga.us/page/discipline-matrix|https://www.pickens.k12.ga.us/page/students|https://www.pickens.k12.ga.us/documents/home-page/596270|https://files-backend.assets.thrillshare.com/documents/asset/uploaded_file/4549/Pcs/9a13551b-35d4-4c6a-817b-f3cc20b0e267/2023-28_PCSD_Strategic_Plan_-_Rev_Dec_2024.pdf|https://www.pickens.k12.ga.us/documents/superintendent/668566|https://files-backend.assets.thrillshare.com/documents/asset/uploaded_file/4549/Pcs/a2d98b49-6d18-42d5-8d3e-f683720e45cd/2024-25_Pickens_County_Schools_Organizational_.pdf|https://www.pickens.k12.ga.us/documents/teaching-and-learning/588001|https://www.knowpickens.com/calendar/evd.php?id=1397|https://simbli.eboardsolutions.com/Policy/PolicyListing.aspx?S=4128|https://simbli.eboardsolutions.com/SB_Meetings/SB_MeetingListing.aspx?S=4128|https://nces.ed.gov/ccd/districtsearch/district_detail.asp?Search=2&ID2=1304110&DistrictID=1304110&details=1|https://www.audits.ga.gov/ReportSearch/download/32747|https://www.pickens.k12.ga.us/article/1691505,Dr. Travis Thomas,Superintendent,travisthomas@pickenscountyschools.org,(706) 253-1700,Patrick Shea,Executive Director of Technology,,(706) 253-1700,Joe Wigington,Joe Wigington|Board Chair||;Sue Finley|Vice Chair||;Amy Gibson|Board Member||;Tommy Gartrell|Board Member||;Steve Lowe|Board Member||,https://www.pickens.k12.ga.us/page/board-of-education,https://www.pickens.k12.ga.us/page/boe-meeting-dates/,2026-09-10,Called Board Meeting 5:00pm then Regular Board Meeting 6:00pm (2026 schedule on BOE Meeting Dates page).,2026-09-09,,Joe Wigington|joewigington@pickenscountyschools.org;Sue Finley|suefinley@pickenscountyschools.org;Amy Gibson|amygibson@pickenscountyschools.org;Tommy Gartrell|thomasgartrell@pickenscountyschools.org;Steve Lowe|stevelowe@pickenscountyschools.org;,https://www.pickens.k12.ga.us/page/board-of-education,2026-09-09,https://www.pickens.k12.ga.us/page/board-of-education|https://www.pickens.k12.ga.us/staff|2024-25 PCSD Organizational Chart PDF|https://www.pickens.k12.ga.us/page/technology/,2026-09-06,negative,mixed,2025-26 CoC/AUP cover plagiarism and unauthorized software but are silent on AI; IFBG final-approval appeared on a Jan 2026 agenda with unread text — students still lack usable GenAI rules.,Possible IFBG update signals intent but unread/bot-blocked text means teachers still invent day-to-day AI norms.,IFBG final-approval noted on Jan 8 2026 agenda (intent signal),CoC/AUP silent on AI; IFBG text unread; no classroom genAI product; outcomes not published,https://www.pickens.k12.ga.us/,2026-09-06,,,,,
Haralson County Schools,Atlanta,GA,traditional,guidance,none,no,no,no,no,No public AI deepfake/impersonation/HIB-linked rule recovered in reviewed primary sources.,https://www.haralson.k12.ga.us/Downloads/AI%20Parent%20Info%20Letter%20HCMS.pdf;https://www.haralson.k12.ga.us/Downloads/HCHS%20Student%20Handbook%202025_2026%20FINAL2.pdf,2026-09-07,,,,,,unknown,restricted,unknown,unknown,unknown,none,letter,no,unknown,,,unknown,,,,98.0,2024,chronic_absenteeism,17.6,2024-25,https://static.allongeorgia.com/wp-content/uploads/2024/10/2024-4-Year-Cohort-Graduation-Rate-State-District-School-by-Subgroups-ga-doe.pdf;https://download.gosa.ga.gov/2025/Attendance_2024-25_2026-02-19_00_32_26.csv,2026-09-09,2026-09-06,No district board GenAI policy found; HCMS ELA AI Guidelines (parent letter; PDF Last-Modified 2026-01-08) restrict generative AI/chatbots on ELA writing; HCHS 2025-26 handbook silent on GenAI; IFBG AUP has no AI terms; no named GenAI classroom product on primary sources.,verified,https://www.haralson.k12.ga.us/Downloads/AI%20Parent%20Info%20Letter%20HCMS.pdf|https://www.haralson.k12.ga.us/default.aspx|https://www.haralson.k12.ga.us/TechnologyServices.aspx|https://filecabinet5.eschoolview.com/BD290075-5A37-4D95-853F-7BFFDBC8C6BC/InternetAcceptableUsePolicy.pdf|https://www.haralson.k12.ga.us/ContactUs.aspx|https://www.haralson.k12.ga.us/SuperintendentsPage.aspx|https://www.haralson.k12.ga.us/SchoolBoard.aspx|https://www.haralson.k12.ga.us/SchoolImprovement.aspx|https://www.haralson.k12.ga.us/haralsoncountymiddleschool_home.aspx|https://www.haralson.k12.ga.us/Downloads/HCHS%20Student%20Handbook%202025_2026%20FINAL2.pdf|https://nces.ed.gov/ccd/districtsearch/district_detail.asp?ID2=1302670|https://simbli.eboardsolutions.com/Index.aspx?S=4084|https://www.audits.ga.gov/ReportSearch/download/32528|https://tigerweb.geo.census.gov/tigerwebmain/Files/acs25/tigerweb_acs25_sduni_ga.html,Dr. Jerry Bell,Superintendent,jerry.bell@haralson.k12.ga.us,(770) 574-2500,Wayne Brooks,Interim Chief Technology Officer,wayne.brooks@haralson.k12.ga.us,(770) 574-2500,,Brenda Agan|Board Member||;Mike Benefield|Vice Chair||;Brad Davis|Board Member||;Kendall Robinson|Board Member||;James Watson|Board Member||,https://www.haralson.k12.ga.us/SchoolBoard.aspx,https://www.haralson.k12.ga.us/SchoolBoard.aspx,,"Published 2025-26 calendar lists work/regular through June 9, 2026 only. Pattern: 2nd Tuesday 6:00pm unless noted. eBoard https://simbli.eboardsolutions.com/Index.aspx?S=4084. Contact Robin Dockery 770-574-2500 x41246.",2026-09-09,,,https://www.haralson.k12.ga.us/SchoolBoard.aspx,2026-09-09,https://www.haralson.k12.ga.us/Downloads/HCHS%20Student%20Handbook%202025_2026%20FINAL2.pdf|https://www.haralson.k12.ga.us/ContactUs.aspx|https://www.haralson.k12.ga.us/TechnologyServices.aspx|https://www.haralson.k12.ga.us/SchoolBoard.aspx|https://www.haralson.k12.ga.us/Downloads/HCHS%20Student%20Handbook%202025_2026%20FINAL.pdf,2026-09-06,mixed,mixed,HCMS ELA AI Guidelines (parent letter) restrict generative AI/chatbots on ELA writing — a clear local safety rule — while HCHS handbook and IFBG lack districtwide GenAI allow-rules.,School-level ELA guidelines help middle-school ELA teachers; no district board GenAI policy or named product backs staff systemwide.,HCMS ELA AI Guidelines parent letter (PDF Last-Modified 2026-01-08); parent letter channel,No district board GenAI policy; HCHS handbook silent; IFBG AUP has no AI terms; no named GenAI product; outcomes not published,https://www.haralson.k12.ga.us/Downloads/AI%20Parent%20Info%20Letter%20HCMS.pdf,2026-09-06,,,,,
Troup County School System,LaGrange,GA,traditional,procedure_handbook,none,no,no,no,no,No public AI deepfake/impersonation/HIB-linked rule recovered in reviewed primary sources.,https://resources.finalsite.net/images/v1786132704/troupk12gaus/brtrqc7xmoeo0g7z9tnc/2026-2027THSSTUDENTHANDBOOK.pdf;https://resources.finalsite.net/images/v1753896498/troupk12gaus/y32hwmcvcqbmfe5dw0gx/2025-2026THSSTUDENTHANDBOOKPDF.pdf,2026-09-07,,,,,,unknown,restricted,teacher_discretion,Amira,ad_hoc,none,none,no,unknown,,,unknown,,,,85.8,2024,chronic_absenteeism,17.3,2024-25,https://static.allongeorgia.com/wp-content/uploads/2024/10/2024-4-Year-Cohort-Graduation-Rate-State-District-School-by-Subgroups-ga-doe.pdf;https://download.gosa.ga.gov/2025/Attendance_2024-25_2026-02-19_00_32_26.csv,2026-09-09,2026-09-06,No standalone genAI board policy; THS 25-27 handbooks treat AI/ChatGPT/OpenAI as cheating; LHS 25-26 planner bars AI on assessments without teacher permission; Amira AI reading platform districtwide; ISTELive26 teacher AI session (Reddish).,verified,https://www.troup.org/|https://www.troup.org/school-board|https://www.troup.org/departments/superintendent|https://www.troup.org/operations|https://www.troup.org/operations/technology|https://www.troup.org/curriculum-instruction-professional-learning|https://www.troup.org/curriculum-instruction-professional-learning/teaching-and-learning/curriculum-resource-information-for-families|https://www.troup.org/fs/resource-manager/view/365fee44-ccf2-4155-9978-2a1979443ed6|https://www.troup.org/fs/resource-manager/view/d8bc6175-5ab4-47f7-9151-c4aab1648c2f|https://www.troup.org/fs/resource-manager/view/355bd40c-d7ba-4039-8724-0200e87889d7|https://simbli.eboardsolutions.com/SB_ePolicy/SB_PolicyOverview.aspx?S=4162|https://simbli.eboardsolutions.com/Policy/PolicyListing.aspx?S=4162|https://nces.ed.gov/ccd/districtsearch/district_detail.asp?ID2=1300001|https://trouphigh.troup.org/|https://resources.finalsite.net/images/v1786132704/troupk12gaus/brtrqc7xmoeo0g7z9tnc/2026-2027THSSTUDENTHANDBOOK.pdf|https://resources.finalsite.net/images/v1753896498/troupk12gaus/y32hwmcvcqbmfe5dw0gx/2025-2026THSSTUDENTHANDBOOKPDF.pdf|https://lagrange.troup.org/student-planner|https://lagrange.troup.org/fs/resource-manager/view/6156a31c-a78b-4639-9d21-6124d3aaec83|https://chs.troup.org/quicklinks/student-handbook-2021-2022|https://docs.google.com/document/d/1GBekF212hXIZntb7lFtG8jUQ8CWW9U7X/edit?usp=sharing&ouid=108675693035974374630&rtpof=true&sd=true|https://cms.troup.org/fs/resource-manager/view/29af3154-ee3c-4680-89b8-0f6b32a0b145|https://conference.iste.org/2026/program/search/detail_session.php?id=118433430|https://www.fetc.org/speakers/emmanuel-reddish|https://ted.cviog.uga.edu/FINANCIAL-DOCUMENTS/sites/default/files/budgetdoc/financial-report/school-district-troup-county-fy2025-financial-report.pdf,Dr. Rachel B. Hazel,Superintendent,,(706) 812-7900,Gary Stansbury,Director of Technology,,(706) 812-7979,Ferrell Blair,Ferrell Blair|Board Chair|District 2|Ends 12/31/2028;Allen Simpson|Vice Chair|District 1|Ends 12/21/2026;Dan McAlexander|Board Member|District 5|Ends 12/31/2028;Kevin Dunn|Board Member|District 7|Ends 12/31/2026;Anne O'Brien|Board Member|District 4|Ends 12/31/2026;Claude Foster III|Board Member|District 6|Ends 12/31/2028;Mark Thompson|Board Member|District 3|Ends 12/31/2028,https://www.troup.org/school-board,https://www.troup.org/school-board/2026-board-of-education-meeting-dates-clone,2026-09-14,"Work Session 5:30pm; Regular Sep 17 5:30pm at 100 North Davis Road Bldg C, LaGrange (2026 Board Meeting Dates page).",2026-09-09,,Ferrell Blair|fblair@troup.org;Allen Simpson|asimpson@troup.org;Dan McAlexander|mcalexanderdk@troup.org;Kevin Dunn|kdunn@troup.org;Anne O'Brien|brien@troup.org;Claude Foster III|fostercf@troup.org;Mark Thompson|thompsonjm@troup.org;,https://www.troup.org/school-board,2026-09-09,https://www.troup.org/school-board|https://www.troup.org/departments/superintendent|https://www.troup.org/operations/technology,2026-09-06,mixed,mixed,THS/LHS handbooks treat unauthorized AI/ChatGPT as cheating under restricted secondary use — enforcement without a positive secondary literacy path; Amira is reading AI districtwide.,Handbook rules plus ad hoc ISTELive teacher AI session and Amira give partial staff support without a standalone board genAI policy.,THS/LHS handbook AI-as-cheating rules; Amira AI reading platform districtwide; ISTELive26 teacher AI session,No standalone genAI board policy; student literacy none for genAI; parent AI comms none; outcomes not published,https://www.troup.org/,2026-09-06,,,,,
Pike County School District,Atlanta,GA,traditional,procedure_handbook,none,no,no,no,no,No public AI deepfake/impersonation/HIB-linked rule recovered in reviewed primary sources.,https://build.pike.k12.ga.us/wp-content/uploads/2025/01/2024-2025-Handbook-and-Code-of-Conduct-PK-5-Final-2024.05.23.pdf;https://build.pike.k12.ga.us/wp-content/uploads/2025/09/PCMS-Parent-Student-Handbook-25-26-2.pdf,2026-09-07,,,,,,unknown,restricted,teacher_discretion,unknown,unknown,none,none,no,unknown,,,unknown,,,,93.9,2024,chronic_absenteeism,17.1,2024-25,https://static.allongeorgia.com/wp-content/uploads/2024/10/2024-4-Year-Cohort-Graduation-Rate-State-District-School-by-Subgroups-ga-doe.pdf;https://download.gosa.ga.gov/2025/Attendance_2024-25_2026-02-19_00_32_26.csv,2026-09-09,2026-09-06,CoC/AUP AI principles (enhance not substitute + staff training); PCMS/ZHS treat unauthorized AI as academic dishonesty; no named genAI product or published pilot on primary.,verified,https://build.pike.k12.ga.us/|https://build.pike.k12.ga.us/about-us/|https://build.pike.k12.ga.us/board-members/|https://build.pike.k12.ga.us/staff-3/|https://build.pike.k12.ga.us/technology/|https://build.pike.k12.ga.us/wp-content/uploads/2025/01/2024-2025-Handbook-and-Code-of-Conduct-PK-5-Final-2024.05.23.pdf|https://build.pike.k12.ga.us/wp-content/uploads/2024/09/6-12CC.pdf|https://pike.k12.ga.us/wp-content/uploads/2024/07/43525_Pike-Co_6-12-Proof-2.pdf|https://build.pike.k12.ga.us/wp-content/uploads/2025/09/PCMS-Parent-Student-Handbook-25-26-2.pdf|https://build.pike.k12.ga.us/wp-content/uploads/2025/07/PCMS-Parent-Student-Handbook-25-26-1.pdf|https://build.pike.k12.ga.us/wp-content/uploads/2025/07/ZHS-Student-Handbook-FY26-Final.pdf|https://build.pike.k12.ga.us/wp-content/uploads/2025/11/PCS-Handbook-2025-2026.pdf|https://build.pike.k12.ga.us/wp-content/uploads/2024/11/Pike-County-Schools-District-Parent-Engagement-Policy.pdf|https://nces.ed.gov/ccd/districtsearch/district_detail.asp?ID2=1304170|https://highschool.pike.k12.ga.us/wp-content/uploads/sites/19/2024/08/PCHS-Student-Handbook-24-25.pdf|https://build.pike.k12.ga.us/wp-content/uploads/2024/11/PCHS-Student-Handbook-24-25-1.pdf,Shane Williamson,Superintendent,willias@pike.k12.ga.us,(770) 567-8489,Richard Hendrix,Director of Technology,hendrir@pike.k12.ga.us,(770) 567-8489,Allen Edwards,Allen Edwards|Board Chair|District 2|;Floyd Miller|Vice Chair|District 6|;Brian Hubbard|Board Member|District 1|;Emily O'Steen|Board Member|District 3|;Marcie Bradberry|Board Member|District 4|;L. Blaine Hoopes Jr.|Board Member|District 5|,https://build.pike.k12.ga.us/board-members/,https://build.pike.k12.ga.us/,2026-10-06,"Work session 5:00pm / Regular 6:00pm at Pike County Schools Auditorium, 7362 Hwy 19 South, Zebulon. Sep 8 already held. 2026 Amended Board Meetings PDF on homepage.",2026-09-09,,Allen Edwards|edwardsa@pike.k12.ga.us;Floyd Miller|millerf@pike.k12.ga.us;Brian Hubbard|hubbarb@pike.k12.ga.us;Emily O'Steen|osteene@pike.k12.ga.us;Marcie Bradberry|bradbem@pike.k12.ga.us;L. Blaine Hoopes Jr.|hoopesb@pike.k12.ga.us;,https://build.pike.k12.ga.us/board-members/,2026-09-09,https://build.pike.k12.ga.us/board-members/|https://build.pike.k12.ga.us/district-leadership/|https://build.pike.k12.ga.us/staff-3/|https://build.pike.k12.ga.us/wp-content/uploads/2025/11/PCS-Handbook-2025-2026.pdf|https://build.pike.k12.ga.us/wp-content/uploads/2024/09/6-12CC.pdf,2026-09-06,mixed,mixed,CoC/AUP AI principles (enhance not substitute) plus PCMS/ZHS unauthorized-AI-as-dishonesty create a restricted secondary signal without a published literacy pathway.,Written AI principles mentioning staff training help; no named genAI product or published pilot found.,CoC/AUP AI principles (enhance not substitute + staff training); PCMS/ZHS unauthorized AI as academic dishonesty,No named genAI product or published pilot; student literacy none; parent AI comms none; outcomes not published,https://build.pike.k12.ga.us/,2026-09-06,,,,,
Murray County Schools,Dalton,GA,traditional,procedure_handbook,none,no,no,no,no,No public AI deepfake/impersonation/HIB-linked rule recovered in reviewed primary sources.,https://core-docs.s3.us-east-1.amazonaws.com/documents/asset/uploaded_file/3460/mcs/3499375/Final_Student_Handbook_FY24.pdf;https://daltoncitizen.com/2024/07/18/murray-county-schools-student-handbook-now-covers-use-of-ai/,2026-09-07,,,,,,teacher_discretion,teacher_discretion,teacher_discretion,unknown,unknown,none,none,no,unknown,,,unknown,,,,94.4,2024,chronic_absenteeism,21.7,2024-25,https://static.allongeorgia.com/wp-content/uploads/2024/10/2024-4-Year-Cohort-Graduation-Rate-State-District-School-by-Subgroups-ga-doe.pdf;https://download.gosa.ga.gov/2025/Attendance_2024-25_2026-02-19_00_32_26.csv,2026-09-09,2026-09-06,BOE-approved 2024-25 Student Handbook AI section (quoted Jul 2024): genAI/chatbots/LLMs OK under teacher supervision; graded work only if teacher explicitly permits + cite; FY24 HB silent; no named classroom genAI product/pilot; EXCLUDE Murray KY/TN and Monongalia WV MCSTech AUP.,verified,https://daltoncitizen.com/2024/07/18/murray-county-schools-student-handbook-now-covers-use-of-ai/|https://www.murray.k12.ga.us/|https://www.murray.k12.ga.us/page/about-murray-county-schools|https://www.murray.k12.ga.us/page/contact|https://www.murray.k12.ga.us/staff|https://www.murray.k12.ga.us/staff?page_no=2|https://www.murray.k12.ga.us/page/board-information|https://www.murray.k12.ga.us/page/technology|https://www.murray.k12.ga.us/page/edtech|https://www.murray.k12.ga.us/o/mcs/page/cybersecurity|https://www.murray.k12.ga.us/o/mcs/page/tech-parent-guardian-resources|https://www.murray.k12.ga.us/page/parent-information|https://www.murray.k12.ga.us/documents|https://www.murray.k12.ga.us/documents/parent-information/student-handbooks/515744|https://core-docs.s3.us-east-1.amazonaws.com/documents/asset/uploaded_file/3460/mcs/3499375/Final_Student_Handbook_FY24.pdf|https://sites.google.com/murray.k12.ga.us/technology/home|https://sites.google.com/murray.k12.ga.us/instructionaltechnology|https://sites.google.com/murray.k12.ga.us/mcsdigitallearningforparents/home|https://www.murrayhigh.murray.k12.ga.us/o/mchs/live-feed|https://nces.ed.gov/ccd/districtsearch/district_detail.asp?ID2=1303840|https://gadoe.org/learning/artificial-intelligence/,Dr. Tim Wright,Superintendent,tim.wright@murray.k12.ga.us,(706) 695-4531,Israel House,Director of Technology,,,Dewayne Powers,Dewayne Powers|Chairman|District 6|;Kelli Reed|Vice-Chairman|District 7|;Shelia Pittman-Simpson|Member|District 1|;Renda Baggett|Member|District 2|;Tony Abernathy|Member|District 3|;Hunter Phillips|Member|District 4|;Conrad Puryear|Member|District 5|,https://www.murray.k12.ga.us/live-feed?page_no=2,https://www.murray.k12.ga.us/,2026-09-10,"Millage public hearing 6:00pm Sep 10 at Central Office, 1006 Green Road, Chatsworth (BOE notice / Chatsworth Times). Sep 3 hearings already held. Dedicated recurring regular-meeting calendar not recovered on public pages.",2026-09-09,,,https://www.murray.k12.ga.us/live-feed?page_no=2,2026-09-09,https://www.murray.k12.ga.us/staff|https://sites.google.com/murray.k12.ga.us/technology/home|https://www.murray.k12.ga.us/live-feed?page_no=2,2026-09-06,mixed,positive,BOE-approved handbook allows genAI/chatbots/LLMs under teacher supervision with cite-when-permitted for graded work — clearer than vacuum but still teacher_discretion inconsistency risk.,Published handbook AI section (quoted Jul 2024) gives teachers an explicit permission/citation rulebook.,BOE-approved Student Handbook AI section; genAI OK under teacher supervision; graded work only if teacher permits + cite,No named classroom genAI product/pilot; student literacy none; parent AI comms none; outcomes not published,https://daltoncitizen.com/2024/07/18/murray-county-schools-student-handbook-now-covers-use-of-ai/,2026-09-06,,,,,
Gilmer County Schools,Rural North Georgia,GA,traditional,none,none,no,no,no,no,No public AI deepfake/impersonation/HIB-linked rule recovered in reviewed primary sources.,https://files.smartsites.parentsquare.com/7932/2024-2025_-_administrative_guidelines_regarding_technology_use.pdf;https://files.smartsites.parentsquare.com/7932/2026-2027_gilmer_-_code_of_student_conduct_-_english_1.pdf,2026-09-07,,,,,,unknown,unknown,unknown,Gemini,ad_hoc,none,none,no,unknown,,,unknown,,,,98.4,2024,chronic_absenteeism,22.1,2024-25,https://static.allongeorgia.com/wp-content/uploads/2024/10/2024-4-Year-Cohort-Graduation-Rate-State-District-School-by-Subgroups-ga-doe.pdf;https://download.gosa.ga.gov/2025/Attendance_2024-25_2026-02-19_00_32_26.csv,2026-09-09,2026-09-06,No public student/board genAI policy (2026-27 CoC/handbook + IFBG AUP silent on AI); Gilmer School of EdTech hosts GCS Gemini AI Certification (staff @gilmerschools.com) + Managing AI in the Classroom PD (ChatGPT resources/integrity/Process Feedback Extension); TrustEd Apps 699 lists Class Companion APPROVED; EXCLUDE Gilmer WV.,verified,https://www.gilmerschools.com/|https://www.gilmerschools.com/215515_2|https://files.smartsites.parentsquare.com/7932/2026-2027_gilmer_-_code_of_student_conduct_-_english_1.pdf|https://files.smartsites.parentsquare.com/7932/2026-2027_student-parent_handbook-english.pdf|https://files.smartsites.parentsquare.com/7932/acceptable_policy.pdf|https://files.smartsites.parentsquare.com/7932/gilmer_-_staff_aup_-_final.pdf|https://files.smartsites.parentsquare.com/7932/gilmer_-_student_aup_-_final.pdf|https://files.smartsites.parentsquare.com/7932/2024-2025_-_administrative_guidelines_regarding_technology_use.pdf|https://files.smartsites.parentsquare.com/7932/2024-2025_mobile_computing_device_parent_and_student_agreement.pdf|https://files.smartsites.parentsquare.com/7932/gilmer_-_technology_plan_-_june_2020-present_-_final.pdf|https://files.smartsites.parentsquare.com/7932/2026_-_2031_gilmer_strategic_plan_and_strategy_map_1.pdf|https://www.gilmerschools.com/technology-2|https://www.gilmerschools.com/chromebook-1-to-1|https://gilmerschools.com/instructional-technology|https://www.gilmerschools.com/42609_4|https://app.1edtech.org/embeddable/trustedApps/699|https://app.1edtech.org/api/trustedapps/public/organizations/699/applications?sort=rating:ascending|https://www.gilmerschools.com/132298_3|https://sites.google.com/gilmerschools.com/gilmerschoolofedtech/home|https://sites.google.com/gilmerschools.com/gilmerschoolofedtech/professional-development|https://sites.google.com/gilmerschools.com/gilmerschoolofedtech/professional-development/managing-ai-in-the-classroom|https://sites.google.com/gilmerschools.com/gcs-gemini-certification/home|https://sites.google.com/gilmerschools.com/gcs-gemini-certification/home/gmail|https://sites.google.com/gilmerschools.com/gcs-gemini-certification/home/google-docs|https://www.gilmerschools.com/board-of-education|https://www.gilmerschools.com/superintendent|https://www.gilmerschools.com/132221_3|https://simbli.eboardsolutions.com/index.aspx?s=4073|https://simbli.eboardsolutions.com/Policy/PolicyListing.aspx?S=4073|https://nces.ed.gov/ccd/districtsearch/district_detail.asp?ID2=1302340|https://ghs.gilmerschools.com/166957_3,Dr. Brian Ridley,Superintendent,brian.ridley@gilmerschools.com,(706) 276-5000,,,,,Doug Pritchett,Doug Pritchett|Board Chair||;Chad Deboard|Board Vice-Chair||;Michael Parks|Board Member||;Jacob Callihan|Board Member||;Michele Penland|Board Member||,https://www.gilmerschools.com/board-of-education-home,https://www.gilmerschools.com/208926_3,2026-09-14,Work session Mon Sep 14 6:00pm; regular Thu Sep 17 6:00pm (2026 Board Meeting Dates PDF on district site).,2026-09-09,,,https://www.gilmerschools.com/board-of-education-home,2026-09-09,https://www.gilmerschools.com/superintendent|https://www.gilmerschools.com/board-of-education-home,2026-09-06,negative,positive,2026-27 CoC/handbook and IFBG AUP are silent on student GenAI — honesty/access ambiguity for learners despite staff-facing AI training.,GCS Gemini AI Certification and Managing AI in the Classroom PD plus Class Companion APPROVED on TrustEd Apps give teachers concrete supports.,GCS Gemini AI Certification; Managing AI in the Classroom PD; Class Companion APPROVED on TrustEd Apps,No public student/board genAI policy; CoC/handbook silent on AI; no student literacy/parent AI path; outcomes not published,https://www.gilmerschools.com/,2026-09-06,,,,,
Fannin County Schools,Rural North Georgia,GA,traditional,procedure_handbook,none,no,no,no,no,No public AI deepfake/impersonation/HIB-linked rule recovered in reviewed primary sources.,https://resources.finalsite.net/images/v1785778387/fannink12gaus/izspim5kntvsu3rr4nil/SY_27FanninCountyHighSchoolStudentHandbook.pdf;https://resources.finalsite.net/images/v1785843770/fannink12gaus/xuqpd9bszze8bgclbrqr/26-27FanninCountyMiddleSchoolHandbook.pdf,2026-09-07,,,,,,unknown,teacher_discretion,teacher_discretion,unknown,unknown,none,none,no,unknown,,,unknown,,,,91.2,2024,chronic_absenteeism,22.8,2024-25,https://static.allongeorgia.com/wp-content/uploads/2024/10/2024-4-Year-Cohort-Graduation-Rate-State-District-School-by-Subgroups-ga-doe.pdf;https://download.gosa.ga.gov/2025/Attendance_2024-25_2026-02-19_00_32_26.csv,2026-09-09,2026-09-06,FCHS 2026-27 handbook Artificial Intelligence section: AI only for educational purposes as directed by teachers; improper AI = academic dishonesty (also in FCHS/FCMS cheating rules). Elem handbooks + District CoC + AUP26-27 silent on genAI. FY24-27 Tech Plan Goal 3 aspirational “Embrace and implement AI / help staff safely implement AI”; no named classroom genAI product (TrustEd Apps list auth-walled). NOT Fannin TX.,verified,https://www.fannin.k12.ga.us/|https://www.fannin.k12.ga.us/students-families/handbooks|https://www.fannin.k12.ga.us/students-families/code-of-conduct|https://www.fannin.k12.ga.us/fs/resource-manager/view/9c01743a-ea30-4147-8cd5-2bff8b32e27b|https://resources.finalsite.net/images/v1785778387/fannink12gaus/izspim5kntvsu3rr4nil/SY_27FanninCountyHighSchoolStudentHandbook.pdf|https://www.fannin.k12.ga.us/fs/resource-manager/view/27950e5b-6668-4ddd-9986-64d7901166a5|https://resources.finalsite.net/images/v1785843770/fannink12gaus/xuqpd9bszze8bgclbrqr/26-27FanninCountyMiddleSchoolHandbook.pdf|https://www.fannin.k12.ga.us/fs/resource-manager/view/db290b15-a50a-4b3f-b496-39a5d1460790|https://resources.finalsite.net/images/v1784134270/fannink12gaus/gqvtg6nrkpowo8py3koq/BlueRidgeElementarySchoolFCSSHandbook2026-20271.pdf|https://www.fannin.k12.ga.us/fs/resource-manager/view/a05ce4b9-dd8b-457a-8dfd-903f7d41380b|https://resources.finalsite.net/images/v1784134270/fannink12gaus/oosn0ryoo57gjkzyjrws/27SYEFES-FCSSHandbook1.pdf|https://www.fannin.k12.ga.us/fs/resource-manager/view/af5b494a-83e3-4dd8-a50f-7e37aca8551e|https://resources.finalsite.net/images/v1784134270/fannink12gaus/yandl2jjintg5cwdjkai/27SYWFES-FCSSHandbook.pdf|https://www.fannin.k12.ga.us/fs/resource-manager/view/36378b0b-6855-4cd3-afd6-05fc7a06bbb0|https://resources.finalsite.net/images/v1784131677/fannink12gaus/pbzehtvje3s53p5k6aoy/DistrictCodeofConduct2026-2027.pdf|https://www.fannin.k12.ga.us/departments/technology|https://resources.finalsite.net/images/v1764086425/fannink12gaus/bfcze2lfumgbu2rfxw9t/3YearTechPlan3-15-2024.pdf|https://resources.finalsite.net/images/v1784552484/fannink12gaus/n8pvkoxlfp6whpmyxriy/InternetAcceptableUSEandAgreement26-27.pdf|https://resources.finalsite.net/images/v1784552484/fannink12gaus/wowigsrutxqkhwhyiich/FY26-27FCSS1to1ChromebookHandbook.pdf|https://www.fannin.k12.ga.us/instructional-applications|https://resources.finalsite.net/images/v1781719923/fannink12gaus/fannink12gaus/xzltelmrzq6msver1vbt/FCSSInstructionalApplicationsPermissionK-122.pdf|https://www.fannin.k12.ga.us/our-district/our-district-leadership|https://resources.finalsite.net/images/v1771940242/fannink12gaus/z8bxt8hyx3mbi1nlrj7m/2025-2026PersonnelHandbook.pdf|https://simbli.eboardsolutions.com/Policy/PolicyListing.aspx?S=4066|https://simbli.eboardsolutions.com/SB_Meetings/SB_MeetingListing.aspx?S=4066|https://nces.ed.gov/ccd/districtsearch/district_detail.asp?DistrictID=1302100&ID2=1302100&Search=2&details=|https://gadoe.org/learning/artificial-intelligence/,Shannon M. Dillard,Superintendent,,(706) 632-3771,Scott Mathis,Director of Technology & Cybersecurity,,,Bobby Bearden,Bobby Bearden|Chair||;Ashley H. Weeks|Vice Chair||;Adam Born|Board Member||;Mike Cole|Board Member||;Robert Patterson|Board Member||,https://www.fannin.k12.ga.us/board-of-education/board-members,https://www.fannin.k12.ga.us/board-of-education/board-meeting-schedule,2026-09-10,"Regular 5:30pm Staff Development Center, 6145 Old Hwy 76, Blue Ridge; livestream YouTube @FanninRebelTV. Simbli S=4066.",2026-09-09,,,https://www.fannin.k12.ga.us/board-of-education/board-members,2026-09-09,https://www.fannin.k12.ga.us/our-district/our-district-leadership|https://www.fannin.k12.ga.us/board-of-education/board-members,2026-09-06,mixed,mixed,FCHS handbook limits AI to educational purposes as directed by teachers and treats improper AI as academic dishonesty — secondary clarity that elementary handbooks and district CoC lack.,Secondary handbook rule plus FY24-27 Tech Plan Goal 3 aspirational AI language help; no named classroom genAI product published.,FCHS Artificial Intelligence handbook section; improper AI = academic dishonesty; Tech Plan Goal 3 Embrace/implement AI,Elem handbooks + District CoC + AUP silent on genAI; no named classroom genAI product; outcomes not published,https://www.fannin.k12.ga.us/,2026-09-06,,,,,
Union County Schools,Rural NE Georgia,GA,traditional,procedure_handbook,none,no,no,no,no,No public AI deepfake/impersonation/HIB-linked rule recovered in reviewed primary sources.,https://www.ucschools.org/handbook;https://www.ucschools.org/families/parentstudent-handbook,2026-09-07,,,,,,restricted,restricted,teacher_discretion,unknown,unknown,none,none,no,unknown,,,unknown,,,,96.6,2024,chronic_absenteeism,16.8,2024-25,https://static.allongeorgia.com/wp-content/uploads/2024/10/2024-4-Year-Cohort-Graduation-Rate-State-District-School-by-Subgroups-ga-doe.pdf;https://download.gosa.ga.gov/2025/Attendance_2024-25_2026-02-19_00_32_26.csv,2026-09-09,2026-09-06,2026-27 Parent-Student Handbook/CoC §8.1: unauthorized Artificial Intelligence = cheat/plagiarize (EN+ES); AUP silent on genAI; no standalone guidance or named classroom genAI product/pilot; EXCLUDE NJ UCESC / other Union counties.,verified,https://www.ucschools.org/|https://www.ucschools.org/handbook|https://docs.google.com/document/d/1iay0Hugqd4YdvMnEL27EF8O9tMVJ-A2zMQFWKIkYaGk/edit?usp=sharing|https://docs.google.com/document/d/1iay0Hugqd4YdvMnEL27EF8O9tMVJ-A2zMQFWKIkYaGk/export?format=txt|https://docs.google.com/document/d/1DP9gM2cCjm_5VB9yoswqxWJReqtr43gwEwnNi2VAr2g/edit?usp=sharing|https://docs.google.com/document/d/1DP9gM2cCjm_5VB9yoswqxWJReqtr43gwEwnNi2VAr2g/export?format=txt|https://www.ucschools.org/families/parentstudent-handbook|https://www.ucschools.org/parent-student-handbook|https://www.ucschools.org/technology-resources|https://www.ucschools.org/technology-support|https://www.ucschools.org/online-safety-resources|https://www.ucschools.org/curriculum-and-instruction|https://www.ucschools.org/clever|https://www.ucschools.org/district|https://www.ucschools.org/charter-system|https://www.ucschools.org/board-of-education|https://www.ucschools.org/employee-handbook|https://www.ucschools.org/site_map|https://www.ucschools.org/financial-information|https://www.ucschools.org/ucs-at-a-glance|https://www.ucschools.org/uc-high-school|https://www.ucschools.org/uc-middle-school|https://nces.ed.gov/ccd/districtsearch/district_detail.asp?ID2=1305250|https://nces.ed.gov/ccd/districtsearch/district_detail.asp?ID2=1305250&details=1|https://gadoe.org/learning/artificial-intelligence/,Dr. John Hill,Superintendent,,(706) 745-2322,Bill Driskell,Technology Director,,,Tony Hunter,Tony Hunter|Chair|District 2|Term Expires 12/2026;Patrick White|Vice-Chair|District 5|Term Expires 12/2026;Janna Akins|Member|District 1|Term Expires 12/2028;Julia Barnett|Member|District 3|Term Expires 12/2028;Jason McCarter|Member|District 4|Term Expires 12/2026,https://www.ucschools.org/handbook,https://www.ucschools.org/district/board-of-education,,No dated public 2026 board meeting list recovered on district site; academic calendars only.,2026-09-09,,,https://www.ucschools.org/district/board-of-education,2026-09-09,https://www.ucschools.org/|https://www.ucschools.org/handbook,2026-09-06,mixed,mixed,2026-27 handbook §8.1 treats unauthorized AI as cheat/plagiarize under restricted elementary/secondary codes — enforcement without an allow-framework or literacy path.,EN+ES unauthorized-AI language gives a shared enforcement signal; AUP silent and no named genAI product published.,2026-27 Parent-Student Handbook/CoC §8.1 unauthorized AI = cheat/plagiarize (EN+ES),AUP silent on genAI; no standalone guidance; no named classroom genAI product; outcomes not published,https://www.ucschools.org/,2026-09-06,,,,,
Towns County Schools,Rural NE Georgia,GA,traditional,guidance,guidance,no,no,no,yes,"Generative AI Guidelines (Oct 2025) require that only district-approved AI platforms may be used (FERPA/COPPA). IFBG AUP addresses AI for academic integrity/privacy but FY27 handbooks silent on AI. No deepfake, impersonation/likeness, or HIB/Title IX AI crosswalk recovered.",https://www.towns.k12.ga.us/technology/files/AI_guidelines.docx.pdf;https://www.towns.k12.ga.us/technology/files/inet_aup.pdf,2026-09-09,,,,Generative AI Guidelines,https://www.towns.k12.ga.us/technology/files/AI_guidelines.docx.pdf,teacher_discretion,teacher_discretion,teacher_discretion,unknown,ad_hoc,none,none,no,unknown,,,unknown,,,,93.3,2024,chronic_absenteeism,22.4,2024-25,https://static.allongeorgia.com/wp-content/uploads/2024/10/2024-4-Year-Cohort-Graduation-Rate-State-District-School-by-Subgroups-ga-doe.pdf;https://download.gosa.ga.gov/2025/Attendance_2024-25_2026-02-19_00_32_26.csv,2026-09-09,2026-09-06,Tech page Generative AI Guidelines (PDF Authored Oct 9 2025) + IFBG AUP AI rules: teacher-approved genAI with citation; district-approved tools only (list unpublished); ChatGPT/Gemini/Copilot/DALL·E named as examples not products; FY27 handbooks silent on AI.,verified,https://www.towns.k12.ga.us/|https://www.towns.k12.ga.us/technology.htm|https://www.towns.k12.ga.us/technology/files/AI_guidelines.docx.pdf|https://www.towns.k12.ga.us/technology/files/inet_aup.pdf|http://towns.k12.ga.us/technology/files/inet_aup.pdf|https://www.towns.k12.ga.us/technology/files/socmed_AUP.pdf|https://www.towns.k12.ga.us/contacts.htm|https://www.towns.k12.ga.us/district.htm|https://www.towns.k12.ga.us/boe.htm|https://www.towns.k12.ga.us/boe/current/current_minutes.pdf|https://www.towns.k12.ga.us/curriculum.htm|https://www.towns.k12.ga.us/prolearning.htm|https://www.towns.k12.ga.us/ctae.htm|http://www.townscountyschools.org/info/files/tces_handbook.pdf|http://www.townscountyschools.org/info/files/tcms_handbook.pdf|http://www.townscountyschools.org/info/files/tchs_handbook.pdf|http://www.townscountyschools.org/schools/tces/files/tces_handbook.pdf|http://www.townscountyschools.org/schools/tcms/files/tcms_handbook.pdf|http://www.townscountyschools.org/schools/tchs/files/tchs_handbook.pdf|https://nces.ed.gov/ccd/districtsearch/district_detail.asp?ID2=1305070|https://simbli.eboardsolutions.com/index.aspx?S=4159|https://simbli.eboardsolutions.com/Policy/PolicyListing.aspx?S=4159|https://gadoe.org/learning/artificial-intelligence/,Dr. Darren Berrong,Superintendent,dberrong@townscountyschools.org,(706) 896-2279,Trena Stroud,Technology Director,tstroud@townscountyschools.org,(706) 896-4131 EXT 1021,Brandon Grimsley,Brandon Grimsley|Chairperson|Post #1 - Macedonia|May 2019 - Dec. 2028;Roy Perren|Vice Chairperson|Post #4 - At-Large|Jan. 2026 - Dec. 2028;David Phillips|Member|Post #3 - Hiawassee|Jan 2023 - Dec. 2026;Sara Rogers|Member|Post #2 - Young Harris|Aug. 2021 - Dec. 2026;Greg Rogers|Member|Post #5 - At-Large|Jan. 2026 - Dec.2026,https://www.towns.k12.ga.us/boe.htm,https://www.towns.k12.ga.us/boe.htm,2026-10-05,Sep 8 (Tue) held; next Oct 5 work 6:00pm / regular 6:45pm at Middle/High library. 1st Monday pattern except Apr/Sep. PDF schedule + Simbli S=4159.,2026-09-09,,,https://www.towns.k12.ga.us/boe.htm,2026-09-09,https://www.towns.k12.ga.us/boe.htm|https://www.towns.k12.ga.us/contacts.htm,2026-09-06,mixed,positive,Oct 2025 Generative AI Guidelines plus IFBG AUP require teacher-approved genAI with citation on district-approved tools — clearer norms; FY27 handbooks still silent so visibility for families is thin.,Published Generative AI Guidelines naming ChatGPT/Gemini/Copilot/DALL·E as examples plus ad hoc PD give teachers a shared rulebook.,Tech page Generative AI Guidelines (Oct 2025); IFBG AUP AI rules; teacher-approved genAI with citation; district-approved tools only,FY27 handbooks silent on AI; approved-tools list unpublished; student literacy none; parent AI comms none; outcomes not published,https://www.towns.k12.ga.us/,2026-09-06,,,,,
Rabun County Schools,Rural NE Georgia,GA,traditional,none,none,no,no,no,no,No public AI deepfake/impersonation/HIB-linked rule recovered in reviewed primary sources.,https://resources.finalsite.net/images/v1753271452/rabuncountyschoolsorg/f8excgx8groygblyzlqm/2025-26RCHSSTUDENTHANDBOOK.pdf;https://resources.finalsite.net/images/v1533498555/rabuncountyschoolsorg/od0d0amtu9cbuhnov1jn/RabunCountySchoolsChromebookProceduresGuide.pdf,2026-09-07,,,,,,unknown,unknown,unknown,Amira,none,none,none,no,unknown,,,unknown,,,,93.4,2024,chronic_absenteeism,15.8,2024-25,https://static.allongeorgia.com/wp-content/uploads/2024/10/2024-4-Year-Cohort-Graduation-Rate-State-District-School-by-Subgroups-ga-doe.pdf;https://download.gosa.ga.gov/2025/Attendance_2024-25_2026-02-19_00_32_26.csv,2026-09-09,2026-09-06,No public genAI/ChatGPT policy found; CoC + school handbooks Internet AUP silent on genAI (AI glasses banned only under HB1009 personal-device rules); RCES 2026-27 testing calendar lists Amira Assessment (3rd); Simbli S=4135 Incapsula-blocked.,verified,https://www.rabuncountyschools.org/|https://www.rabuncountyschools.org/about|https://www.rabuncountyschools.org/boe-home|https://www.rabuncountyschools.org/organizational-chart|https://files.smartsites.parentsquare.com/9203/Chart_1784563201.png|https://www.rabuncountyschools.org/office-of-the-superintendent|https://www.rabuncountyschools.org/155714_3|https://simbli.eboardsolutions.com/Policy/PolicyListing.aspx?S=4135|https://www.rabuncountyschools.org/parent-resources|https://docs.google.com/document/d/19orLlu8ve8QPQKr6epbbhEN4rpOmbAIDSPBrmU1rJT4/edit?usp=sharing|https://docs.google.com/document/d/1JPpRoH1mceI5-sm8N-_Sl-KqYVH9SKz6dGcQO3HbFic/edit?usp=sharing|https://docs.google.com/document/d/1XXzcpi8hDNL_waNBO8ggzGWVaLl4hTp5/edit?usp=sharing&ouid=107862232871756152225&rtpof=true&sd=true|https://docs.google.com/document/d/1M1t3jCnk-SRxA3rYL9P4sYVVNVSaAVXDuLMBO5Ygr4U/edit?usp=sharing|https://drive.google.com/file/d/1_AEQCkP3tXNk_C63NpxOAdTzeLdhNWyF/view?usp=sharing|https://resources.finalsite.net/images/v1753271452/rabuncountyschoolsorg/f8excgx8groygblyzlqm/2025-26RCHSSTUDENTHANDBOOK.pdf|https://www.rabuncountyschools.org/students-2|https://www.rabuncountyschools.org/parents-home-2|https://www.rabuncountyschools.org/166425_3|https://www.rabuncountyschools.org/parents-home|https://www.rabuncountyschools.org/technology-home|https://www.rabuncountyschools.org/tech-support|https://www.rabuncountyschools.org/software-and-programs-home|https://www.rabuncountyschools.org/district-wide-software-and-programs|https://www.rabuncountyschools.org/rchs-software-and-programs|https://www.rabuncountyschools.org/rcms-software-and-programs|https://www.rabuncountyschools.org/rces-software-and-programs|https://www.rabuncountyschools.org/rcps-software-and-programs|https://resources.finalsite.net/images/v1533498555/rabuncountyschoolsorg/od0d0amtu9cbuhnov1jn/RabunCountySchoolsChromebookProceduresGuide.pdf|https://docs.google.com/document/d/1EC7aRnwkxmI_wCedIl5-mnYrg0Tw_P2-pQc-TxjUVVM/edit?usp=sharing|https://www.rabuncountyschools.org/system-documents|https://files.smartsites.parentsquare.com/9203/rcssstrategicwaiver2024-2030.pdf|https://files.smartsites.parentsquare.com/9203/cognia_accreditation_engagement_review_2026.pdf|https://files.smartsites.parentsquare.com/9203/sb289parentnotificationofonlineoptions.pdf|https://files.smartsites.parentsquare.com/9203/ferpaannualnoticetoparents.pdf|https://www.rabuncountyschools.org/consolidated-lea-improvement-plan|https://www.rabuncountyschools.org/curriculum-and-instruction-resource|https://www.rabuncountyschools.org/professional-learning|https://docs.google.com/document/d/1bCt4EOqeghRKu90rF9sYWDLjxpj1SgE8RPPxNDJBxw0/edit?usp=sharing|https://www.rabuncountyschools.org/vision-mission-and-belief|https://www.rabuncountyschools.org/board-minutes|https://nces.ed.gov/ccd/districtsearch/district_detail.asp?ID2=1304320|https://gadoe.org/learning/artificial-intelligence/,Steven Cole,Superintendent,,(706) 212-4350,Greg Purcell,Director of Technology,,,Steven Cabe,Steven Cabe|Chairman||;Mark Beck|Vice-Chair||;Scott Horton|Member||;Allyn Stockton|Member||;Rick Story|Member||,https://www.rabuncountyschools.org/boe-home,https://www.rabuncountyschools.org/board-meeting-dates,2026-09-21,Regular Mon Sep 21 5:30pm (published 2026 board meeting dates page).,2026-09-09,,,https://www.rabuncountyschools.org/boe-home,2026-09-09,https://www.rabuncountyschools.org/boe-home,2026-09-06,negative,mixed,No public genAI/ChatGPT classroom policy found; CoC/AUP silent on genAI (AI glasses banned only under device rules) leaves assignment honesty ambiguous.,Amira Assessment on RCES testing calendar is a narrow reading-AI signal; no PD or genAI guidance published for classroom use.,RCES testing calendar lists Amira Assessment (3rd); AI glasses banned under HB1009 device rules,No public genAI/ChatGPT policy; CoC+AUP silent on genAI; PD none; outcomes not published,https://www.rabuncountyschools.org/,2026-09-06,,,,,
Banks County Schools,Rural NE Georgia,GA,traditional,none,none,no,no,no,no,No public AI deepfake/impersonation/HIB-linked rule recovered in reviewed primary sources.,https://4.files.edl.io/6ff9/07/07/26/152822-8577c845-c51c-4576-9b0b-0dd5af4d5b22.pdf;https://4.files.edl.io/aeb1/07/13/26/210709-d69c6d68-d6e4-46bb-9605-a30a12b561e8.pdf,2026-09-07,,,,,,unknown,unknown,unknown,MagicSchool,unknown,none,none,no,unknown,,,unknown,,,,92.2,2024,chronic_absenteeism,27.6,2024-25,https://static.allongeorgia.com/wp-content/uploads/2024/10/2024-4-Year-Cohort-Graduation-Rate-State-District-School-by-Subgroups-ga-doe.pdf;https://download.gosa.ga.gov/2025/Attendance_2024-25_2026-02-19_00_32_26.csv,2026-09-09,2026-09-06,No public genAI student/classroom policy found (FY27/FY26 handbooks AUP+academic dishonesty silent on AI; Simbli S=4008 bot-blocked); T&L Digital Learning Resources lists MagicSchool AI for BCPS/BCES/BCMS/BCHS teacher lesson/materials/feedback with teacher review before student use.,verified,https://www.banks.k12.ga.us/|https://www.banks.k12.ga.us/apps/pages/ixl/learning|https://www.banks.k12.ga.us/apps/pages/backtoschoolguide|https://www.banks.k12.ga.us/apps/pages/index.jsp?uREC_ID=2848480&type=d&pREC_ID=2324834|https://www.banks.k12.ga.us/apps/pages/index.jsp?uREC_ID=2848473&type=d&pREC_ID=2324824|https://www.banks.k12.ga.us/apps/pages/index.jsp?uREC_ID=2848479&type=d&pREC_ID=2324833|https://www.banks.k12.ga.us/apps/pages/index.jsp?uREC_ID=2848477&type=d|https://www.banks.k12.ga.us/apps/pages/index.jsp?uREC_ID=2848473&type=d&pREC_ID=2324823|https://www.banks.k12.ga.us/apps/news/article/2088005|https://www.banks.k12.ga.us/apps/news/article/2094029|https://www.banks.k12.ga.us/apps/news/article/2197012?categoryId=19174|https://www.banks.k12.ga.us/apps/news/article/2072369|https://4.files.edl.io/6ff9/07/07/26/152822-8577c845-c51c-4576-9b0b-0dd5af4d5b22.pdf|https://4.files.edl.io/aeb1/07/13/26/210709-d69c6d68-d6e4-46bb-9605-a30a12b561e8.pdf|https://4.files.edl.io/46c6/07/24/25/165514-82be0ee5-48cb-49d1-94ec-09182c348971.pdf|https://4.files.edl.io/9201/08/03/26/142355-a0a549e0-89cc-478c-bc1e-3982721eb6e9.pdf|https://4.files.edl.io/754a/07/22/26/130545-e2f1acd3-e5a1-4fe6-b16b-ec11e18d1d7c.pdf|https://4.files.edl.io/062f/07/21/26/174231-67d7179e-9a82-4f12-afe9-ce4f18be8385.pdf|https://4.files.edl.io/cd3a/03/18/26/130112-40e31b9e-fad8-443a-9cc6-f4ac5b37a37c.pdf|https://4.files.edl.io/8fd9/07/21/25/214541-0f44401b-d146-480a-9f10-b1b664a412a2.pdf|https://bchs.banks.k12.ga.us/|https://bcms.banks.k12.ga.us/|https://bcms.banks.k12.ga.us/apps/news/article/2088356|https://bces.banks.k12.ga.us/|https://bcps.banks.k12.ga.us/|https://simbli.eboardsolutions.com/index.aspx?S=4008|https://simbli.eboardsolutions.com/Policy/PolicyListing.aspx?S=4008|https://nces.ed.gov/ccd/districtsearch/district_detail.asp?ID2=1300240|https://gadoe.org/learning/artificial-intelligence/,Dr. Ann Hopkins,Superintendent,,(706) 677-2224,Jason McNabb,Director of Technology,,(706) 677-2224,Dr. Mark Stroud,Dr. Mark Stroud|Chair|Post 3|Term expires December 31 2026;Anthony Seabolt|Vice Chair|Post 1|Term expires December 31 2028;William Reems|Member|Post 2|Term expires December 31 2028;Tyler Maney|Member|Post 4|Term expires December 31 2028;Eli Cooper|Member|Post 5|Term expires December 31 2026,https://www.banks.k12.ga.us/apps/pages/index.jsp?pREC_ID=2324824&type=d&uREC_ID=2848473,https://www.banks.k12.ga.us/apps/events/view_calendar.jsp?id=0,2026-09-24,Work session 5:30–6:30pm on district calendar; Meeting also listed same day. Simbli S=4008.,2026-09-09,,Anthony Seabolt|anthony.seabolt@banks.k12.ga.us;William Reems|william.reems@banks.k12.ga.us;Dr. Mark Stroud|mark.stroud@banks.k12.ga.us;Tyler Maney|tyler.maney@banks.k12.ga.us;,https://www.banks.k12.ga.us/apps/pages/index.jsp?pREC_ID=2324824&type=d&uREC_ID=2848473,2026-09-09,https://www.banks.k12.ga.us/apps/pages/index.jsp?pREC_ID=2324824&type=d&uREC_ID=2848473|https://www.banks.k12.ga.us/apps/staff/,2026-09-06,negative,mixed,Handbooks AUP+academic dishonesty are silent on student AI — learners lack published GenAI assignment rules despite teacher-side MagicSchool listings.,T&L Digital Learning Resources list MagicSchool AI for lesson/materials/feedback with teacher review before student use — a staff productivity path without student policy.,MagicSchool AI listed for teacher lesson/materials/feedback (teacher review before student use),No public student/classroom genAI policy; handbooks silent on AI; no student literacy/parent AI path; outcomes not published,https://www.banks.k12.ga.us/,2026-09-06,,,,,
Franklin County School System,Rural NE Georgia,GA,traditional,none,none,no,no,no,no,No public AI deepfake/impersonation/HIB-linked rule recovered in reviewed primary sources.,https://www.franklin.k12.ga.us/,2026-09-07,,,,,,unknown,unknown,unknown,unknown,none,none,none,no,unknown,,,unknown,,,,86.8,2024,chronic_absenteeism,21.9,2024-25,https://static.allongeorgia.com/wp-content/uploads/2024/10/2024-4-Year-Cohort-Graduation-Rate-State-District-School-by-Subgroups-ga-doe.pdf;https://download.gosa.ga.gov/2025/Attendance_2024-25_2026-02-19_00_32_26.csv,2026-09-09,2026-09-06,"No public genAI/ChatGPT classroom policy found (FCHS 26-27/25-26 HBs silent; Simbli S=4070 bot-blocked). FY26-30 Strategic Plan Initiative 9 schedules AI-tool guidelines for SY 26-27; tech pages list IC/Study Island/etc., not classroom genAI.",verified,https://www.franklin.k12.ga.us/|https://www.franklin.k12.ga.us/about-fcs/superintendent|https://www.franklin.k12.ga.us/about-fcs/fc-board-of-education/members|https://www.franklin.k12.ga.us/about-fcs/fc-board-of-education/minutes-policies|https://www.franklin.k12.ga.us/about-fcs/fc-board-of-education/meetings|https://www.franklin.k12.ga.us/about-fcs/strategic-plan|https://drive.google.com/file/d/1PGk4JxSm0qxhbCXSzKhtn0LPab9tiooj/view?usp=drive_link|https://www.franklin.k12.ga.us/departments/technology|https://drive.google.com/open?id=1638pGgbpCBWvY36kMQGOc2-_axbBLjf_|https://www.franklin.k12.ga.us/departments/curriculum|https://fchs.franklin.k12.ga.us/|https://fchs.franklin.k12.ga.us/parent-resources|https://drive.google.com/file/d/1o6JbCrA7waik-9SAmlRzLOR2oEFNsevk/view?usp=sharing|https://drive.google.com/file/d/1wGJxoEsMjg0AIlV1N0ZnQ1JqVZqa-jPV/view?usp=sharing|https://drive.google.com/file/d/1tiI47nmPwPn3AhUbRtDwwWJQS2eRJHHI/view?usp=sharing|https://fcms.franklin.k12.ga.us/|https://fcms.franklin.k12.ga.us/more-resources|https://docs.google.com/document/d/13zxgDDgxdfCOKHVOFTF4B2Iv3qG-tjCy/edit|https://nces.ed.gov/ccd/districtsearch/district_detail.asp?ID2=1302250|https://simbli.eboardsolutions.com/index.aspx?s=4070|https://simbli.eboardsolutions.com/Policy/PolicyListing.aspx?S=4070|https://gadoe.org/learning/artificial-intelligence/,Melanie Burton-Brown,Superintendent,melanie.burton-brown@franklin.k12.ga.us,(706) 384-4554,Dr. Andrew Fowler,Technology Director,,,Robin Cato,Robin Cato|Chair|Post 5|1/1/2023 - 12/31/2026;Alan Mitchell|Vice Chair|Post 4|1/1/2023 - 12/31/2026;Kent Hall|Member|Post 2|1/1/2021-12/31/2024;Randall Gailey|Member|Post 3|1/1/2023 - 12/31/2026;Jason Oliver|Member|Post 1|1/1/25 - 12/31/2028,https://www.franklin.k12.ga.us/about-fcs/fc-board-of-education/members,https://www.franklin.k12.ga.us/about-fcs/fc-board-of-education/meetings,2026-10-01,Sep 8 regular cancelled; next Oct 1 work session then Oct 13 regular (6:00pm unless noted). Simbli S=4070.,2026-09-09,,Robin Cato|robin.cato@franklin.k12.ga.us;Alan Mitchell|alan.mitchell@franklin.k12.ga.us;Kent Hall|kent.hall@franklin.k12.ga.us;Randall Gailey|randall.gailey@franklin.k12.ga.us;Jason Oliver|jason.oliver@franklin.k12.ga.us;,https://www.franklin.k12.ga.us/about-fcs/fc-board-of-education/members,2026-09-09,https://www.franklin.k12.ga.us/about-fcs/superintendent|https://www.franklin.k12.ga.us/about-fcs/fc-board-of-education/members|https://www.franklin.k12.ga.us/departments/technology,2026-09-06,negative,mixed,No public genAI classroom policy found; Strategic Plan Initiative 9 only schedules AI-tool guidelines for SY 26-27 — students still operate in a vacuum.,Planned SY 26-27 AI-tool guidelines signal intent; current handbooks silent and PD coded none.,FY26-30 Strategic Plan Initiative 9 schedules AI-tool guidelines for SY 26-27,No current public genAI classroom policy; handbooks silent; PD none; outcomes not published,https://www.franklin.k12.ga.us/,2026-09-06,,,,,
Stephens County School System,Toccoa,GA,traditional,none,none,no,no,no,no,No public AI deepfake/impersonation/HIB-linked rule recovered in reviewed primary sources.,https://resources.finalsite.net/images/v1754496989/stephensk12gaus/gt4fbacqv8drh701hgwx/2025-26BAECodeofConduct.pdf;https://resources.finalsite.net/images/v1721755711/stephensk12gaus/tovewhm952lbnvzzpv1w/24-25StephensCountyChromebookUserAgreement.pdf,2026-09-07,,,,,,unknown,unknown,unknown,unknown,unknown,none,none,no,unknown,,,unknown,,,,94.6,2024,chronic_absenteeism,20.9,2024-25,https://static.allongeorgia.com/wp-content/uploads/2024/10/2024-4-Year-Cohort-Graduation-Rate-State-District-School-by-Subgroups-ga-doe.pdf;https://download.gosa.ga.gov/2025/Attendance_2024-25_2026-02-19_00_32_26.csv,2026-09-09,2026-09-06,"GA Stephens County School System (Toccoa): no published district genAI/ChatGPT classroom policy, guidelines, or handbook AI language found; IFBG AUP + general academic dishonesty only; no named classroom genAI products on tech/apps pages. Exclude non-GA Stephens.",verified,https://www.stephenscountyschools.com/|https://www.stephenscountyschools.com/departments/technology|https://www.stephenscountyschools.com/fs/resource-manager/view/a436a209-307b-4205-acfa-830871bdc85e|https://resources.finalsite.net/images/v1754496989/stephensk12gaus/gt4fbacqv8drh701hgwx/2025-26BAECodeofConduct.pdf|https://www.stephenscountyschools.com/family/apps-for-education|https://www.stephenscountyschools.com/family/parent-protech|https://bae.stephenscountyschools.com/faculty-and-staff/faculty-and-staff-resources|https://resources.finalsite.net/images/v1721755711/stephensk12gaus/tovewhm952lbnvzzpv1w/24-25StephensCountyChromebookUserAgreement.pdf,Connie Franklin,Superintendent,,"(706) 886-9415, Ext. 1651",Jack Higgins,Director of Technology,jack.higgins@stephenscountyschools.org,"(706) 886-9415, Ext. 1684",Tripp Arrowood,Tripp Arrowood|Chair|District 2 Post 1|2023-2026;Wendy Dawkins|Vice Chair|District 1 Post 1|2025-2028;Jim Bellamy|Member|District 1 Post 2|2023-2026;Kay Reed|Member|District 3 Post 1|2023-2026;Rod Moore|Member|District 2 Post 2|2023-2026;Pam Hill|Member|District 3 Post 2|2025-2028;Len Stovall|Member||2025-2028,https://www.stephenscountyschools.com/district-information/board-of-education,https://www.stephenscountyschools.com/district-information/board-of-education/board-meeting-dates-times,,Board Meeting Dates & Times page / Simbli S=4145 linked; concrete next date not recovered (403/Incapsula).,2026-09-09,,Tripp Arrowood|tripp.arrowood@stephenscountyschools.org;Wendy Dawkins|wendy.dawkins@stephenscountyschools.org;Jim Bellamy|jim.bellamy@stephenscountyschools.org;Kay Reed|kay.reed@stephenscountyschools.org;Pam Hill|pam.hill@stephenscountyschools.org;Rod Moore|rod.moore@stephenscountyschools.org;Len Stovall|len.stovall@stephenscountyschools.org;,https://www.stephenscountyschools.com/district-information/board-of-education,2026-09-09,https://www.stephenscountyschools.com/district-information/district-directory|https://www.stephenscountyschools.com/district-information/board-of-education|https://www.stephenscountyschools.com/privacy-policy-link,2026-09-06,negative,negative,No published district genAI/ChatGPT classroom policy or handbook AI language found — students rely on general IFBG AUP and academic dishonesty only.,No named classroom genAI products or PD leave teachers inventing rules.,IFBG AUP + general academic dishonesty (non-GenAI-specific),No published genAI guidelines or handbook AI language; no named classroom genAI products; outcomes not published,https://www.stephenscountyschools.com/,2026-09-06,,,,,
Hart County Charter System,Rural NE Georgia,GA,traditional,procedure_handbook,none,no,no,no,no,No public AI deepfake/impersonation/HIB-linked rule recovered in reviewed primary sources.,https://resources.finalsite.net/images/v1753975097/hartk12gaus/anzr7k3x5dztbtqcbich/2025-26StudentHandbook.pdf;https://resources.finalsite.net/images/v1784229915/hartk12gaus/ghyf2ismuzdcztvyfj3v/2026-27HighSchoolStudentHandbook11_1.pdf,2026-09-07,,,,,,unknown,restricted,teacher_discretion,unknown,unknown,none,none,no,unknown,,,unknown,,,,98.1,2024,chronic_absenteeism,15.3,2024-25,https://static.allongeorgia.com/wp-content/uploads/2024/10/2024-4-Year-Cohort-Graduation-Rate-State-District-School-by-Subgroups-ga-doe.pdf;https://download.gosa.ga.gov/2025/Attendance_2024-25_2026-02-19_00_32_26.csv,2026-09-09,2026-09-06,"GA Hart County Charter System (Hartwell): HCHS 2025-26/2026-27 handbooks treat unauthorized/inappropriate AI use as academic dishonesty (restricted, not a full genAI allow-framework); no named classroom genAI products on tech pages. Exclude Hart County SC/KY.",verified,https://www.hart.k12.ga.us/|https://resources.finalsite.net/images/v1753975097/hartk12gaus/anzr7k3x5dztbtqcbich/2025-26StudentHandbook.pdf|https://resources.finalsite.net/images/v1784229915/hartk12gaus/ghyf2ismuzdcztvyfj3v/2026-27HighSchoolStudentHandbook11_1.pdf|https://resources.finalsite.net/images/v1784228837/hartk12gaus/hrdo2tzwnnl8c7tieff1/FY27ElementarySchoolStudentHandbookdocx11.pdf|https://www.hart.k12.ga.us/departments/technology/instructional-technology|https://www.hart.k12.ga.us/departments/technology/about-us|https://www.hart.k12.ga.us/departments/technology/chromebooks|https://www.hart.k12.ga.us/parents/student-handbooks/elementary-student-handbook|https://www.hart.k12.ga.us/parents/student-handbooks/middle-school-student-handbook,Jennifer Carter,Superintendent,jcarter@hart.k12.ga.us,706-376-5141,Jonathan Higginbotham,Director of Technology,,,Kim Pierce,Kim Pierce|Chair|District 3|Term expires 12/31/2028;Lonnie Robinson|Vice Chair|District 1|Term expires 12/31/2028;Henley Cleary|Member|District 2|Term expires 12/31/2026;Richard Sutherland|Member|District 4|Term expires 12/31/2026;Dennis Dowell|Member|District 5|Term expires 12/31/2028,https://www.hart.k12.ga.us/about-us/board-of-education/home,https://www.hart.k12.ga.us/about-us/board-of-education/board-meetings,2026-09-14,Regular Sep 14 (2nd Monday pattern; * dates on 3rd Monday noted on page).,2026-09-09,,Kim Pierce|kim.pierce@hart.k12.ga.us;Lonnie Robinson|rev.robinson@yahoo.com;Henley Cleary|henleycleary@gmail.com;Richard Sutherland|rhsutherland48@gmail.com;Dennis Dowell|dennis.dowell@hart.k12.ga.us;,https://www.hart.k12.ga.us/about-us/board-of-education/home,2026-09-09,https://www.hart.k12.ga.us/departments/superintendent/about-the-superintendent|https://www.hart.k12.ga.us/staff/district-contacts|https://www.hart.k12.ga.us/about-us/board-of-education/home|https://www.hart.k12.ga.us/departments/curriculum-and-professional-learning/curriculum-and-instruction|https://resources.finalsite.net/images/v1753975097/hartk12gaus/anzr7k3x5dztbtqcbich/2025-26StudentHandbook.pdf,2026-09-06,mixed,mixed,HCHS handbooks treat unauthorized/inappropriate AI use as academic dishonesty under restricted secondary coding — enforcement without a full allow-framework or literacy path.,Handbook dishonesty language helps high-school staff; no named classroom genAI products or PD published.,HCHS 2025-26/2026-27 handbooks unauthorized/inappropriate AI as academic dishonesty,No named classroom genAI products; student literacy none; parent AI comms none; outcomes not published,https://www.hart.k12.ga.us/,2026-09-06,,,,,
Elbert County School District,Rural East Georgia,GA,traditional,guidance,none,no,no,no,no,No public AI deepfake/impersonation/HIB-linked rule recovered in reviewed primary sources.,https://www.elbert.k12.ga.us/departments/technology-department/ecsd-ai-guidance;https://resources.finalsite.net/images/v1722549283/elbertk12gaus/hzg5c5zztljbjw3zmvq8/ECSD_Technology_Device_Agreement_and_Acceptable_Use_Policy.pdf,2026-09-07,,,,,,restricted,restricted,traffic_light,SchoolAI,required,yes,yes,no,unknown,,,unknown,,,,85.4,2024,chronic_absenteeism,19.1,2024-25,https://static.allongeorgia.com/wp-content/uploads/2024/10/2024-4-Year-Cohort-Graduation-Rate-State-District-School-by-Subgroups-ga-doe.pdf;https://download.gosa.ga.gov/2025/Attendance_2024-25_2026-02-19_00_32_26.csv,2026-09-09,2026-09-06,GA Elbert County School District publishes Generative AI Guidance Framework (2026–27 SchoolAI plan); staff SchoolAI primary; student genAI filter-restricted; assignment Levels 0–4.,verified,https://www.elbert.k12.ga.us/|https://www.elbert.k12.ga.us/departments/technology-department/ecsd-ai-guidance|https://www.elbert.k12.ga.us/fs/resource-manager/view/370dc8d5-319d-44c6-9210-90fd3a567e04|https://www.elbert.k12.ga.us/departments/technology-department|https://www.elbert.k12.ga.us/departments/technology-department/student-digital-safety|https://resources.finalsite.net/images/v1722549283/elbertk12gaus/hzg5c5zztljbjw3zmvq8/ECSD_Technology_Device_Agreement_and_Acceptable_Use_Policy.pdf|https://simbli.eboardsolutions.com/index.aspx?s=4063,Robert Wheeler,Superintendent,,706-213-4000,Clint Winter,Director of Technology,Clint.Winter@elbert.k12.ga.us,706-408-0013,Theresa Barnett,Theresa Barnett|Chairman|District 5|;Mike Turner|Member|District 4|;Keith Harper|Vice-Chair|District 1|;Heather Nestor|Member|District 3|;Hannah Williams|Member|District 2|,https://www.elbert.k12.ga.us/ecsd-board-of-education/board-of-education,https://www.elbert.k12.ga.us/ecsd-board-of-education/board-of-education-meeting-dates-and-agendas,2026-09-15,District calendar: Elbert County BOE Board Meeting Tue Sep 15 5:30–7:00pm. Simbli S=4063.,2026-09-09,sanquetta.calhoun@elbert.k12.ga.us,Theresa Barnett|tbarnett@elbert.k12.ga.us;Mike Turner|miketurner@elbert.k12.ga.us;Keith Harper|keithharper@elbert.k12.ga.us;Heather Nestor|heather.nestor@elbert.k12.ga.us;Hannah Williams|hannah.williams@elbert.k12.ga.us;,https://www.elbert.k12.ga.us/ecsd-board-of-education/board-of-education,2026-09-09,https://www.elbert.k12.ga.us/for-parents/intradistrict-transfer-option|https://www.elbert.k12.ga.us/departments/technology-department|https://www.elbert.k12.ga.us/ecsd-board-of-education/board-of-education|https://www.elbert.k12.ga.us/departments/office-of-teaching-and-learning/teaching-and-learning,2026-09-06,positive,positive,Published Levels 0–4 assignment framework and filter-restricted student genAI create clearer expectations than most peers. Literacy supports present; outcomes still unpublished.,SchoolAI as primary staff tool plus required PD and published guidance framework give teachers a concrete playbook.,Generative AI Guidance Framework 2026–27; SchoolAI plan; Levels 0–4; required teacher PD; parent-facing AI comms,No published learning-outcome metrics yet; student genAI remains filter-restricted,https://www.elbert.k12.ga.us/departments/technology-department/ecsd-ai-guidance,2026-09-06,,,,,
Madison County Schools,Athens,GA,traditional,none,none,no,no,no,no,No public AI deepfake/impersonation/HIB-linked rule recovered in reviewed primary sources.,https://www.madison.k12.ga.us/,2026-09-07,,,,,,unknown,unknown,unknown,unknown,unknown,unknown,none,no,unknown,,,unknown,,,,95.2,2024,chronic_absenteeism,20.4,2024-25,https://static.allongeorgia.com/wp-content/uploads/2024/10/2024-4-Year-Cohort-Graduation-Rate-State-District-School-by-Subgroups-ga-doe.pdf;https://download.gosa.ga.gov/2025/Attendance_2024-25_2026-02-19_00_32_26.csv,2026-09-09,2026-09-06,GA Madison County Schools (Danielsville only—EXCLUDE AL/KY/MS/OH/TN/VA/WI/etc.): no published genAI policy; Strategic Plan 2025–30 commits to develop system-wide AI plan; general IFBG/AUP listed; board_members from Main Street News Exemplary Board caption + WUGA election coverage (district BOE HTML image-only).,verified,https://www.madison.k12.ga.us/|https://www.madison.k12.ga.us/page/information-technology|https://www.madison.k12.ga.us/page/board-of-education|https://www.madison.k12.ga.us/page/office-of-superintendent|https://www.madison.k12.ga.us/page/district-profile|https://5il.co/3pxsb|https://simbli.eboardsolutions.com/Index.aspx?S=4109,Dr. Jody Goodroe,Superintendent,jgoodroe@madison.k12.ga.us,(706) 795-2191,Amy Denman,"Director, Technology",,(706) 795-2191 ext.1427,Robert Hooper,Robert Hooper|Chair|District 1|2007-2026;Daniel Lampe|Member|District 2|2023-2026;Cindy Nash|Vice Chair|District 3|2013-2028;Byron Lee|Member|District 4|2017-2028;Brenda Moon|Member|District 5|2017-2028,https://www.madison.k12.ga.us/page/board-of-education,https://www.madison.k12.ga.us/page/board-of-education,,"Regular meetings 7:00pm 3rd Tuesday each month at Professional Learning Center #1, 800 Madison Street, Danielsville. Concrete next date not listed on page; agendas via Simbli https://simbli.eboardsolutions.com/Index.aspx?S=4109",2026-09-09,,Robert Hooper|bhooper69@windstream.net;Daniel Lampe|dan.lampe@madison.k12.ga.us;Cindy Nash|nashfamily06@yahoo.com;Byron Lee|byronjlee2016@gmail.com;Brenda Moon|moonbrendar@gmail.com;,https://www.madison.k12.ga.us/page/board-of-education,2026-09-09,https://www.madison.k12.ga.us/page/board-of-education|https://www.madison.k12.ga.us/page/office-of-superintendent|https://www.madison.k12.ga.us/page/information-technology|https://www.madison.k12.ga.us/page/district-profile|https://www.mainstreetnews.com/madison/news/boe-awarded-exemplary-board-status/image_51cbf810-2bf1-4f18-9517-dbfe0d5350b6.html|https://www.wuga.org/local-news/2026-05-20/full-rundown-of-state-primary-and-local-nonpartisan-election-results-several-headed-to-runoffs,2026-09-06,negative,mixed,No published genAI policy found; Strategic Plan 2025–30 commitment to develop a system-wide AI plan is future intent only — current student rules remain ambiguous.,General IFBG/AUP listed without GenAI terms; teachers lack a finished AI classroom playbook.,Strategic Plan 2025–30 commits to develop system-wide AI plan,No published genAI policy; IFBG/AUP without GenAI terms; outcomes not published,https://www.madison.k12.ga.us/,2026-09-06,,,,,
Oglethorpe County School System,Athens,GA,traditional,none,none,no,no,no,no,No public AI deepfake/impersonation/HIB-linked rule recovered in reviewed primary sources.,https://oces.oglethorpe.k12.ga.us/o/oces/page/parentstudent-handbooks,2026-09-07,,,,,,unknown,unknown,unknown,unknown,unknown,none,none,no,unknown,,,unknown,,,,95.5,2024,chronic_absenteeism,18.2,2024-25,https://static.allongeorgia.com/wp-content/uploads/2024/10/2024-4-Year-Cohort-Graduation-Rate-State-District-School-by-Subgroups-ga-doe.pdf;https://download.gosa.ga.gov/2025/Attendance_2024-25_2026-02-19_00_32_26.csv,2026-09-09,2026-09-06,"No generative-AI board policy, handbook procedure, or assignment framework found on accessible primary pages; district PEACH e-news lists expanding AI as a funding goal; AUP/device rules only.",verified,https://www.oglethorpe.k12.ga.us/|https://www.oglethorpe.k12.ga.us/page/technology|https://www.oglethorpe.k12.ga.us/page/protech|https://oces.oglethorpe.k12.ga.us/o/oces/page/parentstudent-handbooks|https://aptg.co/5f52Rs|https://oces.oglethorpe.k12.ga.us/o/oces/article/2700936|https://simbli.eboardsolutions.com/Policy/PolicyListing.aspx?S=4124,Dr. Phillip Powell,Superintendent,,(706) 743-8128,Auburn Bolton,Director of Technology & Human Capital,,,Becky Soto,Becky Soto|Chair|District 5|;Tim Poole|Vice-Chair|District 2|;Guillermo Camacho|Member|District 1|;Susan Robinson|Member|District 3|;Jake Willcox|Member|District 4|,https://www.oglethorpe.k12.ga.us/page/boe-members,https://www.oglethorpe.k12.ga.us/page/boe-members,2026-09-29,"Work Session 7:00pm at 735 Athens Rd, Lexington (BOE Meeting Calendar 2026 PDF). Sep 8 BOE Meeting already held; next BOE Meeting Oct 6 7:00pm. Simbli https://simbli.eboardsolutions.com/index.aspx?s=4124",2026-09-09,,,https://www.oglethorpe.k12.ga.us/page/boe-members,2026-09-09,https://www.oglethorpe.k12.ga.us/staff?filter_ids=436267|https://www.oglethorpe.k12.ga.us/page/boe-members|https://www.oglethorpe.k12.ga.us/page/contact-us|https://www.oglethorpe.k12.ga.us/article/2607124|https://www.oglethorpe.k12.ga.us/,2026-09-06,negative,mixed,"No generative-AI board policy, handbook procedure, or assignment framework found — students face a vacuum aside from general AUP/device rules.",PEACH e-news listing expanding AI as a funding goal is aspirational only; teachers lack classroom GenAI guidance.,PEACH e-news lists expanding AI as a funding goal,No genAI board policy/handbook procedure/assignment framework; AUP/device rules only; outcomes not published,https://www.oglethorpe.k12.ga.us/,2026-09-06,,,,,
Wilkes County Schools,Rural East Georgia,GA,traditional,none,none,no,no,no,no,No public AI deepfake/impersonation/HIB-linked rule recovered in reviewed primary sources.,https://www.wilkes.k12.ga.us/page/student-handbooks,2026-09-07,,,,,,unknown,unknown,unknown,unknown,unknown,none,none,no,unknown,,,unknown,,,,77.8,2024,chronic_absenteeism,16,2024-25,https://static.allongeorgia.com/wp-content/uploads/2024/10/2024-4-Year-Cohort-Graduation-Rate-State-District-School-by-Subgroups-ga-doe.pdf;https://download.gosa.ga.gov/2025/Attendance_2024-25_2026-02-19_00_32_26.csv,2026-09-09,2026-09-06,"Georgia Wilkes publishes student AUP (Office 365 / Google Classroom) and cheating rules but no generative-AI board policy, guidance, or assignment framework on reviewed primary sources. Exclude Wilkes NC.",verified,https://www.wilkes.k12.ga.us/|https://www.wilkes.k12.ga.us/page/technology|https://www.wilkes.k12.ga.us/page/student-handbooks|https://www.wilkes.k12.ga.us/page/staff-resources|https://5il.co/35t3h|https://drive.google.com/file/d/16MlT9CgCwv-jv5m0j9abDYc7vyi30LP7/view|https://simbli.eboardsolutions.com/index.aspx?S=4179|https://www.wilkes.k12.ga.us/page/board-of-education,Michelle Smith,Superintendent,smithm@wilkes.k12.ga.us,(706) 678-2718,Jonathan Rogers,Technology Director,rogersj@wilkes.k12.ga.us,(706) 401-8578,Dann Standard,Dann Standard|Board Chairman||2025-2028;Horace Jordan|Vice Chair|District 1|;David Chafin|Member|District 2|;Jeannie Ferrell|Member|District 3|2025-2028;Cassandra Ware|Member|District 4|2025-2028,https://www.wilkes.k12.ga.us/page/board-of-education,https://www.wilkes.k12.ga.us/page/board-of-education,,BOE page present; Finalsite challenge blocked dated schedule fetch — no concrete upcoming date verified.,2026-09-09,,,https://www.wilkes.k12.ga.us/page/board-of-education,2026-09-09,https://www.wilkes.k12.ga.us/staff|https://www.wilkes.k12.ga.us/page/board-of-education|https://www.wilkes.k12.ga.us/live-feed?page_no=4|https://www.wilkes.k12.ga.us/live-feed?page_no=7|https://www.wilkes.k12.ga.us/article/1980617|https://www.wilkes.k12.ga.us/o/wwps/article/1391463,2026-09-06,negative,negative,"Student AUP (Office 365/Google Classroom) and cheating rules exist but no generative-AI board policy, guidance, or assignment framework was found on reviewed primaries.",No GenAI guidance or PD leaves teachers inventing classroom norms (exclude Wilkes NC).,Student AUP covering Office 365 / Google Classroom; general cheating rules,No generative-AI board policy/guidance/assignment framework; outcomes not published,https://www.wilkes.k12.ga.us/,2026-09-06,,,,,
Lincoln County Schools,Augusta,GA,traditional,none,none,no,no,no,no,No public AI deepfake/impersonation/HIB-linked rule recovered in reviewed primary sources.,https://www.lincolncountyschools.org/,2026-09-07,,,,,,unknown,unknown,unknown,unknown,unknown,unknown,none,no,unknown,,,unknown,,,,92.6,2024,chronic_absenteeism,16.7,2024-25,https://static.allongeorgia.com/wp-content/uploads/2024/10/2024-4-Year-Cohort-Graduation-Rate-State-District-School-by-Subgroups-ga-doe.pdf;https://download.gosa.ga.gov/2025/Attendance_2024-25_2026-02-19_00_32_26.csv,2026-09-09,2026-09-06,Small GA LEA (Lincolnton); no public genAI policy/guidance/handbook found on district site; Simbli policy portal inaccessible to verification tools. Exclude non-GA Lincoln.,verified,https://www.lincolncountyschools.org/|https://www.lincolncountyschools.org/page/technology|https://www.lincolncountyschools.org/page/curriculum-and-instruction|https://simbli.eboardsolutions.com/Policy/PolicyListing.aspx?S=36030862|https://www.lincolncountyschools.org/page/boe,Dr. Howie Gunby,Superintendent,hgunby@lcboe.us,706-359-3742,Guy McDeavitt,Director of Technology,gmcdeavitt@lcboe.us,706-359-5095,Jamie Cox,Jamie Cox|Board Chair||,https://www.lincolncountyschools.org/page/boe,https://www.lincolncountyschools.org/page/boe,2026-10-13,"Regular 5:00pm at BOE Admin Offices, 423 Metasville Road (2nd Tuesday pattern; 2026 Meeting Dates PDF via aptg.co/0X9Xsj). Sept 8 already held. Simbli S=36030862",2026-09-09,,,https://www.lincolncountyschools.org/page/boe,2026-09-09,https://www.lincolncountyschools.org/staff|https://www.lincolncountyschools.org/page/boe|https://lincolncountyga.org/community-education.php|https://app.enhancedvoting.com/results/public/lincoln-county-ga/elections/GeneralPrimary51926/ballot-items/01000000-f33c-bc21-a976-08dead34dbd1,2026-09-06,negative,negative,Small GA LEA with no public genAI policy/guidance/handbook found on the district site — students lack any published GenAI rules.,Simbli policy portal inaccessible to verification tools; teachers have no recoverable AI playbook.,District site tech/curriculum pages present (no GenAI content found),No public genAI policy/guidance/handbook; Simbli inaccessible; outcomes not published,https://www.lincolncountyschools.org/,2026-09-06,,,,,
Columbia County School District,Augusta,GA,traditional,none,none,no,no,no,no,No public AI deepfake/impersonation/HIB-linked rule recovered in reviewed primary sources.,https://4.files.edl.io/b22f/08/10/26/114915-d5eedc8c-b931-4831-8c60-ecbc5800fd86.pdf;https://4.files.edl.io/9286/08/10/26/114731-8c3b3e40-7040-44fe-8a46-11796ae3903e.pdf,2026-09-07,,,,,,unknown,unknown,unknown,unknown,unknown,unknown,none,no,unknown,,,unknown,,,,93.4,2024,chronic_absenteeism,12.3,2024-25,https://static.allongeorgia.com/wp-content/uploads/2024/10/2024-4-Year-Cohort-Graduation-Rate-State-District-School-by-Subgroups-ga-doe.pdf;https://download.gosa.ga.gov/2025/Attendance_2024-25_2026-02-19_00_32_26.csv,2026-09-09,2026-09-06,Large Evans GA LEA; 2026–27 CoCs cover academic dishonesty/plagiarism and Network Responsibility (IF/IFBGA) but contain no explicit genAI rules; no dedicated public AI policy found. Exclude Columbia SC/MO/other states.,verified,https://www.ccboe.net/|https://www.ccboe.net/apps/pages/index.jsp?uREC_ID=4358058&type=d&pREC_ID=2740419|https://4.files.edl.io/b22f/08/10/26/114915-d5eedc8c-b931-4831-8c60-ecbc5800fd86.pdf|https://www.ccboe.net/apps/pages/index.jsp?uREC_ID=4358058&type=d&pREC_ID=2213598|https://4.files.edl.io/9286/08/10/26/114731-8c3b3e40-7040-44fe-8a46-11796ae3903e.pdf|https://www.ccboe.net/apps/pages/index.jsp?pREC_ID=1440975&type=d&uREC_ID=1197243,Dr. Steven Flynt,Superintendent,steven.flynt@ccboe.net,706-541-2723 Ext. 5202,James Van Meter,Chief Information Officer,james.vanmeter@ccboe.net,,David Dekle,David Dekle|Chair||;Philip Kent|Vice-Chair|District 1|;Kristi Baker|Member|District 2|;Judy Teasley|Member|District 3|;Katie Allen|Member|District 4|,https://www.ccboe.net/apps/pages/index.jsp?uREC_ID=1197232&type=d&pREC_ID=1438919,https://www.ccboe.net/apps/pages/index.jsp?type=d&uREC_ID=4394898,2026-09-22,"Work Session 5:30pm at BOE Building, 4781 Hereford Farm Road, Evans; livestream http://bit.ly/ccsdlive. Sept 8 regular already held; next regular Oct 13",2026-09-09,contactus@ccboe.net,David Dekle|ddekle@daviddeklelaw.com;Philip Kent|philip.kent@ccboe.net;Kristi Baker|kristi.baker@ccboe.net;Judy Teasley|jteasley@ccboe.net;Katie Allen|katie.allen@ccboe.net;,https://www.ccboe.net/apps/pages/index.jsp?uREC_ID=1197232&type=d&pREC_ID=1438919;https://www.ccboe.net/apps/pages/index.jsp?type=d&uREC_ID=4394898,2026-09-09,https://www.ccboe.net/apps/pages/index.jsp?uREC_ID=1166891&type=d&pREC_ID=2555046|https://www.ccboe.net/apps/staff/|https://www.ccboe.net/apps/pages/index.jsp?uREC_ID=1197232&type=d&pREC_ID=1438919|https://www.ccboe.net/apps/pages/index.jsp?uREC_ID=1197246&type=d&pREC_ID=2555666,2026-09-06,negative,negative,2026–27 CoCs cover academic dishonesty/plagiarism and Network Responsibility (IF/IFBGA) but contain no explicit genAI rules — large-LEA students still lack GenAI assignment clarity.,No dedicated public AI policy found; teachers must invent GenAI norms atop general dishonesty rules.,2026–27 CoCs academic dishonesty/plagiarism; Network Responsibility IF/IFBGA,No explicit genAI rules in CoCs; no dedicated public AI policy; outcomes not published,https://www.ccboe.net/,2026-09-06,,,,,
Glascock County School System,Rural Middle Georgia,GA,traditional,none,none,no,no,no,no,No public AI deepfake/impersonation/HIB-linked rule recovered in reviewed primary sources.,https://resources.finalsite.net/images/v1785239158/glascockk12gaus/gbtnmaqkuzieecsjvfae/2026-2027_GCCS_Student_Handbook_.pdf;https://www.glascock.k12.ga.us/,2026-09-07,,,,,,unknown,unknown,unknown,unknown,unknown,none,none,no,unknown,,,unknown,,,,82.6,2024,chronic_absenteeism,21.7,2024-25,https://static.allongeorgia.com/wp-content/uploads/2024/10/2024-4-Year-Cohort-Graduation-Rate-State-District-School-by-Subgroups-ga-doe.pdf;https://download.gosa.ga.gov/2025/Attendance_2024-25_2026-02-19_00_32_26.csv,2026-09-09,2026-09-06,Rural Glascock County (Gibson GA) LEA / Consolidated School; no public genAI policy or AUP AI clauses; device rules under Distraction-Free Education Act separate from genAI.,verified,https://www.glascock.k12.ga.us/|https://resources.finalsite.net/images/v1785239158/glascockk12gaus/gbtnmaqkuzieecsjvfae/2026-2027_GCCS_Student_Handbook_.pdf|https://www.glascock.k12.ga.us/about-us/board-of-education|https://www.glascock.k12.ga.us/about-us/superintendent,Jessica Miller,Superintendent,jmiller@glascock.k12.ga.us,(706) 598-2291,Chad Arrington,Technology Director,carrington@glascock.k12.ga.us,(706) 598-2121,James Stephens,James Stephens|Chairman|At-Large|start 9/2012 ends 12/31/2028;Whitney Jones|Vice-Chairman|Mitchell District|1/1/2019–12/31/2026;Mitch Raley|Member|Edgehill District|1/1/2022–12/31/2026;Matt Milburn|Member|Mill District|1/1/2025–12/31/2028;Jason Williford|Member|Gibson District|1/1/2025–12/31/2028,https://www.glascock.k12.ga.us/about-us/board-of-education,https://www.glascock.k12.ga.us/about-us/board-of-education/meeting-schedule,2026-09-17,Regular Sep 17 7:00pm (3rd Thursday; 2026 meeting dates approved 11/2/2025).,2026-09-09,,,https://www.glascock.k12.ga.us/about-us/board-of-education,2026-09-09,https://www.glascock.k12.ga.us/about-us/superintendent|https://www.glascock.k12.ga.us/about-us/board-of-education|https://www.glascock.k12.ga.us/about-us/school-apps,2026-09-06,negative,negative,Rural consolidated LEA with no public genAI policy or AUP AI clauses — students lack GenAI classroom rules (device rules under Distraction-Free Education Act are separate).,No genAI guidance published; teachers invent norms if any GenAI appears in class.,Device rules under Distraction-Free Education Act (not GenAI),No public genAI policy or AUP AI clauses; outcomes not published,https://www.glascock.k12.ga.us/,2026-09-06,,,,,
Jefferson County Schools,Rural Middle Georgia,GA,traditional,none,none,no,no,no,no,No public AI deepfake/impersonation/HIB-linked rule recovered in reviewed primary sources.,https://www.jefferson.k12.ga.us/,2026-09-07,,,,,,unknown,unknown,unknown,unknown,unknown,none,none,no,unknown,,,unknown,,,,89.0,2024,chronic_absenteeism,20.3,2024-25,https://static.allongeorgia.com/wp-content/uploads/2024/10/2024-4-Year-Cohort-Graduation-Rate-State-District-School-by-Subgroups-ga-doe.pdf;https://download.gosa.ga.gov/2025/Attendance_2024-25_2026-02-19_00_32_26.csv,2026-09-09,2026-09-06,GA Jefferson County Schools (Louisville only—EXCLUDE AL/KY/WV/etc.): no public genAI policy; IFBG AUP without AI language.,verified,https://www.jefferson.k12.ga.us/|https://www.jefferson.k12.ga.us/fs/resource-manager/view/7f9659b7-94e9-44e1-acbe-6cb85f8eda2f|https://www.jefferson.k12.ga.us/about-us/board-of-education/board-members|https://www.jefferson.k12.ga.us/about-us/boe-staff,Dr. Samuel Dasher,Superintendent,dashers@jefferson.k12.ga.us,(478) 625-7626,Lynn Hopper,Director of Technology,hopperl@jefferson.k12.ga.us,(478) 625-7626,James Fleming,James Fleming|Board Chairman||01/01/2023–12/31/2026;Barbara Jordan|Member|District 1|01/01/2023–12/31/2026;Teresa Brooks|Member|District 2|01/01/2021–12/31/2024;Steve Norton|Vice Chair|District 3|01/01/2023–12/31/2026;Julia Wells|Member|District 4|01/01/2021–12/31/2024,https://www.jefferson.k12.ga.us/about-us/board-of-education/board-members,https://www.jefferson.k12.ga.us/about-us/board-of-education/board-meeting-schedule,,Pattern only: 2nd Tuesday 5:30pm; concrete dates via Simbli (Incapsula blocked).,2026-09-09,,James Fleming|flemingj@jefferson.k12.ga.us;Teresa Brooks|brookst@jefferson.k12.ga.us;Steve Norton|nortonj@jefferson.k12.ga.us;Julia Wells|wellsj@jefferson.k12.ga.us;,https://www.jefferson.k12.ga.us/about-us/board-of-education/board-members,2026-09-09,https://www.jefferson.k12.ga.us/about-us/boe-staff|https://www.jefferson.k12.ga.us/about-us/board-of-education/board-members,2026-09-06,negative,negative,No public genAI policy found; IFBG AUP without AI language leaves student GenAI use ambiguous (Louisville GA only).,No GenAI guidance or PD published for educators.,IFBG AUP present (without AI language),No public genAI policy; IFBG AUP without AI language; outcomes not published,https://www.jefferson.k12.ga.us/,2026-09-06,,,,,
Burke County Public Schools,Augusta,GA,traditional,none,none,no,no,no,no,No public AI deepfake/impersonation/HIB-linked rule recovered in reviewed primary sources.,https://www.burke.k12.ga.us/handbooks,2026-09-07,,,,,,unknown,unknown,unknown,unknown,unknown,none,none,no,unknown,,,unknown,,,,83.3,2024,chronic_absenteeism,17.4,2024-25,https://static.allongeorgia.com/wp-content/uploads/2024/10/2024-4-Year-Cohort-Graduation-Rate-State-District-School-by-Subgroups-ga-doe.pdf;https://download.gosa.ga.gov/2025/Attendance_2024-25_2026-02-19_00_32_26.csv,2026-09-09,2026-09-06,Burke County Public Schools (Waynesboro GA): no public genAI guidance found on district site; EXCLUDE Burke County NC. Tech ops pages only.,verified,https://www.burke.k12.ga.us/|https://www.burke.k12.ga.us/handbooks|https://www.burke.k12.ga.us/board-members|https://www.burke.k12.ga.us/superintendent-home|https://www.burke.k12.ga.us/administrative-team,Dr. Angela Williams,Superintendent,amwilliams@burke.k12.ga.us,706-554-5101,Kenneth Wright,Technology Director,,,Jackie Payton,Jackie Payton|Chairperson|District 2|;Franklin Lane|Vice-Chairman|District 5|;Ruby Saxon Myles|Board Member|District 1|;Toni Ward-Buxton|Board Member|District 4|;Jaymie Morris Miettunen|Board Member|District 3|,https://www.burke.k12.ga.us/board-members,https://www.burke.k12.ga.us/board-members,2026-09-15,"Regular 5:00pm 3rd Tuesday; Johnny Jenkins Board Room, 789 Burke Veterans Parkway, Waynesboro; Zoom link posted meeting day. Listed schedule through Dec 15",2026-09-09,,,https://www.burke.k12.ga.us/board-members,2026-09-09,https://www.burke.k12.ga.us/superintendent-home|https://www.burke.k12.ga.us/contact-2|https://www.burke.k12.ga.us/administrative-team|https://www.burke.k12.ga.us/board-members|https://www.burke.k12.ga.us/testing-home,2026-09-06,negative,negative,No public genAI guidance found on the Waynesboro GA district site — students lack published GenAI classroom rules.,Tech ops pages only; teachers have no recoverable GenAI playbook (exclude Burke NC).,Tech ops pages present (no GenAI guidance found),No public genAI guidance; outcomes not published,https://www.burke.k12.ga.us/,2026-09-06,,,,,
Richmond County School System,Augusta,GA,traditional,guidance,procedure_handbook,yes,yes,yes,yes,"COSCD Rule 5(B) Bullying/Cyberbullying and Rule 8(B) Sexual Harassment prohibit using AI tools to manipulate media to create inappropriate material and/or impersonate others (name, image, or likeness) for bullying, harassment, or intimidation. SY26-27 AI Guiding Principles allow staff Copilot+MagicSchool and students MagicSchool only with teacher permission; ChatGPT/Gemini prohibited.",https://resources.finalsite.net/images/v1787686083/rcboeorg/e16zwtjhmuiq0kmnjfdw/CodeofConduct2026-2027ENGlish.pdf;https://resources.finalsite.net/images/v1779978991/rcboeorg/pqvosf1ejwbeditkyyrg/RCSSGuidingPrinciplesandProceduresforAI2026to2027.pdf;https://www.rcboe.org/staff-departments/professional-learning/digital-learning/ai-guiding-principles-procedures,2026-09-09,"Using artificial intelligence (AI) tools to manipulate media to create inappropriate material of any kind and/or to impersonate others (e.g., name, image or likenesses) for the purpose of or having the effect of bullying, harassment, or any form of intimidation","Using artificial intelligence (AI) tools to manipulate media to create inappropriate material of any kind and/or to impersonate others (e.g., name, image or likenesses) for the purpose of or having the effect of bullying, harassment, or any form of intimidation","Using artificial intelligence (AI) tools to manipulate media to create inappropriate material of any kind and/or to impersonate others (e.g., name, image or likenesses) for the purpose of or having the effect of bullying, harassment, or any form of intimidation",COSCD Rule 5(B),https://resources.finalsite.net/images/v1787686083/rcboeorg/e16zwtjhmuiq0kmnjfdw/CodeofConduct2026-2027ENGlish.pdf,restricted,restricted,teacher_discretion,MagicSchool; Microsoft Copilot (staff),offered,yes,yes,no,unknown,,,unknown,,,,81.7,2024,chronic_absenteeism,32.8,2024-25,https://static.allongeorgia.com/wp-content/uploads/2024/10/2024-4-Year-Cohort-Graduation-Rate-State-District-School-by-Subgroups-ga-doe.pdf;https://download.gosa.ga.gov/2025/Attendance_2024-25_2026-02-19_00_32_26.csv,2026-09-09,2026-09-06,RCSS (Augusta) Guiding Principles and Procedures for AI Use SY26-27: staff Copilot+MagicSchool; students MagicSchool only with teacher permission; ChatGPT/Gemini prohibited; IAUP/COSCD AI rules. EXCLUDE non-GA Richmond.,verified,https://www.rcboe.org/|https://www.rcboe.org/staff-departments/professional-learning/digital-learning/ai-guiding-principles-procedures|https://resources.finalsite.net/images/v1779978991/rcboeorg/pqvosf1ejwbeditkyyrg/RCSSGuidingPrinciplesandProceduresforAI2026to2027.pdf|https://resources.finalsite.net/images/v1758086823/rcboeorg/ft6bm9udsnbjihgo9ooi/RCSS_Guiding_Principles_and_Procedures_for_AI_2025_to_2026.pdf|https://www.rcboe.org/staff-departments/professional-learning/digital-learning|https://www.rcboe.org/about-us12/board-of-education/school-board-members-contact-information,Dr. Malinda Cobb,Superintendent of Schools,,706-826-1000,Carolyn McCord,Chief Technology Officer,mccorca@boe.richmond.k12.ga.us,706-826-1103,Shawnda Stovall,Shawnda Stovall|President|District 1|Term Ends 12/31/29;Edward D. Lowery|Vice-President|District 6|Term Ends 12/31/26;Charlie Hannah|Board Member|District 2|Term Ends 12/31/26;Walter H. Eubanks|Board Member|District 3|Term Ends 12/31/26;Shontae Boyd|Board Member|District 4|Term Ends 12/31/29;Monique Braswell|Board Member|District 5|Term Ends 12/31/29;Charlie Walker Jr.|Board Member|District 7|Term Ends 12/31/26;Mary Jane Abbott|Board Member|District 8|Term Ends 12/31/29;Venus Cain|Board Member|District 9 At Large|Term Ends 12/31/26;Samantha Valentine|Board Member|District 10 At Large|Term Ends 12/31/29,https://www.rcboe.org/about-us12/board-of-education/school-board-members-contact-information,https://www.rcboe.org/about-us12/board-of-education/board,2026-09-15,RCBOE Committee Meeting 4:00-6:00pm at 864 Broad Street; regular board Sept 22 6:00pm (2026 schedule). Livestream rcboe.info/livestream,2026-09-09,,"Shawnda Stovall|griffsh2@boe.richmond.k12.ga.us;Edward D. Lowery|lowered@boe.richmond.k12.ga.us;Charlie Hannah|hannach@boe.richmond.k12.ga.us;Shontae Boyd|boydsh@boe.richmond.k12.ga.us;Monique Braswell|braswmo@boe.richmond.k12.ga.us;Charlie Walker, Jr.|walkech@boe.richmond.k12.ga.us;Mary Jane Abbott|abbotma@boe.richmond.k12.ga.us;Venus Cain|cainve@boe.richmond.k12.ga.us;Samantha Valentine|valensa@boe.richmond.k12.ga.us;",https://www.rcboe.org/about-us12/board-of-education/school-board-members-contact-information,2026-09-09,https://www.rcboe.org/staff-departments/superintendent-of-schools|https://www.rcboe.org/staff-departments/information-technology|https://www.rcboe.org/staff-departments/chief-academic-officer|https://www.rcboe.org/about-us12/board-of-education/school-board-members-contact-information,2026-09-06,mixed,mixed,Students may use MagicSchool only with teacher permission while ChatGPT/Gemini are prohibited — clear channel but narrow tool access. Student literacy materials exist; no published outcome metrics.,Staff Copilot and MagicSchool plus offered PD give a supported path; prohibited consumer LLMs reduce ambiguity for staff but limit options.,SY26-27 Guiding Principles/Procedures naming staff Copilot+MagicSchool; teacher-permission student MagicSchool; IAUP/COSCD AI rules,ChatGPT/Gemini prohibited with no published student alternative beyond MagicSchool; outcomes not published,https://www.rcboe.org/staff-departments/professional-learning/digital-learning/ai-guiding-principles-procedures,2026-09-06,,,,,
McDuffie County School System,Augusta,GA,traditional,none,none,no,no,no,no,No public AI deepfake/impersonation/HIB-linked rule recovered in reviewed primary sources.,https://www.mcduffie.k12.ga.us/,2026-09-07,,,,,,unknown,unknown,unknown,unknown,unknown,none,none,no,unknown,,,unknown,,,,91.3,2024,chronic_absenteeism,19.4,2024-25,https://static.allongeorgia.com/wp-content/uploads/2024/10/2024-4-Year-Cohort-Graduation-Rate-State-District-School-by-Subgroups-ga-doe.pdf;https://download.gosa.ga.gov/2025/Attendance_2024-25_2026-02-19_00_32_26.csv,2026-09-09,2026-09-06,McDuffie County School System (Thomson GA / Augusta MSA): no publicly published genAI policy/guidance found; Board District 1 vacant; EXCLUDE non-GA.,verified,https://www.mcduffie.k12.ga.us/|https://www.mcduffie.k12.ga.us/apps/pages/index.jsp?pREC_ID=1318712&type=d&uREC_ID=1008060|https://simbli.eboardsolutions.com/SB_ePolicy/SB_PolicyOverview.aspx?S=4112|https://nces.ed.gov/ccd/districtsearch/district_detail.asp?ID2=1303570|https://www.mcduffie.k12.ga.us/apps/pages/index.jsp?uREC_ID=1006440&type=d&pREC_ID=1317588,Dr. Mychele Rhodes,Superintendent,rhodesm@mcduffie.k12.ga.us,706-986-4032,Bradley Williamson,Senior Technology Specialist,williamsonb@mcduffie.k12.ga.us,706-986-4042,Andy Knox,Vacant|vacant seat|District 1|;Sarah Alfriend|Vice Chairman|District 2|ends 12/31/28;Angee Miller-Hudgeon|Board Member|District 3|ends 12/31/26;Pamela Strouble|Board Member|District 4|ends 12/31/28;Andy Knox|Chairman|District 5|ends 12/31/28;George Holliman Jr.|Board Member|District 6|ends 12/31/28;Brad Chalker|Board Member|District 7|ends 12/31/26,https://www.mcduffie.k12.ga.us/apps/pages/index.jsp?uREC_ID=1006440&type=d&pREC_ID=1317588,https://www.mcduffie.k12.ga.us/apps/pages/index.jsp?pREC_ID=1317590&type=d&uREC_ID=1006440,2026-09-15,Planning Session 9:00am; Regular Sept 17 6:00pm (2026/Jan 2027 meeting dates PDF). Simbli S=4112,2026-09-09,,Sarah Alfriend|alfriends@mcduffie.k12.ga.us;Angee Miller-Hudgeon|miller-hudgeona@mcduffie.k12.ga.us;Pamela Strouble|stroublep@mcduffie.k12.ga.us;Andy Knox|knoxa@mcduffie.k12.ga.us;George Holliman Jr.|hollimang@mcduffie.k12.ga.us;Brad Chalker|chalkerbr@mcduffie.k12.ga.us;,https://www.mcduffie.k12.ga.us/apps/pages/index.jsp?uREC_ID=1006440&type=d&pREC_ID=1317588,2026-09-09,https://www.mcduffie.k12.ga.us/|https://www.mcduffie.k12.ga.us/apps/pages/index.jsp?pREC_ID=1318712&type=d&uREC_ID=1008060|https://www.mcduffie.k12.ga.us/apps/pages/index.jsp?uREC_ID=1006440&type=d&pREC_ID=1317588|https://www.mcduffie.k12.ga.us/apps/pages/index.jsp?type=d&uREC_ID=1012307,2026-09-06,negative,negative,No publicly published genAI policy/guidance found for Thomson GA — students lack assignment GenAI rules.,Teachers lack a published GenAI classroom framework.,Board/tech pages present (no GenAI policy found),No publicly published genAI policy/guidance; outcomes not published,https://www.mcduffie.k12.ga.us/,2026-09-06,,,,,
Warren County School System,Rural Middle Georgia,GA,traditional,none,none,no,no,no,no,No public AI deepfake/impersonation/HIB-linked rule recovered in reviewed primary sources.,https://www.warren.k12.ga.us/,2026-09-07,,,,,,unknown,unknown,unknown,unknown,unknown,none,none,no,unknown,,,unknown,,,,94.4,2024,chronic_absenteeism,26.5,2024-25,https://static.allongeorgia.com/wp-content/uploads/2024/10/2024-4-Year-Cohort-Graduation-Rate-State-District-School-by-Subgroups-ga-doe.pdf;https://download.gosa.ga.gov/2025/Attendance_2024-25_2026-02-19_00_32_26.csv,2026-09-09,2026-09-06,Warren County School System (Warrenton GA): no genAI policy found on LEA site; elected board roster not published on district site (left blank). EXCLUDE KY/TN/OH/NC/MO Warren.,verified,https://www.warren.k12.ga.us/|https://www.warren.k12.ga.us/boe|https://nces.ed.gov/ccd/districtsearch/district_detail.asp?ID2=1305460|https://www.warren.k12.ga.us/departments/human-resources,Dr. Christopher D. Harris Sr.,Superintendent,charris@warren.k12.ga.us,706-799-6845,Tommy Matanane,Technology Director,,,,,https://www.warren.k12.ga.us/boe,https://www.warren.k12.ga.us/wcss-meetings-schedules,2026-10-13,"Sep 8 held; next Oct 13 5:00pm Board Room 115 Gibson Hwy, Warrenton (2nd Tuesday). Simbli S=4171.",2026-09-09,,,https://www.warren.k12.ga.us/boe,2026-09-09,https://www.warren.k12.ga.us/boe|https://www.warren.k12.ga.us/wcss-meetings-schedules|https://simbli.eboardsolutions.com/Index.aspx?S=4171,2026-09-07,negative,negative,No genAI policy found on the Warrenton GA LEA site — students lack published GenAI classroom rules.,No GenAI guidance published for staff.,LEA site present (no GenAI policy found),No genAI policy found; outcomes not published,https://www.warren.k12.ga.us/,2026-09-06,,,,,
Jenkins County School System,Rural Middle Georgia,GA,traditional,procedure_handbook,none,no,no,no,no,No public AI deepfake/impersonation/HIB-linked rule recovered in reviewed primary sources.,https://hs.jchs.com/ourpages/auto/2026/7/15/53525124/JCHS%202026-2027%20Student%20Handbook.docx.pdf;https://ms.jchs.com/ourpages/auto/2026/7/16/49446619/2026-2027%20JCMS%20Student%20Handbook.pdf,2026-09-07,,,,,,unknown,restricted,unknown,unknown,unknown,none,none,no,unknown,,,unknown,,,,85.2,2024,chronic_absenteeism,45.3,2024-25,https://static.allongeorgia.com/wp-content/uploads/2024/10/2024-4-Year-Cohort-Graduation-Rate-State-District-School-by-Subgroups-ga-doe.pdf;https://download.gosa.ga.gov/2025/Attendance_2024-25_2026-02-19_00_32_26.csv,2026-09-09,2026-09-06,JCHS FY27 handbook Digital Citizenship bars Google Lens/ChatGPT/etc. for completing assignments; JCMS/JCES weaker/silent; no districtwide genAI guidance or named product.,verified,https://www.jchs.com/|https://hs.jchs.com/ourpages/auto/2026/7/15/53525124/JCHS%202026-2027%20Student%20Handbook.docx.pdf|https://ms.jchs.com/ourpages/auto/2026/7/16/49446619/2026-2027%20JCMS%20Student%20Handbook.pdf|https://es.jchs.com/pdfs/Jenkins_County_Elementary_School_Student_Handbook_2025-2026_FINAL_.pdf|https://www.jchs.com/apps/pages/index.jsp?type=d&uREC_ID=489819|https://simbli.eboardsolutions.com/Policy/PolicyListing.aspx?S=4096,Dr. John Paul Hearn,Superintendent,jhearn@jchs.com,(478) 982-6000 ext 1229,Dillon Fields,Technology Specialist,,(478) 982-6000,Mary Young,Mary Young|Chair||;George Parker|Vice Chair||;Shanelle Carr|Member||;C.J. Green|Member||;Marty Orvin|Member||,https://www.jchs.com/apps/pages/index.jsp?type=d&uREC_ID=489819,https://www.jchs.com/apps/pages/index.jsp?type=d&uREC_ID=489819,2026-09-14,"Regular Sep 14 5:00–6:00pm Central Office 1152 E. Winthrope Ave, Millen (published board page list).",2026-09-09,glane@jchs.com,,https://www.jchs.com/apps/pages/index.jsp?type=d&uREC_ID=489819,2026-09-09,https://www.jchs.com/|https://www.jchs.com/apps/pages/index.jsp?type=d&uREC_ID=489819|https://www.jchs.com/apps/staff/,2026-09-06,mixed,mixed,JCHS FY27 handbook Digital Citizenship bars Google Lens/ChatGPT/etc. for completing assignments — a clear HS restriction — while JCMS/JCES are weaker/silent so younger students face uneven rules.,HS handbook ban language helps enforcement at JCHS; no districtwide genAI guidance or named product backs all teachers.,JCHS FY27 handbook Digital Citizenship bars Google Lens/ChatGPT for completing assignments,JCMS/JCES weaker/silent; no districtwide genAI guidance or named product; outcomes not published,https://www.jchs.com/,2026-09-06,,,,,
Screven County School System,Rural SE Georgia,GA,traditional,none,none,no,no,no,no,No public AI deepfake/impersonation/HIB-linked rule recovered in reviewed primary sources.,https://www.screven.k12.ga.us/,2026-09-07,,,,,,unknown,unknown,unknown,unknown,unknown,none,none,no,unknown,,,unknown,,,,82.8,2024,chronic_absenteeism,21,2024-25,https://static.allongeorgia.com/wp-content/uploads/2024/10/2024-4-Year-Cohort-Graduation-Rate-State-District-School-by-Subgroups-ga-doe.pdf;https://download.gosa.ga.gov/2025/Attendance_2024-25_2026-02-19_00_32_26.csv,2026-09-09,2026-09-06,Screven County School System: no public genAI classroom policy; FY27 handbooks AUP+cheating silent on AI; Instructional Technology lists no named genAI product.,verified,https://www.screven.k12.ga.us/|https://www.screven.k12.ga.us/apps/pages/index.jsp?type=d&uREC_ID=266741|https://sites.google.com/scss.screven.k12.ga.us/scitc/home|https://drive.google.com/file/d/1iNIVchqb01Y2SgAOQnPkED83ydvg3m66|https://simbli.eboardsolutions.com/Policy/PolicyListing.aspx?S=4142,Dr. Jim Thompson,Superintendent,,(912) 451-2000,Holly Boykin,Director of Curriculum Instruction and Technology,,(912) 451-2000,Lindy Sheppard,Frank Johnson|Member|District 1|;Neil Kullberg|Member|District 2|;Julie Cannon|Vice Chair|District 3|;Lindy Sheppard|Chair|District 4|;Abbie Robbins|Member|District 5|;Jason Smith|Member|District 6|;Rebecca Martin|Member|District 7|,https://www.screven.k12.ga.us/apps/pages/index.jsp?type=d&uREC_ID=266741,https://www.screven.k12.ga.us/apps/events/view_calendar.jsp?id=0,2026-09-14,"Regular Board of Education Meeting Mon Sep 14 5:00–7:00pm, Screven County BOE, 382 Halcyondale Road, Sylvania (district calendar). Pattern also published: 2nd Monday 5:00pm. Simbli S=4142.",2026-09-09,,,https://www.screven.k12.ga.us/apps/pages/index.jsp?type=d&uREC_ID=266741,2026-09-09,https://www.screven.k12.ga.us/apps/pages/index.jsp?type=d&uREC_ID=266741|https://www.screven.k12.ga.us/m/pages/index.jsp?type=d&uREC_ID=266727|https://www.screven.k12.ga.us/apps/pages/index.jsp?type=d&uREC_ID=266733,2026-09-06,negative,negative,No public genAI classroom policy; FY27 handbooks AUP+cheating silent on AI — students lack GenAI assignment clarity.,Instructional Technology lists no named genAI product; teachers invent norms.,FY27 handbooks AUP+cheating (silent on AI),No public genAI classroom policy; no named genAI product; outcomes not published,https://www.screven.k12.ga.us/,2026-09-06,,,,,
Appling County Schools,Rural SE Georgia,GA,traditional,none,none,no,no,no,no,No public AI deepfake/impersonation/HIB-linked rule recovered in reviewed primary sources.,https://www.appling.k12.ga.us/,2026-09-07,,,,,,unknown,unknown,unknown,,none,none,none,no,unknown,,,unknown,,,,93.8,2024,chronic_absenteeism,20.8,2024-25,https://static.allongeorgia.com/wp-content/uploads/2024/10/2024-4-Year-Cohort-Graduation-Rate-State-District-School-by-Subgroups-ga-doe.pdf;https://download.gosa.ga.gov/2025/Attendance_2024-25_2026-02-19_00_32_26.csv,2026-09-09,2026-09-06,No public genAI policy found; Technology page centers Parent ProTech for SB351 digital citizenship (grades 6-12) not genAI classroom rules.,verified,https://www.appling.k12.ga.us/|https://www.appling.k12.ga.us/department/technology|https://www.appling.k12.ga.us/department/school-board|https://www.appling.k12.ga.us/fs/resource-manager/view/704e0e6a-b0b5-4e89-a7f1-676a4072346d,Dr. Elgin Dixon,Superintendent,,912-367-8600,Greg Hanson,Technology Director,,912-367-8600,Dr. Lynn Overstreet,Mark Green|Board Member|District 1|;Nicole Perkins|Board Member|District 2|;Dr. Lynn Overstreet|Board Chair|District 3|;Sabrina Turner|Board Member|District 4|;Landry Tillman|Board Member|District 5|,https://www.appling.k12.ga.us/department/school-board,https://www.appling.k12.ga.us/eboard/board-meetings,,ACSS Board Meeting Dates page present; 2026 concrete list not posted (2025 dates linked from School Board page). Simbli S=4002.,2026-09-09,,,https://www.appling.k12.ga.us/department/school-board,2026-09-09,https://www.appling.k12.ga.us/fs/resource-manager/view/704e0e6a-b0b5-4e89-a7f1-676a4072346d|https://www.appling.k12.ga.us/department/technology|https://www.appling.k12.ga.us/department/school-board|https://www.baxleynewsbanner.com/2025/09/02/15118/|https://www.baxleynewsbanner.com/2026/02/04/16391/,2026-09-06,negative,negative,No published generative-AI classroom rules found — students face honesty and access ambiguity across teachers.,Without district genAI guidance teachers invent rules classroom by classroom; AUP/tech pages alone do not set assignment norms.,,No public genAI policy guidance or handbook AI language found,https://www.appling.k12.ga.us/department/technology,2026-09-06,,,,,
Atkinson County Schools,Douglas,GA,traditional,none,none,no,no,no,no,No public AI deepfake/impersonation/HIB-linked rule recovered in reviewed primary sources.,https://www.atkinson.k12.ga.us/,2026-09-07,,,,,,unknown,unknown,unknown,,none,none,none,no,unknown,,,unknown,,,,94.7,2024,chronic_absenteeism,14.5,2024-25,https://static.allongeorgia.com/wp-content/uploads/2024/10/2024-4-Year-Cohort-Graduation-Rate-State-District-School-by-Subgroups-ga-doe.pdf;https://download.gosa.ga.gov/2025/Attendance_2024-25_2026-02-19_00_32_26.csv,2026-09-09,2026-09-06,Pearson GA Technology page publishes Student and Staff Acceptable Use Agreements (IFBG-R(1) internet AUP) that are silent on generative AI; no separate public genAI classroom policy or assignment framework found.,verified,https://www.atkinson.k12.ga.us/|https://www.atkinson.k12.ga.us/technology|https://www.atkinson.k12.ga.us/sup|https://www.atkinson.k12.ga.us/boardmembers|https://drive.google.com/file/d/10uu_pfHyBm47-Cma0NiS2HMl4xsOjyRy/view|https://drive.google.com/file/d/10Ih5eABkhKiHqQevUisMlQjWqkgnOyEp/view,Dr. Melissa Wilbanks,Superintendent,,(912) 422-7373,Jeffery D. Harrell,Director of Technology,jharrell@atkinson.k12.ga.us,(912) 422-7373,Mark McKinnon,Mark McKinnon|Board Chair|Third District|;Shirley Frazier Cooper|Vice Chair|Second District|;Danny Hodges|Board Member|First District|;Danny Smith|Board Member|Fourth District|;Elisha Landon Meeks|Board Member|Fifth District|,https://www.atkinson.k12.ga.us/boardmembers,https://www.atkinson.k12.ga.us/calendar,2026-09-24,Atkinson County Board Meeting 6:00–7:00pm (district homepage calendar event).,2026-09-09,,Mark McKinnon|markmckinnon@atkinson.k12.ga.us;Shirley Frazier Cooper|sfcooper@atkinson.k12.ga.us;Danny Hodges|dhodges@atkinson.k12.ga.us;Danny Smith|dsmith@atkinson.k12.ga.us;Elisha Meeks|elishalmeeks@atkinson.k12.ga.us;,https://www.atkinson.k12.ga.us/boardmembers,2026-09-09,https://www.atkinson.k12.ga.us/sup|https://www.atkinson.k12.ga.us/boardmembers|https://www.atkinson.k12.ga.us/technology,2026-09-06,negative,mixed,No published generative-AI classroom rules found — students face honesty and access ambiguity across teachers.,Without district genAI guidance teachers invent rules classroom by classroom.,,AUP silent on genAI; no policy/PD,https://www.atkinson.k12.ga.us/technology,2026-09-06,,,,,
Bacon County Schools,Rural SE Georgia,GA,traditional,none,none,no,no,no,no,No public AI deepfake/impersonation/HIB-linked rule recovered in reviewed primary sources.,https://www.bcraiders.com/,2026-09-07,,,,,,unknown,unknown,unknown,,none,none,none,no,unknown,,,unknown,,,,97.4,2024,chronic_absenteeism,21.8,2024-25,https://static.allongeorgia.com/wp-content/uploads/2024/10/2024-4-Year-Cohort-Graduation-Rate-State-District-School-by-Subgroups-ga-doe.pdf;https://download.gosa.ga.gov/2025/Attendance_2024-25_2026-02-19_00_32_26.csv,2026-09-09,2026-09-06,Alma GA Technology department and Student Handbooks hub on bcraiders.com were reviewed; eBoard S=4005 remains thin/JS-limited; no generative-AI classroom policy guidance or handbook AI section recovered.,verified,https://www.bcraiders.com/|https://www.bcraiders.com/apps/pages/index.jsp?uREC_ID=2833575&type=d|https://www.bcraiders.com/apps/pages/index.jsp?uREC_ID=2836642&type=d&pREC_ID=2486523|https://simbli.eboardsolutions.com/index.aspx?s=4005,Traci Martin,Superintendent,Traci.martin@bcraiders.com,(912) 632-7363,JoElla Dixon,Director of Technology,,(912) 632-7363,Lisa Hughes,Lisa Hughes|Board Chair||;Latrell Turner|Board Member||;Matthew Parker|Board Member||;Tyler Beach|Board Member||;Stephanie Wright|Board Member||;Lane Lee|Board Member||,https://www.bcraiders.com/,https://www.bcraiders.com/apps/pages/index.jsp?type=d&uREC_ID=3624917,2026-09-10,Work session Thu Sep 10 7:00pm Board Room; Regular Mon Sep 15 7:00pm (2026 Monthly Meetings schedule image on BOE Meeting Schedule page).,2026-09-09,,,https://www.bcraiders.com/,2026-09-09,https://www.bcraiders.com/apps/staff/|https://simbli.eboardsolutions.com/index.aspx?s=4005|https://firstamendment.law.uga.edu/wp-content/uploads/2026/02/Doc.-004-Amended-Complaint.pdf|https://www.wtoc.com/2026/05/20/charles-powell-named-bacon-countys-next-school-superintendent/|https://www.bcraiders.com/apps/pages/index.jsp?type=d&uREC_ID=2833515,2026-09-06,negative,mixed,No published generative-AI classroom rules found — students face honesty and access ambiguity across teachers.,Without district genAI guidance teachers invent rules classroom by classroom.,,No public genAI policy; board roster unpublished on district pages; outcomes no,https://www.bcraiders.com/,2026-09-06,,,,,
Baker County Schools,Albany,GA,traditional,none,none,no,no,no,no,No public AI deepfake/impersonation/HIB-linked rule recovered in reviewed primary sources.,https://www.baker.k12.ga.us/,2026-09-07,,,,,,unknown,unknown,unknown,,none,none,none,no,unknown,,,unknown,,,,96.2,2024,chronic_absenteeism,24.7,2024-25,https://static.allongeorgia.com/wp-content/uploads/2024/10/2024-4-Year-Cohort-Graduation-Rate-State-District-School-by-Subgroups-ga-doe.pdf;https://download.gosa.ga.gov/2025/Attendance_2024-25_2026-02-19_00_32_26.csv,2026-09-09,2026-09-06,GA Baker (Newton — ≠ FL): Technology page publishes an Employee Acceptable Internet Usage Policy (staff internet misuse/monitoring) only; no student handbook generative-AI classroom allow/cite/ban rules recovered.,verified,https://www.baker.k12.ga.us/|https://www.baker.k12.ga.us/apps/pages/index.jsp?pREC_ID=2518373&type=d&uREC_ID=4255962|https://www.baker.k12.ga.us/apps/pages/index.jsp?type=d&uREC_ID=3553687|https://www.baker.k12.ga.us/apps/staff/,Dr. Roy Brooks,Superintendent,rbrooks@baker.k12.ga.us,229-734-5274,Anthony Pace,Technology Director,,229-734-5274,Malcolm Parker,Malcolm Parker|Board Chair||;Janet Anderson|Vice Chair||;Lydia Burch|Board Member||;Bonnie Kelly|Board Member||;Kenneth Deese|Board Member||,https://www.baker.k12.ga.us/apps/pages/index.jsp?type=d&uREC_ID=3553687,https://www.baker.k12.ga.us/apps/pages/index.jsp?pREC_ID=2568122&type=d&uREC_ID=3553687,2026-10-13,"Regular 6:00–8:00pm at Baker County Board of Education, Newton (district homepage calendar). Sept 8 already held. Google Meet join link on Meetings & Materials page.",2026-09-09,,,https://www.baker.k12.ga.us/apps/pages/index.jsp?type=d&uREC_ID=3553687,2026-09-09,https://www.baker.k12.ga.us/apps/pages/index.jsp?pREC_ID=2388058&type=d&uREC_ID=3445655|https://www.baker.k12.ga.us/apps/pages/index.jsp?type=d&uREC_ID=3553687|https://www.baker.k12.ga.us/apps/staff/,2026-09-06,negative,negative,No published GenAI classroom/integrity rules for learners.,No published GenAI guidance/PD; classroom rules left to improvisation.,,No genAI policy; seats/terms unpublished; outcomes unpublished,https://www.baker.k12.ga.us/,2026-09-06,,,,,
Baldwin County Schools,Milledgeville,GA,traditional,none,none,no,no,no,no,No public AI deepfake/impersonation/HIB-linked rule recovered in reviewed primary sources.,https://www.baldwincountyschoolsga.org/,2026-09-07,,,,,,unknown,unknown,unknown,,none,none,none,no,unknown,,,unknown,,,,83.6,2024,chronic_absenteeism,15.7,2024-25,https://static.allongeorgia.com/wp-content/uploads/2024/10/2024-4-Year-Cohort-Graduation-Rate-State-District-School-by-Subgroups-ga-doe.pdf;https://download.gosa.ga.gov/2025/Attendance_2024-25_2026-02-19_00_32_26.csv,2026-09-09,2026-09-06,GA Baldwin (Milledgeville — ≠ AL): 2025–2026 Technology Policy Update covers HB 340 device rules and Digital Citizenship/AUP — not generative-AI classroom assignment rules.,verified,https://www.baldwincountyschoolsga.org/|https://www.baldwincountyschoolsga.org/school-board|https://www.baldwincountyschoolsga.org/post/2025-2026-technology-policy-update-house-bill-340-what-it-means-for-baldwin-county-students|https://www.baldwincountyschoolsga.org/departments/technology|https://www.baldwincountyschoolsga.org/departments,Dr. Kristina Brooks,Superintendent of Schools,kristina.brooks@baldwin.k12.ga.us,478-457-3303,Brian Daniel,Director of Technology Services,Brian.Daniel@baldwin.k12.ga.us,478-457-3313,Wes Cummings,Wes Cummings|Board Chair|District 5|;John Jackson|Vice Chair|District 4|;Gloria Wicker|Board Member|District 1|;Shannon D. Hill|Board Member|District 2|;Dylan Amerson|Board Member|District 3|,https://www.baldwincountyschoolsga.org/school-board,https://www.baldwincountyschoolsga.org/school-board/board-meeting-dates,,Board Meeting Dates page / Simbli S=4007 linked; concrete upcoming dates not recovered (page JS/403).,2026-09-09,,,https://www.baldwincountyschoolsga.org/school-board,2026-09-09,https://www.baldwincountyschoolsga.org/school-board|https://www.baldwincountyschoolsga.org/superintendent|https://www.baldwincountyschoolsga.org/departments/technology|https://www.baldwincountyschoolsga.org/departments|https://unionrecorder.com/2025/12/21/baldwin-boe-earns-2025-gsba-exemplary-school-board-status/,2026-09-06,negative,negative,No published GenAI allow/cite/ban assignment rules — honesty vacuum.,No genAI guidance/PD found on district primary pages reviewed.,,No public genAI classroom policy; HB340 device rules ≠ genAI; outcomes not published,https://www.baldwincountyschoolsga.org/departments/technology,2026-09-06,,,,,
Ben Hill County Schools,Fitzgerald,GA,traditional,board_policy,board_policy,no,no,no,yes,"Board Policy IFBG (3) Artificial Intelligence permits only district-approved AI tools (maintained list) and prohibits staff generative-AI content that promotes hate speech, discrimination, violence, or harassment. Student handbook AI section is academic integrity/citation only. No explicit deepfake, impersonation/likeness, or HIB/Title IX AI crosswalk found.",https://www.ben-hill.k12.ga.us/school-specific-resources/artificial-intelligence;https://resources.finalsite.net/images/v1753877962/benhillk12gaus/arqhi7fktnpj4tyelosm/FinalRevisionsFY26-CountyHandbook3.pdf,2026-09-09,,,,Board Policy IFBG (3) Artificial Intelligence,https://www.ben-hill.k12.ga.us/school-specific-resources/artificial-intelligence,permitted_with_citation,permitted_with_citation,traffic_light,Amira Solara; Canva AI; Diffit; Formative by Newsela; Gemini; MagicSchool; Project Read; Schoology Powerbuddy,unknown,yes,none,no,unknown,,,unknown,,,,86.1,2024,chronic_absenteeism,22.2,2024-25,https://static.allongeorgia.com/wp-content/uploads/2024/10/2024-4-Year-Cohort-Graduation-Rate-State-District-School-by-Subgroups-ga-doe.pdf;https://download.gosa.ga.gov/2025/Attendance_2024-25_2026-02-19_00_32_26.csv,2026-09-09,2026-09-06,Board Policy IFBG (3) governs staff generative-AI use; student handbook requires citation; district posts Red/Yellow/Green student usage guide and approved-tool list.,verified,https://www.ben-hill.k12.ga.us/school-specific-resources/artificial-intelligence|https://resources.finalsite.net/images/v1753877962/benhillk12gaus/arqhi7fktnpj4tyelosm/FinalRevisionsFY26-CountyHandbook3.pdf|https://www.ben-hill.k12.ga.us/departments/technology,Shane Miller,Superintendent,,229-409-5500,Matt Smith,Director of Technology,,,Jeremy Cox,Jeremy Cox|Board Chair|District 5|;Austin Futch|Vice Chair|District 6|;Shirley Brooks|Board Member|District 1|;David Garrison|Board Member|District 2|;Tyler Clemons|Board Member|District 3|;Theresa Davis|Board Member|District 4|;Andy Johnson|Board Member|District 7|,https://www.ben-hill.k12.ga.us/about/board-of-education,https://www.ben-hill.k12.ga.us/about/board-of-education,2026-10-13,"Regular 6:00pm at 509 West Palm Street, Fitzgerald (2026 Board Meeting Dates on BOE page). Sep 8 already held.",2026-09-09,,,https://www.ben-hill.k12.ga.us/about/board-of-education,2026-09-09,https://www.ben-hill.k12.ga.us/about/superintendent|https://www.ben-hill.k12.ga.us/about/board-of-education|https://www.ben-hill.k12.ga.us/departments/technology,2026-09-06,positive,positive,Board IFBG (3) plus handbook citation and Red/Yellow/Green guide give students one of the clearest published GenAI rulebooks outside metro cores; outcomes still unpublished.,Staff IFBG (3) allows approved tools for planning/grading/admin with human review and no PII to genAI; approved-tool list published; PD requirement status unknown.,IFBG (3) staff genAI rules; student citation requirement; RYG usage guide; approved-tool list (Amira Solara Gemini MagicSchool etc.),No published AI outcome metrics; PD requirement status unknown,https://www.ben-hill.k12.ga.us/school-specific-resources/artificial-intelligence|https://resources.finalsite.net/images/v1753877962/benhillk12gaus/arqhi7fktnpj4tyelosm/FinalRevisionsFY26-CountyHandbook3.pdf,2026-09-06,,,,,
Berrien County Schools,Rural South Georgia,GA,traditional,none,none,no,no,no,no,No public AI deepfake/impersonation/HIB-linked rule recovered in reviewed primary sources.,https://www.berrienschools.org/,2026-09-07,,,,,,unknown,unknown,unknown,,unknown,unknown,none,no,unknown,,,unknown,,,,90.6,2024,chronic_absenteeism,25.5,2024-25,https://static.allongeorgia.com/wp-content/uploads/2024/10/2024-4-Year-Cohort-Graduation-Rate-State-District-School-by-Subgroups-ga-doe.pdf;https://download.gosa.ga.gov/2025/Attendance_2024-25_2026-02-19_00_32_26.csv,2026-09-09,2026-09-06,"Nashville GA Apptegy site (home/live-feed/board/staff) was re-checked; live-feed posts digital-safety/content-filtering messaging and HR links a BCS Technology Agreement, but no generative-AI classroom policy, handbook AI section, or IFBG AI language was recovered (bodies often JS-gated).",verified,https://www.berrienschools.org/|https://www.berrienschools.org/live-feed|https://www.berrienschools.org/page/board-members|https://www.berrienschools.org/page/human-resources-jobs|https://www.berrienschools.org/staff,Heath Heron,Superintendent,,229-686-2081,Jason Morris,Technology Director,,229-686-2081,Keith Powell,Dan Alan Taylor|Board Member|District 1|;Julie Williams|Board Member|District 2|;Michelle Davis|Board Member|District 3|;Bryan Horten|Vice Chair|District 4|;Clayton Danforth|Board Member|District 5|;Michele Garner|Board Member|District 6|;Keith Powell|Board Chair|District 7|,https://www.berrienschools.org/page/board-members,https://www.berrienschools.org/page/board-meetings,,2026 Board Meeting Dates PDF linked on board-meetings page (Google Drive; authwalled this pass). 2024/2025 date PDFs via 5il.co also linked. No extractable 2026 concrete next date.,2026-09-09,,,https://www.berrienschools.org/page/board-members,2026-09-09,https://www.berrienschools.org/staff|https://www.berrienschools.org/page/board-members,2026-09-06,negative,negative,No published generative-AI classroom rules found after primary-site review — students face honesty and access ambiguity.,No district GenAI guidance or approved-tools list recovered; teachers invent norms.,,No public genAI policy; outcomes not published,https://www.berrienschools.org/,2026-09-06,,,,,
Bibb County Schools,Macon,GA,traditional,none,none,no,no,no,no,No public AI deepfake/impersonation/HIB-linked rule recovered in reviewed primary sources.,https://www.bcsdk12.net/,2026-09-07,,,,,,unknown,unknown,unknown,MagicSchool,ad_hoc,none,none,no,unknown,,,unknown,,,,87.0,2024,chronic_absenteeism,29.8,2024-25,https://static.allongeorgia.com/wp-content/uploads/2024/10/2024-4-Year-Cohort-Graduation-Rate-State-District-School-by-Subgroups-ga-doe.pdf;https://download.gosa.ga.gov/2025/Attendance_2024-25_2026-02-19_00_32_26.csv,2026-09-09,2026-09-06,Macon-Bibb (≠ Macon County): no public student genAI classroom policy; DIG IN PD included MagicSchool AI; Policy IFBG first reading is SB351 social-media AUP — not genAI.,verified,https://www.bcsdk12.net/|https://www.bcsdk12.net/fs/resource-manager/view/d7c143ba-9116-4dd1-aade-ec42d82a1daa|https://www.bcsdk12.net/departments/technology-services|https://www.bcsdk12.net/about-us/superintendents-office|https://www.bcsdk12.net/fs/resource-manager/view/b5562e37-a313-44a8-bbba-8d3233bf5599,Dr. Dan A. Sims,Superintendent,,478-765-8711,Joshua Moneypenny,Director of Technology Operations,Joshua.Moneypenny@bcsdk12.net,478-765-8704,Daryl J. Morton,Myrtice C. Johnson|Board Member|District 1|;Dr. Henry C. Ficklin|Board Member|District 2|;Kristin C. Hanlon|Treasurer|District 3|;Barney T. Hester|Board Member|District 4|;Dr. Sundra M. Woodford|Vice Chair|District 5|;James M. Freeman|Board Member|District 6|;Daryl J. Morton|Board Chair|At-Large Post 7|;Dr. Lisa W. Garrett-Boyd|Board Member|At-Large Post 8|,https://www.bcsdk12.net/fs/resource-manager/view/b5562e37-a313-44a8-bbba-8d3233bf5599,https://www.bcsdk12.net/departments/communications/calendars,2026-09-09,Millage Rate Public Hearing / Called Meeting evening of verification day (hearings + adoption listed on district calendars). Next regular Thursday Sept 17 (Board Brief Jan 2026 calendar; Simbli S=4013),2026-09-09,,,https://simbli.eboardsolutions.com/Index.aspx?S=4013,2026-09-09,https://www.bcsdk12.net/about-us/superintendents-office|https://www.bcsdk12.net/departments/technology-services/technology-operations|https://www.bcsdk12.net/fs/resource-manager/view/b5562e37-a313-44a8-bbba-8d3233bf5599,2026-09-06,negative,mixed,MagicSchool appears in teacher PD only — no published student GenAI allow/cite/ban rules; honesty vacuum.,DIG IN summer conference included MagicSchool AI training for 140+ educators without a finished classroom GenAI policy.,DIG IN / MagicSchool AI staff PD (Board Brief),No public genAI student policy; IFBG first reading is SB351 social media not GenAI; outcomes not published,https://www.bcsdk12.net/fs/resource-manager/view/d7c143ba-9116-4dd1-aade-ec42d82a1daa,2026-09-06,,,,,
Bleckley County Schools,Rural Middle Georgia,GA,traditional,none,none,no,no,no,no,No public AI deepfake/impersonation/HIB-linked rule recovered in reviewed primary sources.,https://bleckley.entest.org/Student%20Handbook%202026-2027.pdf;https://hs.bleckley.k12.ga.us/pdfs/FY24_BCHS_Student_Handbook-Google_Docs.pdf,2026-09-07,,,,,,unknown,unknown,unknown,,none,none,none,no,unknown,,,unknown,,,,93.3,2024,chronic_absenteeism,12.1,2024-25,https://static.allongeorgia.com/wp-content/uploads/2024/10/2024-4-Year-Cohort-Graduation-Rate-State-District-School-by-Subgroups-ga-doe.pdf;https://download.gosa.ga.gov/2025/Attendance_2024-25_2026-02-19_00_32_26.csv,2026-09-09,2026-09-06,Technology department page publishes Internet AUP / filtering posture without genAI classroom rules; Parent Links handbook hub posts a 2026–27 PDF (primary-oriented; silent on AI) while a still-hosted BCHS FY24 Academic Integrity PDF treats AI-generated work as plagiarism — not treated as current districtwide procedure without a confirmed 2026–27 secondary handbook.,verified,https://www.bleckley.k12.ga.us/|https://bleckley.k12.ga.us/apps/pages/index.jsp?type=d&uREC_ID=371142|https://bleckley.k12.ga.us/apps/pages/index.jsp?pREC_ID=1107134&termREC_ID=&type=d&uREC_ID=376305|https://bleckley.entest.org/Student%20Handbook%202026-2027.pdf|https://hs.bleckley.k12.ga.us/pdfs/FY24_BCHS_Student_Handbook-Google_Docs.pdf|https://www.bleckley.k12.ga.us/m/pages/index.jsp?type=d&uREC_ID=370816,Dr. Trey Belflower,Superintendent,treyb@bleckleyschools.org,478-934-2821,Kevin Beck,Technology Director,,,Shanna Evans,Heather McDaniel|Board Member|District 1|;Phillip Lester|Board Member|District 2|;Brandon Keel|Vice Chair|District 3|;Amy Williams|Board Member|District 4|;Shanna Evans|Board Chair|District 5|,https://www.bleckley.k12.ga.us/m/pages/index.jsp?type=d&uREC_ID=370816,https://www.bleckley.k12.ga.us/apps/events/view_calendar.jsp?id=0,2026-09-18,"Regular Tue Sep 18 7:00–9:00pm Board Office 242 E. Dykes St, Cochran.",2026-09-09,,Heather McDaniel|hmcdaniel@bleckleyschools.org;Phillip Lester|plester@bleckleyschools.org;Brandon Keel|bkeel@bleckleyschools.org;Amy Williams|amy.williams@bleckleyschools.org;Shanna Evans|sevans@bleckleyschools.org;,https://www.bleckley.k12.ga.us/m/pages/index.jsp?type=d&uREC_ID=370816,2026-09-09,https://www.bleckley.k12.ga.us/m/pages/index.jsp?type=d&uREC_ID=370816|https://bleckley.k12.ga.us/apps/staff/,2026-09-06,negative,negative,No published genAI allow/cite/ban assignment rules — honesty vacuum.,No genAI guidance/PD found on district primary pages reviewed.,,No public genAI policy; term years blank; outcomes not published,https://www.bleckley.k12.ga.us/,2026-09-06,,,,,
Brantley County Schools,Brunswick,GA,traditional,none,none,no,no,no,no,No public AI deepfake/impersonation/HIB-linked rule recovered in reviewed primary sources.,https://irp.cdn-website.com/6ce574af/files/uploaded/Primary_Elementary+Student+Handbook+HES+26.27+.docx.pdf,2026-09-07,,,,,,unknown,unknown,unknown,,none,none,none,no,unknown,,,unknown,,,,89.0,2024,chronic_absenteeism,21.4,2024-25,https://static.allongeorgia.com/wp-content/uploads/2024/10/2024-4-Year-Cohort-Graduation-Rate-State-District-School-by-Subgroups-ga-doe.pdf;https://download.gosa.ga.gov/2025/Attendance_2024-25_2026-02-19_00_32_26.csv,2026-09-09,2026-09-06,HES 26–27 elementary and BCHS handbooks cover Internet/AUP/BYOD/plagiarism but are silent on generative AI/ChatGPT; Instructional Technology pages are Chromebook/helpdesk oriented; Board of Education notes GSBA policy-manual review underway (interim copies at BOE office).,verified,https://www.brantley.k12.ga.us/|https://www.brantley.k12.ga.us/board-of-education-info|https://aes.brantley.k12.ga.us/it-instructional-technology|https://irp.cdn-website.com/6ce574af/files/uploaded/Primary_Elementary+Student+Handbook+HES+26.27+.docx.pdf|https://docs.google.com/document/d/1qfXy-IJCkhV12Qu2Igf_Fvhr3oEi4SkK0_Ut9lDjHmk/edit|https://www.brantley.k12.ga.us/central-office-directory,Dr. Walker Todd,Superintendent,,(912) 462-6176,Alan Morgan,Director of Technology,alan.morgan@brantley.k12.ga.us,(912) 462-6176,Mike Kersey,Mike Kersey|Board Chair||;David Herrin|Board Member||;Kathy Hendrix|Board Member||;Teresa Lairsey|Board Member||;Teri Gibson|Board Member||,https://www.brantley.k12.ga.us/board-of-education-info,https://www.brantley.k12.ga.us/board-of-education-info,2026-09-10,"BOE Work Session 6:00pm and Meeting 7:00pm Thu Sep 10 (district calendar). Board agendas/minutes via Simbli S=4015; 272 School Circle, Nahunta.",2026-09-09,,,https://www.brantley.k12.ga.us/board-of-education-info,2026-09-09,"https://www.brantley.k12.ga.us/board-of-education-info|https://www.brantley.k12.ga.us/central-office-directory|https://www.theblacksheartimes.com/article/12008,boe-adopts-fy26-27-42-66m-budget|https://www.theblacksheartimes.com/article/12708,officials-cut-ribbon-for-athletic-fine-arts-facility",2026-09-06,negative,mixed,No published generative-AI classroom rules found — students face honesty and access ambiguity across teachers.,Without district genAI guidance teachers invent rules classroom by classroom.,,Handbooks silent on genAI; chair unlabeled,https://www.brantley.k12.ga.us/,2026-09-06,,,,,
Brooks County Schools,Valdosta,GA,traditional,none,none,no,no,no,no,No public AI deepfake/impersonation/HIB-linked rule recovered in reviewed primary sources.,https://www.brooks.k12.ga.us/,2026-09-07,,,,,,unknown,unknown,unknown,,unknown,none,none,no,unknown,,,unknown,,,,90.6,2024,chronic_absenteeism,21.5,2024-25,https://static.allongeorgia.com/wp-content/uploads/2024/10/2024-4-Year-Cohort-Graduation-Rate-State-District-School-by-Subgroups-ga-doe.pdf;https://download.gosa.ga.gov/2025/Attendance_2024-25_2026-02-19_00_32_26.csv,2026-09-09,2026-09-06,Quitman GA Technology page exists but returned empty/JS-challenge bodies in text extraction; board/staff paths reviewed with no generative-AI policy guidance or handbook AI section recovered.,verified,https://www.brooks.k12.ga.us/|https://www.brooks.k12.ga.us/page/technology|https://www.brooks.k12.ga.us/staff|https://www.brooks.k12.ga.us/page/board-members|https://www.brooks.k12.ga.us/article/1751306,Vickie Reed,Superintendent,,(229) 588-2340,Mitch Hadden,Director of Technology,,(229) 588-2340,Larry Cunningham,Larry Cunningham|Board Chair||;Kasey Knight|Vice Chair||;Jessica Goodman|Board Member||,https://www.brooks.k12.ga.us/page/board-members,https://www.brooks.k12.ga.us/page/board-members,,No concrete 2026 meeting dates recovered on public board/events pages at verify time; check board-members / events calendar. Do not invent from secondary summaries.,2026-09-09,,,https://www.brooks.k12.ga.us/page/board-members,2026-09-09,https://www.brooks.k12.ga.us/staff?page_no=2|https://www.brooks.k12.ga.us/staff|https://www.brooks.k12.ga.us/article/1751306|https://www.brooks.k12.ga.us/page/board-members,2026-09-06,negative,negative,No published generative-AI classroom rules found — students face honesty and access ambiguity.,No district GenAI guidance or approved-tools list; teachers invent norms.,,No GenAI policy; Technology/Board Members pages largely image/empty text; incomplete board roster; outcomes not published,https://www.brooks.k12.ga.us/page/technology,2026-09-06,,,,,
Bryan County Schools,Savannah,GA,traditional,none,none,no,no,no,no,No public AI deepfake/impersonation/HIB-linked rule recovered in reviewed primary sources.,https://www.bryan.k12.ga.us/,2026-09-07,,,,,,unknown,unknown,unknown,,none,none,none,no,unknown,,,unknown,,,,94.1,2024,chronic_absenteeism,13.7,2024-25,https://static.allongeorgia.com/wp-content/uploads/2024/10/2024-4-Year-Cohort-Graduation-Rate-State-District-School-by-Subgroups-ga-doe.pdf;https://download.gosa.ga.gov/2025/Attendance_2024-25_2026-02-19_00_32_26.csv,2026-09-09,2026-09-06,"Technology page (Student & Parent / Staff Resources shells) and Students-and-Parents / documents paths were reviewed; live-feed emphasizes Distraction-Free / personal-device powered-off rules, not generative AI; no public genAI classroom policy, handbook AI section, or board AI resolution recovered (Apptegy bodies often thin/JS-gated).",verified,https://www.bryan.k12.ga.us/|https://www.bryan.k12.ga.us/page/technology|https://www.bryan.k12.ga.us/page/students-parents|https://www.bryan.k12.ga.us/page/boe|https://www.bryan.k12.ga.us/documents|https://www.bryan.k12.ga.us/live-feed,Bivins Miller,Superintendent,,912-851-4000,Bob Betz,Director of Technology,,912-851-4000,Amy Murphy,Amy Murphy|Board Chair|District (Chair)|;Marianne Smith|Vice Chair||;Shawn Page|Board Member|District 1|;Dennis Seger|Board Member|District 2|;Derrick Smith|Board Member|District 3|;Karen Krupp|Board Member|District 4|;David Schwartz|Board Member|District 5|,https://www.bryan.k12.ga.us/page/boe,https://www.bryan.k12.ga.us/page/board-of-education,2026-09-17,Board Work Session 6:15pm at Bryan County BOE Office; Board Meeting Sept 24 6:15pm at G.W. Carver Elementary,2026-09-09,,,https://www.bryan.k12.ga.us/page/boe,2026-09-09,https://www.bryan.k12.ga.us/page/boe|https://www.bryan.k12.ga.us/staff|https://www.bryan.k12.ga.us/page/divisions-departments|https://www.bryan.k12.ga.us/live-feed,2026-09-06,negative,negative,No published generative-AI classroom rules found — students face honesty and access ambiguity across teachers.,Without district genAI guidance teachers invent rules classroom by classroom; AUP/tech pages alone do not set assignment norms.,,No public genAI policy guidance or handbook AI language found,https://www.bryan.k12.ga.us/,2026-09-06,,,,,
Bulloch County Schools,Statesboro,GA,traditional,guidance,none,no,no,no,no,No public AI deepfake/impersonation/HIB-linked rule recovered in reviewed primary sources.,https://www.bulloch.k12.ga.us/learning-services/learning-resources/generative-artificial-intelligence,2026-09-07,,,,,,unknown,permitted_with_citation,citation_required,Gemini; NotebookLM,required,yes,faq,no,unknown,,,unknown,,,,89.7,2024,chronic_absenteeism,22.2,2024-25,https://static.allongeorgia.com/wp-content/uploads/2024/10/2024-4-Year-Cohort-Graduation-Rate-State-District-School-by-Subgroups-ga-doe.pdf;https://download.gosa.ga.gov/2025/Attendance_2024-25_2026-02-19_00_32_26.csv,2026-09-09,2026-09-06,HS GenAI soft launch Mar 2026 (Gemini+NotebookLM) after staff prep; elementary student access not published; parent FAQ/glossary.,verified,https://www.bulloch.k12.ga.us/learning-services/learning-resources/generative-artificial-intelligence|https://www.bulloch.k12.ga.us/about/board-of-education/board-of-education-members,Dr. Torian White,Superintendent of Schools,twhite@bullochschools.org,912-212-8500,David Avera,Director of Technology,,912-212-8660,Elizabeth Williams,Elizabeth Williams|Board Chair|District 2|1/1/2023-12/31/2030;Maurice Hill|Vice Chair|District 8|1/1/2005-12/31/2028;Lannie Lanier|Board Member|District 1|1/1/2025-12/31/2028;Jennifer C. Mock|Board Member|District 3|1/1/2025-12/31/2028;Donna Clifton|Board Member|District 4|1/1/2023-12/31/2030;Glennera Martin|Board Member|District 5|1/1/2015-12/31/2030;Jimmy Jay Cook Jr.|Board Member|District 6|1/1/2015-12/31/2026;Lisha Nevil|Board Member|District 7|1/1/2025-12/31/2028,https://www.bulloch.k12.ga.us/about/board-of-education/board-of-education-members,https://www.bulloch.k12.ga.us/about/board-of-education/board-of-education-members,2026-09-24,"Work Session 6:30pm at 150 Williams Road Suite A, Statesboro (homepage calendar). Regular Session Oct 8 also listed.",2026-09-09,,Elizabeth Williams|ewilliams@bullochschools.org;Maurice Hill|hillmaurice@yahoo.com;Lannie Lanier|lalanier@bullochschools.org;Jennifer Cook|jlcook@bullochschools.org;Glenn Mock|jcmock@bullochschools.org;David Clifton|dclifton@bullochschools.org;Linda Nevil|lnevil@bullochschools.org;Glenn Martin|gmartinsugarhill@yahoo.com;,https://www.bulloch.k12.ga.us/about/board-of-education/board-of-education-members,2026-09-09,https://www.bulloch.k12.ga.us/about/board-of-education/board-of-education-members|GSSA superintendent directory,2026-09-06,mixed,positive,HS soft launch of Gemini+NotebookLM with citation expectations and parent FAQ is a clear secondary path; elementary student access is unpublished so younger learners stay in a gray zone.,Required staff prep before student launch plus published GenAI pages and facilitator guide support secondary teachers.,Mar 2026 HS GenAI soft launch (Gemini+NotebookLM); citation expectations; parent FAQ/glossary; required pre-launch staff training,Elementary student access not published; outcomes not published,https://www.bulloch.k12.ga.us/learning-services/learning-resources/generative-artificial-intelligence,2026-09-06,,,,,
Calhoun County Schools,Rural SW Georgia,GA,traditional,none,none,no,no,no,no,No public AI deepfake/impersonation/HIB-linked rule recovered in reviewed primary sources.,https://www.calhoun.k12.ga.us/,2026-09-07,,,,,,unknown,unknown,unknown,,none,none,none,no,unknown,,,unknown,,,,85.7,2024,chronic_absenteeism,22.3,2024-25,https://static.allongeorgia.com/wp-content/uploads/2024/10/2024-4-Year-Cohort-Graduation-Rate-State-District-School-by-Subgroups-ga-doe.pdf;https://download.gosa.ga.gov/2025/Attendance_2024-25_2026-02-19_00_32_26.csv,2026-09-09,2026-09-06,GA Calhoun County (Edison — ≠ Calhoun City Schools): no public genAI policy; Technology page lists Internet Safety/Clever/help tickets only.,verified,https://www.calhoun.k12.ga.us/|https://www.calhoun.k12.ga.us/apps/pages/index.jsp?uREC_ID=3766628&type=d&pREC_ID=2442381|https://www.calhoun.k12.ga.us/apps/staff/,Pam Quimbley,Superintendent,,(229) 545-7231,Cornelius Mullins,Technology Coordinator,ithelp@calhoun.k12.ga.us,,Lester Hutchins,Lester Hutchins|Board Chair||;Ronnie Williams|Vice Chair||;Claud Buck|Board Member||;Shawanda Brown|Board Member||;Kim Douglas|Board Member||;Tonny Ingram|Board Member||;Bobby Paul|Board Member||,https://www.calhoun.k12.ga.us/apps/pages/index.jsp?pREC_ID=2658380&type=d&uREC_ID=3765141,https://simbli.eboardsolutions.com/index.aspx?s=4024,,Simbli hub S=4024; no dated public 2026 list recovered on district roster page.,2026-09-09,,,https://www.calhoun.k12.ga.us/apps/pages/index.jsp?pREC_ID=2658380&type=d&uREC_ID=3765141,2026-09-09,https://www.calhoun.k12.ga.us/apps/pages/index.jsp?pREC_ID=2658380&type=d&uREC_ID=3765141|https://3.files.edl.io/c89c/25/03/13/180449-6bff4c83-2e29-44e3-961c-aaa17250482b.jpg|https://3.files.edl.io/9971/25/03/12/150627-79804c46-a2ea-469c-82e7-92b840e4cbba.jpg,2026-09-07,negative,negative,No published genAI classroom allow/cite/ban rules — assignment honesty for generative AI remains a vacuum.,No genAI guidance or PD found; teachers invent classroom norms.,,No public genAI policy; board names not text-published; outcomes not published,https://www.calhoun.k12.ga.us/apps/pages/index.jsp?uREC_ID=3766628&type=d&pREC_ID=2442381,2026-09-06,,,,,
Camden County Schools,Kingsland,GA,traditional,none,none,no,no,no,no,No public AI deepfake/impersonation/HIB-linked rule recovered in reviewed primary sources.,https://www.camden.k12.ga.us/o/cms/page/cms-student-handbook,2026-09-07,,,,,,unknown,unknown,unknown,,none,none,none,no,unknown,,,unknown,,,,93.6,2024,chronic_absenteeism,20.8,2024-25,https://static.allongeorgia.com/wp-content/uploads/2024/10/2024-4-Year-Cohort-Graduation-Rate-State-District-School-by-Subgroups-ga-doe.pdf;https://download.gosa.ga.gov/2025/Attendance_2024-25_2026-02-19_00_32_26.csv,2026-09-09,2026-09-06,GA Camden (Kingsland — ≠ NC): no public genAI board policy handbook AI section or parent FAQ; Information Systems is infrastructure/IFBG oriented without classroom generative-AI rules.,verified,https://www.camden.k12.ga.us/|https://www.camden.k12.ga.us/page/board-policy|https://www.camden.k12.ga.us/page/information-systems|https://www.camden.k12.ga.us/page/superintendent|https://www.camden.k12.ga.us/o/cms/page/cms-student-handbook,Tracolya Green Ed.D.,Superintendent,tgreen@camden.k12.ga.us,912-729-5687,,,,,Jonathon Blount,Jason Chance|Board Member|District 1|;Allison Murray|Vice Chair|District 2|;Melissa Hodge|Board Member|District 3|;Jonathon Blount|Board Chair|District 4|;Amy Melton|Board Member|District 5|,https://www.camden.k12.ga.us/page/board-policy,https://www.camden.k12.ga.us/page/board-policy,,"Pattern: regular 6:00pm 2nd Tuesday at 311 South East Street, Kingsland; work session may be Thu preceding 5:00pm. Agendas via Simbli S=4025.",2026-09-09,,,https://www.camden.k12.ga.us/page/board-policy,2026-09-09,https://www.camden.k12.ga.us/page/board-policy|https://www.camden.k12.ga.us/page/superintendent|https://www.camden.k12.ga.us/page/information-systems,2026-09-06,negative,negative,No published GenAI allow/cite/ban assignment rules — honesty vacuum.,No genAI guidance/PD found on district primary pages reviewed.,,No public genAI policy; tech_lead unpublished; Finalsite bot-challenge; outcomes not published,https://www.camden.k12.ga.us/page/information-systems,2026-09-06,,,,,
Candler County Schools,Rural SE Georgia,GA,traditional,none,none,no,no,no,no,No public AI deepfake/impersonation/HIB-linked rule recovered in reviewed primary sources.,https://www.metter.org/,2026-09-07,,,,,,unknown,unknown,unknown,,none,none,none,no,unknown,,,unknown,,,,94.6,2024,chronic_absenteeism,14,2024-25,https://static.allongeorgia.com/wp-content/uploads/2024/10/2024-4-Year-Cohort-Graduation-Rate-State-District-School-by-Subgroups-ga-doe.pdf;https://download.gosa.ga.gov/2025/Attendance_2024-25_2026-02-19_00_32_26.csv,2026-09-09,2026-09-06,No district-published generative-AI policy or program found on primary sources (site often JS-gated). Branded Candler County School District on metter.org.,verified,https://www.metter.org/|GSSA|Metter Advertiser superintendent coverage 2026,Dr. John M. Jordan Jr.,Superintendent of Schools,jjordan@metter.org,912-685-5713,,,,,Craig Lanier,Craig Lanier|Board Chair|District 3|;Cheryl A. Hendricks|Vice Chair|District 1|;Brenda Brown|Board Member|District 2|;Chris West|Board Member|District 4|;Jason Douglas|Board Member|District 5|,https://ams.embr.mobi/gsba/apps/aboutus/board.asp?ID=4026,https://www.metter.org/page/board-of-education,,BOE page + GSBA aboutus ID=4026; Simbli S=4026 policy links. No concrete upcoming meeting date posted as of verify.,2026-09-09,,,https://www.metter.org/page/board-of-education;https://ams.embr.mobi/gsba/apps/aboutus/board.asp?ID=4026,2026-09-09,GSSA|Metter Advertiser 2026 superintendent article|https://ams.embr.mobi/gsba/apps/aboutus/board.asp?ID=4026,2026-09-06,negative,negative,No district-published generative-AI policy or program found on primary sources — students lack GenAI classroom rules.,PD coded none; teachers have no published GenAI playbook (site often JS-gated).,Branded Candler County School District presence on metter.org,No district-published generative-AI policy or program; PD none; outcomes not published,https://www.metter.org/,2026-09-06,,,,,
Catoosa County Schools,Chattanooga,GA,traditional,procedure_handbook,procedure_handbook,yes,yes,no,no,"2024-25 Student Handbook unacceptable-use list bans Digital impersonation (deceptive manipulated audio/voice/visual images that falsely depict students/staff) and unauthorized AI assistance treated with plagiarism. No board genAI policy, no approved-tools-only mandate, and no explicit HIB/Title IX policy crosswalk for AI misuse.",https://cdnsm5-ss10.sharpschool.com/UserFiles/Servers/Server_19208966/File/2024-2025%20Student%20Handbook.pdf,2026-09-09,"Digital impersonation (deceptive manipulated audio, voice, or visual images created with malice or in a vulgar, intimidating, humiliating, or negative manner with imaging or words that falsely depicts a student in this school system, a teacher in this school system)","Digital impersonation (deceptive manipulated audio, voice, or visual images created with malice or in a vulgar, intimidating, humiliating, or negative manner with imaging or words that falsely depicts a student in this school system, a teacher in this school system)",,Handbook AUP — Digital impersonation,https://cdnsm5-ss10.sharpschool.com/UserFiles/Servers/Server_19208966/File/2024-2025%20Student%20Handbook.pdf,restricted,restricted,teacher_discretion,,none,none,none,no,unknown,,,unknown,,,,90.8,2024,chronic_absenteeism,17.2,2024-25,https://static.allongeorgia.com/wp-content/uploads/2024/10/2024-4-Year-Cohort-Graduation-Rate-State-District-School-by-Subgroups-ga-doe.pdf;https://download.gosa.ga.gov/2025/Attendance_2024-25_2026-02-19_00_32_26.csv,2026-09-09,2026-09-06,2024-25 Student Handbook bans unauthorized AI assistance to generate assignment responses (treated with plagiarism) and deepfakes; no board genAI policy or AI literacy PD; Parent ProTech is SB351 only.,verified,https://cdnsm5-ss10.sharpschool.com/UserFiles/Servers/Server_19208966/File/2024-2025%20Student%20Handbook.pdf|https://www.catoosa.k12.ga.us/board-of-education|https://www.catoosa.k12.ga.us/technology|https://lms.catoosa.k12.ga.us/for_parents/parent_pro_tech_free_online_saftey_training,Chance Nix,Superintendent,cnix@catoosa.k12.ga.us,706-965-2297,Becky Purcell,Director of Technology,,706-935-0637,David Moeller,David Moeller|Board Chair|District 4|;Suzan Gibson|Vice Chair|At-large|;Jerry Jeffers|Board Member|District 2|;Gloria Hunt|Board Member|District 1|;Denia Reese|Board Member|District 3|,https://www.catoosa.k12.ga.us/board-of-education,https://www.catoosa.k12.ga.us/board-of-education,2026-10-06,"Regular board meeting at Catoosa County College & Career Academy, 190 Catoosa Circle, Ringgold; public participation 6:30pm then meeting. Sep 1 already held per 2026 dates on BOE page. Simbli https://simbli.eboardsolutions.com/SB_Meetings/SB_MeetingListing.aspx?S=4030",2026-09-09,,David Moeller|dmoeller@catoosa.k12.ga.us;Suzan Gibson|sgibson@catoosa.k12.ga.us;Jerry Jeffers|jjeffers@catoosa.k12.ga.us;Gloria Hunt|ghunt@catoosa.k12.ga.us;Denia Reese|dreese@catoosa.k12.ga.us;,https://www.catoosa.k12.ga.us/board-of-education,2026-09-09,https://www.catoosa.k12.ga.us/board-of-education|https://www.catoosa.k12.ga.us/|https://cdnsm5-ss10.sharpschool.com/UserFiles/Servers/Server_19208966/File/2024-2025%20Student%20Handbook.pdf,2026-09-06,mixed,mixed,Handbook gives a clear unauthorized-AI = academic-honesty ban and deepfake ban but no published allow/cite pathway or AI literacy curriculum.,Teachers can cite the unauthorized-AI plagiarism rule yet lack district assignment framework or AI PD for when assistance is authorized.,Handbook unauthorized-AI / plagiarism clause; digital impersonation prohibition,No board genAI policy; no AI PD/literacy; Parent ProTech only; outcomes not published,https://cdnsm5-ss10.sharpschool.com/UserFiles/Servers/Server_19208966/File/2024-2025%20Student%20Handbook.pdf,2026-09-06,,,,,
Charlton County Schools,Rural SE Georgia,GA,traditional,none,none,no,no,no,no,No public AI deepfake/impersonation/HIB-linked rule recovered in reviewed primary sources.,https://www.charlton.k12.ga.us/,2026-09-07,,,,,,unknown,unknown,unknown,,unknown,none,none,no,unknown,,,unknown,,,,98.9,2024,chronic_absenteeism,14.9,2024-25,https://static.allongeorgia.com/wp-content/uploads/2024/10/2024-4-Year-Cohort-Graduation-Rate-State-District-School-by-Subgroups-ga-doe.pdf;https://download.gosa.ga.gov/2025/Attendance_2024-25_2026-02-19_00_32_26.csv,2026-09-09,2026-09-06,Folkston GA Technology page and Infinite Campus Access Agreement paths are Apptegy-thin; Simbli S=4031 policy portal remains the board-policy landing and was not shown to publish generative-AI classroom guidance this pass.,verified,https://www.charlton.k12.ga.us/|https://www.charlton.k12.ga.us/page/technology|https://www.charlton.k12.ga.us/staff|https://simbli.eboardsolutions.com/Index.aspx?S=4031|https://simbli.eboardsolutions.com/SB_ePolicy/SB_PolicyOverview.aspx?S=4031,Kelly Murray,Superintendent,,(912) 496-2596,Roger Heatherly,Technology Coordinator,,(912) 496-2596,,,https://simbli.eboardsolutions.com/Index.aspx?S=4031,https://simbli.eboardsolutions.com/SB_Meetings/SB_MeetingListing.aspx?S=4031,,Meetings via Simbli S=4031 (Incapsula-blocked this pass). Live-feed has called-meeting notices historically; no upcoming concrete date recovered.,2026-09-09,,,https://simbli.eboardsolutions.com/Index.aspx?S=4031,2026-09-09,https://www.charlton.k12.ga.us/documents/board-of-education/64391|https://simbli.eboardsolutions.com/Index.aspx?S=4031|https://app.enhancedvoting.com/results/public/charlton-county-ga/elections/2024NovGen,2026-09-07,negative,mixed,No published generative-AI classroom rules found — students face honesty and access ambiguity across teachers.,Without district genAI guidance teachers invent rules classroom by classroom.,,No genAI policy; board unpublished on district pages,https://www.charlton.k12.ga.us/page/technology,2026-09-06,,,,,
Savannah-Chatham County Public School System,Savannah,GA,traditional,none,none,no,no,no,no,No public AI deepfake/impersonation/HIB-linked rule recovered in reviewed primary sources.,https://resources.finalsite.net/images/v1780935820/spsccpsscom/of54i6fc91trngwggb2y/2026-2031StrategicPlan.pdf,2026-09-07,,,,,,unknown,unknown,unknown,Writeable; Amira; Let's Talk Assistant,none,none,none,no,unknown,,,unknown,,,,86.8,2024,chronic_absenteeism,24.3,2024-25,https://static.allongeorgia.com/wp-content/uploads/2024/10/2024-4-Year-Cohort-Graduation-Rate-State-District-School-by-Subgroups-ga-doe.pdf;https://download.gosa.ga.gov/2025/Attendance_2024-25_2026-02-19_00_32_26.csv,2026-09-09,2026-09-06,No public student/staff genAI classroom allow/cite/ban policy; 2026-2031 Strategic Plan commits to AI governance (future goal); uses Writeable Amira and Let's Talk Assistant chatbot — tools without classroom assignment framework or parent AI FAQ.,verified,https://www.sccpss.com/|https://www.sccpss.com/fs/resource-manager/view/625eb410-d25f-418d-9c69-584ff162df41|https://resources.finalsite.net/images/v1780935820/spsccpsscom/of54i6fc91trngwggb2y/2026-2031StrategicPlan.pdf|https://www.sccpss.com/news/news-landing-page/~board/district-news/post/02072024|https://www.sccpss.com/news/news-landing-page/~board/district-news/post/sccpss-launches-new-platform-to-improve-customer-service-districtwide|https://www.sccpss.com/departments/district-organization-chart,S. Denise Watts Ed.D.,Superintendent of Schools,superintendent@sccpss.com,912-395-5585,Julian Robinson,Chief Technology Officer,,912-395-5600,Roger Moss,Roger Moss|Board Chair|President countywide|;Denise R. Grabowski|Board Member|District 1|;Mary Snowden|Board Member|District 2|;Cornelia H. Hall|Board Member|District 3 Vice President Pro Tempore|;Shawn A. Kachmar|Vice Chair|District 4|;Paul E. Smith|Board Member|District 5|;Dr. David Bringman|Board Member|District 6|;Stephanie Campbell|Board Member|District 7|;Dr. Tonia Howard-Hall|Board Member|District 8|,https://www.sccpss.com/board/board-members,https://www.sccpss.com/board/calendar,2026-09-24,Fall Board Retreat Sept 24-25 8:00am-4:00pm Coastal Georgia Botanical Gardens (Sept 2 regular already held). Next regular Oct 7 Whitney Administrative Complex (informal 10am / regular 2pm). Diligent portal sccpss.community.diligentoneplatform.com,2026-09-09,,,https://www.sccpss.com/board/board-members,2026-09-09,https://www.sccpss.com/departments/superintendent|https://www.sccpss.com/departments/district-organization-chart|https://www.sccpss.com/board/board-members|https://www.sccpss.com/board/board-members/district-2|https://www.sccpss.com/board/board-members/district-6|https://www.sccpss.com/news/news-landing-page/~board/district-news/post/highlights-from-the-january-2026-board-meeting|https://spwww.sccpss.com/Pages/default.aspx,2026-09-06,mixed,mixed,Amira and Writeable put AI-supported literacy/writing tools in front of students but no published genAI homework allow/cite/ban rules — honesty vacuum for ChatGPT-class tools remains.,Writeable AI writing-feedback loop and strategic-plan AI governance goal exist without a finished classroom genAI policy or required AI PD.,Board-approved Writeable (AI writing feedback); Amira AI reading coach; Let's Talk Assistant genAI FAQ chatbot; Strategic Plan AI governance objective,No public genAI classroom policy/handbook section; no parent AI FAQ; outcomes not published,https://www.sccpss.com/news/news-landing-page/~board/district-news/post/02072024|https://resources.finalsite.net/images/v1780935820/spsccpsscom/of54i6fc91trngwggb2y/2026-2031StrategicPlan.pdf|https://www.sccpss.com/news/news-landing-page/~board/district-news/post/sccpss-launches-new-platform-to-improve-customer-service-districtwide|https://www.sccpss.com/fs/resource-manager/view/625eb410-d25f-418d-9c69-584ff162df41,2026-09-06,,,,,
Chattahoochee County Schools,Columbus,GA,traditional,none,none,no,no,no,no,No public AI deepfake/impersonation/HIB-linked rule recovered in reviewed primary sources.,https://www.chattco.org/,2026-09-07,,,,,,unknown,unknown,unknown,,none,none,none,no,unknown,,,unknown,,,,89.0,2024,chronic_absenteeism,5.3,2024-25,https://static.allongeorgia.com/wp-content/uploads/2024/10/2024-4-Year-Cohort-Graduation-Rate-State-District-School-by-Subgroups-ga-doe.pdf;https://download.gosa.ga.gov/2025/Attendance_2024-25_2026-02-19_00_32_26.csv,2026-09-09,2026-09-06,Cusseta GA Instructional Technology / Technology-main pages and Student Operational Handbook path were re-checked; pages are thin/JS-gated and silent on generative AI (ignore Apptegy “Chat with AI” chrome); no public genAI classroom policy recovered.,verified,https://www.chattco.org/|https://www.chattco.org/page/instructional-technology|https://www.chattco.org/page/technology-main|https://aptg.co/40fTZ6|https://www.chattco.org/staff|https://www.chattco.org/page/school-board,Kimothy Hadley,Superintendent,khadley@chattco.org,706-989-3774,Kalan Collazo,Chief Technology Officer,,706-989-3774,,,https://www.chattco.org/page/school-board,https://www.chattco.org/page/school-board,2026-10-20,"Regular 6:30pm at CCHS Cafeteria, 360 GA Highway 26, Cusseta (3rd Tuesday exception for Oct). Sept 8 already held. 2026 dates PDF via aptg.co/rlS4d3",2026-09-09,,,https://www.chattco.org/page/school-board,2026-09-09,https://www.chattco.org/page/school-board|https://www.chattco.org/article/2485134,2026-09-07,negative,negative,No published genAI classroom allow/cite/ban rules — assignment honesty for generative AI remains a vacuum.,No genAI guidance or PD found; teachers invent classroom norms.,,No public genAI policy; board roster not on district HTML; outcomes not published,https://aptg.co/40fTZ6,2026-09-06,,,,,
Chattooga County Schools,Summerville,GA,traditional,none,none,no,no,no,no,No public AI deepfake/impersonation/HIB-linked rule recovered in reviewed primary sources.,https://resources.finalsite.net/images/v1756217343/chattoogak12gaus/cn4exxuywumyymhkvlcp/08-21-25ApprovedFY26ParentStudentHandbook.pdf,2026-09-07,,,,,,unknown,unknown,unknown,,none,none,none,no,unknown,,,unknown,,,,95.2,2024,chronic_absenteeism,17.7,2024-25,https://static.allongeorgia.com/wp-content/uploads/2024/10/2024-4-Year-Cohort-Graduation-Rate-State-District-School-by-Subgroups-ga-doe.pdf;https://download.gosa.ga.gov/2025/Attendance_2024-25_2026-02-19_00_32_26.csv,2026-09-09,2026-09-06,FY26 Parent/Student Handbook has Internet AUP but no generative-AI classroom policy; Parent Protech is SB351/digital safety → parent_comms=none.,verified,https://resources.finalsite.net/images/v1756217343/chattoogak12gaus/cn4exxuywumyymhkvlcp/08-21-25ApprovedFY26ParentStudentHandbook.pdf|https://www.chattooga.k12.ga.us/departments/technology|https://www.chattooga.k12.ga.us/parents-and-students/parent-protech|https://www.chattooga.k12.ga.us/board-of-education,Dr. Michelle Helie,Superintendent,,706-857-3447,Patrick Clifton,Director of Technology,,,Lori Brady,Lori Brady|Board Chair||;Tiffany Lawrence|Vice Chair||;Chad Dodd|Board Member||;Derrick Eckroat|Board Member||;Bonnie Fletcher|Board Member||,https://resources.finalsite.net/images/v1756217343/chattoogak12gaus/cn4exxuywumyymhkvlcp/08-21-25ApprovedFY26ParentStudentHandbook.pdf,https://www.chattooga.k12.ga.us/board-of-education,2026-09-17,September Board Meeting 6:00–8:00pm (district homepage calendar). October Board Meeting Oct 22 also listed.,2026-09-09,,,https://www.chattooga.k12.ga.us/board-of-education,2026-09-09,https://resources.finalsite.net/images/v1756217343/chattoogak12gaus/cn4exxuywumyymhkvlcp/08-21-25ApprovedFY26ParentStudentHandbook.pdf|https://www.chattooga.k12.ga.us/board-of-education|https://www.chattooga.k12.ga.us/departments/technology,2026-09-06,negative,negative,No published GenAI allow/cite/ban assignment rules — honesty vacuum.,No genAI guidance/PD found on district primary pages reviewed.,,No public genAI policy; Parent Protech only; board members HTML 404; outcomes not published,https://www.chattooga.k12.ga.us/departments/technology,2026-09-06,,,,,
Clarke County Schools,Athens,GA,traditional,none,none,no,no,no,no,No public AI deepfake/impersonation/HIB-linked rule recovered in reviewed primary sources.,https://www.clarke.k12.ga.us/page/instructional-technology,2026-09-07,,,,,,unknown,unknown,unknown,,none,none,none,no,unknown,,,unknown,,,,81.1,2024,chronic_absenteeism,28.5,2024-25,https://static.allongeorgia.com/wp-content/uploads/2024/10/2024-4-Year-Cohort-Graduation-Rate-State-District-School-by-Subgroups-ga-doe.pdf;https://download.gosa.ga.gov/2025/Attendance_2024-25_2026-02-19_00_32_26.csv,2026-09-09,2026-09-06,Athens-Clarke: Instructional Technology and Code of Conduct paths indexed without generative-AI classroom policy; clarke.k12.ga.us often 406/Finalsite bot-block — coded none after search.,verified,https://www.clarke.k12.ga.us/page/instructional-technology|https://www.clarke.k12.ga.us/article/2713442|https://www.clarke.k12.ga.us/|https://www.clarke.k12.ga.us/o/ccsd/page/about-the-boe-members-and-contact-information,Jennifer Scott,Superintendent,,706-546-7721,,,,,Mark Evans,Heidi Hensley|Board Member|District 1|;Mary Bagby|Board Member|District 2|;Linda Elder Davis|Board Member|District 3|;Patricia Yager|Board Member|District 4|;Tim Denson|Board Member|District 5|;Mumbi Anderson|Board Member|District 6|;LaKeisha Gantt|Board Member|District 7|;Johnelle Simpson II|Board Member|District 8|;Mark Evans|Board Chair|District 9|,https://www.clarke.k12.ga.us/o/ccsd/page/about-the-boe-members-and-contact-information,https://www.clarke.k12.ga.us/news,2026-09-10,"Work session 5:00pm then business meeting (per Sep 8 district news post for Sep 10) at 595 Prince Ave, Athens, Vernon Payne Meeting Hall; livestream on CCSD YouTube. Board Manager Lisa Palmer palmerli@clarke.k12.ga.us",2026-09-09,palmerli@clarke.k12.ga.us,Heidi Hensley|hensleyh@clarke.k12.ga.us;Mary Bagby|bagbym@clarke.k12.ga.us;Linda Elder Davis|davislin@clarke.k12.ga.us;Patricia Yager|yagerp@clarke.k12.ga.us;Tim Denson|densont@clarke.k12.ga.us;Mumbi Anderson|andersonm@clarke.k12.ga.us;LaKeisha Gantt|ganttl@clarke.k12.ga.us;Johnelle Simpson II|simpsonjo@clarke.k12.ga.us;Mark Evans|evansm@clarke.k12.ga.us;,https://www.clarke.k12.ga.us/o/ccsd/page/about-the-boe-members-and-contact-information,2026-09-09,"https://www.clarke.k12.ga.us/live_feeds/12484925|https://www.clarke.k12.ga.us/article/2988998|https://www.clarke.k12.ga.us/article/3019904|https://www.clarke.k12.ga.us/article/2903833|https://ballotpedia.org/Clarke_County_School_District,_Georgia",2026-09-06,negative,negative,No published GenAI allow/cite/ban assignment rules — honesty vacuum.,No genAI guidance/PD found on district primary pages reviewed.,,No public genAI policy; site 406/bot-block; tech_lead blank; outcomes not published,https://www.clarke.k12.ga.us/page/instructional-technology,2026-09-06,,,,,
Clay County Schools,Rural SW Georgia,GA,traditional,none,none,no,no,no,no,No public AI deepfake/impersonation/HIB-linked rule recovered in reviewed primary sources.,https://www.clay.k12.ga.us/,2026-09-07,,,,,,unknown,unknown,unknown,,none,none,none,no,unknown,,,unknown,,,,,2024,chronic_absenteeism,4.9,2024-25,https://static.allongeorgia.com/wp-content/uploads/2024/10/2024-4-Year-Cohort-Graduation-Rate-State-District-School-by-Subgroups-ga-doe.pdf;https://download.gosa.ga.gov/2025/Attendance_2024-25_2026-02-19_00_32_26.csv,2026-09-09,2026-09-06,GA Clay (Fort Gaines — ≠ FL/AL/MO): Operations & Technology page is infrastructure/contacts oriented with no generative-AI classroom rules; board/staff paths reviewed with no handbook AI section or parent FAQ recovered (Apptegy often JS-gated).,verified,https://www.clay.k12.ga.us/|https://www.clay.k12.ga.us/page/operations-technology|https://www.clay.k12.ga.us/page/school-board-information1|https://www.clay.k12.ga.us/page/district-staff1,John Hamilton,Superintendent,jhamilton@clay.k12.ga.us,229-768-2232,,,,,Gennetta Moore,Gennetta Moore|Board Chair||;Dwylan Glover|Vice Chair||;Sam Thornton|Board Member||,https://www.clay.k12.ga.us/page/school-board-information1,https://www.clay.k12.ga.us/page/school-board-information1,,School Board Information + district /events calendar; iCal empty of board events this pass. No concrete upcoming date.,2026-09-09,,,https://www.clay.k12.ga.us/page/school-board-information1,2026-09-09,https://www.clay.k12.ga.us/page/school-board-information1|https://www.clay.k12.ga.us/page/district-staff1|http://www.ciclt.net/sn/peo2/p_detail.aspx?ClientCode=gssa&P_ID=13065,2026-09-06,negative,negative,No published genAI classroom allow/cite/ban rules — assignment honesty for generative AI remains a vacuum.,No genAI guidance or PD found; teachers invent classroom norms.,,No public genAI policy; incomplete board roster; tech lead blank; outcomes not published,https://www.clay.k12.ga.us/page/operations-technology,2026-09-06,,,,,
Clinch County Schools,Rural SE Georgia,GA,traditional,none,none,no,no,no,no,No public AI deepfake/impersonation/HIB-linked rule recovered in reviewed primary sources.,https://www.clinchcounty.com/for-parents/student-handbooks,2026-09-07,,,,,,unknown,unknown,unknown,,none,none,none,no,unknown,,,unknown,,,,96.3,2024,chronic_absenteeism,7.7,2024-25,https://static.allongeorgia.com/wp-content/uploads/2024/10/2024-4-Year-Cohort-Graduation-Rate-State-District-School-by-Subgroups-ga-doe.pdf;https://download.gosa.ga.gov/2025/Attendance_2024-25_2026-02-19_00_32_26.csv,2026-09-09,2026-09-06,CCES 2026-27 handbook has internet AUP + plagiarism under cheating; silent on genAI. MS/HS handbooks not downloadable on handbooks page.,verified,https://www.clinchcounty.com/|https://www.clinchcounty.com/about-us/governing-board|https://www.clinchcounty.com/about-us/central-office|https://www.clinchcounty.com/for-parents/student-handbooks|https://www.clinchcounty.com/fs/resource-manager/view/e52ec361-d51a-4422-955b-7741fcec775b,Dr. Lori James,Superintendent,ljames@clinchcounty.com,(912) 487-5321,Roy McClellan,Technology,rmcclellan@clinchcounty.com,,Stanley Thrift,Stanley Thrift|Board Chair||;Charlie Mae Cross|Vice Chair||;Eric Harris|Board Member||;Gayle Infinger|Board Member||;Laura Landrum|Board Member||,https://www.clinchcounty.com/about-us/governing-board,https://www.clinchcounty.com/calendar-be,2026-09-24,Board Meeting Thu Sep 24 6:00–7:00pm (School Board Meeting Calendar). Governing Board page: typically 4th Thursday 6:00pm. Simbli S=4039.,2026-09-09,,,https://www.clinchcounty.com/about-us/governing-board,2026-09-09,https://www.clinchcounty.com/about-us/governing-board|https://www.clinchcounty.com/about-us/central-office,2026-09-06,negative,mixed,No published generative-AI classroom rules found — students face honesty and access ambiguity across teachers.,Without district genAI guidance teachers invent rules classroom by classroom.,,No genAI policy; MS/HS handbooks unread,https://www.clinchcounty.com/for-parents/student-handbooks,2026-09-06,,,,,
Coffee County Schools,Douglas,GA,traditional,none,none,no,no,no,no,No public AI deepfake/impersonation/HIB-linked rule recovered in reviewed primary sources.,https://www.coffee.k12.ga.us/handbook;https://content.myconnectsuite.com/api/documents/636be27ba94f40fc85110b069d4bbe55.pdf,2026-09-07,,,,,,unknown,unknown,unknown,,none,none,none,no,unknown,,,unknown,,,,88.9,2024,chronic_absenteeism,19.2,2024-25,https://static.allongeorgia.com/wp-content/uploads/2024/10/2024-4-Year-Cohort-Graduation-Rate-State-District-School-by-Subgroups-ga-doe.pdf;https://download.gosa.ga.gov/2025/Attendance_2024-25_2026-02-19_00_32_26.csv,2026-09-09,2026-09-06,2026-27 handbook AUP title mentions Artificial Intelligence and glossary defines A.I. but AUP body has no genAI use/cite/tool rules.,verified,https://www.coffee.k12.ga.us/|https://www.coffee.k12.ga.us/handbook|https://content.myconnectsuite.com/api/documents/636be27ba94f40fc85110b069d4bbe55.pdf|https://www.coffee.k12.ga.us/informationsystems|https://www.coffee.k12.ga.us/boardmembers|https://www.coffee.k12.ga.us/superintendent,Lee Mobley,Superintendent,,(912) 384-2086,Logan Evans,Director of Information Systems,,,Jesse Jowers,Jesse Jowers|Board Chair|District 2|;Leola Johnson|Board Member|District 1|;Gene Wade|Board Member|District 3|;Bryan Preston|Board Member|District 4|;Jacquelyn Jowers|Board Member|District 5|,https://www.coffee.k12.ga.us/boardmembers,https://www.coffee.k12.ga.us/boardmeetingschedule,,"Pattern: regular 7:00pm 4th Thursday; work session 5:30pm same day at Ashley-Slater House, 211 S Gaskin Ave, Douglas. Concrete 2026 date image not OCR-readable; Simbli S=4041 Incapsula-blocked.",2026-09-09,,,https://www.coffee.k12.ga.us/boardmembers,2026-09-09,https://www.coffee.k12.ga.us/superintendent|https://www.coffee.k12.ga.us/boardmembers|https://content.myconnectsuite.com/api/documents/7fdc8478b5d2414aa65a6007824bfa37.jpg,2026-09-06,negative,mixed,No published generative-AI classroom rules found — students face honesty and access ambiguity across teachers.,Without district genAI guidance teachers invent rules classroom by classroom.,,AUP title/glossary mention AI without operational genAI rules; no PD,https://content.myconnectsuite.com/api/documents/636be27ba94f40fc85110b069d4bbe55.pdf,2026-09-06,,,,,
Colquitt County Schools,Moultrie,GA,traditional,none,none,no,no,no,no,No public AI deepfake/impersonation/HIB-linked rule recovered in reviewed primary sources.,https://www.colquitt.k12.ga.us/students/handbook,2026-09-07,,,,,,unknown,unknown,unknown,,unknown,none,none,no,unknown,,,unknown,,,,86.2,2024,chronic_absenteeism,18.5,2024-25,https://static.allongeorgia.com/wp-content/uploads/2024/10/2024-4-Year-Cohort-Graduation-Rate-State-District-School-by-Subgroups-ga-doe.pdf;https://download.gosa.ga.gov/2025/Attendance_2024-25_2026-02-19_00_32_26.csv,2026-09-09,2026-09-06,"Instructional Technology publishes Internet Safety/Acceptable Use, digital citizenship/cyberbullying, and Google Classroom/Chromebook how-tos plus a Student Handbook hub, but those materials address network/internet safety — not generative-AI classroom allow/cite/ban rules.",verified,https://www.colquitt.k12.ga.us/departments/instructional-technology|https://www.colquitt.k12.ga.us/departments/instructional-technology/digital-citizenship-and-cyberbullying|https://www.colquitt.k12.ga.us/students/handbook|https://www.colquitt.k12.ga.us/board-of-education|https://www.colquitt.k12.ga.us/departments/superintendents-office,Dan Chappuis,Superintendent,daniel.chappuis@colquitt.k12.ga.us,(229) 890-6200,Meg Bishop,Director of Instructional Technology,,(229) 890-6200 ext. 10093,Matthew Clifton,Matthew Clifton|Board Chair|District 3|;Hayden Willis|Board Member|District 4|;Trudie M. Hill|Board Member|District 1|;Brad Gregory|Board Member|District 2|;Darren Hembree|Board Member|District 5|;Beth Cannon|Board Member|District 6|,https://www.colquitt.k12.ga.us/board-of-education,https://www.colquitt.k12.ga.us/board-of-education,,District site SSL/fetch failed this pass; no verified next date.,2026-09-09,,,https://www.colquitt.k12.ga.us/board-of-education,2026-09-09,https://www.colquitt.k12.ga.us/departments/superintendents-office|https://www.colquitt.k12.ga.us/about-us/open-records-request|https://www.colquitt.k12.ga.us/departments/instructional-technology/staff|https://www.colquitt.k12.ga.us/news/01kjb8wn10pkcnssx995n72m3f/colquitt-county-board-of-education-welcomes-new-chair|https://moultrieobserver.com/2026/01/30/board-of-education-achieves-exemplary-board-status/,2026-09-06,negative,negative,No published generative-AI classroom rules found — students face honesty and access ambiguity.,No district GenAI guidance or approved-tools list; teachers invent norms.,,No public GenAI policy; Instructional Technology pages silent on AI; outcomes not published,https://www.colquitt.k12.ga.us/departments/instructional-technology,2026-09-06,,,,,
Cook County Schools,Rural South Georgia,GA,traditional,none,none,no,no,no,no,No public AI deepfake/impersonation/HIB-linked rule recovered in reviewed primary sources.,https://www.cook.k12.ga.us/,2026-09-07,,,,,,unknown,unknown,unknown,,unknown,none,none,no,unknown,,,unknown,,,,99.2,2024,chronic_absenteeism,17.7,2024-25,https://static.allongeorgia.com/wp-content/uploads/2024/10/2024-4-Year-Cohort-Graduation-Rate-State-District-School-by-Subgroups-ga-doe.pdf;https://download.gosa.ga.gov/2025/Attendance_2024-25_2026-02-19_00_32_26.csv,2026-09-09,2026-09-06,"Adel GA Technology page hubs Chromebook policy, cybersafety, tech resources, and Google Apps for Education; Chromebook policy PDF re-checked with no generative-AI/ChatGPT language; no separate classroom genAI program or handbook AI section found.",verified,https://www.cook.k12.ga.us/|https://www.cook.k12.ga.us/technology|https://content.myconnectsuite.com/api/documents/938dfb4d1c2c4d94b5c15053468d8515|https://www.cook.k12.ga.us/cybersafety|https://www.cook.k12.ga.us/techstaff|https://www.cook.k12.ga.us/superintendent|https://www.cook.k12.ga.us/boe,Joy Joiner Folsom,Superintendent,joyfolsom@cook.k12.ga.us,(229) 896-2294,Allison Ray,Technology Coordinator,,,Chad Sumner,Chad Sumner|Board Chair|District 5|Term expires 12/31/2026;Brenda Moore|Vice Chair|District 4|Term expires 12/31/2028;Sharon Locklear|Board Member|District 1|Term expires 12/31/2028;Jeff Taylor|Board Member|District 2|Term expires 12/31/2028;Corkey Taylor|Board Member|District 3|Term expires 12/31/2026,https://www.cook.k12.ga.us/boe,https://www.cook.k12.ga.us/boe,,"BOE page: work sessions typically 5:00pm then regular at Cook County Schools Board Office, 37 Josey Rd., Adel. Board Meeting Dates heading present but no concrete 2026 date list recovered. Simbli S=4045 Incapsula-blocked.",2026-09-09,,,https://www.cook.k12.ga.us/boe,2026-09-09,https://www.cook.k12.ga.us/superintendent|https://www.cook.k12.ga.us/boe|https://www.cook.k12.ga.us/techstaff|https://content.myconnectsuite.com/api/documents/c2797ab659034a9c964ed5d8c8feebd7,2026-09-06,negative,negative,No published generative-AI classroom rules found — students face honesty and access ambiguity.,No district GenAI guidance or approved-tools list; teachers invent norms.,,No GenAI policy; tech pages silent on generative AI; outcomes not published,https://www.cook.k12.ga.us/technology,2026-09-06,,,,,
Crawford County Schools,Macon,GA,traditional,none,none,no,no,no,no,No public AI deepfake/impersonation/HIB-linked rule recovered in reviewed primary sources.,https://www.crawfordschools.org/,2026-09-07,,,,,,unknown,unknown,unknown,,none,none,none,no,unknown,,,unknown,,,,80.5,2024,chronic_absenteeism,21.8,2024-25,https://static.allongeorgia.com/wp-content/uploads/2024/10/2024-4-Year-Cohort-Graduation-Rate-State-District-School-by-Subgroups-ga-doe.pdf;https://download.gosa.ga.gov/2025/Attendance_2024-25_2026-02-19_00_32_26.csv,2026-09-09,2026-09-06,Roberta GA crawfordschools.org superintendent welcome and About-the-Board paths were reviewed (site often JS-gated this pass); no generative-AI board policy handbook AI section or parent FAQ recovered.,verified,https://www.crawfordschools.org/|https://www.crawfordschools.org/page/superintendents-welcome-letter|https://www.crawfordschools.org/page/about-the-board,Anthony Aikens,Superintendent,anthony.aikens@crawfordschools.org,478-836-3131,,,,,Jackson DeFore,Jackson DeFore|Board Chair||;Aldine Hatcher|Vice Chair||;Raymond Dickey|Board Member||;Erica O'Neal|Board Member||;Joe Sutton|Board Member||,https://www.crawfordschools.org/page/about-the-board,https://simbli.eboardsolutions.com/SB_Meetings/SB_MeetingListing.aspx?S=4047,2026-10-13,"Board Meeting 6:30pm at 190 E Crusselle St, Roberta (district events feed). Sept 8 already held. Simbli S=4047",2026-09-09,,,https://www.crawfordschools.org/page/about-the-board,2026-09-09,https://www.crawfordschools.org/page/about-the-board|https://www.crawfordschools.org/page/superintendents-welcome-letter|https://www.crawfordschools.org/page/staff,2026-09-06,negative,negative,No published genAI classroom allow/cite/ban rules — assignment honesty for generative AI remains a vacuum.,No genAI guidance or PD found; teachers invent classroom norms.,,No public genAI policy; board roster conflict noted on welcome letter; tech lead blank; outcomes not published,https://www.crawfordschools.org/,2026-09-06,,,,,
Crisp County Schools,Cordele,GA,traditional,none,none,no,no,no,no,No public AI deepfake/impersonation/HIB-linked rule recovered in reviewed primary sources.,https://www.crispschools.org/,2026-09-07,,,,,,unknown,unknown,unknown,,none,none,none,no,unknown,,,unknown,,,,86.9,2024,chronic_absenteeism,30.3,2024-25,https://static.allongeorgia.com/wp-content/uploads/2024/10/2024-4-Year-Cohort-Graduation-Rate-State-District-School-by-Subgroups-ga-doe.pdf;https://download.gosa.ga.gov/2025/Attendance_2024-25_2026-02-19_00_32_26.csv,2026-09-09,2026-09-06,No public genAI/ChatGPT policy or handbook AI rules found on crispschools.org; site hits cover distraction-free device policy (JCDAF) — not classroom generative AI.,verified,https://www.crispschools.org/|https://www.crispschools.org/article/2726174|https://www.crispschools.org/staff,Dr. Brandon Williams,Superintendent,,(229) 276-3400 ext. 1001,Matthew O'Gorman,Director of Technology,,(229) 276-3400 ext. 1701,Anna Granville,Anna Granville|Board Chair|District 3|;Michelle Paul|Vice Chair|District 2|;Jay Brinson|Board Member|District 1|;Chris Anderson|Board Member|District 4|;Joe Joe Wright|Board Member|District 5|,https://www.crispschools.org/page/board-of-education-page,https://www.crispschools.org/page/board-of-education-page,2026-09-09,Work Session 6:30pm today (district events). Regular Meeting Sep 14 6:30pm also listed.,2026-09-09,,Anna Granville|agranville@crispschools.org;Michelle Paul|mhpaul@crispschools.org;Jay Brinson|jbrinson@crispschools.org;Chris Anderson|canderson@crispschools.org;,https://www.crispschools.org/page/board-of-education-page,2026-09-09,https://www.crispschools.org/staff|https://www.crispschools.org/article/2634890|https://www.crispschools.org/staff?page_no=2,2026-09-06,negative,negative,No published genAI classroom allow/cite/ban rules — assignment honesty for generative AI remains a vacuum.,No genAI guidance or PD found; teachers invent classroom norms.,,No public genAI policy; board roster not text-complete on BOE page; outcomes not published,https://www.crispschools.org/,2026-09-06,,,,,
Dade County Schools,Chattanooga,GA,traditional,none,none,no,no,no,no,No public AI deepfake/impersonation/HIB-linked rule recovered in reviewed primary sources.,https://www.dadecountyschools.org/,2026-09-07,,,,,,unknown,unknown,unknown,,none,none,none,no,unknown,,,unknown,,,,88.0,2024,chronic_absenteeism,23.1,2024-25,https://static.allongeorgia.com/wp-content/uploads/2024/10/2024-4-Year-Cohort-Graduation-Rate-State-District-School-by-Subgroups-ga-doe.pdf;https://download.gosa.ga.gov/2025/Attendance_2024-25_2026-02-19_00_32_26.csv,2026-09-09,2026-09-06,GA Dade (Trenton — ≠ FL): Welcome to Technology (Chromebook care/helpdesk) plus Board/Superintendent paths reviewed; Bell-to-Bell No Cell / digital-safety materials are not genAI parent_comms; no generative-AI board policy handbook AI section or parent FAQ found.,verified,https://www.dadecountyschools.org/|https://www.dadecountyschools.org/departments-programs/technology/welcome-to-technology|https://www.dadecountyschools.org/administration/board-of-education/board-members|https://www.dadecountyschools.org/administration/superintendent/mr-josh-ingle,Josh Ingle,Superintendent of Schools,joshingle@dadecs.org,706-657-4361,Tanner Bradford,Director of IT & Network Services,tannerbradford@dadecs.org,,Dr. Jayne Griffin,Dr. Jayne Griffin|Board Chair|At-Large|;Jason Crisp|Board Member|North Dade District|;Steve Forester|Board Member|Lookout Mountain District|;Jennifer Hartline|Board Member|Sand Mountain District|;Johnny Warren|Board Member|Trenton District|,https://www.dadecountyschools.org/administration/board-of-education/board-members,https://www.dadecountyschools.org/administration/board-of-education/board-meetings,,Board Meetings page + Simbli https://simbli.eboardsolutions.com/Index.aspx?S=4049; Aug 24 regular meeting already held per local coverage; concrete next Sep/Oct 2026 date not listed on fetched pages.,2026-09-09,,Dr. Jayne Griffin|jaynegriffin@dadecs.org;Jason Crisp|jasoncrisp@dadecs.org;Steve Forester|steveforester@dadecs.org;Jennifer Hartline|jenniferhartline@dadecs.org;Johnny Warren|johnnywarren@dadecs.org;,https://www.dadecountyschools.org/administration/board-of-education/board-members,2026-09-09,https://www.dadecountyschools.org/administration/board-of-education/board-members|https://www.dadecountyschools.org/departments-programs/technology/welcome-to-technology,2026-09-06,negative,negative,No published GenAI allow/cite/ban assignment rules — honesty vacuum.,No genAI guidance/PD found on district primary pages reviewed.,,No public genAI policy; outcomes not published,https://www.dadecountyschools.org/departments-programs/technology/welcome-to-technology,2026-09-06,,,,,
Decatur County Schools,Bainbridge,GA,traditional,none,none,no,no,no,no,No public AI deepfake/impersonation/HIB-linked rule recovered in reviewed primary sources.,https://www.dcboe.com/,2026-09-07,,,,,,unknown,unknown,unknown,MagicSchool,ad_hoc,none,none,no,unknown,,,unknown,,,,84.3,2024,chronic_absenteeism,37.4,2024-25,https://static.allongeorgia.com/wp-content/uploads/2024/10/2024-4-Year-Cohort-Graduation-Rate-State-District-School-by-Subgroups-ga-doe.pdf;https://download.gosa.ga.gov/2025/Attendance_2024-25_2026-02-19_00_32_26.csv,2026-09-09,2026-09-06,Bainbridge Decatur County (≠ City Schools of Decatur): Active “AI The Bearcat Way” + MagicSchool exploration/podcast with GaTech AIM STEM; no board GenAI policy or handbook GenAI section recovered.,verified,https://www.dcboe.com/|https://bhs.boe.dcboe.com/o/bhs/article/2405186|https://www.dcboe.com/article/2264640|https://www.boe.dcboe.com/page/superintendent|https://www.boe.dcboe.com/page/board-of-education,Dr. Boyd English,Superintendent,,229-248-2200,Amy Zock,Director of Instructional and Innovative Technology,,229-248-2200,Keith Lyle,Kelvin Bouie|Board Member|District 1|;Keith Lyle|Board Chair|District 2|;Winston Rollins|Board Member|District 3|;Mike Conder|Board Member|District 4|;Brandon Conley|Board Member|District 5|;Dr. Zach Powell|Board Member|District 6|,https://www.boe.dcboe.com/page/board-of-education,https://www.boe.dcboe.com/page/board-of-education,2026-09-17,Regular 6:00pm (2026 dates listed on BOE page). Oct 21 also published (fall-break shift).,2026-09-09,,Kelvin Bouie|kbouie@dcboe.com;Keith Lyle|klyle@dcboe.com;Winston Rollins|wrollins@dcboe.com;Mike Conder|mconder@dcboe.com;Brandon Conley|bconley@dcboe.com;Zach Powell|zpowell@dcboe.com;,https://www.boe.dcboe.com/page/board-of-education,2026-09-09,https://www.boe.dcboe.com/page/superintendent|https://www.boe.dcboe.com/page/board-of-education|https://bhs.boe.dcboe.com/o/bhs/article/2405186|https://thepostsearchlight.com/2025/08/26/scholarship-award-fiscal-stability-highlight-boe-meeting/|https://thepostsearchlight.com/2025/04/30/board-of-education-holds-monthly-meeting-and-recognition-ceremony/,2026-09-06,mixed,mixed,MagicSchool/AI exploration underway without published traffic-light/citation/handbook GenAI rules — tool exposure without assignment framework.,MagicSchool pioneer + Bearcat Beat AI podcast/ad hoc PD signal staff exploration; no finished board/handbook GenAI baseline.,AI The Bearcat Way podcast; MagicSchool classroom pioneers; GaTech AIM/SMART manufacturing STEM,No public GenAI board policy/handbook rules; parent GenAI comms none; outcomes unpublished,https://bhs.boe.dcboe.com/o/bhs/article/2405186|https://www.dcboe.com/article/2264640,2026-09-06,,,,,
Dodge County Schools,Rural Middle Georgia,GA,traditional,none,none,no,no,no,no,No public AI deepfake/impersonation/HIB-linked rule recovered in reviewed primary sources.,https://www.dodge.k12.ga.us/,2026-09-07,,,,,,unknown,unknown,unknown,ChatGPT,none,none,none,no,unknown,,,unknown,,,,88.5,2024,chronic_absenteeism,17.9,2024-25,https://static.allongeorgia.com/wp-content/uploads/2024/10/2024-4-Year-Cohort-Graduation-Rate-State-District-School-by-Subgroups-ga-doe.pdf;https://download.gosa.ga.gov/2025/Attendance_2024-25_2026-02-19_00_32_26.csv,2026-09-09,2026-09-06,No student/staff genAI classroom policy found; Technology page AI Resources lists teacher ChatGPT custom GPTs for lesson design without published student allow/cite/ban rules; Parent Pro Tech ≠ genAI parent_comms.,verified,https://www.dodge.k12.ga.us/|https://www.dodge.k12.ga.us/departments/technology|https://www.dodge.k12.ga.us/board-of-education|https://dcps.dodge.k12.ga.us/board-of-education,Wade J. Burnette,Superintendent,wade.burnette@dodge.k12.ga.us,478-374-3783,Jennifer Lee,Technology Director,,478-374-3783 Ext.123,Susan P. Southerland,Sonya Bundick|Board Member|District 1|;Cindy Screws|Board Member|District 2|;Dena Barrows|Board Member|District 3|;Michelle Wahl|Vice Chair|District 4|;Susan P. Southerland|Board Chair|District 5|;Elvis Davis|Board Member|District 6|;Leniece Johnson|Board Member|District 7|,https://www.dodge.k12.ga.us/board-of-education,https://www.dodge.k12.ga.us/board-of-education/meeting-dates,2026-09-10,2nd Thursday pattern; Sep 10 on 2026 Board Meeting Schedule PDF. Simbli S=4055.,2026-09-09,,Sonya Bundick|sonya.bundick@dodge.k12.ga.us;Cindy Screws|cindy.screws@dodge.k12.ga.us;Dena Barrows|dena.barrows@dodge.k12.ga.us;Michelle Wahl|mcwahl@dodge.k12.ga.us;Susan P. Southerland|susan.southerland@dodge.k12.ga.us;Leniece Johnson|leniece.johnson@dodge.k12.ga.us;,https://www.dodge.k12.ga.us/board-of-education,2026-09-09,https://www.dodge.k12.ga.us/board-of-education|https://dcps.dodge.k12.ga.us/board-of-education|https://www.dodge.k12.ga.us/departments/technology|https://dcps.dodge.k12.ga.us/board-of-education/eboard|https://www.dodge.k12.ga.us/about/superintendent,2026-09-06,negative,mixed,Teacher ChatGPT GPT links exist without published student GenAI allow/cite/ban rules — honesty vacuum for learners.,Technology AI Resources offers ChatGPT custom GPTs for designing learning without a finished district GenAI policy or required PD.,Technology page AI Tools for Designing Learning (ChatGPT custom GPTs),No public student genAI policy; Parent Pro Tech not genAI; outcomes not published,https://www.dodge.k12.ga.us/departments/technology,2026-09-06,,,,,
Dooly County Schools,Rural Middle Georgia,GA,traditional,none,none,no,no,no,no,No public AI deepfake/impersonation/HIB-linked rule recovered in reviewed primary sources.,https://www.dooly.k12.ga.us/,2026-09-07,,,,,,unknown,unknown,unknown,,none,none,none,no,unknown,,,unknown,,,,87.1,2024,chronic_absenteeism,28.4,2024-25,https://static.allongeorgia.com/wp-content/uploads/2024/10/2024-4-Year-Cohort-Graduation-Rate-State-District-School-by-Subgroups-ga-doe.pdf;https://download.gosa.ga.gov/2025/Attendance_2024-25_2026-02-19_00_32_26.csv,2026-09-09,2026-09-06,No public genAI/ChatGPT policy found; only AI-adjacent hit is GaDOE Rural Education Fall Summit attendance mentioning AI sessions — not a district genAI policy.,verified,https://www.dooly.k12.ga.us/|https://www.dooly.k12.ga.us/page/information-technology|https://www.dooly.k12.ga.us/staff|https://www.dooly.k12.ga.us/page/members,Dr. Sherrod Willaford,Superintendent of Schools,,(229) 268-4761,Ginny Jackson,Instructional Technology Specialist,,,Miranda Barron,Miranda Barron|Board Chair|District 5|;Sherri Taylor|Vice Chair|District 1|;Norman Dexter Sr.|Interim Board Member|District 2|;Minnie Harper|Board Member|District 3|;Michael Bowens|Board Member|District 4|,https://www.dooly.k12.ga.us/page/members,https://www.dooly.k12.ga.us/live-feed,,Live-feed notices (work Tue / regular Thu mid-month pattern); Aug 20 regular held; no concrete Sep/Oct notice on feed as of verify.,2026-09-09,,,https://www.dooly.k12.ga.us/page/members,2026-09-09,https://www.dooly.k12.ga.us/staff|https://www.dooly.k12.ga.us/page/members|https://www.dooly.k12.ga.us/article/1155649,2026-09-06,negative,negative,No published genAI classroom allow/cite/ban rules — assignment honesty for generative AI remains a vacuum.,No genAI guidance or PD found; teachers invent classroom norms.,,No public genAI policy; Summit AI session attendance only; outcomes not published,https://www.dooly.k12.ga.us/page/information-technology,2026-09-06,,,,,
Dougherty County Schools,Albany,GA,traditional,none,none,no,no,no,no,No public AI deepfake/impersonation/HIB-linked rule recovered in reviewed primary sources.,https://www.docoschools.org/page/instructional-innovation,2026-09-07,,,,,,unknown,unknown,unknown,MagicSchool; Eduaide; Diffit,offered,none,none,no,unknown,,,unknown,,,,90.9,2024,chronic_absenteeism,25.9,2024-25,https://static.allongeorgia.com/wp-content/uploads/2024/10/2024-4-Year-Cohort-Graduation-Rate-State-District-School-by-Subgroups-ga-doe.pdf;https://download.gosa.ga.gov/2025/Attendance_2024-25_2026-02-19_00_32_26.csv,2026-09-09,2026-09-06,Instructional Innovation page adopts Magic School/Eduaide/Diffit with PL links; SB351/DataGuard digital safety on IT page — no GenAI board policy/handbook rules recovered.,verified,https://www.docoschools.org/page/instructional-innovation|https://www.docoschools.org/page/information-technology|https://www.docoschools.org/page/superintendents-office|https://www.docoschools.org/page/information|https://www.docoschools.org/article/1887792,Kenneth Dyer,Superintendent,kenneth.dyer@docoschools.org,229-431-1285,Terrence Fields,Chief Information Officer,,229-431-1245,Velvet Edwards Poole,Velvet Edwards Poole|Board Chair|District 3|;Geraldine West Hudley|Vice Chair|At-Large|;Carolyn Hand|Board Member|District 1|;Norma Gaines-Heath|Board Member|District 2|;Melissa Strother|Board Member|District 4|;James Bush|Board Member|District 5|;Dean Phinazee|Board Member|District 6|,https://www.docoschools.org/page/information,https://www.docoschools.org/page/information,2026-09-14,Regular 6:30pm (district events calendar); Admin Building / Pine Ave per board info page. Work/mid-month Sep 24 11:30am also listed. Agendas: docoschools.org/page/board-agendas-and-minutes; livestream page.,2026-09-09,info@docoschools.org,,https://www.docoschools.org/page/board-agendas-and-minutes;https://www.docoschools.org/page/information,2026-09-09,https://www.docoschools.org/page/superintendents-office|https://www.docoschools.org/page/information|https://www.docoschools.org/page/instructional-innovation,2026-09-06,mixed,positive,Platforms said to empower students but no traffic-light/citation/handbook GenAI rules published — access without assignment framework.,Named Magic School/Eduaide/Diffit adoption plus linked PL assets give teachers a clearer productivity path than students have integrity rules.,Magic School + Eduaide + Diffit adoption; PL resource links; GaETC AI presentations,No board GenAI policy/handbook GenAI section; parent GenAI comms none; outcomes unpublished,https://www.docoschools.org/page/instructional-innovation|https://www.docoschools.org/article/1887792,2026-09-06,,,,,
Early County Schools,Rural SW Georgia,GA,traditional,none,none,no,no,no,no,No public AI deepfake/impersonation/HIB-linked rule recovered in reviewed primary sources.,https://www.early.k12.ga.us/,2026-09-07,,,,,,unknown,unknown,unknown,,none,none,none,no,unknown,,,unknown,,,,85.6,2024,chronic_absenteeism,21.3,2024-25,https://static.allongeorgia.com/wp-content/uploads/2024/10/2024-4-Year-Cohort-Graduation-Rate-State-District-School-by-Subgroups-ga-doe.pdf;https://download.gosa.ga.gov/2025/Attendance_2024-25_2026-02-19_00_32_26.csv,2026-09-09,2026-09-06,No public genAI policy/handbook language found; Online Safety Hub/Parent ProTech is digital-safety (not GenAI-specific).,verified,https://www.early.k12.ga.us/|https://www.early.k12.ga.us/school-board-members|https://www.earlycountynews.com/articles/early-county-board-of-education-officially-appoints-dr-mary-a-felton-as-superintendent/,Dr. Mary A. Felton,Superintendent,,229-723-4337,,,,,Alice Hutchins,Alice Hutchins|Board Chair|District 3|Jan 1 2006-Dec 31 2026;Robert Murkerson|Vice Chair|District 4|Jan 1 2023-Dec 31 2026;Karen McNeal|Board Member|District 1|Mar 26 2026-Dec 31 2026;Britt Price|Board Member|District 2|Jan 1 2025-Dec 31 2028;Bruce Wilson|Board Member|District 5|Jan 1 2021-Dec 31 2028,https://www.early.k12.ga.us/school-board-members,https://www.early.k12.ga.us/meetings-minutes,,"Typically 2nd Tuesday 6:00pm at Early County Administration and Training Site, 40 Harold Ragan Drive, Blakely (alternate dates possible). Sep 8 2nd-Tue already held; no separate concrete next date listed on Meetings & Minutes page beyond pattern.",2026-09-09,,,https://www.early.k12.ga.us/school-board-members,2026-09-09,https://www.early.k12.ga.us/school-board-members|https://www.early.k12.ga.us/|https://www.earlycountynews.com/articles/early-county-board-of-education-officially-appoints-dr-mary-a-felton-as-superintendent/,2026-09-06,negative,negative,No published GenAI classroom/integrity rules for learners.,No published GenAI guidance/PD; classroom rules left to improvisation.,,No genAI policy; no AI literacy/parent GenAI path; outcomes unpublished,https://www.early.k12.ga.us/,2026-09-06,,,,,
Echols County Schools,Valdosta,GA,traditional,none,none,no,no,no,no,No public AI deepfake/impersonation/HIB-linked rule recovered in reviewed primary sources.,https://www.echols.k12.ga.us/,2026-09-07,,,,,,unknown,unknown,unknown,,none,none,none,no,unknown,,,unknown,,,,96.5,2024,chronic_absenteeism,11.3,2024-25,https://static.allongeorgia.com/wp-content/uploads/2024/10/2024-4-Year-Cohort-Graduation-Rate-State-District-School-by-Subgroups-ga-doe.pdf;https://download.gosa.ga.gov/2025/Attendance_2024-25_2026-02-19_00_32_26.csv,2026-09-09,2026-09-06,No public genAI board policy handbook section or parent FAQ on echols.k12.ga.us; technology page 404 from research egress.,verified,https://www.echols.k12.ga.us/|https://www.echols.k12.ga.us/staff|https://simbli.eboardsolutions.com/Index.aspx?S=4061,Vince Hamm,Superintendent,vince.hamm@echols.k12.ga.us,229-559-5413,Carol Isgro,Technology Director,,229-559-5413,Bo Corbett,Bo Corbett|Board Chair||;Mitchell Church|Vice Chair||;Travis Dees|Board Member||;Patricia Gray|Board Member||;Chad Pafford|Board Member||,https://www.echols.k12.ga.us/staff,https://www.echols.k12.ga.us/page/board-of-education,2026-10-13,Board Meeting 7:00pm (district Thrillshare events calendar). Nov 10 and Dec 8 also listed. Simbli S=4061.,2026-09-09,,,https://www.echols.k12.ga.us/staff;https://www.echols.k12.ga.us/page/public-notices,2026-09-09,https://www.echols.k12.ga.us/staff|https://www.echols.k12.ga.us/|https://www.echols.k12.ga.us/public_notices|https://www.echols.k12.ga.us/nondiscriminationpolicy,2026-09-06,negative,negative,No published GenAI allow/cite/ban assignment rules — honesty vacuum.,No genAI guidance/PD found on district primary pages reviewed.,,No public genAI policy; technology page 404; outcomes not published,https://www.echols.k12.ga.us/staff,2026-09-06,,,,,
Effingham County Schools,Savannah,GA,traditional,principles_only,none,no,no,no,no,No public AI deepfake/impersonation/HIB-linked rule recovered in reviewed primary sources.,https://echs.effinghamschools.com/family-students/internet-acceptable-use-agreement-aua,2026-09-07,,,,,,unknown,unknown,unknown,,offered,curriculum,none,no,unknown,,,unknown,,,,90.7,2024,chronic_absenteeism,14.8,2024-25,https://static.allongeorgia.com/wp-content/uploads/2024/10/2024-4-Year-Cohort-Graduation-Rate-State-District-School-by-Subgroups-ga-doe.pdf;https://download.gosa.ga.gov/2025/Attendance_2024-25_2026-02-19_00_32_26.csv,2026-09-09,2026-09-06,Connect 2030 Goal 6 commits to cross-grade AI literacy/ethics lessons + staff PD; no public genAI classroom-use/assignment policy found; IFBG AUP/TSP silent on ChatGPT.,verified,https://www.effinghamschools.com/about-us/connect-2030-strategic-plan|https://www.effinghamschools.com/teaching-learning/information-and-instructional-technology|https://www.effinghamschools.com/teaching-learning/pathways/ctae-pathways/information-technology|https://www.effinghamschools.com/teaching-learning/information-and-instructional-technology/technology-internet-agreement|https://echs.effinghamschools.com/family-students/internet-acceptable-use-agreement-aua,Dr. Yancy Ford,Superintendent,yford@effingham.k12.ga.us,912-754-2537,Jason Malick,Director of Information Technology,jmalick@effingham.k12.ga.us,912-330-1590,Vickie Decker,Vickie Decker|Board Chair|District 5|;Lynn Anderson|Vice Chair|District 1|;Troy Allen|Board Member|District 3|;Ben Johnson|Board Member|District 4|;Jan Landing|Board Member|District 2|,https://www.effinghamschools.com/about-us/school-board,https://www.effinghamschools.com/about-us/school-board/meetings,2026-09-17,"School Board Meeting 7:00-9:00pm at 405 N Ash St, Springfield (Sept 2 2:00pm session already held). 1st Wednesday / 3rd Thursday pattern",2026-09-09,,Vickie Decker|vickiegdecker@gmail.com;Lynn Anderson|lynnanderson0913@gmail.com;Troy Allen|troy@southernoakadvisory.com;Ben Johnson|ben@landunlimited.com;Jan Landing|janlandingdistrict2@gmail.com;,https://www.effinghamschools.com/about-us/school-board,2026-09-09,https://www.effinghamschools.com/about-us/superintendents-office|https://www.effinghamschools.com/about-us/school-board|https://www.effinghamschools.com/teaching-learning/information-and-instructional-technology|https://www.effinghamschools.com/staff-profile/~const-id/4687|https://www.effinghamschools.com/staff-profile/~const-id/4425,2026-09-06,mixed,mixed,Connect 2030 commits to AI literacy/ethics lessons but no published classroom-use or assignment rules — literacy intent without operating rules.,Offered staff PD and strategic AI literacy goal help; without assignment framework teachers still invent day-to-day genAI rules.,Connect 2030 Goal 6 AI literacy/ethics + staff PD commitment; CTAE AI pathway at ECCA,No public genAI classroom-use/assignment policy; IFBG AUP silent on ChatGPT; parent AI comms none,https://www.effinghamschools.com/about-us/connect-2030-strategic-plan,2026-09-06,,,,,
Emanuel County Schools,Rural SE Georgia,GA,traditional,none,none,no,no,no,no,No public AI deepfake/impersonation/HIB-linked rule recovered in reviewed primary sources.,https://www.emanuel.k12.ga.us/parents/emanuel-county-schools-student-handbook/internet-use-agreement,2026-09-07,,,,,,unknown,unknown,unknown,,none,none,none,no,unknown,,,unknown,,,,85.1,2024,chronic_absenteeism,21.5,2024-25,https://static.allongeorgia.com/wp-content/uploads/2024/10/2024-4-Year-Cohort-Graduation-Rate-State-District-School-by-Subgroups-ga-doe.pdf;https://download.gosa.ga.gov/2025/Attendance_2024-25_2026-02-19_00_32_26.csv,2026-09-09,2026-09-06,Swainsboro GA Student Handbook Internet Use Agreement / Technology AUP covers digital citizenship filtering and notes pending SB351 social-media updates but is silent on generative AI/ChatGPT; no separate classroom genAI program published.,verified,https://www.emanuel.k12.ga.us/|https://www.emanuel.k12.ga.us/parents/emanuel-county-schools-student-handbook/internet-use-agreement|https://www.emanuel.k12.ga.us/schoolboard,Dr. Denise Warnock,Superintendent of Schools,dwarnock@emanuel.k12.ga.us,478-237-6674,Tom Williamson,Technology Coordinator,,478-237-6674,Del Brown,Del Brown|Board Chair|District 3|;John Allen Bailey|Vice Chair|District 7|;Brandon Jones|Board Member|District 1|;Cherie Hooks|Board Member|District 2|;Tanya Lane|Board Member|District 4|;Elizabeth DeVane|Board Member|District 5|;Jeannette Harden|Board Member|District 6|,https://www.emanuel.k12.ga.us/schoolboard,https://www.emanuel.k12.ga.us/schoolboard,2026-09-14,2026 BOE Meeting Dates table: Sep 14 at SPS; Oct 5 / Nov 9 / Dec 14 at County Office. Simbli S=4064.,2026-09-09,,,https://www.emanuel.k12.ga.us/schoolboard,2026-09-09,https://www.emanuel.k12.ga.us/schoolboard|emanuel.k12.ga.us central-office-staff|GSSA|Emanuel County Live Aug 2026 minutes,2026-09-06,negative,negative,No published generative-AI policy or classroom GenAI program found on district primary pages — student GenAI rules remain a vacuum.,PD coded none; teachers lack a published GenAI framework.,District primary pages present (no GenAI program found),No published generative-AI policy or classroom GenAI program; PD none; outcomes not published,https://www.emanuel.k12.ga.us/,2026-09-06,,,,,
Evans County Schools,Statesboro,GA,traditional,none,none,no,no,no,no,No public AI deepfake/impersonation/HIB-linked rule recovered in reviewed primary sources.,https://www.evans.k12.ga.us/,2026-09-07,,,,,,unknown,unknown,unknown,,none,none,none,no,unknown,,,unknown,,,,79.7,2024,chronic_absenteeism,30,2024-25,https://static.allongeorgia.com/wp-content/uploads/2024/10/2024-4-Year-Cohort-Graduation-Rate-State-District-School-by-Subgroups-ga-doe.pdf;https://download.gosa.ga.gov/2025/Attendance_2024-25_2026-02-19_00_32_26.csv,2026-09-09,2026-09-06,Claxton GA Instructional Technology page describes Chromebooks/G Suite training and digital-tool support but publishes no generative-AI classroom policy program or handbook AI section (Apptegy bodies often JS-gated).,verified,https://www.evans.k12.ga.us/|https://www.evans.k12.ga.us/page/instructional-technology|https://www.evans.k12.ga.us/page/board-of-education,Dr. Bradley Anderson,Interim Superintendent,BradleyAnderson@evanscountyschools.org,912-739-3544,Ron Myers,Technology Director,,912-739-3544,Huey Eason,Huey Bo Eason|Board Chair|Chair|;Barbara Murphy|Board Member|District 1|;Joyce Lockwood|Board Member|District 2|;Michael Tucker|Board Member|District 3|;Dorcas Moore|Board Member|District 4|;Greg Threatte|Board Member|District 5|;Larry Davis Jr.|Board Member|District 6|,https://www.evans.k12.ga.us/page/board-of-education,https://www.evans.k12.ga.us/page/boe-meeting-dates,2026-09-14,ECSS Regular Board Meeting 6:00pm (district events filter BOE Meetings).,2026-09-09,,Huey Bo Eason|beason@evanscountyschools.org;Barbara Murphy|bmurphy@evanscountyschools.org;Joyce Lockwood|jlockwood@evanscountyschools.org;Michael Tucker|mtucker@evanscountyschools.org;Dorcas Moore|dmoore@evanscountyschools.org;,https://www.evans.k12.ga.us/page/board-of-education,2026-09-09,https://www.evans.k12.ga.us/page/board-of-education|evans.k12.ga.us staff directory|Metter Advertiser FY27 budget hearing minutes|GSSA,2026-09-06,negative,negative,No generative-AI policy found; IT/AUP pages exist but no GenAI program is published for students.,PD coded none; teachers lack GenAI classroom guidance.,IT/AUP pages present (no GenAI program),No generative-AI policy or GenAI program published; PD none; outcomes not published,https://www.evans.k12.ga.us/,2026-09-06,,,,,
Floyd County Schools,Rome,GA,traditional,none,none,no,no,no,no,No public AI deepfake/impersonation/HIB-linked rule recovered in reviewed primary sources.,https://www.floydboe.net/departments/technology,2026-09-07,,,,,,unknown,unknown,unknown,,none,none,none,no,unknown,,,unknown,,,,95.4,2024,chronic_absenteeism,12.2,2024-25,https://static.allongeorgia.com/wp-content/uploads/2024/10/2024-4-Year-Cohort-Graduation-Rate-State-District-School-by-Subgroups-ga-doe.pdf;https://download.gosa.ga.gov/2025/Attendance_2024-25_2026-02-19_00_32_26.csv,2026-09-09,2026-09-06,GA Floyd (≠ Rome City; ≠ KY): Technology/ITS pages describe devices G-Suite Responsible Use and digital citizenship with no generative-AI board policy recovered.,verified,https://www.floydboe.net/departments/technology|https://www.floydboe.net/academics/instructional-technology|https://www.floydboe.net/about-us/board-of-education|https://www.floydboe.net/about-us/superintendent-s-welcome,Dr. Glenn White,Superintendent,,706-234-1031,Matt DeBord,Director of Technology,,706-234-1031,Danny Waits,Danny Waits|Board Chair|District 5|;Tony Daniel|Vice Chair|District 4|;Steve Turrentine|Board Member|District 1|;Melinda Strickland|Board Member|District 2|;Jay Shell|Board Member|District 3|,https://www.floydboe.net/about-us/board-of-education,https://www.floydboe.net/about-us/board-of-education,2026-09-21,"Caucus 5:00pm, Meeting 6:00pm (Approved Board Meeting Dates for 2026 PDF). Oct 19 next after that. Public-comment form to KirstinLeclair@FloydBoe.Net. Simbli https://simbli.eboardsolutions.com/Index.aspx?S=4068",2026-09-09,KirstinLeclair@FloydBoe.Net,,https://www.floydboe.net/about-us/board-of-education,2026-09-09,https://www.floydboe.net/about-us/board-of-education|https://www.floydboe.net/about-us/superintendent-s-welcome|https://www.floydboe.net/departments/technology,2026-09-06,negative,negative,No published GenAI allow/cite/ban assignment rules — honesty vacuum.,No genAI guidance/PD found on district primary pages reviewed.,,No public genAI policy; outcomes not published,https://www.floydboe.net/academics/instructional-technology,2026-09-06,,,,,
Glynn County Schools,Brunswick,GA,traditional,none,none,no,no,no,no,No public AI deepfake/impersonation/HIB-linked rule recovered in reviewed primary sources.,https://www.glynn.k12.ga.us/,2026-09-07,,,,,,unknown,unknown,unknown,,unknown,none,none,no,unknown,,,unknown,,,,98.7,2024,chronic_absenteeism,16.3,2024-25,https://static.allongeorgia.com/wp-content/uploads/2024/10/2024-4-Year-Cohort-Graduation-Rate-State-District-School-by-Subgroups-ga-doe.pdf;https://download.gosa.ga.gov/2025/Attendance_2024-25_2026-02-19_00_32_26.csv,2026-09-09,2026-09-06,No district genAI board policy/guidance found; Jul 2026 revises JCDA/JCDAF devices (not genAI). Glynn Academy “AI Sites for Glynn” tip PDF unread/gated — not coded as district policy.,verified,https://www.glynn.k12.ga.us/|https://www.glynn.k12.ga.us/200222_3|https://www.glynn.k12.ga.us/261196_2|https://www.glynn.k12.ga.us/technology-services-home|https://ga.glynn.k12.ga.us/technology-tips|https://www.glynn.k12.ga.us/62513?articleID=69804,Mike Blackerby,Superintendent,,(912) 267-4100 ext. 1304,Bob Schwartz,Director Technology Services,rschwartz@glynn.k12.ga.us,(912) 267-4100 Ext. 1129,Mike Hulsey,Mike Hulsey|Board Chair|At Large Post 1|term expires 12/31/2026;Jeff Dodgen|Vice Chair|District 1|term expires 12/31/2028;Eaddy Sams|Board Member|District 2|term expires 12/31/2026;John Madala|Board Member|District 3|term expires 12/31/2028;Shaw McVeigh|Interim Board Member|District 4|;Reggie Jackson|Interim Board Member|District 5|;Susan Lee|Board Member|At Large Post 2|term expires 12/31/2028,https://www.glynn.k12.ga.us/200222_3,https://www.glynn.k12.ga.us/200222_3,2026-10-13,"Regular 6:00pm Oct 13; Work Session Oct 8 5:00pm at Admin Building Board Room, 5505 Altama Avenue, Brunswick. Sept 8 regular already held (2026 Board Meeting Dates on BOE page).",2026-09-09,,Jeff Dodgen|jeffrey.dodgen@glynn.k12.ga.us;Eaddy Sams|esams@glynn.k12.ga.us;John Madala|j_madala4@yahoo.com;Shaw McVeigh|shawmcveigh@hotmail.com;Reggie Jackson|Reggie.Jackson@glynn.k12.ga.us;Mike Hulsey|mhulsey1@bellsouth.net;Susan Lee|susan.lee@glynn.k12.ga.us;,https://www.glynn.k12.ga.us/200222_3,2026-09-09,https://www.glynn.k12.ga.us/200222_3|https://www.glynn.k12.ga.us/261196_2|https://www.glynn.k12.ga.us/technology-services-home,2026-09-06,negative,mixed,No published generative-AI classroom rules found — students face honesty and access ambiguity across teachers.,Without district genAI guidance teachers invent rules classroom by classroom.,,No district genAI policy; AI Sites PDF unread,https://www.glynn.k12.ga.us/,2026-09-06,,,,,
Gordon County Schools,Calhoun,GA,traditional,none,none,no,no,no,no,No public AI deepfake/impersonation/HIB-linked rule recovered in reviewed primary sources.,https://www.gcbe.org/,2026-09-07,,,,,,unknown,unknown,unknown,,none,none,none,no,unknown,,,unknown,,,,96.8,2024,chronic_absenteeism,19.8,2024-25,https://static.allongeorgia.com/wp-content/uploads/2024/10/2024-4-Year-Cohort-Graduation-Rate-State-District-School-by-Subgroups-ga-doe.pdf;https://download.gosa.ga.gov/2025/Attendance_2024-25_2026-02-19_00_32_26.csv,2026-09-09,2026-09-06,gcbe.org paths reviewed with 1:1 Apple tech marketing and no generative-AI classroom policy; ≠ Calhoun City Schools (separate city LEA).,verified,https://www.gcbe.org/|https://www.gcbe.org/staff?filter_ids=156048|https://www.gcbe.org/article/687495|https://www.gcbe.org/article/2822375,Alice Mashburn,Superintendent,,706-629-7366,Chuck Langston,Director of Technology,,706-629-7366,Charlie Walraven,Charlie Walraven|Board Chair|Post 1|;Christie Fox|Vice Chair|Post 6|;Jason Hendrix|Board Member|Post 2|;Dana Stewart|Board Member|Post 3|;Jennifer Dixon|Board Member|Post 4|;Kacee Smith|Board Member|Post 5|;Eddie Hall|Board Member|Post at Large|,https://www.gcbe.org/page/board-of-education,https://www.gcbe.org/page/board-of-education,,Published pattern only: work session 6:00pm 1st Thursday; regular 6:00pm 2nd Monday (district vacancy notice). No dated 2026 list recovered.,2026-09-09,,,https://www.gcbe.org/page/board-of-education,2026-09-09,https://www.gcbe.org/article/687495|https://www.gcbe.org/article/2822375|https://www.gcbe.org/staff?filter_ids=156048|https://www.gcbe.org/article/1157994|https://www.gcbe.org/,2026-09-06,negative,negative,No published GenAI allow/cite/ban assignment rules — honesty vacuum.,No genAI guidance/PD found on district primary pages reviewed.,,No public genAI policy; Apptegy bot-blocks; outcomes not published,https://www.gcbe.org/,2026-09-06,,,,,
Grady County Schools,Thomasville,GA,traditional,none,none,no,no,no,no,No public AI deepfake/impersonation/HIB-linked rule recovered in reviewed primary sources.,https://www.grady.k12.ga.us/,2026-09-07,,,,,,unknown,unknown,unknown,,unknown,unknown,none,no,unknown,,,unknown,,,,85.7,2024,chronic_absenteeism,15.8,2024-25,https://static.allongeorgia.com/wp-content/uploads/2024/10/2024-4-Year-Cohort-Graduation-Rate-State-District-School-by-Subgroups-ga-doe.pdf;https://download.gosa.ga.gov/2025/Attendance_2024-25_2026-02-19_00_32_26.csv,2026-09-09,2026-09-06,Cairo GA primary site and school articles promote GaDOE Parent ProTech as a free family digital-safety resource (screen time/social media) — not a district generative-AI classroom policy; no board IFBG AI / handbook AI section recovered on accessible paths.,verified,https://www.grady.k12.ga.us/|https://www.grady.k12.ga.us/article/2368855|https://ese.grady.k12.ga.us/o/ese/article/2368859|https://www.grady.k12.ga.us/o/gcs/page/board-members,Jordan Williams,Superintendent,,229-377-3701,Chris Guest,Technology Director,,229-377-8258,Derrick Majors,Bert Stoddard|Board Member|District 1|;Derrick Majors|Board Chair|District 2|;Gerald Goosby|Vice Chair|District 3|;Teresa Gee Hardy|Board Member|District 4|;John White|Board Member|District 5|,https://www.grady.k12.ga.us/o/gcs/page/board-members,https://www.grady.k12.ga.us/o/gcs/page/board-members,,"No concrete upcoming 2026 dates on public calendar/events at verify time. Historical note: regular meetings at BOE Office 985 1st Street NW, Cairo at 6pm (live-feed). Simbli S=4077 policies.",2026-09-09,,,https://www.grady.k12.ga.us/o/gcs/page/board-members,2026-09-09,https://www.grady.k12.ga.us/staff|https://www.grady.k12.ga.us/o/gcs/page/board-members,2026-09-06,negative,negative,No published generative-AI classroom rules found after primary-site review — students face honesty and access ambiguity.,No district GenAI guidance or approved-tools list recovered; teachers invent norms.,,No public genAI policy; outcomes not published,https://www.grady.k12.ga.us/,2026-09-06,,,,,
Greene County Schools,Rural Middle Georgia,GA,traditional,none,none,no,no,no,no,No public AI deepfake/impersonation/HIB-linked rule recovered in reviewed primary sources.,https://www.greene.k12.ga.us/back-to-school-2024/school-year-2024/student-handbooks,2026-09-07,,,,,,unknown,unknown,unknown,,none,none,none,no,unknown,,,unknown,,,,93.9,2024,chronic_absenteeism,11.6,2024-25,https://static.allongeorgia.com/wp-content/uploads/2024/10/2024-4-Year-Cohort-Graduation-Rate-State-District-School-by-Subgroups-ga-doe.pdf;https://download.gosa.ga.gov/2025/Attendance_2024-25_2026-02-19_00_32_26.csv,2026-09-09,2026-09-06,No public genAI board policy or handbook AI section; Portrait of a Graduate mentions responsible digital/AI tools as graduate competency only — not classroom allow/cite/ban rules.,verified,https://www.greene.k12.ga.us/|https://www.greene.k12.ga.us/portrait-of-a-graduate|https://www.greene.k12.ga.us/departments/instructional-technology/overview|https://www.greene.k12.ga.us/back-to-school-2024/school-year-2024/student-handbooks|https://www.greene.k12.ga.us/administration/superintendent|https://www.greene.k12.ga.us/administration/boe/boe-members,Dr. Aaryn Schmuhl,Superintendent,aaryn.schmuhl@greene.k12.ga.us,706-453-7688,Kevin Strickland,Coordinator Instructional Technology and Testing & Assessment,kevin.strickland@greene.k12.ga.us,706-453-7688,Otho Tucker,Otho Tucker|Board Chair||2028;Steve Kilgore|Board Member|District 1|2026;Joe Bashore|Board Member|District 2|2028;Regina Gainer|Board Member|District 3|2026;Maggie Combs|Board Member|District 4|2028,https://www.greene.k12.ga.us/administration/boe/boe-members,https://www.greene.k12.ga.us/administration/boe/boe-meetings,2026-09-17,"Regular Thu Sep 17 6:00pm Board Meeting Room, 101 E Third St, Greensboro (3rd Thursday).",2026-09-09,emily.mcclure@greene.k12.ga.us,,https://www.greene.k12.ga.us/administration/boe/boe-members,2026-09-09,https://www.greene.k12.ga.us/administration/superintendent|https://www.greene.k12.ga.us/administration/boe/boe-members|https://www.greene.k12.ga.us/departments/instructional-technology/overview,2026-09-06,negative,negative,Portrait AI competency exists without published classroom genAI assignment rules — honesty vacuum.,Instructional Technology page is integration/training oriented without generative-AI classroom guidance or required AI PD.,Portrait of a Graduate mentions responsible digital/AI tool use as Future Ready Navigator indicator,No public genAI policy/handbook AI section; no parent AI FAQ; outcomes not published,https://www.greene.k12.ga.us/departments/instructional-technology/overview,2026-09-06,,,,,
Hall County Schools,Gainesville,GA,traditional,guidance,none,no,no,no,no,No public AI deepfake/impersonation/HIB-linked rule recovered in reviewed primary sources.,https://cwes.hallco.org/wp-content/uploads/2026/06/CWES-Parent-Student-Handbook-2026-2027.pdf;https://www.hallco.org/web/hcsd-ai-guidelines/,2026-09-07,,,,,,unknown,unknown,unknown,,none,none,yes,no,unknown,,,unknown,,,,86.9,2024,chronic_absenteeism,22.6,2024-25,https://static.allongeorgia.com/wp-content/uploads/2024/10/2024-4-Year-Cohort-Graduation-Rate-State-District-School-by-Subgroups-ga-doe.pdf;https://download.gosa.ga.gov/2025/Attendance_2024-25_2026-02-19_00_32_26.csv,2026-09-09,2026-09-06,HCSD AI Guidelines page plus 2026-27 handbook AI sections pointing families to that URL; grade-band allow/cite rules not recoverable as text (image-heavy guidelines / Sucuri). Digital Citizenship/SB351 alone would be parent_comms=none but handbook AI pointer counts as parent-facing.,verified,https://www.hallco.org/web/hcsd-ai-guidelines/|https://cwes.hallco.org/wp-content/uploads/2026/06/CWES-Parent-Student-Handbook-2026-2027.pdf|https://www.hallco.org/web/wp-content/uploads/2026/07/West_Hall_HS_planner_2026-2027.pdf|https://www.hallco.org/web/teaching-learning/|https://www.hallco.org/web/digital-citizenship-participation/|https://www.hallco.org/web/acceptable-user-agreement/|https://www.hallco.org/web/technology/,Will Schofield,Superintendent of Schools,Will.Schofield@hallco.org,770-534-1080,,,,770-534-6313,Craig Herrington,Craig Herrington|Board Chair|Post 3 West Hall & Chestatee|;Bill Thompson|Vice Chair|Post 5 County-at-Large|;Debra Smith|Board Member|Post 1 East Hall|;Brian Sloan|Board Member|Post 2 South Hall|;Beau Sheppard|Board Member|Post 4 North Hall|,https://www.hallco.org/web/meet-the-board/,https://www.hallco.org/web/boe-meeting-dates/,2026-09-14,"Work Session 5:00pm Sep 14 at Central Office, 711 Green Street, Gainesville; Regular Business Meeting Sep 28 5:00pm. 2026 schedule PDF on BOE Meeting Dates page. Livestream Youtube.com/hallcountyschools",2026-09-09,,Craig Herrington|craig.herrington@hallco.org;Bill Thompson|bill.thompson@hallco.org;Debra Smith|debra.smith@hallco.org;Brian Sloan|brian.sloan@hallco.org;Beau Sheppard|beau.sheppard@hallco.org;,https://www.hallco.org/web/meet-the-board/,2026-09-09,https://www.hallco.org/web/meet-the-board/|https://www.hallco.org/web/hcsd-system-facts/|https://www.hallco.org/web/contact-central-office/|https://www.hallco.org/web/eddie-millwood-director-of-digital-convergence-announces-retirement/|https://www.hallco.org/web/technology/,2026-09-06,mixed,mixed,Published district AI Guidelines + handbook pointers give an official ethical-use stance; without recoverable grade-band allow/cite/ban text or literacy curriculum students still face assignment ambiguity.,Guidance page exists as a reference but no public AI PD or assignment framework recovered — teachers still invent classroom rules within the guidelines umbrella.,HCSD AI Guidelines public page; 2026-27 handbook AI sections linking to district guidelines (elem + HS),Guidelines body image/OCR inaccessible; no published traffic-light/citation framework; no AI PD/literacy outcomes; tech_lead blank on verified primary HTML,https://www.hallco.org/web/hcsd-ai-guidelines/|https://cwes.hallco.org/wp-content/uploads/2026/06/CWES-Parent-Student-Handbook-2026-2027.pdf|https://www.hallco.org/web/wp-content/uploads/2026/07/West_Hall_HS_planner_2026-2027.pdf,2026-09-06,,,,,
Hancock County Schools,Rural Middle Georgia,GA,traditional,none,none,no,no,no,no,No public AI deepfake/impersonation/HIB-linked rule recovered in reviewed primary sources.,https://www.hancock.k12.ga.us/;https://www.hancock.k12.ga.us/page/board-members,2026-09-07,,,,,,unknown,unknown,unknown,,none,none,none,no,unknown,,,unknown,,,,83.1,2024,chronic_absenteeism,23.6,2024-25,https://static.allongeorgia.com/wp-content/uploads/2024/10/2024-4-Year-Cohort-Graduation-Rate-State-District-School-by-Subgroups-ga-doe.pdf;https://download.gosa.ga.gov/2025/Attendance_2024-25_2026-02-19_00_32_26.csv,2026-09-09,2026-09-06,GA Hancock (Sparta — ≠ MS/KY/WV): no public genAI board policy handbook section; Thrillshare people/tech pages often nav-only.,verified,https://www.hancock.k12.ga.us/|https://www.hancock.k12.ga.us/page/board-members|https://www.hancock.k12.ga.us/page/technology|https://simbli.eboardsolutions.com/index.aspx?s=4083|https://ams.embr.mobi/gsba/apps/aboutus/board.asp?ID=4083,Dr. Anton Anthony,Superintendent,,706-444-5775,,,,,Dennis Brown,Dennis Brown|Board Chair||;Glashandrian Bell|Vice Chair||;Jimauis Glover|Board Member||;Mary Jackson|Board Member||;Reginald Reynolds|Board Member||,https://ams.embr.mobi/gsba/apps/aboutus/board.asp?ID=4083,https://www.hancock.k12.ga.us/o/hcs/page/board-meeting-dates,,Meeting-dates page + live-feed notices; latest listed through early Aug — no concrete upcoming Sep/Oct date verified. Simbli S=4083.,2026-09-09,,,https://www.hancock.k12.ga.us/page/board-members,2026-09-09,https://ams.embr.mobi/gsba/apps/aboutus/board.asp?ID=4083|https://www.hancock.k12.ga.us/page/board-members|https://www.hancock.k12.ga.us/page/technology|https://www.thetruecitizen.com/articles/bchs-graduate-named-superintendent-of-hancock-county-schools/,2026-09-06,negative,negative,No published GenAI allow/cite/ban assignment rules — honesty vacuum.,No genAI guidance/PD found on district primary pages reviewed.,,No public genAI policy; tech_lead blank; district people pages unpublished in HTML; outcomes not published,https://www.hancock.k12.ga.us/page/technology,2026-09-06,,,,,
Harris County Schools,Columbus,GA,traditional,none,none,no,no,no,no,No public AI deepfake/impersonation/HIB-linked rule recovered in reviewed primary sources.,https://www.harriscountyga.gov/wp-content/uploads/2025/12/mc250923-Joint-BOE.pdf,2026-09-07,,,,,,unknown,unknown,unknown,,none,none,none,no,unknown,,,unknown,,,,90.5,2024,chronic_absenteeism,9.5,2024-25,https://static.allongeorgia.com/wp-content/uploads/2024/10/2024-4-Year-Cohort-Graduation-Rate-State-District-School-by-Subgroups-ga-doe.pdf;https://download.gosa.ga.gov/2025/Attendance_2024-25_2026-02-19_00_32_26.csv,2026-09-09,2026-09-06,No public genAI board policy/handbook/FAQ found (district pages often bot-blocked); Carver MS live feed describes students using GitHub Copilot and LM Studio without published district GenAI rules.,verified,https://www.harris.k12.ga.us/|https://www.harris.k12.ga.us/page/district-policy|https://www.harris.k12.ga.us/live-feed?page_no=2|https://www.harriscountyga.gov/wp-content/uploads/2025/12/mc250923-Joint-BOE.pdf,Dr. Justin Finney,Superintendent,,706-628-4206,,,,,Garnett Ray III,Stephen Johnston|Board Member|District 1|;Bridgett Oliver|Board Member|District 2|;Garnett Ray III|Board Chair|District 3|;Scott Greene|Board Member|District 4|;Harry Proctor|Board Member|District 5|;Steve Goodnoe|Vice Chair|District 6 Super District|;Monica Sparks|Board Member|District 7 Super District|,https://www.harriscountyga.gov/wp-content/uploads/2025/12/mc250923-Joint-BOE.pdf,https://www.harris.k12.ga.us/page/board-meeting-schedule-26-27,,Board Meeting Schedule 26-27 page present but no concrete Sep/Oct dates recovered on fetch; eBoard/Simbli https://simbli.eboardsolutions.com/index.aspx?s=4085. Secondary sources cite 3rd Monday 6pm pattern — left next date blank,2026-09-09,,,https://www.harris.k12.ga.us/page/school-board,2026-09-09,https://www.harriscountyga.gov/wp-content/uploads/2025/12/mc250923-Joint-BOE.pdf|https://www.harris.k12.ga.us/,2026-09-06,negative,mixed,No published allow/cite/ban GenAI assignment rules — honesty vacuum even where MS students reportedly build with Copilot/LM Studio.,Classroom AI-building practice reported without district guidance or PD program — autonomy without backup.,HCCMS live-feed project using GitHub Copilot and LM Studio,No public genAI policy; district board HTML inaccessible; tech lead blank; outcomes not published,https://www.harris.k12.ga.us/live-feed?page_no=2|https://www.harris.k12.ga.us/page/district-policy,2026-09-06,,,,,
Houston County Schools,Warner Robins,GA,traditional,none,none,no,no,no,no,No public AI deepfake/impersonation/HIB-linked rule recovered in reviewed primary sources.,https://www.hcbe.net/districtstudenthandbooks,2026-09-07,,,,,,unknown,unknown,unknown,,none,yes,none,no,unknown,,,unknown,,,,91.2,2024,chronic_absenteeism,17.4,2024-25,https://static.allongeorgia.com/wp-content/uploads/2024/10/2024-4-Year-Cohort-Graduation-Rate-State-District-School-by-Subgroups-ga-doe.pdf;https://download.gosa.ga.gov/2025/Attendance_2024-25_2026-02-19_00_32_26.csv,2026-09-09,2026-09-06,GA Houston (Warner Robins/Perry — ≠ TX): no district genAI board policy/handbook section; Academy of Innovation LIA2 sprint builds AI literacy for participating 6–12 students — not district-wide assignment framework.,verified,https://www.hcbe.net/|https://www.hcbe.net/technology|https://www.hcbe.net/academyofinnovation|https://www.hcbe.net/boe|https://www.hcbe.net/districtstudenthandbooks,Dr. Richard Rogers,Superintendent of Schools,,478-988-6200,Dr. Steven Hornyak,Chief Innovation Officer,steven.hornyak@hcbe.net,478-988-6145,Dr. Rick Unruh,Dr. Rick Unruh|Board Chair|District 1|odd posts expire 2028;Lori Johnson|Board Member|District 2|even posts expire 2026;Dave Crockett|Vice Chair|District 3|odd posts expire 2028;Jon Nichols|Board Member|District 4|even posts expire 2026;Angel Brown|Board Member|District 5|odd posts expire 2028;Mark Ivory|Board Member|District 6 At Large|even posts expire 2026;Clyde Jackson Jr.|Board Member|District 7 At Large|odd posts expire 2028,https://www.hcbe.net/boe,https://www.hcbe.net/boe,2026-10-06,Board Meeting 1:00pm BOE Perry (2026 Board Meeting Calendar on BOE page). Sep 8 work/meeting already held; Oct 5 work session also listed. Seat emails post1–post7@hcbe.net.,2026-09-09,,Post 1|post1@hcbe.net;Post 2|post2@hcbe.net;Post 3|post3@hcbe.net;Post 4|post4@hcbe.net;Post 5|post5@hcbe.net;Post 6|post6@hcbe.net;Post 7|post7@hcbe.net;,https://www.hcbe.net/boe,2026-09-09,https://www.hcbe.net/boe|https://www.hcbe.net/technology|https://www.hcbe.net/academyofinnovation,2026-09-06,mixed,negative,LIA2 AI literacy sprint exists for Academy of Innovation cohort but district-wide GenAI assignment honesty rules unpublished — vacuum for most students.,No published genAI PD/guidance on Technology page; teachers invent classroom norms outside Academy sprints.,Academy of Innovation LIA2 literacy sprint,No public genAI policy; tech director blank on Technology page; outcomes not published,https://www.hcbe.net/academyofinnovation|https://www.hcbe.net/technology,2026-09-06,,,,,
Irwin County Schools,Rural South Georgia,GA,traditional,none,none,no,no,no,no,No public AI deepfake/impersonation/HIB-linked rule recovered in reviewed primary sources.,https://www.irwin.k12.ga.us/,2026-09-07,,,,,,unknown,unknown,unknown,,unknown,unknown,none,no,unknown,,,unknown,,,,91.4,2024,chronic_absenteeism,19.1,2024-25,https://static.allongeorgia.com/wp-content/uploads/2024/10/2024-4-Year-Cohort-Graduation-Rate-State-District-School-by-Subgroups-ga-doe.pdf;https://download.gosa.ga.gov/2025/Attendance_2024-25_2026-02-19_00_32_26.csv,2026-09-09,2026-09-06,No district generative-AI board policy or handbook AI section found; casual ChatGPT staff caricature post is not policy.,verified,https://www.irwin.k12.ga.us/|https://www.irwin.k12.ga.us/page/policies|https://www.irwin.k12.ga.us/page/board-of-education,Kerry Billingsley,Superintendent of Schools,kbillingsley@irwin.k12.ga.us,229-468-7485,,,,,Paige Wynn,Kurt Wilmot|Vice Chair|District 1|;Chandler Rowe|Board Member|District 2|;Paige Wynn|Board Chair|District 3|;Holly Conner|Board Member|District 4|;James Curtis|Board Member|District 5|,https://www.irwin.k12.ga.us/page/board-of-education,https://www.irwin.k12.ga.us/page/board-of-education,,IC BOE Members/Districts & Meetings page; Apptegy body sparse this pass — no concrete upcoming date recovered.,2026-09-09,,,https://www.irwin.k12.ga.us/page/board-of-education,2026-09-09,https://www.irwin.k12.ga.us/staff|https://www.irwin.k12.ga.us/page/board-of-education,2026-09-06,negative,negative,No published generative-AI classroom rules found after primary-site review — students face honesty and access ambiguity.,No district GenAI guidance or approved-tools list recovered; teachers invent norms.,,No public genAI policy; outcomes not published,https://www.irwin.k12.ga.us/page/policies,2026-09-06,,,,,
Jeff Davis County Schools,Rural SE Georgia,GA,traditional,none,none,no,no,no,no,No public AI deepfake/impersonation/HIB-linked rule recovered in reviewed primary sources.,https://www.jeff-davis.k12.ga.us/,2026-09-07,,,,,,unknown,unknown,unknown,,none,none,none,no,unknown,,,unknown,,,,97.4,2024,chronic_absenteeism,22.2,2024-25,https://static.allongeorgia.com/wp-content/uploads/2024/10/2024-4-Year-Cohort-Graduation-Rate-State-District-School-by-Subgroups-ga-doe.pdf;https://download.gosa.ga.gov/2025/Attendance_2024-25_2026-02-19_00_32_26.csv,2026-09-09,2026-09-06,≠ Jefferson City/County: Technology page infrastructure-oriented with no generative-AI classroom rules; Simbli Members Incapsula-blocked.,verified,https://www.jeff-davis.k12.ga.us/|https://www.jeff-davis.k12.ga.us/apps/pages/index.jsp?uREC_ID=2028816&type=d&pREC_ID=2107239|https://www.jeff-davis.k12.ga.us/apps/pages/index.jsp?type=d&uREC_ID=2028812|https://simbli.eboardsolutions.com/Policy/PolicyListing.aspx?S=4093|https://ams.embr.mobi/gsba/apps/aboutus/board.asp?ID=4093,Dr. Chris Roppe,Superintendent,,912-375-6700,Chris Raulerson,Director of Technology,,912-375-6700,Roger D. Ogilvie,Roger D. Ogilvie|Board Chair||;Anderson Ramay|Vice Chair||;Larry Allen|Board Member||;Greg Brantley|Board Member||;John Girtman|Board Member||;David Miller|Board Member||;Shannon New|Board Member||,https://ams.embr.mobi/gsba/apps/aboutus/board.asp?ID=4093,https://simbli.eboardsolutions.com/Index.aspx?S=4093,,Simbli S=4093 + GSBA aboutus ID=4093; no dated public 2026 meeting list recovered on district home this pass.,2026-09-09,,,https://ams.embr.mobi/gsba/apps/aboutus/board.asp?ID=4093,2026-09-09,https://www.jeff-davis.k12.ga.us/apps/pages/index.jsp?type=d&uREC_ID=2028812|https://www.jeff-davis.k12.ga.us/apps/pages/index.jsp?uREC_ID=2028816&type=d&pREC_ID=2107239|https://ams.embr.mobi/gsba/apps/aboutus/board.asp?ID=4093,2026-09-06,negative,negative,No published GenAI allow/cite/ban assignment rules — honesty vacuum.,No genAI guidance/PD found on district primary pages reviewed.,,No public genAI policy; Simbli Members bot-blocked; outcomes not published,https://www.jeff-davis.k12.ga.us/apps/pages/index.jsp?uREC_ID=2028816&type=d&pREC_ID=2107239,2026-09-06,,,,,
Johnson County Schools,Dublin,GA,traditional,none,none,no,no,no,no,No public AI deepfake/impersonation/HIB-linked rule recovered in reviewed primary sources.,https://www.johnson.k12.ga.us/parent-resources/student-handbook,2026-09-07,,,,,,unknown,unknown,unknown,,none,none,none,no,unknown,,,unknown,,,,85.9,2024,chronic_absenteeism,15.3,2024-25,https://static.allongeorgia.com/wp-content/uploads/2024/10/2024-4-Year-Cohort-Graduation-Rate-State-District-School-by-Subgroups-ga-doe.pdf;https://download.gosa.ga.gov/2025/Attendance_2024-25_2026-02-19_00_32_26.csv,2026-09-09,2026-09-06,"GA Johnson (Wrightsville — ≠ TN/IN): Technology department page and Parent Resources Student Handbook path were reviewed; no public generative-AI board policy, handbook AI section, or parent FAQ recovered on accessible Finalsite bodies.",verified,https://www.johnson.k12.ga.us/|https://www.johnson.k12.ga.us/departments/technology|https://www.johnson.k12.ga.us/parent-resources/student-handbook|https://www.johnson.k12.ga.us/about-us/board-information,Dr. Christopher Watkins,Superintendent,jcboe@johnson.k12.ga.us,478-864-3302,,,,,Donald E. Smith,Sherrie Smith|Board Member|District 1|;Kevin Brantley|Vice Chair|District 2|;Jacob Waller|Board Member|District 3|;Donald E. Smith|Board Chair|District 4|;Marty J. Thompson|Board Member|District 5|,https://www.johnson.k12.ga.us/about-us/board-information,https://www.johnson.k12.ga.us/about-us/board-information,,Board Meeting Schedule referenced in Resource Library; dated public list not recovered this pass.,2026-09-09,,,https://www.johnson.k12.ga.us/about-us/board-information,2026-09-09,https://www.johnson.k12.ga.us/about-us/board-information|https://www.johnson.k12.ga.us/,2026-09-06,negative,negative,No published genAI allow/cite/ban assignment rules — honesty vacuum.,No genAI guidance/PD found on district primary pages reviewed.,,No public genAI policy; tech lead blank; outcomes not published,https://www.johnson.k12.ga.us/departments/technology,2026-09-06,,,,,
Jones County Schools,Macon,GA,traditional,none,none,no,no,no,no,No public AI deepfake/impersonation/HIB-linked rule recovered in reviewed primary sources.,https://www.jones.k12.ga.us/2026-2027%20Student%20Handbook.pdf;https://www.jones.k12.ga.us/JCSS%20PDFs/FY27%20JCSS%20Board%20of%20Education%20Meeting%20Dates.pdf,2026-09-07,,,,,,unknown,unknown,unknown,,none,none,none,no,unknown,,,unknown,,,,85.6,2024,chronic_absenteeism,20.7,2024-25,https://static.allongeorgia.com/wp-content/uploads/2024/10/2024-4-Year-Cohort-Graduation-Rate-State-District-School-by-Subgroups-ga-doe.pdf;https://download.gosa.ga.gov/2025/Attendance_2024-25_2026-02-19_00_32_26.csv,2026-09-09,2026-09-06,2026–2027 Student Handbook bans Meta AI/Smart glasses as personal devices and updates Internet AUP IFBG — device/AUP focus not generative-AI homework rules or parent AI FAQ.,verified,https://www.jones.k12.ga.us/|https://www.jones.k12.ga.us/2026-2027%20Student%20Handbook.pdf|https://www.jones.k12.ga.us/JCSS%20PDFs/FY27%20JCSS%20Board%20of%20Education%20Meeting%20Dates.pdf|https://www.jones.k12.ga.us/apps/staff/,Dr. Jessica B. Graves,Superintendent,jessica.graves@jones.k12.ga.us,478-986-3032,Adam Barnett,Technology Director,abarnett@jones.k12.ga.us,478-986-3032,Ginger Bailey,Ginger Bailey|Board Chair|At-Large|;Nancy Nash|Vice Chair|District 3|;Mike Gordon|Board Member|District 1|;Brady Skinner|Board Member|District 2|;Kim Washburn|Board Member|District 4|,https://www.jones.k12.ga.us/2026-2027%20Student%20Handbook.pdf,https://www.jones.k12.ga.us/JCSS%20PDFs/FY27%20JCSS%20Board%20of%20Education%20Meeting%20Dates.pdf,2026-09-14,"Work Session 5:00pm then BOE Meeting 6:00pm at 125 Stewart Avenue, Gray (FY27 meeting dates PDF)",2026-09-09,,,https://www.jones.k12.ga.us/JCSS%20PDFs/FY27%20JCSS%20Board%20of%20Education%20Meeting%20Dates.pdf,2026-09-09,https://www.jones.k12.ga.us/2026-2027%20Student%20Handbook.pdf|https://www.jones.k12.ga.us/JCSS%20PDFs/FY27%20JCSS%20Board%20of%20Education%20Meeting%20Dates.pdf|https://www.jones.k12.ga.us/apps/staff/,2026-09-06,negative,negative,Meta AI glasses device ban is not a generative-AI assignment framework — ChatGPT-class honesty vacuum remains.,No genAI guidance/PD found on district primary pages reviewed.,,No public genAI classroom policy; Meta AI mention is device-only; outcomes not published,https://www.jones.k12.ga.us/2026-2027%20Student%20Handbook.pdf,2026-09-06,,,,,
Lamar County Schools,Rural Middle Georgia,GA,traditional,none,none,no,no,no,no,No public AI deepfake/impersonation/HIB-linked rule recovered in reviewed primary sources.,https://www.lamar.k12.ga.us/,2026-09-07,,,,,,unknown,unknown,unknown,,none,none,none,no,unknown,,,unknown,,,,90.4,2024,chronic_absenteeism,16.9,2024-25,https://static.allongeorgia.com/wp-content/uploads/2024/10/2024-4-Year-Cohort-Graduation-Rate-State-District-School-by-Subgroups-ga-doe.pdf;https://download.gosa.ga.gov/2025/Attendance_2024-25_2026-02-19_00_32_26.csv,2026-09-09,2026-09-06,GA Lamar (Barnesville — ≠ MS): no public genAI board policy handbook AI section; do not confuse with Lamar County MS AI news/BoardBook EFC.,verified,https://www.lamar.k12.ga.us/|https://www.lamar.k12.ga.us/staff|https://www.lamar.k12.ga.us/page/superintendents-office|https://barnesvillebuzz.com/lamar-county-school-board-reduces-millage-rate-lowers-property-taxes/,Dr. Jessica Watson,Superintendent,jessica.watson@lamar.k12.ga.us,770-358-5891,Jarrod Fletcher,Director of Technology,jfletche@lamar.k12.ga.us,770-358-5891,Ron Smith,Ron Smith|Board Chair|District 4|;James Butler|Board Member|District 1|;Robyn Roache|Board Member|District 2|;Glen Allen|Board Member|District 3|;Danny Turner|Board Member||,https://www.lamar.k12.ga.us/staff,https://www.lamar.k12.ga.us/,,Finalsite challenge blocked detailed schedule/email fetch; no concrete upcoming date verified.,2026-09-09,,,https://www.lamar.k12.ga.us/staff,2026-09-09,https://www.lamar.k12.ga.us/staff|https://barnesvillebuzz.com/lamar-county-school-board-reduces-millage-rate-lowers-property-taxes/|https://barnesvillebuzz.com/its-official-dr-jessica-watson-is-hired-by-board-of-education/|https://ams.embr.mobi/gsba/apps/aboutus/board.asp?ID=4099,2026-09-06,negative,negative,No published GenAI allow/cite/ban assignment rules — honesty vacuum.,No genAI guidance/PD found on district primary pages reviewed.,,No public genAI policy; Finalsite challenge; MS district AI news collision risk; outcomes not published,https://www.lamar.k12.ga.us/staff,2026-09-06,,,,,
Lanier County Schools,Valdosta,GA,traditional,none,none,no,no,no,no,No public AI deepfake/impersonation/HIB-linked rule recovered in reviewed primary sources.,https://www.lanier.k12.ga.us/handbooksandagreements;https://content.myconnectsuite.com/api/documents/8d82163a00d54672ac78dee4a4204402.pdf,2026-09-07,,,,,,unknown,unknown,unknown,,unknown,unknown,none,no,unknown,,,unknown,,,,93.8,2024,chronic_absenteeism,17.3,2024-25,https://static.allongeorgia.com/wp-content/uploads/2024/10/2024-4-Year-Cohort-Graduation-Rate-State-District-School-by-Subgroups-ga-doe.pdf;https://download.gosa.ga.gov/2025/Attendance_2024-25_2026-02-19_00_32_26.csv,2026-09-09,2026-09-06,Lakeland GA 2026–27 Handbook Technology Acceptable Use Agreement covers CIPA filtering and SB351 social-media access rules but is silent on generative AI/ChatGPT; Technology and Handbooks pages list no separate genAI classroom program.,verified,https://www.lanier.k12.ga.us/|https://www.lanier.k12.ga.us/handbooksandagreements|https://content.myconnectsuite.com/api/documents/8d82163a00d54672ac78dee4a4204402.pdf|https://www.lanier.k12.ga.us/technology|https://www.lanier.k12.ga.us/superintendent|https://www.lanier.k12.ga.us/boardmembers,Gene Culpepper,Superintendent,gene.culpepper@lanier.k12.ga.us,229-482-3966,Brian Hunt,Technology Director,brian.hunt@lanier.k12.ga.us,,Randy Sirmans,Randy Sirmans|Board Chair||;Erlish Locklear|Board Member|District 1|;John W. Strickland Jr.|Board Member|District 2|;Phillip Connell|Board Member|District 3|;Denny Fender|Board Member|District 4|,https://www.lanier.k12.ga.us/boardmembers,https://www.lanier.k12.ga.us/boardmembers,2026-09-10,"Work Session 7:00pm Sep 10; Regular Meeting 7:00pm Sep 14 at Threatte Center, 209 S Hwy 221, Lakeland (2026 Work Sessions and Meetings Schedule PDF). Simbli S=4100.",2026-09-09,info@lanier.k12.ga.us,,https://www.lanier.k12.ga.us/boardmembers,2026-09-09,https://www.lanier.k12.ga.us/superintendent|https://www.lanier.k12.ga.us/staff|https://www.lanier.k12.ga.us/boardmembers,2026-09-06,negative,negative,No published generative-AI classroom rules found after primary-site review — students face honesty and access ambiguity.,No district GenAI guidance or approved-tools list recovered; teachers invent norms.,,No public genAI policy; outcomes not published,https://www.lanier.k12.ga.us/,2026-09-06,,,,,
Laurens County Schools,Dublin,GA,traditional,none,none,no,no,no,no,No public AI deepfake/impersonation/HIB-linked rule recovered in reviewed primary sources.,https://www.lcboe.net/,2026-09-07,,,,,,unknown,unknown,unknown,,none,none,none,no,unknown,,,unknown,,,,89.3,2024,chronic_absenteeism,20.4,2024-25,https://static.allongeorgia.com/wp-content/uploads/2024/10/2024-4-Year-Cohort-Graduation-Rate-State-District-School-by-Subgroups-ga-doe.pdf;https://download.gosa.ga.gov/2025/Attendance_2024-25_2026-02-19_00_32_26.csv,2026-09-09,2026-09-06,GA Laurens County (≠ Dublin City): no public genAI board policy; homepage Parent ProTech is digital-safety only → parent_comms=none.,verified,https://www.lcboe.net/|https://www.lcboe.net/338421_2|https://www.lcboe.net/434834_2|https://www.lcboe.net/lcboe-policies-and-procedures,Dr. Otha J. Hall,Superintendent,,478-272-4767,,,,,Tony Johnson,Tony Johnson|Board Chair||;Kenny Payne|Vice Chair||;Kathy Sweat|Board Member||;Jarvis Wilcher|Board Member||;Kevin Malone|Board Member||,https://www.lcboe.net/338421_2,https://www.lcboe.net/338421_2,2026-09-10,"Regular 5:30pm at 467 Firetower Road, Dublin (2026 Board Meeting Dates PDF). Work session Sep 8 5:00pm already held.",2026-09-09,,,https://www.lcboe.net/338421_2,2026-09-09,https://www.lcboe.net/338421_2|https://www.lcboe.net/434834_2,2026-09-06,negative,negative,No published genAI allow/cite/ban assignment rules — honesty vacuum.,No genAI guidance/PD found on district primary pages reviewed.,,No public genAI policy; Parent ProTech alone; tech lead blank; outcomes not published,https://www.lcboe.net/,2026-09-06,,,,,
Lee County Schools,Albany,GA,traditional,none,none,no,no,no,no,No public AI deepfake/impersonation/HIB-linked rule recovered in reviewed primary sources.,https://resources.finalsite.net/images/v1751919596/leek12gaus/yjz1pp6svuadcdiheesx/StudentHandbook9-12.pdf,2026-09-07,,,,,,unknown,unknown,unknown,,none,none,none,no,unknown,,,unknown,,,,88.9,2024,chronic_absenteeism,13.1,2024-25,https://static.allongeorgia.com/wp-content/uploads/2024/10/2024-4-Year-Cohort-Graduation-Rate-State-District-School-by-Subgroups-ga-doe.pdf;https://download.gosa.ga.gov/2025/Attendance_2024-25_2026-02-19_00_32_26.csv,2026-09-09,2026-09-06,GA Lee (Leesburg — ≠ FL/AL/NC): Technology AUP/plans published; 9–12 handbook (Jul 2025) has no GenAI section recovered. May/Jun 2026 election winners not yet seated on district roster.,verified,https://www.lee.k12.ga.us/|https://www.lee.k12.ga.us/school-board|https://www.lee.k12.ga.us/departments/technology|https://resources.finalsite.net/images/v1751919596/leek12gaus/yjz1pp6svuadcdiheesx/StudentHandbook9-12.pdf,Dr. Kathleen Truitt,Superintendent,,229-903-2100,Blair Johnston,Technology Director,,229-903-2100,Claire Lang,Claire Lang|Board Chair|District II|;Donna Ford|Vice Chair|District I|;Trey Newell|Board Member|District III|;Jamie McDowell|Board Member|District IV|;Fran Walls|Board Member|District V|,https://www.lee.k12.ga.us/school-board,https://simbli.eboardsolutions.com/SB_Meetings/SB_MeetingListing.aspx?S=4102,2026-09-14,"Business Meeting 5:30pm (2026 Board Meeting Calendar PDF via lee.k12.ga.us school-board). Board Room, 126 Starksville Ave N, Leesburg. Whole Board Training also noted for September (TBA).",2026-09-09,,Donna Ford|forddo@lee.k12.ga.us;Claire Lang|langcl@lee.k12.ga.us;Trey Newell|newelltr@lee.k12.ga.us;Jamie McDowell|mcdowellja@lee.k12.ga.us;Fran Walls|wallsfr@lee.k12.ga.us;,https://www.lee.k12.ga.us/school-board,2026-09-09,https://resources.finalsite.net/images/v1751919596/leek12gaus/yjz1pp6svuadcdiheesx/StudentHandbook9-12.pdf|https://www.lee.k12.ga.us/school-board|https://www.lee.k12.ga.us/departments/technology,2026-09-06,negative,negative,No published GenAI classroom/integrity rules for learners.,No published GenAI guidance/PD; classroom rules left to improvisation.,,No genAI policy; no AI literacy/parent GenAI path; outcomes unpublished,https://www.lee.k12.ga.us/departments/technology,2026-09-06,,,,,
Liberty County Schools,Hinesville,GA,traditional,none,none,no,no,no,no,No public AI deepfake/impersonation/HIB-linked rule recovered in reviewed primary sources.,https://libertyschools.org/pdf/Technology/acceptableusepolicy.pdf,2026-09-07,,,,,,unknown,unknown,unknown,Google Workspace,none,none,none,no,unknown,,,unknown,,,,90.9,2024,chronic_absenteeism,31,2024-25,https://static.allongeorgia.com/wp-content/uploads/2024/10/2024-4-Year-Cohort-Graduation-Rate-State-District-School-by-Subgroups-ga-doe.pdf;https://download.gosa.ga.gov/2025/Attendance_2024-25_2026-02-19_00_32_26.csv,2026-09-09,2026-09-06,Charter system; public Internet AUP and district pages silent on generative AI/ChatGPT; Instructional Technology supports emerging tech training without published genAI rules.,verified,https://www.libertyschools.org/|https://libertyschools.org/pdf/Technology/acceptableusepolicy.pdf|https://www.libertyschools.org/m/pages/index.jsp?type=d&uREC_ID=443502|https://www.libertyschools.org/apps/pages/?type=d&uREC_ID=601287|https://www.libertyschools.org/apps/pages/index.jsp?type=d&uREC_ID=390167,Debra B. Frazier,Superintendent,,912-876-2161,Dr. John Ryan,Executive Director of Technology and Media,jryan@liberty.k12.ga.us,912-369-3098,Verdell Jones,Verdell Jones|Board Chair||;Lavonia LeCounte|Vice Chair|District 1|;Marcus Scott IV|Board Member|District 2|;Carol Guyett|Board Member|District 3|;Natalie Hines|Board Member|District 4|;Chante Baker Martin|Board Member|District 5|;Donita T. Strickland|Board Member|District 6|,https://www.libertyschools.org/apps/pages/index.jsp?type=d&uREC_ID=390167,https://www.libertyschools.org/apps/pages/index.jsp?pREC_ID=1194942&termREC_ID=&type=d&uREC_ID=390167,2026-10-13,Regular 5:30pm (Board Meeting Dates 2026 table). Sep 8 already held; Oct 27 work session 9:00am also listed. Livestream often on Facebook.,2026-09-09,,Verdell Jones|vjones@liberty.k12.ga.us;Lavonia LeCounte|lavonia.lecounte@liberty.k12.ga.us;Marcus Scott IV|mascott@liberty.k12.ga.us;Carol Guyett|cguyett@liberty.k12.ga.us;Natalie Hines|natalie.hines@liberty.k12.ga.us;Charlie Martin|cmartin@liberty.k12.ga.us;DT Strickland|dtstrickland@liberty.k12.ga.us;,https://www.libertyschools.org/apps/pages/index.jsp?type=d&uREC_ID=390167,2026-09-09,https://www.libertyschools.org/apps/pages/?type=d&uREC_ID=601287|https://www.libertyschools.org/apps/pages/index.jsp?type=u&uREC_ID=1769013|https://www.libertyschools.org/apps/pages/index.jsp?type=d&uREC_ID=390167,2026-09-06,negative,negative,No published generative-AI classroom rules found — students face honesty and access ambiguity across teachers.,Without district genAI guidance teachers invent rules classroom by classroom; AUP/tech pages alone do not set assignment norms.,,No public genAI policy guidance or handbook AI language found,https://libertyschools.org/pdf/Technology/acceptableusepolicy.pdf,2026-09-06,,,,,
Long County Schools,Hinesville,GA,traditional,none,none,no,no,no,no,No public AI deepfake/impersonation/HIB-linked rule recovered in reviewed primary sources.,https://www.longcountyps.com/,2026-09-07,,,,,,unknown,unknown,unknown,,none,none,none,no,unknown,,,unknown,,,,93.4,2024,chronic_absenteeism,19.8,2024-25,https://static.allongeorgia.com/wp-content/uploads/2024/10/2024-4-Year-Cohort-Graduation-Rate-State-District-School-by-Subgroups-ga-doe.pdf;https://download.gosa.ga.gov/2025/Attendance_2024-25_2026-02-19_00_32_26.csv,2026-09-09,2026-09-06,No public genAI policy found; Parent ProTech promoted for SB351 digital citizenship/online safety (not genAI classroom rules).,verified,https://www.longcountyps.com/|https://www.longcountyps.com/page/about|https://www.longcountyps.com/page/board-of-education|https://www.longcountyps.com/live-feed|https://www.longcountyps.com/staff?page_no=2,Heath Crane,Superintendent,hcrane@longcountyschools.org,912-545-2367,Dr. Amanda Sikes,Technology Coordinator,,912-545-7810,Bruce DeLoach,Tony Duncan|Board Member|District 1|January 1 2025 - December 31 2028;Bruce DeLoach|Board Chair|District 2|January 1 2025 - December 31 2028;Melissa Craft|Board Member|District 3|January 1 2025 - December 31 2028;Linda Deloach|Board Member|District 4|January 1 2025 - December 31 2028;Bryan Wingate|Vice Chair|District 5|January 1 2025 - December 31 2028,https://www.longcountyps.com/page/board-of-education,https://www.longcountyps.com/page/board-of-education,,Pattern: 2nd Tuesday 4:30pm at Long County BOE unless otherwise noted. Sep 8 already held; no dated October list recovered.,2026-09-09,,Tony Duncan|tduncan@longcountyschools.org;Bruce DeLoach|bdeloach@longcountyschools.org;Melissa Craft|mcraft@longcountyschools.org;Larry DeLoach|ldeloach@longcountyschools.org;Bridget Wingate|bwingate@longcountyschools.org;,https://www.longcountyps.com/page/board-of-education,2026-09-09,https://www.longcountyps.com/|https://www.longcountyps.com/page/board-of-education|https://www.longcountyps.com/staff?page_no=2|https://www.longcountyps.com/page/about|https://www.longcountyschools.org/,2026-09-06,negative,negative,No published generative-AI classroom rules found — students face honesty and access ambiguity across teachers.,Without district genAI guidance teachers invent rules classroom by classroom; AUP/tech pages alone do not set assignment norms.,,No public genAI policy guidance or handbook AI language found,https://www.longcountyps.com/,2026-09-06,,,,,
Lowndes County Schools,Valdosta,GA,traditional,none,none,no,no,no,no,No public AI deepfake/impersonation/HIB-linked rule recovered in reviewed primary sources.,https://www.lowndes.k12.ga.us/page/technology,2026-09-07,,,,,,unknown,unknown,unknown,,unknown,none,none,no,unknown,,,unknown,,,,93.0,2024,chronic_absenteeism,12.6,2024-25,https://static.allongeorgia.com/wp-content/uploads/2024/10/2024-4-Year-Cohort-Graduation-Rate-State-District-School-by-Subgroups-ga-doe.pdf;https://download.gosa.ga.gov/2025/Attendance_2024-25_2026-02-19_00_32_26.csv,2026-09-09,2026-09-06,No public generative-AI policy found; digital resources vetted via TrustEd Apps; Student/Employee AUP only; no district-primary GenAI product page.,verified,https://www.lowndes.k12.ga.us/page/technology|https://www.lowndes.k12.ga.us/page/digital-instructional-resources|https://www.lowndes.k12.ga.us/page/district-leadership|https://www.lowndes.k12.ga.us/page/board-of-education/|https://www.lowndes.k12.ga.us/staff?page_no=3,Sandra Wilcher,Superintendent,,(229) 245-2250,Lindsey Martin,Director of Technology,lindseymartin@lowndes.k12.ga.us,(229) 245-2250,Robert McGeehan,Robert McGeehan|Board Chair|District 5|Term expires 12/31/2028;Fred Wetherington|Vice Chair|District 2|Term expires 12/31/2026;Mike Davis|Board Member|District 1|Term expires 12/31/2026;Erin Price|Board Member|District 3|Term expires 12/31/2026;Jason Wisenbaker|Board Member|District 4|Term expires 12/31/2028;Melanie Hasty|Board Member|District 6|Term expires 12/31/2028;Chris Buescher|Board Member|District 7|Term expires 12/31/2028,https://www.lowndes.k12.ga.us/page/board-of-education/,https://www.lowndes.k12.ga.us/page/board-of-education/,2026-09-14,"BOE Board Meeting 6:00pm (district events calendar); typical pattern work session 1st Monday / meeting 2nd Monday per BOE page. Location 1592 Norman Drive, Valdosta.",2026-09-09,,Mike Davis|mikedavis@lowndes.k12.ga.us;Fred Wetherington|fredwetherington@lowndes.k12.ga.us;Erin Price|erinprice@lowndes.k12.ga.us;Jason Wisenbaker|jasonwisenbaker@lowndes.k12.ga.us;Robert McGeehan|robertmcgeehan@lowndes.k12.ga.us;Melanie Hasty|melaniehasty@lowndes.k12.ga.us;Chris Buescher|chrisbuescher@lowndes.k12.ga.us;,https://www.lowndes.k12.ga.us/page/board-of-education/,2026-09-09,https://www.lowndes.k12.ga.us/page/district-leadership|https://www.lowndes.k12.ga.us/page/technology|https://www.lowndes.k12.ga.us/page/board-of-education/|https://www.lowndes.k12.ga.us/staff?page_no=3,2026-09-06,negative,mixed,No published GenAI assignment rules; app vetting alone does not tell students when generative tools are allowed.,Autonomy to choose digital tools exists under vetting process but no district GenAI playbook on primary pages.,TrustEd Apps / digital resource vetting process,No public GenAI policy; MagicSchool mentions only in secondary news (not coded); outcomes not published,https://www.lowndes.k12.ga.us/page/digital-instructional-resources|https://www.lowndes.k12.ga.us/page/technology,2026-09-06,,,,,
Macon County Schools,Rural Middle Georgia,GA,traditional,none,none,no,no,no,no,No public AI deepfake/impersonation/HIB-linked rule recovered in reviewed primary sources.,https://www.macon.k12.ga.us/,2026-09-07,,,,,,unknown,unknown,unknown,,none,none,none,no,unknown,,,unknown,,,,78.8,2024,chronic_absenteeism,20.6,2024-25,https://static.allongeorgia.com/wp-content/uploads/2024/10/2024-4-Year-Cohort-Graduation-Rate-State-District-School-by-Subgroups-ga-doe.pdf;https://download.gosa.ga.gov/2025/Attendance_2024-25_2026-02-19_00_32_26.csv,2026-09-09,2026-09-06,GA Macon County (Montezuma/Oglethorpe — ≠ Macon-Bibb): no public genAI policy; Parent ProTech signup posted (SB351) — parent_comms remains none.,verified,https://www.macon.k12.ga.us/|https://www.macon.k12.ga.us/article/2206776|https://www.macon.k12.ga.us/page/board-of-education,Dr. Johnathan Roberts,Superintendent,jbroberts@macon.k12.ga.us,(478) 472-8188,,,,,,,https://www.macon.k12.ga.us/page/board-of-education,https://www.macon.k12.ga.us/page/board-of-education,,BOE page present; Apptegy render sparse / no dated 2026 list recovered.,2026-09-09,,,https://www.macon.k12.ga.us/page/board-of-education,2026-09-09,https://www.macon.k12.ga.us/page/board-of-education|https://app.enhancedvoting.com/results/public/macon-county-ga/elections/2024NovGen,2026-09-07,negative,negative,No published genAI classroom allow/cite/ban rules — assignment honesty for generative AI remains a vacuum.,No genAI guidance or PD found; teachers invent classroom norms.,,No public genAI policy; board roster not on district HTML; tech lead blank; outcomes not published,https://www.macon.k12.ga.us/article/2206776,2026-09-06,,,,,
Marion County Schools,Columbus,GA,traditional,none,none,no,no,no,no,No public AI deepfake/impersonation/HIB-linked rule recovered in reviewed primary sources.,https://www.marion.k12.ga.us/,2026-09-07,,,,,,unknown,unknown,unknown,,none,none,none,no,unknown,,,unknown,,,,86.1,2024,chronic_absenteeism,17.9,2024-25,https://static.allongeorgia.com/wp-content/uploads/2024/10/2024-4-Year-Cohort-Graduation-Rate-State-District-School-by-Subgroups-ga-doe.pdf;https://download.gosa.ga.gov/2025/Attendance_2024-25_2026-02-19_00_32_26.csv,2026-09-09,2026-09-06,GA Marion (Buena Vista — ≠ FL/SC): no public genAI policy; homepage Board Policy IBB Update is Charter Schools policy (not AI).,verified,https://www.marion.k12.ga.us/|https://www.marion.k12.ga.us/page/board-of-education|https://www.marion.k12.ga.us/staff|https://aptg.co/qRVDNn,Jamie Penoncello,Superintendent,,229-649-2234,Jessica Miller,IT Director,,,Leon Williams,Leon Williams|Board Chair|District 4|;Lehanne Singleton|Vice Chair|District 5 At Large|;Debra Graham|Board Member|District 1|;Brandon Grier|Board Member|District 2|;Bill Addison|Board Member|District 3|,https://www.marion.k12.ga.us/page/board-of-education,https://www.marion.k12.ga.us/page/board-of-education,2026-09-15,"Regular Session 5:00pm (3rd Tuesday); work sessions 2nd Tuesday 5:00pm. Admin office 1697 Pineville Road, Buena Vista. Sept 8 work already held. 2026 dates PDF aptg.co/nRFhkf; Simbli S=4111",2026-09-09,,,https://www.marion.k12.ga.us/page/board-of-education,2026-09-09,https://www.marion.k12.ga.us/page/board-of-education|https://www.marion.k12.ga.us/staff,2026-09-06,negative,negative,No published genAI classroom allow/cite/ban rules — assignment honesty for generative AI remains a vacuum.,No genAI guidance or PD found; teachers invent classroom norms.,,No public genAI policy; outcomes not published,https://www.marion.k12.ga.us/,2026-09-06,,,,,
McIntosh County Schools,Brunswick,GA,traditional,none,none,no,no,no,no,No public AI deepfake/impersonation/HIB-linked rule recovered in reviewed primary sources.,https://irp.cdn-website.com/a43d58ce/files/uploaded/26_27+McIntosh+Technology+Handbook.pdf,2026-09-07,,,,,,unknown,unknown,unknown,G Suite for Education,none,none,none,no,unknown,,,unknown,,,,97.4,2024,chronic_absenteeism,18.1,2024-25,https://static.allongeorgia.com/wp-content/uploads/2024/10/2024-4-Year-Cohort-Graduation-Rate-State-District-School-by-Subgroups-ga-doe.pdf;https://download.gosa.ga.gov/2025/Attendance_2024-25_2026-02-19_00_32_26.csv,2026-09-09,2026-09-06,2026-27 Technology Handbook covers Chromebooks/AUP/plagiarism; no generative AI/ChatGPT language found; student handbook PDF linked appears cover-only (8 pp).,verified,https://www.mcintosh.k12.ga.us/districtinformation|https://irp.cdn-website.com/a43d58ce/files/uploaded/26_27+McIntosh+Technology+Handbook.pdf|https://www.mcintosh.k12.ga.us/superintendent|https://www.mcintosh.k12.ga.us/boardofeducation|https://www.mcintosh.k12.ga.us/contactdirectory,Merwan Massa,Superintendent,,912-437-6645,Rusty Boone,Technology Director,,912-437-6645,Missy Brigman,Missy Brigman|Board Chair||;Fred McIver|Vice Chair||;Sandy L. Jennings|Board Member||;Galin Hulett|Board Member||;Fred Stregles|Board Member||,https://www.mcintosh.k12.ga.us/boardofeducation,https://www.mcintosh.k12.ga.us/boardofeducation,,"Pattern only: work sessions 1st Wednesday 5:30pm; regular business 2nd Wednesday 6:00pm at 1100B C.A. DeVillars Road, Darien. No dated 2026 list recovered — leave next blank.",2026-09-09,elane@mcintosh.k12.ga.us,,https://www.mcintosh.k12.ga.us/boardofeducation;https://www.mcintosh.k12.ga.us/contactdirectory,2026-09-09,https://www.mcintosh.k12.ga.us/superintendent|https://www.mcintosh.k12.ga.us/boardofeducation|https://www.mcintosh.k12.ga.us/contactdirectory,2026-09-06,negative,negative,No published generative-AI classroom rules found — students face honesty and access ambiguity across teachers.,Without district genAI guidance teachers invent rules classroom by classroom; AUP/tech pages alone do not set assignment norms.,,No public genAI policy guidance or handbook AI language found,https://irp.cdn-website.com/a43d58ce/files/uploaded/26_27+McIntosh+Technology+Handbook.pdf,2026-09-06,,,,,
Meriwether County Schools,Atlanta,GA,traditional,none,none,no,no,no,no,No public AI deepfake/impersonation/HIB-linked rule recovered in reviewed primary sources.,https://www.mcssga.org/,2026-09-07,,,,,,unknown,unknown,unknown,,none,none,none,no,unknown,,,unknown,,,,87.4,2024,chronic_absenteeism,20.3,2024-25,https://static.allongeorgia.com/wp-content/uploads/2024/10/2024-4-Year-Cohort-Graduation-Rate-State-District-School-by-Subgroups-ga-doe.pdf;https://download.gosa.ga.gov/2025/Attendance_2024-25_2026-02-19_00_32_26.csv,2026-09-09,2026-09-06,No public genAI board policy handbook AI section or parent FAQ on mcssga.org; Technology Director listed without published generative-AI classroom rules.,verified,https://www.mcssga.org/|https://www.mcssga.org/boe/|https://sites.google.com/mcssga.org/mcss/contact-us|https://sites.google.com/mcssga.org/mcss/meet-the-superintendent,Dr. Robert A. Griffin,Superintendent of Schools,robert.griffin@mcssga.org,706-441-0601,Len Dalton,Technology Director,len.dalton@mcssga.org,706-441-0601,Bob Patterson,Bob Patterson|Board Chair|District 5|;Chris Owens|Vice Chair|District 2|;Willie Hinton Jr.|Board Member|District 1|;Rebecca Kay King|Board Member|District 3|;Joseph Levi Fletcher|Board Member|District 4|,https://www.mcssga.org/boe/,https://sites.google.com/mcssga.org/mcss/school-board-meetings,,"Work session then regular meeting next day, typically 6:00pm at BOE Board Room, 2100 Gaston St, Greenville; Zoom + limited in-person. Concrete Sep/Oct 2026 dates not listed (Nov 2025 Zoom examples only). Simbli S=4114.",2026-09-09,sharon.mckee@mcssga.org,,https://sites.google.com/mcssga.org/mcss/contact-us;https://www.mcssga.org/boe/,2026-09-09,https://www.mcssga.org/boe/|https://sites.google.com/mcssga.org/mcss/contact-us|https://sites.google.com/mcssga.org/mcss/meet-the-superintendent,2026-09-06,negative,negative,No published GenAI allow/cite/ban assignment rules — honesty vacuum.,No genAI guidance/PD found on district primary pages reviewed.,,No public genAI policy; tech emails unpublished; outcomes not published,https://www.mcssga.org/boe/,2026-09-06,,,,,
Miller County Schools,Rural SW Georgia,GA,traditional,none,none,no,no,no,no,No public AI deepfake/impersonation/HIB-linked rule recovered in reviewed primary sources.,https://www.miller.k12.ga.us/,2026-09-07,,,,,,unknown,unknown,unknown,,none,none,none,no,unknown,,,unknown,,,,93.9,2024,chronic_absenteeism,20.1,2024-25,https://static.allongeorgia.com/wp-content/uploads/2024/10/2024-4-Year-Cohort-Graduation-Rate-State-District-School-by-Subgroups-ga-doe.pdf;https://download.gosa.ga.gov/2025/Attendance_2024-25_2026-02-19_00_32_26.csv,2026-09-09,2026-09-06,Staff/student AUP + parent cybersecurity materials; no GenAI-specific policy (Parent ProTech/cyber ≠ GenAI parent_comms).,verified,https://www.miller.k12.ga.us/|https://www.miller.k12.ga.us/page/technology|https://www.miller.k12.ga.us/page/superintendent|https://www.miller.k12.ga.us/page/board-of-education|https://www.miller.k12.ga.us/staff,Michael Keown,Superintendent,michael.keown@miller.k12.ga.us,229-758-5592,Mickey Palmer,Technology Director,mpalmer@miller.k12.ga.us,229-758-5592,Cody Cleveland,Cody Cleveland|Board Chair|District 5|;Jason Cox|Vice Chair|District 2|;Leroy Bush|Board Member|District 1|;Kurt Vickers|Board Member|District 3|;Jason Suggs|Board Member|District 4|,https://www.miller.k12.ga.us/page/board-of-education,https://www.miller.k12.ga.us/page/board-of-education,,BOE page lists members and public-participation policy; no concrete 2026 meeting dates posted.,2026-09-09,,,https://www.miller.k12.ga.us/page/board-of-education,2026-09-09,https://www.miller.k12.ga.us/page/superintendent|https://www.miller.k12.ga.us/page/board-of-education|https://www.miller.k12.ga.us/staff|https://www.miller.k12.ga.us/page/technology,2026-09-06,negative,negative,No published GenAI classroom/integrity rules for learners.,No published GenAI guidance/PD; classroom rules left to improvisation.,,No genAI policy; no AI literacy/parent GenAI path; outcomes unpublished,https://www.miller.k12.ga.us/page/technology,2026-09-06,,,,,
Mitchell County Schools,Rural SW Georgia,GA,traditional,procedure_handbook,none,no,no,no,no,No public AI deepfake/impersonation/HIB-linked rule recovered in reviewed primary sources.,https://4.files.edl.io/ed84/07/15/26/165500-f9a5a27e-7135-4c47-b4e6-2a0ecd312a87.pdf,2026-09-07,,,,,,teacher_discretion,teacher_discretion,teacher_discretion,,unknown,unknown,none,no,unknown,,,unknown,,,,89.4,2024,chronic_absenteeism,19,2024-25,https://static.allongeorgia.com/wp-content/uploads/2024/10/2024-4-Year-Cohort-Graduation-Rate-State-District-School-by-Subgroups-ga-doe.pdf;https://download.gosa.ga.gov/2025/Attendance_2024-25_2026-02-19_00_32_26.csv,2026-09-09,2026-09-06,"2026–2027 Student Handbook CODE 32 Academic Dishonesty defines generative AI tools (ChatGPT, Gemini, Grammarly, Quillbot, etc.), allows only teacher-permitted AI use with attribution, and treats unauthorized AI-generated work / uncited AI as plagiarism with leveled discipline (including major assessments).",verified,https://www.mitchell.k12.ga.us/|https://4.files.edl.io/ed84/07/15/26/165500-f9a5a27e-7135-4c47-b4e6-2a0ecd312a87.pdf|https://mchs.mitchell.k12.ga.us/apps/pages/index.jsp?pREC_ID=1141998&type=d&uREC_ID=712952|https://www.mitchell.k12.ga.us/apps/staff/,Veronica Brown,Superintendent,,229-321-7002,Mohammed Pasha,Network Administrator,,,Jewell Howard,Jewell Howard|Board Chair||;Barbara Reddick|Vice Chair||;Kim Scott|Board Member||;Patricia English|Board Member||;Terri Heard|Board Member||;William Murray|Board Member||;Robert Williams|Board Member||,https://www.mitchell.k12.ga.us/apps/news/,https://www.mitchell.k12.ga.us/apps/pages/index.jsp?pREC_ID=1139437&type=d&uREC_ID=709880,2026-09-17,"Worksession Thu Sep 17 5:30pm; Regular Tue Sep 22 5:30pm BOE Room, 108 South Harney Street, Camilla (MCBOE Board Meeting Calendar 2026 REVISED PDF).",2026-09-09,,,https://www.mitchell.k12.ga.us/apps/pages/index.jsp?pREC_ID=1139437&type=d&uREC_ID=709880,2026-09-09,https://www.mitchell.k12.ga.us/apps/pages/index.jsp?pREC_ID=1139246&type=d&uREC_ID=709715|https://www.mitchell.k12.ga.us/apps/staff/|https://www.mitchell.k12.ga.us/apps/news/,2026-09-06,mixed,mixed,Teacher-permission generative-AI rules and plagiarism definitions in CODE 32 reduce vacuum risk but students still face classroom-by-classroom allow decisions without a published traffic-light framework.,Published handbook academic-dishonesty AI definitions give a shared baseline; required AI PD catalog and named approved-tools list not verified beyond examples.,2026–27 handbook CODE 32 generative AI definitions; teacher-authorized use with attribution; unauthorized AI treated as plagiarism with leveled discipline,No district traffic-light assignment labels; districtwide approved-tools list unpublished; outcomes not published,https://4.files.edl.io/ed84/07/15/26/165500-f9a5a27e-7135-4c47-b4e6-2a0ecd312a87.pdf|https://mchs.mitchell.k12.ga.us/apps/pages/index.jsp?pREC_ID=1141998&type=d&uREC_ID=712952,2026-09-06,,,,,
Monroe County Schools,Macon,GA,traditional,none,none,no,no,no,no,No public AI deepfake/impersonation/HIB-linked rule recovered in reviewed primary sources.,https://www.monroe.k12.ga.us/,2026-09-07,,,,,,unknown,unknown,unknown,,none,none,none,no,unknown,,,unknown,,,,92.0,2024,chronic_absenteeism,11.4,2024-25,https://static.allongeorgia.com/wp-content/uploads/2024/10/2024-4-Year-Cohort-Graduation-Rate-State-District-School-by-Subgroups-ga-doe.pdf;https://download.gosa.ga.gov/2025/Attendance_2024-25_2026-02-19_00_32_26.csv,2026-09-09,2026-09-06,GA Monroe (Forsyth — ≠ FL/LA/MI): Technology Services publishes infrastructure/handbooks/IncidentIQ without generative-AI classroom assignment rules.,verified,https://www.monroe.k12.ga.us/|https://www.monroe.k12.ga.us/page/technology-services|https://www.monroe.k12.ga.us/page/board-of-education|https://www.monroe.k12.ga.us/staff,Jim Finch,Superintendent,,478-994-2031,Josh Griffis,Chief Technology Officer,,478-994-2031,Greg Head,Greg Head|Board Chair|District 3|;Eva Bilderback|Vice Chair|District 7|;Sherrye Battle|Board Member|District 1|;Priscilla Doster|Board Member|District 2|;Jeremy Goodwin|Board Member|District 4|;Robert Jenkins|Board Member|District 5|;Julie Hoots|Board Member|District 6|,https://www.monroe.k12.ga.us/page/board-of-education,https://www.monroe.k12.ga.us/page/board-of-education,2026-09-10,"Millage public hearing + final adoption 5:30pm at Central Office boardroom, 25 Brooklyn Avenue, Forsyth (district/news notices). 2026-27 regular schedule PDF linked from BOE page; Simbli S=4117",2026-09-09,,,https://www.monroe.k12.ga.us/page/board-of-education,2026-09-09,https://www.monroe.k12.ga.us/page/board-of-education|https://www.monroe.k12.ga.us/staff|https://www.monroe.k12.ga.us/page/technology-services,2026-09-06,negative,negative,No published GenAI allow/cite/ban assignment rules — honesty vacuum.,No genAI guidance/PD found on district primary pages reviewed.,,No public genAI policy; emails unpublished; outcomes not published,https://www.monroe.k12.ga.us/page/technology-services,2026-09-06,,,,,
Montgomery County Schools,Vidalia,GA,traditional,none,none,no,no,no,no,No public AI deepfake/impersonation/HIB-linked rule recovered in reviewed primary sources.,https://www.mcboe.net/,2026-09-07,,,,,,unknown,unknown,unknown,,none,none,none,no,unknown,,,unknown,,,,88.9,2024,chronic_absenteeism,17.2,2024-25,https://static.allongeorgia.com/wp-content/uploads/2024/10/2024-4-Year-Cohort-Graduation-Rate-State-District-School-by-Subgroups-ga-doe.pdf;https://download.gosa.ga.gov/2025/Attendance_2024-25_2026-02-19_00_32_26.csv,2026-09-09,2026-09-06,"GA LEA (Mount Vernon — ≠ MD/VA): FY27 Student Handbook Technology/Internet Acceptable Use and Safety + Chromebook handbook cover CIPA filtering, VPN ban, and device rules (SB351 social-media posture reported locally) but are silent on generative AI/ChatGPT; Simbli S=4118 is the board-policy portal.",verified,https://www.mcboe.net/|https://drive.google.com/file/d/1QSNIMxYAfPMplZUJQ95Yz_-pLJPUHjcn/view|https://www.mcboe.net/apps/pages/index.jsp?hideMenu=0&pREC_ID=1024434&termREC_ID=&type=d&uREC_ID=533804|https://simbli.eboardsolutions.com/Index.aspx?S=4118,Dr. Ronda Hightower,Superintendent,rhightower@montgomery.k12.ga.us,912-583-2301,Billy Goodwin,Director of Technology,bgoodwin@montgomery.k12.ga.us,912-583-2203 ext.1227,Henry Price,Henry Price|Board Chair|Tarrytown/Kibbee District|;Eugene Ward|Vice Chair|Ailey/Mt. Vernon District Post 1|;John O'Conner|Board Member|Uvalda District|;Allen Williamson|Board Member|Ailey/Mt. Vernon District Post 2|;Susan Beard|Board Member|Alston/Higgston District|,https://www.mcboe.net/apps/pages/index.jsp?hideMenu=0&pREC_ID=1024434&termREC_ID=&type=d&uREC_ID=533804,https://www.mcboe.net/apps/pages/index.jsp?uREC_ID=533804&type=d&termREC_ID=&pREC_ID=1024434&hideMenu=0,,2026 Board Meeting Info is a Google Drive folder; no concrete public next date extracted. Simbli S=4118 for agendas.,2026-09-09,,Henry Price|hprice@montgomery.k12.ga.us;Eugene Ward|eward@montgomery.k12.ga;John O'Conner|joconner@montgomery.k12.ga.us;Allen Williamson|allenwilliamson@montgomery.k12.ga.us;Sabrina Beard|sbeard@montgomery.k12.ga.us;,https://www.mcboe.net/apps/pages/index.jsp?uREC_ID=533804&type=d&termREC_ID=&pREC_ID=1024434&hideMenu=0,2026-09-09,mcboe.net board + staff + technology services|GSSA|Advance News,2026-09-06,negative,negative,No GenAI policy found; SB351 AUP/Chromebook limits discussed are device rules — not generative-AI classroom guidance for students.,PD coded none; teachers lack a published GenAI playbook.,"SB351 AUP/Chromebook limits discussed (device rules, not GenAI)",No GenAI policy found; PD none; outcomes not published,https://www.mcboe.net/,2026-09-06,,,,,
Morgan County Schools,Atlanta,GA,traditional,none,none,no,no,no,no,No public AI deepfake/impersonation/HIB-linked rule recovered in reviewed primary sources.,https://www.morgan.k12.ga.us/staff,2026-09-07,,,,,,unknown,unknown,unknown,,none,none,none,no,unknown,,,unknown,,,,92.6,2024,chronic_absenteeism,12.4,2024-25,https://static.allongeorgia.com/wp-content/uploads/2024/10/2024-4-Year-Cohort-Graduation-Rate-State-District-School-by-Subgroups-ga-doe.pdf;https://download.gosa.ga.gov/2025/Attendance_2024-25_2026-02-19_00_32_26.csv,2026-09-09,2026-09-06,GA Morgan (Madison — ≠ AL; site branding Morgan County Charter Schools): staff lists CTO; Instructional Technology Apptegy page chrome-thin with no generative-AI classroom policy recovered.,verified,https://www.morgan.k12.ga.us/staff|https://www.morgan.k12.ga.us/page/instructional-technology|https://www.morgan.k12.ga.us/page/board-of-education|https://www.morgan.k12.ga.us/,Susan Stancil,Superintendent,,706-752-4600,Christopher Baker,Chief Technology Officer,,706-752-4600,Andrew Ainslie,Andrew Ainslie|Board Chair||;Cheryl Bland|Vice Chair||;Joe Slaughter|Board Member||;Brad Hawk|Board Member||;Forest Pagett|Board Member||,https://www.morgan.k12.ga.us/page/board-of-education,https://www.morgan.k12.ga.us/page/board-of-education,,"Meets 6:00pm second Monday of each month (exceptions noted) at central office boardroom, 1065 East Avenue, Madison. Contact Brittany Duvall 706-752-4603. Concrete next date not listed.",2026-09-09,,,https://www.morgan.k12.ga.us/page/board-of-education,2026-09-09,https://www.morgan.k12.ga.us/staff|https://www.morgan.k12.ga.us/page/board-of-education|https://www.morgan.k12.ga.us/live-feed?page_no=35,2026-09-06,negative,negative,No published GenAI allow/cite/ban assignment rules — honesty vacuum.,No genAI guidance/PD found on district primary pages reviewed.,,No public genAI policy; board names via Live Feed; Apptegy JS-thin; outcomes not published,https://www.morgan.k12.ga.us/page/instructional-technology,2026-09-06,,,,,
Muscogee County Schools,Columbus,GA,traditional,procedure_handbook,none,no,no,no,no,No public AI deepfake/impersonation/HIB-linked rule recovered in reviewed primary sources.,https://resources.finalsite.net/images/v1750698608/muscogeek12gaus/vyv4k3x2jut69c4f9jy9/ArtificialIntelligenceforGeorgiaProjectEmpowersSchoolstoEmbracetheFutureofAI1.pdf;https://sites.muscogee.k12.ga.us/shaw/wp-content/uploads/sites/57/2024/07/24-25-SHS-Handbook.pdf,2026-09-07,,,,,,unknown,restricted,teacher_discretion,,cohort,curriculum,none,no,unknown,,,unknown,,,,94.1,2024,chronic_absenteeism,22.5,2024-25,https://static.allongeorgia.com/wp-content/uploads/2024/10/2024-4-Year-Cohort-Graduation-Rate-State-District-School-by-Subgroups-ga-doe.pdf;https://download.gosa.ga.gov/2025/Attendance_2024-25_2026-02-19_00_32_26.csv,2026-09-09,2026-09-06,School handbooks/LVA encode AI honesty (Shaw: inappropriate AI = scholastic dishonesty; LVA Student Use of AI with teacher permission + citation); AI4GA MS elective + teacher PL; no district-wide board genAI policy found.,verified,https://lighthousevirtual.muscogee.k12.ga.us/hidden-content/lva-a-i-policy|https://sites.muscogee.k12.ga.us/shaw/wp-content/uploads/sites/57/2024/07/24-25-SHS-Handbook.pdf|https://resources.finalsite.net/images/v1750698608/muscogeek12gaus/vyv4k3x2jut69c4f9jy9/ArtificialIntelligenceforGeorgiaProjectEmpowersSchoolstoEmbracetheFutureofAI1.pdf|https://www.muscogee.k12.ga.us/about-us-clone/board-of-education-clone/new-page,Dr. David F. Lewis,Superintendent of Education,superintendent@muscogee.k12.ga.us,706-748-2019,,,,,Patricia Hugley-Green,Patricia Hugley-Green|Board Chair|District 1|Term Ends 2028;Laurie C. McRae|Vice Chair|District 5|Term Ends 2028;Dr. Kia Chambers|Board Member|At Large|Term Ends 2026;Nickie Tillery|Board Member|District 2|Term Ends 2026;Vanessa K. Jackson|Board Member|District 3|Term Ends 2028;Naomi Buckner|Board Member|District 4|Term Ends 2026;Mark Cantrell|Board Member|District 6|Term Ends 2026;Pat Frey|Board Member|District 7|Term Ends 2028;Margot Schley|Board Member|District 8|Term Ends 2026,https://www.muscogee.k12.ga.us/about-us-clone/board-of-education-clone/new-page,https://www.muscogee.k12.ga.us/about-us-clone/board-of-education-clone,2026-09-14,"Board Work Session 5:00pm then Regular Sept 21 6:00pm at Muscogee Public Education Center Board Room, 2960 Macon Road (2026 Meeting Schedule PDF). BoardDocs go.boarddocs.com/ga/musc",2026-09-09,Jones.Karen.P@Muscogee.K12.ga.us,Patricia Hugley-Green|Green.Patricia.A@muscogee.k12.ga.us;Laurie C. McRae|Mcrae.Laurie.C@muscogee.k12.ga.us;Dr. Kia Chambers|Chambers.Kia@muscogee.k12.ga.us;Nickie Tillery|tillery.tara.n@muscogee.k12.ga.us;Vanessa K. Jackson|Jackson.Vanessa.K@muscogee.k12.ga.us;Naomi Buckner|Buckner.Naomi@muscogee.k12.ga.us;Mark Cantrell|Cantrell.Mark@muscogee.k12.ga.us;Pat Frey|Frey.Patricia.I@muscogee.k12.ga.us;Margot Schley|schley.margot@muscogee.k12.ga.us;,https://www.muscogee.k12.ga.us/about-us-clone/board-of-education-clone/new-page;https://www.muscogee.k12.ga.us/about-us-clone/board-of-education-clone,2026-09-09,https://www.muscogee.k12.ga.us/about-us-clone/board-of-education-clone/new-page|https://www.muscogee.k12.ga.us/about-us-clone,2026-09-06,mixed,mixed,AI4GA middle-school literacy elective plus LVA citation/permission rules and Shaw honesty bans give some clarity; coverage uneven across schools so district-wide assignment honesty still inconsistent.,AI4GA cohort PL supports participating MS teachers; non-participating classrooms lack a finished district assignment framework.,AI4GA Living and Working with Artificial Intelligence elective; LVA AI Use Statement protocol; Shaw handbook AI-as-dishonesty clause,No district board genAI policy; school-by-school variance; outcomes not published; tech lead blank,https://lighthousevirtual.muscogee.k12.ga.us/hidden-content/lva-a-i-policy|https://sites.muscogee.k12.ga.us/shaw/wp-content/uploads/sites/57/2024/07/24-25-SHS-Handbook.pdf,2026-09-06,,,,,
Oconee County Schools,Athens,GA,traditional,none,none,no,no,no,no,No public AI deepfake/impersonation/HIB-linked rule recovered in reviewed primary sources.,https://www.oconeeschools.org/district-services/technology/about-the-technology-department,2026-09-07,,,,,,unknown,unknown,unknown,,none,none,none,no,unknown,,,unknown,,,,99.1,2024,chronic_absenteeism,9.3,2024-25,https://static.allongeorgia.com/wp-content/uploads/2024/10/2024-4-Year-Cohort-Graduation-Rate-State-District-School-by-Subgroups-ga-doe.pdf;https://download.gosa.ga.gov/2025/Attendance_2024-25_2026-02-19_00_32_26.csv,2026-09-09,2026-09-06,GA Oconee (Watkinsville — ≠ SC): Technology pages cover Chromebooks/Canvas/G Suite with no generative-AI classroom policy; March 2026 IBFG social-media AUP update ≠ genAI. Spurious SharpSchool EDEC.pdf discarded.,verified,https://www.oconeeschools.org/district-services/technology/about-the-technology-department|https://www.oconeeschools.org/district-services/technology/ocs-supported-technology|https://www.oconeeschools.org/district-services/technology/parent-classroom-technology-guide|https://www.oconeeschools.org/district-services/communications/press-releases/details/~board/district-news-oconee-county-schools-7643/post/oconee-county-board-of-education-report-march-2-2026|https://www.oconeeschools.org/board/superintendent/about-dr-butler,Melissa Butler,Superintendent,mbutler@oconeeschools.org,706-769-5130,Tony McCullers,Chief Technology Officer,,706-769-5130 ext. 1304,Michael Ransom,Michael Ransom|Board Chair|Post 1|2028;Amy Parrish|Board Member|Post 2|2026;Ryan Hammock|Vice Chair|Post 3|2026;Adam Hammond|Board Member|Post 4|2028;Brock Toole|Board Member|Post 5|2028,https://oconeecountyga.gov/1549/County-Elected-Officials,https://www.oconeeschools.org/,2026-09-14,BOE Regular Session 6:00pm (district homepage events). Also listed Oct 19 and Nov 9. Meeting dates page + Simbli https://simbli.eboardsolutions.com/index.aspx?s=4123,2026-09-09,zgattie@oconeeschools.org,,https://www.oconeeschools.org/board/superintendent/superintendents-office,2026-09-09,https://www.oconeeschools.org/board/superintendent/about-dr-butler|https://www.oconeeschools.org/board/superintendent/superintendents-office|https://www.oconeeschools.org/district-services/technology/about-the-technology-department|https://oconeecountyga.gov/1549/County-Elected-Officials|https://www.oconeeschools.org/board/ocs-board-of-education/about-the-ocs-boe,2026-09-06,negative,negative,No published GenAI allow/cite/ban assignment rules — honesty vacuum.,No genAI guidance/PD found on district primary pages reviewed.,,No public genAI policy; IBFG social-media AUP ≠ genAI; outcomes not published,https://www.oconeeschools.org/district-services/technology/ocs-supported-technology,2026-09-06,,,,,
Peach County Schools,Warner Robins,GA,traditional,none,none,no,no,no,no,No public AI deepfake/impersonation/HIB-linked rule recovered in reviewed primary sources.,https://www.peachschools.org/,2026-09-07,,,,,,unknown,unknown,unknown,,none,none,none,no,unknown,,,unknown,,,,90.0,2024,chronic_absenteeism,24.1,2024-25,https://static.allongeorgia.com/wp-content/uploads/2024/10/2024-4-Year-Cohort-Graduation-Rate-State-District-School-by-Subgroups-ga-doe.pdf;https://download.gosa.ga.gov/2025/Attendance_2024-25_2026-02-19_00_32_26.csv,2026-09-09,2026-09-06,Fort Valley GA Technology and Electronic Device Policy paths on peachschools.org were reviewed; Simbli S=4126 board/policy portal remains Incapsula-blocked; no public generative-AI classroom policy recovered.,verified,https://www.peachschools.org/|https://www.peachschools.org/page/technology|https://www.peachschools.org/article/1682974|https://www.peachschools.org/article/2590653|https://simbli.eboardsolutions.com/AboutUs/AboutUs.aspx?S=4126&TID=1,Dr. Jesse Davis,Superintendent,,478-825-5933,,,,,Scott Hodges,Scott Hodges|Board Chair||;Ben McDaniel|Vice Chair||;Alfred Ellis|Board Member||;Drenon Everett|Board Member||;B.J. Walker|Board Member||,https://www.peachschools.org/staff,https://simbli.eboardsolutions.com/SB_Meetings/SB_MeetingListing.aspx?S=4126,2026-09-10,Called Board Meeting 12:30pm (Simbli S=4126). Sep 3 study session/hearings already held. Board Meeting Schedule page also linked from peachschools.org.,2026-09-09,,,https://www.peachschools.org/page/board-meeting-calendar;https://simbli.eboardsolutions.com/AboutUs/AboutUs.aspx?S=4126&TID=1,2026-09-09,https://www.peachschools.org/article/2590653|https://www.peachschools.org/article/2462545|https://www.peachschools.org/staff|https://www.peachschools.org/staff?page_no=2|https://www.peachschools.org/staff?page_no=3|https://hhjonline.com/new-chair-and-vice-chair-at-peach-county-boe/,2026-09-06,negative,negative,No published genAI classroom allow/cite/ban rules — assignment honesty for generative AI remains a vacuum.,No genAI guidance or PD found; teachers invent classroom norms.,,No public genAI policy; incomplete board roster; tech lead blank; Simbli blocked; outcomes not published,https://www.peachschools.org/page/technology,2026-09-06,,,,,
Pierce County Schools,Waycross,GA,traditional,none,none,no,no,no,no,No public AI deepfake/impersonation/HIB-linked rule recovered in reviewed primary sources.,https://www.pierce.k12.ga.us/,2026-09-07,,,,,,unknown,unknown,unknown,,none,none,none,no,unknown,,,unknown,,,,93.6,2024,chronic_absenteeism,12.3,2024-25,https://static.allongeorgia.com/wp-content/uploads/2024/10/2024-4-Year-Cohort-Graduation-Rate-State-District-School-by-Subgroups-ga-doe.pdf;https://download.gosa.ga.gov/2025/Attendance_2024-25_2026-02-19_00_32_26.csv,2026-09-09,2026-09-06,Blackshear GA Administration/Technology page and Simbli S=4129 Policies/Employee Handbook links were reviewed; no published generative-AI classroom guidance or handbook AI language recovered.,verified,https://www.pierce.k12.ga.us/|https://www.pierce.k12.ga.us/administration/technology|https://www.pierce.k12.ga.us/board-of-education/members|https://simbli.eboardsolutions.com/Policy/PolicyListing.aspx?S=4129|https://www.pierce.k12.ga.us/administration,Dara Bennett,Superintendent,,912-449-2044,David Pittman,Director of Technology,dpittman@pierce.k12.ga.us,912-449-2044,Duward Boatright,Duward Boatright|Board Chair||;Kirby Malone|Board Member|District 1|;Perry Tison|Board Member|District 2|;Chip Griner|Board Member|District 3|;Wendy Puryear|Board Member|District 4|,https://www.pierce.k12.ga.us/board-of-education/members,https://www.pierce.k12.ga.us/board-of-education/members,,Simbli S=4129 meetings linked; concrete upcoming date not recovered this pass.,2026-09-09,,Duward Boatright|dboatright@pierce.k12.ga.us;Kirby Malone|kirbymalone@pierce.k12.ga.us;Perry Tison|perrytison@pierce.k12.ga.us;Chip Griner|chipgriner@pierce.k12.ga.us;Wendy Puryear|wendypuryear@pierce.k12.ga.us;Mitch Hall|mitchhall@pierce.k12.ga.us;,https://www.pierce.k12.ga.us/board-of-education/members,2026-09-09,https://www.pierce.k12.ga.us/board-of-education/members|https://www.pierce.k12.ga.us/administration/technology|https://www.pierce.k12.ga.us/administration,2026-09-06,negative,negative,No published generative-AI classroom rules found — students face honesty and access ambiguity across teachers.,Without district genAI guidance teachers invent rules classroom by classroom; AUP/tech pages alone do not set assignment norms.,,No public genAI policy guidance or handbook AI language found,https://www.pierce.k12.ga.us/,2026-09-06,,,,,
Polk County Schools,Cedartown,GA,traditional,none,none,no,no,no,no,No public AI deepfake/impersonation/HIB-linked rule recovered in reviewed primary sources.,https://www.wgaaradio.com/wp-content/uploads/2025/09/Regular-Session-09-09-2025-Meeting-Minutes.pdf,2026-09-07,,,,,,unknown,unknown,unknown,,none,none,none,no,unknown,,,unknown,,,,90.9,2024,chronic_absenteeism,17.2,2024-25,https://static.allongeorgia.com/wp-content/uploads/2024/10/2024-4-Year-Cohort-Graduation-Rate-State-District-School-by-Subgroups-ga-doe.pdf;https://download.gosa.ga.gov/2025/Attendance_2024-25_2026-02-19_00_32_26.csv,2026-09-09,2026-09-06,Polk School District (Cedartown): Technology and BOE Members pages are Apptegy shells with no generative-AI classroom policy recovered.,verified,https://www.polk.k12.ga.us/|https://www.polk.k12.ga.us/page/technology|https://www.polk.k12.ga.us/page/board-of-education-members|https://www.polk.k12.ga.us/live-feed?page_no=2|https://www.wgaaradio.com/wp-content/uploads/2025/09/Regular-Session-09-09-2025-Meeting-Minutes.pdf,Mark Lumpkin,Superintendent,mlumpkin@polk.k12.ga.us,770-748-3821,,,,,Britt Madden,Britt Madden|Board Chair||;Bernard Morgan|Board Member||;Vicki Mayes|Board Member||;Rita Carter|Board Member||;Drew Williams|Board Member||;Jeff Hawkins|Board Member||;Judi Renshaw|Board Member||,https://www.polk.k12.ga.us/page/board-of-education-members,https://www.polk.k12.ga.us/page/board-of-education-members,,No dated public 2026 board meeting list recovered on members page / events API this pass.,2026-09-09,,,https://www.polk.k12.ga.us/page/board-of-education-members,2026-09-09,https://www.polk.k12.ga.us/live-feed?page_no=2|https://www.polk.k12.ga.us/live-feed?page_no=3|https://www.wgaaradio.com/wp-content/uploads/2025/09/Regular-Session-09-09-2025-Meeting-Minutes.pdf|https://www.polk.k12.ga.us/,2026-09-06,negative,negative,No published GenAI allow/cite/ban assignment rules — honesty vacuum.,No genAI guidance/PD found on district primary pages reviewed.,,No public genAI policy; Apptegy bot-blocks; tech_lead unpublished; outcomes not published,https://www.polk.k12.ga.us/page/technology,2026-09-06,,,,,
Pulaski County Schools,Rural Middle Georgia,GA,traditional,none,none,no,no,no,no,No public AI deepfake/impersonation/HIB-linked rule recovered in reviewed primary sources.,https://www.pulaskicountyschools.org/,2026-09-07,,,,,,unknown,unknown,unknown,,none,none,none,no,unknown,,,unknown,,,,78.5,2024,chronic_absenteeism,26.6,2024-25,https://static.allongeorgia.com/wp-content/uploads/2024/10/2024-4-Year-Cohort-Graduation-Rate-State-District-School-by-Subgroups-ga-doe.pdf;https://download.gosa.ga.gov/2025/Attendance_2024-25_2026-02-19_00_32_26.csv,2026-09-09,2026-09-06,"GA Pulaski (Hawkinsville — ≠ KY/VA): pulaskicountyschools.org home/board/news paths re-checked; no Technology genAI program, handbook AI section, or parent FAQ recovered on accessible Educational Networks bodies.",verified,https://www.pulaskicountyschools.org/|https://www.pulaskicountyschools.org/apps/pages/index.jsp?type=d&uREC_ID=3817946|https://www.pulaskicountyschools.org/apps/news/category/20340?month=3&year=2024,Debbie Puckett,Superintendent,,478-783-7200,,,,,Keith Richardson,Keith Richardson|Board Chair||;Sean Berry|Vice Chair||;John Chris Burch|Board Member||;Hugh Coleman|Board Member||;Paula Rawls|Board Member||;Sylandi S. Brown|Board Member||;Rosemary Wright|Board Member||,https://www.pulaskicountyschools.org/apps/news/category/20340?month=3&year=2024,https://www.pulaskicountyschools.org/apps/pages/index.jsp?pREC_ID=2469923&type=d&uREC_ID=3817946,2026-10-13,"Sep 8 held; next Oct 13 6:30pm BOE office 72 Warren St, Hawkinsville (2026 meeting dates PDF).",2026-09-09,,,https://www.pulaskicountyschools.org/apps/pages/index.jsp?pREC_ID=2469923&type=d&uREC_ID=3817946,2026-09-09,https://www.pulaskicountyschools.org/|https://www.pulaskicountyschools.org/apps/news/category/20340?month=3&year=2024,2026-09-06,negative,negative,No published genAI allow/cite/ban assignment rules — honesty vacuum.,No genAI guidance/PD found on district primary pages reviewed.,,No public genAI policy; board seat/term blank; tech lead blank; outcomes not published,https://www.pulaskicountyschools.org/,2026-09-06,,,,,
Putnam County Schools,Rural Middle Georgia,GA,traditional,none,none,no,no,no,no,No public AI deepfake/impersonation/HIB-linked rule recovered in reviewed primary sources.,https://www.putnam.k12.ga.us/,2026-09-07,,,,,,unknown,unknown,unknown,,none,none,none,no,unknown,,,unknown,,,,89.7,2024,chronic_absenteeism,22.8,2024-25,https://static.allongeorgia.com/wp-content/uploads/2024/10/2024-4-Year-Cohort-Graduation-Rate-State-District-School-by-Subgroups-ga-doe.pdf;https://download.gosa.ga.gov/2025/Attendance_2024-25_2026-02-19_00_32_26.csv,2026-09-09,2026-09-06,GA Putnam (Eatonton — ≠ FL/IN/NY): Technology Director listed for infrastructure without published generative-AI classroom rules; Apptegy/Simbli Members often blocked.,verified,https://www.putnam.k12.ga.us/|https://www.putnam.k12.ga.us/page/technology|https://www.putnam.k12.ga.us/page/superintendent|https://www.putnam.k12.ga.us/staff|https://simbli.eboardsolutions.com/Policy/PolicyListing.aspx?S=4133,Derick Austin,Superintendent,,706-485-5381,Ryan Rogers,Technology Director,,706-485-5381,Steve Weiner,Steve Weiner|Board Chair|District 3|;Carol Ann Guthrie|Vice Chair|District 5|;Doris Clemons|Board Member|District 1|;Simone Jones|Board Member|District 2|;Charles Trumbo|Board Member|District 4|,https://www.msgrnews.com/community/pccss-celebrates-teamwork-and-leadership,https://www.putnam.k12.ga.us/,,Finalsite challenge blocked; documents/calendar-of-board-meetings path exists but no concrete upcoming date verified.,2026-09-09,,,https://www.putnam.k12.ga.us/,2026-09-09,https://www.putnam.k12.ga.us/staff|https://www.putnam.k12.ga.us/page/superintendent|https://www.msgrnews.com/community/pccss-celebrates-teamwork-and-leadership|https://www.msgrnews.com/news/elected-officials-take-their-oaths|https://ams.embr.mobi/gsba/apps/aboutus/board.asp?ID=4133,2026-09-06,negative,negative,No published GenAI allow/cite/ban assignment rules — honesty vacuum.,No genAI guidance/PD found on district primary pages reviewed.,,No public genAI policy; Simbli Members bot-blocked; Apptegy challenge; outcomes not published,https://www.putnam.k12.ga.us/page/technology,2026-09-06,,,,,
Quitman County Schools,Eufaula,GA,traditional,none,none,no,no,no,no,No public AI deepfake/impersonation/HIB-linked rule recovered in reviewed primary sources.,https://www.quitman.k12.ga.us/,2026-09-07,,,,,,unknown,unknown,unknown,,none,none,none,no,unknown,,,unknown,,,,88.5,2024,chronic_absenteeism,14.1,2024-25,https://static.allongeorgia.com/wp-content/uploads/2024/10/2024-4-Year-Cohort-Graduation-Rate-State-District-School-by-Subgroups-ga-doe.pdf;https://download.gosa.ga.gov/2025/Attendance_2024-25_2026-02-19_00_32_26.csv,2026-09-09,2026-09-06,GA Quitman (Georgetown — ≠ MS): Technology / Forms / board paths on quitman.k12.ga.us were re-checked (Apptegy often JS-gated); no public generative-AI/ChatGPT classroom policy recovered.,verified,https://www.quitman.k12.ga.us/|https://www.quitman.k12.ga.us/page/technology|https://www.quitman.k12.ga.us/page/board-of-education|https://www.quitman.k12.ga.us/staff,Jon-Erik Jones,Superintendent,jonese@quitman.k12.ga.us,229-334-4189,Twanda Banks,Technology/SIS Coordinator,twanda.banks@quitman.k12.ga.us,,Willie Anderson,Willie Anderson|Board Chair||;Larry Wilborn|Vice Chair||;Jimmy Eleby|Board Member||;David Harris|Board Member||;Vacant|Board Member||,https://www.quitman.k12.ga.us/page/board-of-education,https://www.quitman.k12.ga.us/page/board-of-education,2026-10-06,School District Board Meeting 6:00pm (district events calendar). Nov 3 / Dec 8 also listed.,2026-09-09,,,https://www.quitman.k12.ga.us/page/board-of-education,2026-09-09,https://www.quitman.k12.ga.us/page/board-of-education|https://www.quitman.k12.ga.us/staff|https://www.quitman.k12.ga.us/page/superintendent,2026-09-06,negative,negative,No published genAI classroom allow/cite/ban rules — assignment honesty for generative AI remains a vacuum.,No genAI guidance or PD found; teachers invent classroom norms.,,No public genAI policy; vacant board seat; outcomes not published,https://www.quitman.k12.ga.us/page/technology,2026-09-06,,,,,
Randolph County Schools,Rural SW Georgia,GA,traditional,procedure_handbook,none,no,no,no,no,No public AI deepfake/impersonation/HIB-linked rule recovered in reviewed primary sources.,https://content.myconnectsuite.com/api/documents/c97557127f0045428003149e51ef5c78.pdf,2026-09-07,,,,,,restricted,permitted_with_citation,citation_required,ChatGPT,none,none,none,no,unknown,,,unknown,,,,93.6,2024,chronic_absenteeism,12.6,2024-25,https://static.allongeorgia.com/wp-content/uploads/2024/10/2024-4-Year-Cohort-Graduation-Rate-State-District-School-by-Subgroups-ga-doe.pdf;https://download.gosa.ga.gov/2025/Attendance_2024-25_2026-02-19_00_32_26.csv,2026-09-09,2026-09-06,GA Randolph (Cuthbert — ≠ NC/WV): 2026-27 AUP §1.1.15 Artificial Intelligence Acceptable Use — ChatGPT via district accounts (blockable); teachers may allow; students must acknowledge AI use; academic dishonesty/teacher discretion apply.,verified,https://www.sowegak12.org/|https://www.sowegak12.org/technology|https://content.myconnectsuite.com/api/documents/c97557127f0045428003149e51ef5c78.pdf|https://www.sowegak12.org/directory,Dr. Tangela Madge,Superintendent,,(229) 732-3601,James Cobb,Director of Technology,James.Cobb@sowegaK12.org,(229) 732-2281,Ra'Mel Thomas,Ra'Mel Thomas|Board Chair|District 1|;Jack Fowler|Vice Chair|District 4|;Dymple McDonald|Board Member|District 2|;Rodney Burks|Board Member|District 3|;Henry Cook|Board Member|District 5|,https://content.myconnectsuite.com/api/documents/c97557127f0045428003149e51ef5c78.pdf,https://www.sowegak12.org/boemembers,,Members and Meeting Dates page; Simbli S=4136. No concrete upcoming 2026 date recovered on page content this pass.,2026-09-09,,,https://www.sowegak12.org/boemembers,2026-09-09,https://www.sowegak12.org/technology|https://content.myconnectsuite.com/api/documents/c97557127f0045428003149e51ef5c78.pdf,2026-09-06,positive,mixed,Written AI AUP allows use with mandatory acknowledgment and teacher/dishonesty override — clearer honesty path than silence; elementary access tied to age/privacy grants (restricted).,Teachers may allow curriculum AI and retain forbid authority; no named AI PD or approved-tool list beyond ChatGPT access note.,AUP §1.1.15 Artificial Intelligence Acceptable Use (acknowledge use; ChatGPT via district accounts; teacher may allow),No AI literacy curriculum/PD found; parent AI FAQ not found; outcomes not published,https://content.myconnectsuite.com/api/documents/c97557127f0045428003149e51ef5c78.pdf,2026-09-06,,,,,
Schley County Schools,Americus,GA,traditional,none,none,no,no,no,no,No public AI deepfake/impersonation/HIB-linked rule recovered in reviewed primary sources.,https://www.schleyk12.org/,2026-09-07,,,,,,unknown,unknown,unknown,,none,none,none,no,unknown,,,unknown,,,,96.4,2024,chronic_absenteeism,9.9,2024-25,https://static.allongeorgia.com/wp-content/uploads/2024/10/2024-4-Year-Cohort-Graduation-Rate-State-District-School-by-Subgroups-ga-doe.pdf;https://download.gosa.ga.gov/2025/Attendance_2024-25_2026-02-19_00_32_26.csv,2026-09-09,2026-09-06,Ellaville GA schleyk12.org home/staff paths and GSBA/eBoard S=4141 landings were reviewed; STEM/robotics/EiE presence is not generative-AI classroom policy; no handbook AI section or parent FAQ recovered (Apptegy often thin).,verified,https://www.schleyk12.org/|https://www.schleyk12.org/staff|https://simbli.eboardsolutions.com/index.aspx?s=4141|https://ams.embr.mobi/gsba/apps/aboutus/board.asp?ID=4141,Harley Calhoun,Superintendent,hcalhoun@schleyk12.org,(229) 937-2405,Mike Wilson,Director of Technology,,(229) 937-2405,Clifton Aldridge,Clifton Aldridge|Board Chair||;LeAndra Lumpkin|Vice Chair||;Stephanie Holloway|Board Member||;Kelly Morrow|Board Member||;Jim Sellars|Board Member||,https://ams.embr.mobi/gsba/apps/aboutus/board.asp?ID=4141,https://simbli.eboardsolutions.com/SB_Meetings/SB_MeetingListing.aspx?S=4141,2026-09-10,Regular Board Meeting 5:30pm (district Thrillshare calendar + Simbli S=4141). Work session pattern also listed for first Tue of month.,2026-09-09,,,https://ams.embr.mobi/gsba/apps/aboutus/board.asp?ID=4141;https://www.schleyk12.org/,2026-09-09,https://www.schleyk12.org/staff|https://ams.embr.mobi/gsba/apps/aboutus/board.asp?ID=4141,2026-09-06,negative,negative,No published genAI classroom allow/cite/ban rules — assignment honesty for generative AI remains a vacuum.,No genAI guidance or PD found; teachers invent classroom norms.,,No public genAI policy; outcomes not published,https://www.schleyk12.org/,2026-09-06,,,,,
Seminole County Schools,Rural SW Georgia,GA,traditional,none,none,no,no,no,no,No public AI deepfake/impersonation/HIB-linked rule recovered in reviewed primary sources.,https://www.seminole.k12.ga.us/,2026-09-07,,,,,,unknown,unknown,unknown,,none,none,none,no,unknown,,,unknown,,,,91.1,2024,chronic_absenteeism,11.3,2024-25,https://static.allongeorgia.com/wp-content/uploads/2024/10/2024-4-Year-Cohort-Graduation-Rate-State-District-School-by-Subgroups-ga-doe.pdf;https://download.gosa.ga.gov/2025/Attendance_2024-25_2026-02-19_00_32_26.csv,2026-09-09,2026-09-06,GA Seminole (Donalsonville — ≠ FL SCPS): seminole.k12.ga.us home/staff paths re-checked; site often JS-gated; no public generative-AI board policy guidance or handbook AI section recovered.,verified,https://www.seminole.k12.ga.us/|https://www.seminole.k12.ga.us/staff|https://www.seminole.k12.ga.us/article/2076297,Mark Earnest,Superintendent,mark.earnest@seminole.k12.ga.us,229-524-2433,Kristy Johnson,District Instructional Technology Director,,229-524-2433,Spencer Stewart,Spencer Stewart|Board Chair|District 1|;Charles Walker|Board Member|District 2|;Trent Clark|Board Member|District 3|;Michael Kirkland|Vice Chair|District 4|;Eddie Alday|Board Member|District 5|,https://www.seminole.k12.ga.us/article/2076297,https://www.seminole.k12.ga.us/,,Roster via School Board Appreciation article; no dated public 2026 board meeting list recovered on district site this pass.,2026-09-09,,,https://www.seminole.k12.ga.us/article/2076297,2026-09-09,https://www.seminole.k12.ga.us/staff|https://www.seminole.k12.ga.us/article/2076297,2026-09-06,negative,negative,No published GenAI classroom/integrity rules for learners.,No published GenAI guidance/PD; classroom rules left to improvisation.,,GenAI policy vacuum; no literacy/parent GenAI path; outcomes unpublished,https://www.seminole.k12.ga.us/,2026-09-06,,,,,
Stewart County Schools,Columbus,GA,traditional,none,none,no,no,no,no,No public AI deepfake/impersonation/HIB-linked rule recovered in reviewed primary sources.,https://www.stewart.k12.ga.us/,2026-09-07,,,,,,unknown,unknown,unknown,,none,none,none,no,unknown,,,unknown,,,,91.7,2024,chronic_absenteeism,9.4,2024-25,https://static.allongeorgia.com/wp-content/uploads/2024/10/2024-4-Year-Cohort-Graduation-Rate-State-District-School-by-Subgroups-ga-doe.pdf;https://download.gosa.ga.gov/2025/Attendance_2024-25_2026-02-19_00_32_26.csv,2026-09-09,2026-09-06,Lumpkin GA Technology & Media page and board/superintendent paths were re-checked; page bodies silent on generative AI (ignore Apptegy “Chat with AI” website chrome); no handbook AI section or parent FAQ recovered.,verified,https://www.stewart.k12.ga.us/|https://www.stewart.k12.ga.us/page/technology-media|https://www.stewart.k12.ga.us/page/school-board|https://www.stewart.k12.ga.us/page/superintendent,Dr. Shonda M. Green,Superintendent of Schools,,229-838-4329,Parker Schabeck,Director of Technology,pschabeck@stewart.k12.ga.us,,Darius Brown,Darius Brown|Board Chair||;Maslyn Tarver|Board Member||;Austin Taylor|Board Member||;Kiawanna Thomas|Board Member||;Tiffany Toole|Board Member||,https://www.stewart.k12.ga.us/page/school-board,https://www.stewart.k12.ga.us/page/school-board,2026-09-15,"Work/Regular Session 6:00pm 3rd Tuesday (2026 BOE Meeting Dates PDF via aptg.co/G9_tFq, approved 12/16/2025). Simbli S=4146",2026-09-09,,,https://www.stewart.k12.ga.us/page/school-board,2026-09-09,https://www.stewart.k12.ga.us/page/school-board|https://www.stewart.k12.ga.us/page/superintendent|https://www.stewart.k12.ga.us/article/2298567,2026-09-06,negative,negative,No published genAI classroom allow/cite/ban rules — assignment honesty for generative AI remains a vacuum.,No genAI guidance or PD found; teachers invent classroom norms.,,No public genAI policy; tech lead blank; outcomes not published,https://www.stewart.k12.ga.us/page/technology-media,2026-09-06,,,,,
Sumter County Schools,Americus,GA,traditional,none,none,no,no,no,no,No public AI deepfake/impersonation/HIB-linked rule recovered in reviewed primary sources.,https://content.schoolinsites.com/api/documents/9a702c2a3e8c44049e6da23cdf74565e.pdf,2026-09-07,,,,,,unknown,unknown,unknown,,none,none,none,no,unknown,,,unknown,,,,98.6,2024,chronic_absenteeism,13.3,2024-25,https://static.allongeorgia.com/wp-content/uploads/2024/10/2024-4-Year-Cohort-Graduation-Rate-State-District-School-by-Subgroups-ga-doe.pdf;https://download.gosa.ga.gov/2025/Attendance_2024-25_2026-02-19_00_32_26.csv,2026-09-09,2026-09-06,GA Sumter (Americus — ≠ SC/FL): Technology page links Board Policy IFBG Internet Acceptable Use (2020 PDF) covering CIPA/network rules; PDF re-verified with zero generative-AI/ChatGPT mentions.,verified,https://www.sumterschools.org/|https://www.sumterschools.org/technology|https://content.schoolinsites.com/api/documents/9a702c2a3e8c44049e6da23cdf74565e.pdf|https://www.sumterschools.org/schoolboard|https://www.sumterschools.org/superintendent,Jerry Sanders Sr.,Superintendent,,(229) 931-8500,,,,,Abbis Bivins,Abbis Bivins|Board Chair|District 1|;Carolyn Hamilton|Vice Chair|District 5|;Patricia Harris|Board Member|District 2|;Edward Jackson Jr.|Board Member|District 3|;Rick Barnes|Board Member|District 4|;Vincent Kearse|Board Member|District 6|;Dwight Harris|Board Member|District 7|,https://www.sumterschools.org/schoolboard,https://www.sumterschools.org/schoolboard,2026-09-10,"Regular 7:00pm at 100 Learning Lane, Americus (SCBOE Meeting Schedule 2026 PDF). Work session Sep 8 6:00pm already held.",2026-09-09,,,https://www.sumterschools.org/schoolboard,2026-09-09,https://www.sumterschools.org/schoolboard|https://www.sumterschools.org/superintendent,2026-09-06,negative,negative,No published genAI classroom allow/cite/ban rules — assignment honesty for generative AI remains a vacuum.,No genAI guidance or PD found; teachers invent classroom norms.,,IFBG silent on genAI; tech lead current name blank; outcomes not published,https://content.schoolinsites.com/api/documents/9a702c2a3e8c44049e6da23cdf74565e.pdf,2026-09-06,,,,,
Talbot County Schools,Columbus,GA,traditional,none,none,no,no,no,no,No public AI deepfake/impersonation/HIB-linked rule recovered in reviewed primary sources.,https://www.talbot.k12.ga.us/,2026-09-07,,,,,,unknown,unknown,unknown,,none,none,none,no,unknown,,,unknown,,,,85.7,2024,chronic_absenteeism,8.9,2024-25,https://static.allongeorgia.com/wp-content/uploads/2024/10/2024-4-Year-Cohort-Graduation-Rate-State-District-School-by-Subgroups-ga-doe.pdf;https://download.gosa.ga.gov/2025/Attendance_2024-25_2026-02-19_00_32_26.csv,2026-09-09,2026-09-06,GA Talbot (Talbotton — ≠ MD): Apptegy BOE Members / board-policy / staff pages reviewed (often JS-gated); no public generative-AI policy — do not attribute Talbot County MD (tcpsk12) AI materials.,verified,https://www.talbot.k12.ga.us/|https://www.talbot.k12.ga.us/page/boe-members|https://www.talbot.k12.ga.us/page/board-policy|https://www.talbot.k12.ga.us/staff,Jonathan Taylor,Superintendent,jtaylor@talbot.k12.ga.us,706-665-8528,,,,,,Carlton Mahone|Board Member||;James Steverson|Board Member||;Mildred Biggs|Board Member||;Sharleta Hall|Board Member||;Anton Turner|Board Member||,http://www.talbot.k12.ga.us/boe.html,http://www.talbot.k12.ga.us/,2026-09-15,"Regular Board Meeting 6:00pm at 945 Washington Ave, Talbotton (district events feed)",2026-09-09,,,http://www.talbot.k12.ga.us/,2026-09-09,https://www.talbot.k12.ga.us/page/boe-members|https://www.talbot.k12.ga.us/page/t-c-board-of-education|http://www.talbot.k12.ga.us/boe.html,2026-09-06,negative,negative,No published genAI classroom allow/cite/ban rules — assignment honesty for generative AI remains a vacuum.,No genAI guidance or PD found; teachers invent classroom norms.,,No public genAI policy; District 4 vacant; tech lead blank; outcomes not published,https://www.talbot.k12.ga.us/page/board-policy,2026-09-06,,,,,
Taliaferro County Schools,Rural Middle Georgia,GA,traditional,none,none,no,no,no,no,No public AI deepfake/impersonation/HIB-linked rule recovered in reviewed primary sources.,https://content.myconnectsuite.com/api/documents/b4f7d64ccb204f44978295e3bf1e68a4.pdf,2026-09-07,,,,,,unknown,unknown,unknown,,none,none,none,no,unknown,,,unknown,,,,,,chronic_absenteeism,9.1,2024-25,https://static.allongeorgia.com/wp-content/uploads/2024/10/2024-4-Year-Cohort-Graduation-Rate-State-District-School-by-Subgroups-ga-doe.pdf;https://download.gosa.ga.gov/2025/Attendance_2024-25_2026-02-19_00_32_26.csv,2026-09-09,2026-09-06,Tiny single-school charter county: Technology page publishes 1:1/COPPA/netiquette without generative-AI classroom rules; District 2 seat vacant.,verified,https://www.taliaferro.k12.ga.us/|https://www.taliaferro.k12.ga.us/schoolboard|https://www.taliaferro.k12.ga.us/technology|https://content.myconnectsuite.com/api/documents/b4f7d64ccb204f44978295e3bf1e68a4.pdf,Dr. Andreana Jones,Superintendent/Principal,ajones@taliaferro.k12.ga.us,706-986-0396,Scott Arenal-Mullen,IT Director,sarenal@taliaferro.k12.ga.us,706-986-0396,Ruby Randolph,Ruby Randolph|Board Chair||;Acqunetta Stephens|Vice Chair||;Trina Berry|Board Member||;Mario Wynne|Board Member||,https://www.taliaferro.k12.ga.us/schoolboard,https://www.taliaferro.k12.ga.us/schoolboard,,Pattern only: every 3rd Monday 6:30pm in school cafeteria; work sessions Thu preceding as needed. No dated 2026 list.,2026-09-09,,Ruby Randolph|Rrandolph@taliaferro.k12.ga.us;Acqunetta Stephens|Astephens1@taliaferro.k12.ga.us;Trina Berry|Tberry@taliaferro.k12.ga.us;Mario Wynne|Mwynn@taliaferro.k12.ga.us;,https://www.taliaferro.k12.ga.us/schoolboard,2026-09-09,https://www.taliaferro.k12.ga.us/schoolboard|https://www.taliaferro.k12.ga.us/technology|https://content.myconnectsuite.com/api/documents/b4f7d64ccb204f44978295e3bf1e68a4.pdf,2026-09-06,negative,negative,No published genAI assignment rules — vacuum in a single-school system.,No genAI guidance/PD found on district primary pages reviewed.,,No public genAI policy; District 2 vacancy; outcomes not published,https://www.taliaferro.k12.ga.us/technology,2026-09-06,,,,,
Tattnall County Schools,Rural SE Georgia,GA,traditional,procedure_handbook,none,no,no,no,no,No public AI deepfake/impersonation/HIB-linked rule recovered in reviewed primary sources.,https://www.tattnallschools.org/technology,2026-09-07,,,,,,teacher_discretion,teacher_discretion,teacher_discretion,,none,none,none,no,unknown,,,unknown,,,,91.5,2024,chronic_absenteeism,18.6,2024-25,https://static.allongeorgia.com/wp-content/uploads/2024/10/2024-4-Year-Cohort-Graduation-Rate-State-District-School-by-Subgroups-ga-doe.pdf;https://download.gosa.ga.gov/2025/Attendance_2024-25_2026-02-19_00_32_26.csv,2026-09-09,2026-09-06,2026–27 Acceptable Use Policy (linked from Technology) requires teacher/staff permission for student generative AI and treats AI misuse (cheat/deceive/inappropriate content) as a discipline violation; staff may use AI under privacy/copyright limits and must model/supervise ethical use.,verified,https://www.tattnallschools.org/technology|https://drive.google.com/file/d/1femn0EJMYVKtZl7LKpIyrvhFQG_w6ckZ/view|https://www.tattnallschools.org/|https://www.tattnallschools.org/board-of-education|https://www.tattnallschools.org/parentinformationcenter,Dr. Kristen D. Waters,Superintendent,krwaters@tattnall.k12.ga.us,912-557-4726,,,,,Richard Bland,Richard Bland|Board Chair|Countywide Chair|;Duann Cowart Davis|Vice Chair||;Dale Kicklighter|Board Member||;Mary Ruth Ray|Board Member||;Shawn Sikes|Board Member||;Stephanie Thomas|Board Member||,https://www.tattnallschools.org/board-of-education,https://www.tattnallschools.org/boardofeducation,,BOE page points to Simbli for agendas/minutes/contacts; no concrete next meeting date on page body.,2026-09-09,,,https://www.tattnallschools.org/boardofeducation,2026-09-09,https://ams.embr.mobi/gsba/apps/aboutus/board.asp?ID=4150|https://www.tattnallschools.org/board-of-education|district board minutes PDFs,2026-09-06,mixed,mixed,Teacher-permission generative-AI rules in the AUP reduce vacuum risk but students still face classroom-by-classroom allow decisions and no published traffic-light framework.,Published AUP staff AI use and modeling expectations give a shared baseline; required AI PD catalog and named classroom tools list not verified.,2026–27 AUP student generative-AI permission clause; staff AI productivity/instruction rules with privacy/copyright limits,No district traffic-light assignment labels; named student tools unpublished; outcomes not published,https://www.tattnallschools.org/technology|https://drive.google.com/file/d/1femn0EJMYVKtZl7LKpIyrvhFQG_w6ckZ/view,2026-09-06,,,,,
Taylor County Schools,Rural Middle Georgia,GA,traditional,none,none,no,no,no,no,No public AI deepfake/impersonation/HIB-linked rule recovered in reviewed primary sources.,https://www.taylorcountyschools.org/,2026-09-07,,,,,,unknown,unknown,unknown,,none,none,none,no,unknown,,,unknown,,,,87.3,2024,chronic_absenteeism,17.4,2024-25,https://static.allongeorgia.com/wp-content/uploads/2024/10/2024-4-Year-Cohort-Graduation-Rate-State-District-School-by-Subgroups-ga-doe.pdf;https://download.gosa.ga.gov/2025/Attendance_2024-25_2026-02-19_00_32_26.csv,2026-09-09,2026-09-06,GA Taylor (Butler — ≠ FL): taylorcountyschools.org home/staff/documents paths reviewed; no Technology page slug found; no public generative-AI policy guidance or handbook AI section recovered.,verified,https://www.taylorcountyschools.org/|https://www.taylorcountyschools.org/STAFF|https://www.taylorcountyschools.org/documents|https://open.ga.gov/openga/report/downloadFile?rid=31072,Jennifer Albritton,Superintendent,albritton.jennifer@taylorboe.org,478-862-5224,Denton Wainwright,Technology Director,wainwright.denton@taylorboe.org,,,Glenda Latimore|Board Member|District 1|;Al Tunke Townes|Board Member|District 2|;Greg Brown|Board Member|District 3|;C. Wayne McInvale II|Board Member|District 4|;Wes Summers Jr.|Board Member|District 5|,https://app.enhancedvoting.com/results/public/taylor-county-ga/elections/2024NovGen,https://www.taylorcountyschools.org/,,Finalsite/site challenge blocked; no concrete upcoming board date verified.,2026-09-09,,,https://www.taylorcountyschools.org/,2026-09-09,https://app.enhancedvoting.com/results/public/taylor-county-ga/elections/2024NovGen|https://www.taylorcountyschools.org/STAFF|https://ams.embr.mobi/gsba/apps/aboutus/board.asp?ID=4151,2026-09-07,negative,negative,No published genAI classroom allow/cite/ban rules — assignment honesty for generative AI remains a vacuum.,No genAI guidance or PD found; teachers invent classroom norms.,,No public genAI policy; board roster not on district HTML; outcomes not published,https://www.taylorcountyschools.org/,2026-09-06,,,,,
Telfair County Schools,Rural South Georgia,GA,traditional,none,none,no,no,no,no,No public AI deepfake/impersonation/HIB-linked rule recovered in reviewed primary sources.,https://www.telfairschools.org/departments/technology/aup,2026-09-07,,,,,,unknown,unknown,unknown,,none,none,none,no,unknown,,,unknown,,,,79.6,2024,chronic_absenteeism,26.1,2024-25,https://static.allongeorgia.com/wp-content/uploads/2024/10/2024-4-Year-Cohort-Graduation-Rate-State-District-School-by-Subgroups-ga-doe.pdf;https://download.gosa.ga.gov/2025/Attendance_2024-25_2026-02-19_00_32_26.csv,2026-09-09,2026-09-06,No public genAI board policy or parent FAQ; Technology AUP landing page without recoverable generative-AI classroom language.,verified,https://www.telfairschools.org/|https://www.telfairschools.org/departments/technology|https://www.telfairschools.org/departments/technology/aup|https://www.telfairschools.org/school-board/meet-the-board|https://www.telfairschools.org/about-us/superintendent,Lenard F. Harrelson Jr. J.D.,Superintendent,lharrelson@telfairschools.org,229-868-5661,Jennifer D. White,Technology Director,jwhite@telfairschools.org,229-868-5661,Dr. David Altman,Aaron Spaulding III|Board Member|District 1|;Marion Black|Board Member|District 2|;Laura Neal|Board Member|District 3|;Dr. David Altman|Board Chair|District 4|;Chris Clark|Vice Chair|District 5|;Elton Harris|Board Member|District 6|;Robert Marchant|Board Member|District 7|,https://www.telfairschools.org/school-board/meet-the-board,https://www.telfairschools.org/school-board/meeting-schedule,2026-09-14,Sep 14 2026 5:30pm at Telfair County BOE (unless otherwise denoted); Oct 5 / Nov 9 / Dec 14 (Dec 14 at 4:30pm) also listed.,2026-09-09,,,https://www.telfairschools.org/school-board/meet-the-board,2026-09-09,https://www.telfairschools.org/school-board/meet-the-board|https://www.telfairschools.org/about-us/superintendent|https://www.telfairschools.org/departments/technology,2026-09-06,negative,negative,No published GenAI allow/cite/ban assignment rules — honesty vacuum.,No genAI guidance/PD found on district primary pages reviewed.,,No public genAI policy; outcomes not published,https://www.telfairschools.org/departments/technology,2026-09-06,,,,,
Terrell County Schools,Albany,GA,traditional,none,none,no,no,no,no,No public AI deepfake/impersonation/HIB-linked rule recovered in reviewed primary sources.,https://www.terrell.k12.ga.us/,2026-09-07,,,,,,unknown,unknown,unknown,,none,none,none,no,unknown,,,unknown,,,,93.2,2024,chronic_absenteeism,14.6,2024-25,https://static.allongeorgia.com/wp-content/uploads/2024/10/2024-4-Year-Cohort-Graduation-Rate-State-District-School-by-Subgroups-ga-doe.pdf;https://download.gosa.ga.gov/2025/Attendance_2024-25_2026-02-19_00_32_26.csv,2026-09-09,2026-09-06,No public genAI/ChatGPT policy found; Technology page lists contacts/helpdesk only; strategic plan does not name generative AI.,verified,https://www.terrell.k12.ga.us/|https://www.terrell.k12.ga.us/page/technology|https://www.terrell.k12.ga.us/page/board-members|https://www.terrell.k12.ga.us/live-feed,Dr. Shereca R. Harvey,Superintendent,,(229) 995-4425,Reginald Swan,Director of Technology,,(229) 995-4796,Ray Moses,Ray Moses|Board Chair|District 4|;Michael Oxford|Vice Chair|District 2|;John L. Gardner|Board Member|District 1|;Mellean Davis|Board Member|District 3|;Albert Crumbley|Board Member|District 5|,https://www.terrell.k12.ga.us/page/board-members,https://www.terrell.k12.ga.us/page/board-meetings,2026-09-14,"Regular 7:00pm at 761 1st Avenue SE, Dawson (2nd Monday pattern; published FY26-27 schedule). Simbli for agendas/minutes linked from board meetings page.",2026-09-09,,,https://www.terrell.k12.ga.us/page/board-members,2026-09-09,https://www.terrell.k12.ga.us/page/board-members|https://www.terrell.k12.ga.us/page/technology|https://www.terrell.k12.ga.us/staff|https://www.terrell.k12.ga.us/live-feed,2026-09-06,negative,negative,No published genAI classroom allow/cite/ban rules — assignment honesty for generative AI remains a vacuum.,No genAI guidance or PD found; teachers invent classroom norms.,,No public genAI policy; outcomes not published,https://www.terrell.k12.ga.us/page/technology,2026-09-06,,,,,
Thomas County Schools,Thomasville,GA,traditional,none,none,no,no,no,no,No public AI deepfake/impersonation/HIB-linked rule recovered in reviewed primary sources.,https://www.tcjackets.net/,2026-09-07,,,,,,unknown,unknown,unknown,,unknown,unknown,none,no,unknown,,,unknown,,,,95.6,2024,chronic_absenteeism,21.7,2024-25,https://static.allongeorgia.com/wp-content/uploads/2024/10/2024-4-Year-Cohort-Graduation-Rate-State-District-School-by-Subgroups-ga-doe.pdf;https://download.gosa.ga.gov/2025/Attendance_2024-25_2026-02-19_00_32_26.csv,2026-09-09,2026-09-06,No public generative-AI use policy found on tcjackets.net; Technology/AUP present; AI4GA middle-school curriculum reported in local press but not recovered as district primary GenAI guidance.,verified,https://www.tcjackets.net/|https://www.tcjackets.net/superintendents-message|https://www.tcjackets.net/quick-links/board-of-education|https://www.tcjackets.net/departments/technology|https://www.tcjackets.net/departments,Lisa Williams,Superintendent,lwilliams@tcjackets.net,(229) 225-4380 ext. 105,Wes Davis,Technology Director,wdavis@tcjackets.net,(229) 225-4380,Leah Smith,Leah Smith|Board Chair|District 5|;Dan Stewart|Vice Chair|District 6|;Joy West|Board Member|District 1|;Mitchell J. Herring|Board Member|District 2|;Ken Harper|Board Member|District 3|;Chris Hayes|Board Member|District 4|;Ed Hopper|Board Member|District 7|,https://www.tcjackets.net/quick-links/board-of-education,https://www.tcjackets.net/quick-links/board-of-education,2026-10-06,Regular 7:00pm at 200 N Pinetree Blvd (2026 Meeting Schedule PDF; Oct exception for fall break). Sept 8 already held. Typically 2nd Tuesday.,2026-09-09,,Joy West|jwest@tcjackets.net;Mitchell J. Herring|mherring@seedway.com;Ken Harper|khop5050@gmail.com;Chris Hayes|chayes@tcjackets.net;Leah Smith|lsmith@tcjackets.net;Dan Stewart|dcsdawg@yahoo.com;Ed Hopper|eddiehopper65@gmail.com;,https://www.tcjackets.net/quick-links/board-of-education,2026-09-09,https://www.tcjackets.net/superintendents-message|https://www.tcjackets.net/quick-links/board-of-education|https://www.tcjackets.net/departments/technology|https://www.tcjackets.net/departments,2026-09-06,negative,negative,No published generative-AI classroom rules found — students face honesty and access ambiguity.,No district GenAI guidance or approved-tools list; teachers invent norms.,,No public GenAI policy; AI4GA partnership not mirrored as primary GenAI use policy; outcomes not published,https://www.tcjackets.net/departments/technology,2026-09-06,,,,,
Tift County Schools,Tifton,GA,traditional,board_policy,none,no,no,no,no,No public AI deepfake/impersonation/HIB-linked rule recovered in reviewed primary sources.,https://www.tiftschools.com/page/ai,2026-09-07,,,,,,teacher_discretion,teacher_discretion,traffic_light,,offered,yes,faq,no,unknown,,,unknown,,,,91.8,2024,chronic_absenteeism,26.3,2024-25,https://static.allongeorgia.com/wp-content/uploads/2024/10/2024-4-Year-Cohort-Graduation-Rate-State-District-School-by-Subgroups-ga-doe.pdf;https://download.gosa.ga.gov/2025/Attendance_2024-25_2026-02-19_00_32_26.csv,2026-09-09,2026-09-06,Adopted IFBGA/IFBGA-R Technology and AI Usage with handbook AI Position Statement; Red/Yellow/Green zones; default Yellow; citation required; Parent FAQ; CoC academic-dishonesty covers unauthorized AI.,verified,https://www.tiftschools.com/page/ai|https://docs.google.com/document/d/1qyR1ps_hNZ492IMdlTMxEIBzGTv6y12z3RtY6_HzEno/edit|https://aptg.co/0bR7q0|https://www.tiftschools.com/page/boardofeducation|https://www.tiftschools.com/page/superintendent,Jennifer Howell,Acting Superintendent,,(229) 387-2400,Jonathan Judy,Chief Information Officer,,(229) 387-2400,Jonathan Jones,Jonathan Jones|Board Chair|District 7|1/1/2017-12/31/2028;Marilyn Burks|Vice Chair|District 1|7/1/2017-12/31/2028;Pat McKinnon|Board Member|District 2|1/1/2020-12/31/2026;John Waddell|Board Member|District 3|8/1/2016-12/31/2028;Jamie Hill|Board Member|District 4|1/1/2019-12/31/2026;Sam Wright|Board Member|District 5|1/1/2019-12/31/2026;Rusty Harrelson|Board Member|District 6|1/1/2019-12/31/2026,https://www.tiftschools.com/page/boardofeducation,https://www.tiftschools.com/page/boardofeducation,2026-09-10,Board of Education Meeting 6:00pm (district events). Work session Oct 6 / meeting Oct 8 also listed. Simbli linked from BOE page.,2026-09-09,info@tiftschools.com,Jonathan Jones|jonathan.jones@tiftschools.com;Marilyn Burks|marilyn.burks@tiftschools.com;Pat McKinnon|pat.mckinnon@tiftschools.com;John Waddell|john.waddell@tiftschools.com;Jamie Hill|jamie.hill@tiftschools.com;Rusty Harrelson|rusty.harrelson@tiftschools.com;Sam Wright|sam.wright@tiftschools.com;,https://www.tiftschools.com/page/boardofeducation,2026-09-09,https://www.tiftschools.com/page/superintendent|https://www.tiftschools.com/staff?page_no=2|https://www.tiftschools.com/page/boardofeducation,2026-09-06,positive,positive,Published Red/Yellow/Green zones plus citation and CoC unauthorized-AI language give students a recoverable classroom GenAI rulebook; default Yellow reduces silent cheating risk.,IFBGA-R and handbook assign teachers zone-setting and ethics education duties with Parent FAQ backup; no published outcome metrics.,Handbook AI Position Statement + RYG zones; Parent FAQ IFBGA-R; CoC academic dishonesty covers unauthorized AI,No named district GenAI product; outcomes not published; staff directory may lag acting superintendent page,https://aptg.co/0bR7q0|https://www.tiftschools.com/page/ai,2026-09-06,,,,,
Toombs County Schools,Vidalia,GA,traditional,none,none,no,no,no,no,No public AI deepfake/impersonation/HIB-linked rule recovered in reviewed primary sources.,https://www.toombscountyschools.org/,2026-09-07,,,,,,unknown,unknown,unknown,,none,none,none,no,unknown,,,unknown,,,,94.6,2024,chronic_absenteeism,26.1,2024-25,https://static.allongeorgia.com/wp-content/uploads/2024/10/2024-4-Year-Cohort-Graduation-Rate-State-District-School-by-Subgroups-ga-doe.pdf;https://download.gosa.ga.gov/2025/Attendance_2024-25_2026-02-19_00_32_26.csv,2026-09-09,2026-09-06,Lyons GA primary site (toombscountyschools.org) was re-checked; page bodies are often JS/bot-gated; no generative-AI board policy guidance or handbook AI section recovered on accessible primary paths.,verified,https://www.toombscountyschools.org/,Barry Waller,Superintendent,barrett.waller@toombs.k12.ga.us,912-526-3141,Connor Stanley,Technology contact (procurement),,912-526-3141,Clint Williams,Clint Williams|Board Chair||;Russell Benton|Vice Chair|District 1|;Trent Akins|Board Member|District 2|;Mitch Bellflower|Board Member|District 3|;Michael Grimes|Board Member|District 4|;Steve Hutchinson|Board Member|District 5|;Josh Dixon|Board Member|District 6|,https://ams.embr.mobi/gsba/apps/aboutus/board.asp?ID=4158,https://www.toombscountyschools.org/,2026-09-10,Monthly meeting 6:00pm (district Thrillshare calendar title). Oct 8 / Nov 12 also listed.,2026-09-09,,,https://ams.embr.mobi/gsba/apps/aboutus/board.asp?ID=4158,2026-09-09,https://ams.embr.mobi/gsba/apps/aboutus/board.asp?ID=4158|toombscountyschools.org|GSSA|GA DOAS/GPR tech RFP contact,2026-09-06,negative,negative,No generative-AI policy found on primary district sources — students face GenAI rule ambiguity.,PD coded none; teachers lack published GenAI guidance.,Primary district site present (no GenAI policy found),No generative-AI policy found; PD none; outcomes not published,https://www.toombscountyschools.org/,2026-09-06,,,,,
Treutlen County Schools,Rural Middle Georgia,GA,traditional,none,none,no,no,no,no,No public AI deepfake/impersonation/HIB-linked rule recovered in reviewed primary sources.,https://www.treutlen.k12.ga.us/,2026-09-07,,,,,,unknown,unknown,unknown,,none,none,none,no,unknown,,,unknown,,,,87.7,2024,chronic_absenteeism,22.2,2024-25,https://static.allongeorgia.com/wp-content/uploads/2024/10/2024-4-Year-Cohort-Graduation-Rate-State-District-School-by-Subgroups-ga-doe.pdf;https://download.gosa.ga.gov/2025/Attendance_2024-25_2026-02-19_00_32_26.csv,2026-09-09,2026-09-06,"Soperton GA board/superintendent-message paths reviewed; Departments/Technology slug returned 404 this pass; no public generative-AI board policy, handbook AI section, or parent FAQ recovered on treutlen.k12.ga.us.",verified,https://www.treutlen.k12.ga.us/|https://www.treutlen.k12.ga.us/board-of-education/board-of-education-1|https://www.treutlen.k12.ga.us/board-of-education/superintendent-message|https://www.treutlen.k12.ga.us/departments/technology,Dr. Susan Stone,Superintendent,,912-529-7101,,,,,Alvin Heath,Toni Banes|Board Member|District 1|;Buddy Hester|Board Member|District 2|;Alvin Heath|Board Chair|District 3|;Jeremy Lanford|Board Member|District 4|;Demetria Noble|Vice Chair|District 5|,https://www.treutlen.k12.ga.us/board-of-education/board-of-education-1,https://www.treutlen.k12.ga.us/board-of-education/board-of-education-1,2026-09-14,"Regular Sep 14 6:30pm at 4313 W Main St, Soperton (2nd Monday; Oct on 3rd Monday per 2026 schedule PDF).",2026-09-09,,,https://www.treutlen.k12.ga.us/board-of-education/board-of-education-1,2026-09-09,https://www.treutlen.k12.ga.us/board-of-education/board-of-education-1|https://www.treutlen.k12.ga.us/board-of-education/superintendent-message,2026-09-06,negative,negative,No published genAI allow/cite/ban assignment rules — honesty vacuum.,No genAI guidance/PD found on district primary pages reviewed.,,No public genAI policy; tech lead blank; outcomes not published,https://www.treutlen.k12.ga.us/departments/technology,2026-09-06,,,,,
Turner County Schools,Tifton,GA,traditional,none,none,no,no,no,no,No public AI deepfake/impersonation/HIB-linked rule recovered in reviewed primary sources.,https://www.turner.k12.ga.us/,2026-09-07,,,,,,unknown,unknown,unknown,,unknown,unknown,none,no,unknown,,,unknown,,,,92.2,2024,chronic_absenteeism,21.4,2024-25,https://static.allongeorgia.com/wp-content/uploads/2024/10/2024-4-Year-Cohort-Graduation-Rate-State-District-School-by-Subgroups-ga-doe.pdf;https://download.gosa.ga.gov/2025/Attendance_2024-25_2026-02-19_00_32_26.csv,2026-09-09,2026-09-06,No district-published generative-AI policy found on primary site (board member quoted in GSBA magazine on AI governance generally — not a local policy).,verified,https://www.turner.k12.ga.us/|https://www.turner.k12.ga.us/page/board-of-education|https://www.turner.k12.ga.us/staff,Christy Wray,Superintendent,christy.wray@turner.k12.ga.us,229-567-3338,Jennifer Thomas,Assoc Supt/Director of Technology,jennifer.thomas@turner.k12.ga.us,,Cornelius Ball,Cornelius Ball|Board Chair||;Ann Kendrick|Vice Chair||;Sandra Blue|Board Member||;Sam Brown|Board Member||;David Mathis|Board Member||,https://www.turner.k12.ga.us/page/board-of-education,https://www.turner.k12.ga.us/page/board-of-education,2026-09-10,Board of Education Meeting 6:00pm (district events). Separate all-day Regular Meeting listing Sep 14 also present.,2026-09-09,,,https://www.turner.k12.ga.us/page/board-of-education,2026-09-09,https://www.turner.k12.ga.us/staff|https://www.turner.k12.ga.us/page/board-of-education,2026-09-06,negative,negative,No published generative-AI classroom rules found after primary-site review — students face honesty and access ambiguity.,No district GenAI guidance or approved-tools list recovered; teachers invent norms.,,No public genAI policy; outcomes not published,https://www.turner.k12.ga.us/,2026-09-06,,,,,
Twiggs County Schools,Macon,GA,traditional,none,none,no,no,no,no,No public AI deepfake/impersonation/HIB-linked rule recovered in reviewed primary sources.,https://www.twiggs.k12.ga.us/parents-students/district-student-handbooks-code-of-conduct,2026-09-07,,,,,,unknown,unknown,unknown,,none,none,none,no,unknown,,,unknown,,,,80.7,2024,chronic_absenteeism,23.5,2024-25,https://static.allongeorgia.com/wp-content/uploads/2024/10/2024-4-Year-Cohort-Graduation-Rate-State-District-School-by-Subgroups-ga-doe.pdf;https://download.gosa.ga.gov/2025/Attendance_2024-25_2026-02-19_00_32_26.csv,2026-09-09,2026-09-06,No public genAI/ChatGPT policy found; handbooks hub exists but no GenAI language recovered; superintendent unnamed on staff directory HTML.,verified,https://www.twiggs.k12.ga.us/|https://www.twiggs.k12.ga.us/board|https://www.twiggs.k12.ga.us/our-district/staff-directory|https://www.twiggs.k12.ga.us/parents-students/district-student-handbooks-code-of-conduct,Tyrone L. Bacon,Interim Superintendent,tbacon@twiggs.k12.ga.us,478-945-3127,,,,,Thomas Carstarphen,Thomas Carstarphen|Board Chair||;Isiah Rouse Jr|Vice Chair|District 1|;Teresa Blackshear|Board Member|District 2|;Rhonda King|Board Member|District 3|;Chesney Butler|Board Member|District 4|,https://www.twiggs.k12.ga.us/board,https://www.twiggs.k12.ga.us/board,2026-10-13,"TCBOE Board Meeting 6:00-7:50pm at 952 Main Street, Jeffersonville (2nd & 4th Tuesdays pattern). Sept 8 already held; Oct 13 listed on district calendar",2026-09-09,,Thomas Carstarphen|tcarstarphen@twiggs.k12.ga.us;Isiah Rouse Jr|irouse@twiggs.k12.ga.us;Teresa Blackshear|tblackshear@twiggs.k12.ga.us;Rhonda King|rking@twiggs.k12.ga.us;Chesney Butler|cbutler@twiggs.k12.ga.us;,https://www.twiggs.k12.ga.us/board,2026-09-09,https://www.twiggs.k12.ga.us/board|https://www.twiggs.k12.ga.us/our-district/staff-directory|https://www.twiggs.k12.ga.us/our-district/superintendent|https://www.twiggs.k12.ga.us/parents-students/student-enrollment,2026-09-06,negative,negative,No published genAI classroom allow/cite/ban rules — assignment honesty for generative AI remains a vacuum.,No genAI guidance or PD found; teachers invent classroom norms.,,No public genAI policy; superintendent blank on staff directory; tech lead blank; outcomes not published,https://www.twiggs.k12.ga.us/parents-students/district-student-handbooks-code-of-conduct,2026-09-06,,,,,
Thomaston-Upson County Schools,Thomaston,GA,traditional,none,none,no,no,no,no,No public AI deepfake/impersonation/HIB-linked rule recovered in reviewed primary sources.,https://www.upson.k12.ga.us/,2026-09-07,,,,,,unknown,unknown,unknown,,none,none,none,no,unknown,,,unknown,,,,91.6,2024,chronic_absenteeism,17.8,2024-25,https://static.allongeorgia.com/wp-content/uploads/2024/10/2024-4-Year-Cohort-Graduation-Rate-State-District-School-by-Subgroups-ga-doe.pdf;https://download.gosa.ga.gov/2025/Attendance_2024-25_2026-02-19_00_32_26.csv,2026-09-09,2026-09-06,Upson County consolidated LEA: no public genAI board policy on upson.k12.ga.us; Avon OH BoardDocs EDEC AI PDF false-positive discarded.,verified,https://www.upson.k12.ga.us/|https://www.upson.k12.ga.us/staff|https://sites.google.com/upson.k12.ga.us/tucstechnology/home|https://www.upson.k12.ga.us/article/2083887,Tret Witherspoon,Superintendent,,706-647-9621,Matt Bentley,Director of Technology,,706-647-9621,Jacqueline Hollis,Jacqueline Hollis|Board Chair|District 2|;Stephen Sadler|Vice Chair|District 6|;Angeline McGill|Board Member|District 1|;Steven South|Board Member|District 3|;Brian Salter|Board Member|District 4|;Scott Roberts|Board Member|District 5|;Brent King|Board Member|District 7|,https://www.upson.k12.ga.us/article/2083887,https://www.upson.k12.ga.us/,2026-10-13,BOE Meeting 6:00pm (district Thrillshare events). Nov 10 / Dec 8 also listed.,2026-09-09,,,https://www.upson.k12.ga.us/article/2083887,2026-09-09,https://www.upson.k12.ga.us/staff|https://www.upson.k12.ga.us/article/2083887|https://www.fun101fm.com/post/thomaston-upson-board-of-education-approves-new-superintendent|https://ams.embr.mobi/gsba/apps/aboutus/board.asp?ID=4155,2026-09-06,negative,negative,No published GenAI allow/cite/ban assignment rules — honesty vacuum.,No genAI guidance/PD found on district primary pages reviewed.,,No public genAI policy; Apptegy board-page challenge; OH EDEC false-positive discarded; outcomes not published,https://www.upson.k12.ga.us/staff,2026-09-06,,,,,
Walker County Schools,Chattanooga,GA,traditional,none,none,no,no,no,no,No public AI deepfake/impersonation/HIB-linked rule recovered in reviewed primary sources.,https://www.walkerschools.org/departments/technology/internet-acceptable-use-policy,2026-09-07,,,,,,unknown,unknown,unknown,,none,none,none,no,unknown,,,unknown,,,,92.3,2024,chronic_absenteeism,27.8,2024-25,https://static.allongeorgia.com/wp-content/uploads/2024/10/2024-4-Year-Cohort-Graduation-Rate-State-District-School-by-Subgroups-ga-doe.pdf;https://download.gosa.ga.gov/2025/Attendance_2024-25_2026-02-19_00_32_26.csv,2026-09-09,2026-09-06,GA Walker (LaFayette — ≠ AL): Technology pages cover Digital Citizenship/Chromebooks/AUP with no generative-AI classroom policy recovered.,verified,https://www.walkerschools.org/departments/technology|https://www.walkerschools.org/departments/technology/internet-acceptable-use-policy|https://www.walkerschools.org/board/meet-the-board|https://www.walkerschools.org/,Damon Raines,Superintendent of Schools,DamonRaines@walkerschools.org,706-638-1240,Scott Harden,Coordinator of Technology & Alternative Learning,scottharden@walkerschools.org,,,Dr. Dennis Willerson|Board Member|District 1|;Karen Harden|Board Member|District 2|;Travis Middleton|Board Member|District 3|;Kevin Richardson|Board Member|District 4|;Phyllis Hunter|Board Member|District 5|,https://www.walkerschools.org/board/meet-the-board,https://www.walkerschools.org/board/meetings,,Meetings page lists archived/posted sessions through Aug 17 2026 Board Meeting; Sep/Oct 2026 dates not yet posted. Simbli https://simbli.eboardsolutions.com/SB_Meetings/SB_MeetingListing.aspx?S=4168,2026-09-09,,Dr. Dennis Willerson|DennisWillerson@walkerschools.org;Karen Harden|karenharden@walkerschools.org;Travis Middleton|TravisMiddleton@walkerschools.org;Kevin Richardson|kevinrichardson@walkerschools.org;Phyllis Hunter|phyllishunter@walkerschools.org;,https://www.walkerschools.org/board/meet-the-board,2026-09-09,https://www.walkerschools.org/board/meet-the-board|https://www.walkerschools.org/about-us/superintendent|https://www.walkerschools.org/,2026-09-06,negative,negative,No published GenAI allow/cite/ban assignment rules — honesty vacuum.,No genAI guidance/PD found on district primary pages reviewed.,,No public genAI policy; board chair undesignated; outcomes not published,https://www.walkerschools.org/departments/technology,2026-09-06,,,,,
Ware County Schools,Waycross,GA,traditional,procedure_handbook,none,no,no,no,no,No public AI deepfake/impersonation/HIB-linked rule recovered in reviewed primary sources.,https://core-docs.s3.us-east-1.amazonaws.com/documents/asset/uploaded_file/777/Ware_County_School_District/4657390/25-26_High_School_Handbook_Final_Revision.pdf;https://www.ware.k12.ga.us/page/student-handbooks,2026-09-07,,,,,,unknown,permitted_with_citation,citation_required,,unknown,none,none,no,unknown,,,unknown,,,,80.5,2024,chronic_absenteeism,20.7,2024-25,https://static.allongeorgia.com/wp-content/uploads/2024/10/2024-4-Year-Cohort-Graduation-Rate-State-District-School-by-Subgroups-ga-doe.pdf;https://download.gosa.ga.gov/2025/Attendance_2024-25_2026-02-19_00_32_26.csv,2026-09-09,2026-09-06,2025-26 HS Student/Parent Handbook AI Use Guidelines: AI with caution; cite AI text/images; may not use when teacher forbids; fact-check; no bypass of reading/analysis. Elem/MS AI text not retrieved.,verified,https://www.ware.k12.ga.us/|https://core-docs.s3.us-east-1.amazonaws.com/documents/asset/uploaded_file/777/Ware_County_School_District/4657390/25-26_High_School_Handbook_Final_Revision.pdf|https://www.ware.k12.ga.us/page/student-handbooks|https://www.ware.k12.ga.us/article/1966911|https://www.ware.k12.ga.us/staff,Dr. Lynn Barber,Superintendent,,(912) 283-8656,Paige Coker,Executive Director of Technology Safety and Communications,pcoker@ware.k12.ga.us,(912) 283-8656,Barry Deas,Barry Deas|Board Chair|District 7|;Alisa Toni Nelson|Vice Chair|District 1|;Karen Ethridge|Board Member|District 2|;Edward L. Tyre|Board Member|District 3|;Rusty Ganas|Board Member|District 4|;Wendell Bagley|Board Member|District 5|;Brandi Waters|Board Member|District 6|,https://www.ware.k12.ga.us/page/board-of-education,https://www.ware.k12.ga.us/page/board-of-education,,No dated upcoming board events in Thrillshare events API this pass.,2026-09-09,feedback@ware.k12.ga.us,Barry Deas|barrydeas@bellsouth.net;Alisa Toni Nelson|atnelson84@gmail.com;Karen Ethridge|Kethridge911@gmail.com;Edward L. Tyre|btyre@ware.k12.ga.us;Rusty Ganas|rganas@bellsouth.net;,https://www.ware.k12.ga.us/page/board-of-education,2026-09-09,https://www.ware.k12.ga.us/article/1966911|https://www.ware.k12.ga.us/staff|https://www.ware.k12.ga.us/article/296281,2026-09-06,positive,positive,HS handbook AI Use Guidelines require citation and honor teacher forbid — clearer secondary path than most SE peers. Elem/MS AI language not retrieved.,Published handbook rules give teachers a shared citation/forbid framework at HS; PD status unknown.,2025-26 HS Student/Parent Handbook AI Use Guidelines (cite; teacher forbid; fact-check),Elem/MS AI text unread/portal-gated; no named genAI product; PD unknown; outcomes no,https://core-docs.s3.us-east-1.amazonaws.com/documents/asset/uploaded_file/777/Ware_County_School_District/4657390/25-26_High_School_Handbook_Final_Revision.pdf,2026-09-06,,,,,
Washington County Schools,Rural Middle Georgia,GA,traditional,none,none,no,no,no,no,No public AI deepfake/impersonation/HIB-linked rule recovered in reviewed primary sources.,https://www.washingtoncountyschoolsga.org/,2026-09-07,,,,,,unknown,unknown,unknown,,none,none,none,no,unknown,,,unknown,,,,89.5,2024,chronic_absenteeism,16.8,2024-25,https://static.allongeorgia.com/wp-content/uploads/2024/10/2024-4-Year-Cohort-Graduation-Rate-State-District-School-by-Subgroups-ga-doe.pdf;https://download.gosa.ga.gov/2025/Attendance_2024-25_2026-02-19_00_32_26.csv,2026-09-09,2026-09-06,GA Washington (Sandersville — ≠ WA state): Technology helpdesk/GoGuardian oriented with no generative-AI classroom rules.,verified,https://www.washingtoncountyschoolsga.org/|https://www.washingtoncountyschoolsga.org/about-us|https://www.washingtoncountyschoolsga.org/superintendent|https://www.washingtoncountyschoolsga.org/technology|https://www.washingtoncountyschoolsga.org/board-of-education,Timothy W. May,Superintendent,,478-552-3981,Lorenzo Watts,Director of Technology,,478-552-3981,Robert Blocker,Robert Blocker|Board Chair||;Dr. Allen Gray|Vice Chair||;Rita Hunt|Board Member||;Leigh Jordan|Board Member||;Rodney Walker|Board Member||,https://www.washingtoncountyschoolsga.org/about-us,https://www.washingtoncountyschoolsga.org/208957_3,2026-10-01,Sep 3 held; next Oct 1 5:30pm (2026 Tentative Scheduled Board Meetings PDF). Zoom link page also lists dates.,2026-09-09,info@wacoschools.org,,https://www.washingtoncountyschoolsga.org/about-us,2026-09-09,https://www.washingtoncountyschoolsga.org/about-us|https://www.washingtoncountyschoolsga.org/superintendent|https://www.washingtoncountyschoolsga.org/technology,2026-09-06,negative,negative,No published GenAI allow/cite/ban assignment rules — honesty vacuum.,No genAI guidance/PD found on district primary pages reviewed.,,No public genAI policy; outcomes not published,https://www.washingtoncountyschoolsga.org/technology,2026-09-06,,,,,
Wayne County Schools,Jesup,GA,traditional,none,none,no,no,no,no,No public AI deepfake/impersonation/HIB-linked rule recovered in reviewed primary sources.,https://www.wayne.k12.ga.us/,2026-09-07,,,,,,unknown,unknown,unknown,,none,none,none,no,unknown,,,unknown,,,,88.7,2024,chronic_absenteeism,22.5,2024-25,https://static.allongeorgia.com/wp-content/uploads/2024/10/2024-4-Year-Cohort-Graduation-Rate-State-District-School-by-Subgroups-ga-doe.pdf;https://download.gosa.ga.gov/2025/Attendance_2024-25_2026-02-19_00_32_26.csv,2026-09-09,2026-09-06,No public genAI policy found; Parent ProTech partnership for SB351 digital citizenship/cyber safety (not genAI assignment rules).,verified,https://www.wayne.k12.ga.us/|https://www.wayne.k12.ga.us/live-feed|https://www.wayne.k12.ga.us/staff|https://www.wayne.k12.ga.us/page/board-members|https://www.wayne.k12.ga.us/page/superintendent,Toni Williams,Superintendent,,912-427-1000,Reggie Burgess,Director of Technology,,912-208-7308,Tina Moseley,Tina Moseley|Board Chair|District 5|;Todd Wise|Vice Chair|District 3|;Cary Yarbrough|Board Member|District 1|;Bruce Harris|Board Member|District 2|;Sheron Daniel|Board Member|District 4|,https://www.wayne.k12.ga.us/page/board-members,https://www.wayne.k12.ga.us/page/board-members,,Wayne County BOE Meeting Dates document hub linked; dated list not recovered in text this pass (eBoard S=4173).,2026-09-09,,Tina Moseley|tina.moseley@wayne.k12.ga.us;Todd Wise|todd.wise@wayne.k12.ga.us;Cary Yarbrough|cary.yarbrough@wayne.k12.ga.us;Bruce Harris|bharris@wayne.k12.ga.us;Sheron Daniel|sdaniel@wayne.k12.ga.us;,https://www.wayne.k12.ga.us/page/board-members,2026-09-09,https://www.wayne.k12.ga.us/live-feed|https://www.wayne.k12.ga.us/staff|https://aptg.co/-3_rn5|https://www.wayne.k12.ga.us/page/superintendent,2026-09-06,negative,negative,No published generative-AI classroom rules found — students face honesty and access ambiguity across teachers.,Without district genAI guidance teachers invent rules classroom by classroom; AUP/tech pages alone do not set assignment norms.,,No public genAI policy guidance or handbook AI language found,https://www.wayne.k12.ga.us/,2026-09-06,,,,,
Webster County Schools,Rural SW Georgia,GA,traditional,none,none,no,no,no,no,No public AI deepfake/impersonation/HIB-linked rule recovered in reviewed primary sources.,https://content.myconnectsuite.com/api/documents/7eee6bee845d409996b6af096e7dc4a5.pdf,2026-09-07,,,,,,unknown,unknown,unknown,,none,none,none,no,unknown,,,unknown,,,,100.0,2024,chronic_absenteeism,18.5,2024-25,https://static.allongeorgia.com/wp-content/uploads/2024/10/2024-4-Year-Cohort-Graduation-Rate-State-District-School-by-Subgroups-ga-doe.pdf;https://download.gosa.ga.gov/2025/Attendance_2024-25_2026-02-19_00_32_26.csv,2026-09-09,2026-09-06,GA Webster (Preston — ≠ WV): Technology page is infrastructure/contacts oriented with no generative-AI classroom rules; Simbli policy landing remains thin/JS-limited.,verified,https://www.websterbobcats.org/|https://www.websterbobcats.org/technology|https://content.myconnectsuite.com/api/documents/7eee6bee845d409996b6af096e7dc4a5.pdf,Dr. Dorothy Y. Ingram,Superintendent,dingram@webster.k12.ga.us,229-828-3315,,,,,Linda Rogers,Linda Rogers|Board Chair|Member-at-Large|;Jimmie Johnson|Board Member|District 1|;Landon Matthews|Board Member|District 2|;Mary Hinman|Vice Chair|District 3|;Donald Brown|Board Member|District 4|,https://www.websterbobcats.org/,https://www.websterbobcats.org/boarddocuments,2026-10-13,"Sep 8 2026 held; next Oct 13 then Nov 10 / Dec 8. All 6:00pm Webster County School cafeteria, 7168 Washington Street, Preston (2026 Meeting Dates PDF). Simbli S=36032263.",2026-09-09,,,https://www.websterbobcats.org/,2026-09-09,https://www.websterbobcats.org/|https://content.myconnectsuite.com/api/documents/7eee6bee845d409996b6af096e7dc4a5.pdf,2026-09-06,negative,negative,No published genAI classroom allow/cite/ban rules — assignment honesty for generative AI remains a vacuum.,No genAI guidance or PD found; teachers invent classroom norms.,,No public genAI policy; tech lead blank; Simbli thin; outcomes not published,https://www.websterbobcats.org/technology,2026-09-06,,,,,
Wheeler County Schools,Rural Middle Georgia,GA,traditional,none,none,no,no,no,no,No public AI deepfake/impersonation/HIB-linked rule recovered in reviewed primary sources.,https://wheeler.entest.org/Wheeler_Strategic_Plan_2026_2031_Draft%208_%204_9_26.pdf;https://wheeler.entest.org/Parent%20ProTech%20_%20Wheeler%20County%20Schools%20_1_.pdf,2026-09-07,,,,,,unknown,unknown,unknown,,none,none,none,no,unknown,,,unknown,,,,90.1,2024,chronic_absenteeism,15.8,2024-25,https://static.allongeorgia.com/wp-content/uploads/2024/10/2024-4-Year-Cohort-Graduation-Rate-State-District-School-by-Subgroups-ga-doe.pdf;https://download.gosa.ga.gov/2025/Attendance_2024-25_2026-02-19_00_32_26.csv,2026-09-09,2026-09-06,No published genAI classroom policy; Strategic Plan 2026-2031 draft lists future AI instructional initiatives and district protocols (aspirational); Parent ProTech ≠ genAI parent_comms.,verified,https://www.wheelercountyschools.org/|https://wheeler.entest.org/Wheeler_Strategic_Plan_2026_2031_Draft%208_%204_9_26.pdf|https://wheeler.entest.org/Parent%20ProTech%20_%20Wheeler%20County%20Schools%20_1_.pdf|https://www.wheelercountyschools.org/apps/staff/|https://www.wheelercountyschools.org/apps/news/show_news.jsp?REC_ID=939360&id=0,Dr. C. Alex Alvarez,Superintendent,,912-568-7198,Suzanne Couey,Director of HR and Technology,,912-568-7198,Michael A. Morrison,Michael A. Morrison|Board Chair||;Judith G. Benton|Vice Chair||;Tommy Clark|Board Member||;Tucker Dixon|Board Member||;William H. Ford|Board Member||;L.W. Kent Jr.|Board Member||;Catherine Wilson|Board Member||,https://ams.embr.mobi/gsba/apps/aboutus/board.asp?ID=4175,https://wheelercountyschools.org/apps/pages/index.jsp?type=d&uREC_ID=347815,2026-09-14,Regular Sep 14 6:30pm (2nd Monday; Oct 19 exception for fall break). Simbli S=4175.,2026-09-09,,,https://ams.embr.mobi/gsba/apps/aboutus/board.asp?ID=4175,2026-09-09,https://www.wheelercountyschools.org/apps/staff/|https://www.wheelercountyschools.org/apps/news/show_news.jsp?REC_ID=939360&id=0|https://wheeler.entest.org/Organizational%20ChartSY27.pdf|https://ams.embr.mobi/gsba/apps/aboutus/board.asp?ID=4175,2026-09-06,negative,negative,Strategic Plan AI protocols are future work — students still lack published allow/cite/ban rules today.,No finished genAI guidance/PD; Parent ProTech is digital-safety only.,Strategic Plan draft names future AI instructional initiatives/protocols,No public genAI classroom policy yet; Parent ProTech alone; outcomes not published,https://wheeler.entest.org/Wheeler_Strategic_Plan_2026_2031_Draft%208_%204_9_26.pdf|https://www.wheelercountyschools.org/,2026-09-06,,,,,
Whitfield County Schools,Dalton,GA,traditional,none,none,no,no,no,no,No public AI deepfake/impersonation/HIB-linked rule recovered in reviewed primary sources.,https://resources.finalsite.net/images/v1721442767/whitfieldk12gaus/caiva7zubrs4lwsuzupy/WCS_AUA_FY25_Student.pdf,2026-09-07,,,,,,unknown,unknown,unknown,,none,none,none,no,unknown,,,unknown,,,,91.1,2024,chronic_absenteeism,16.5,2024-25,https://static.allongeorgia.com/wp-content/uploads/2024/10/2024-4-Year-Cohort-Graduation-Rate-State-District-School-by-Subgroups-ga-doe.pdf;https://download.gosa.ga.gov/2025/Attendance_2024-25_2026-02-19_00_32_26.csv,2026-09-09,2026-09-06,FY25 Student AUA and Technology page emphasize devices/cybersecurity/Parent ProTech & Common Sense Media with no generative-AI classroom policy (≠ Dalton Public Schools).,verified,https://resources.finalsite.net/images/v1721442767/whitfieldk12gaus/caiva7zubrs4lwsuzupy/WCS_AUA_FY25_Student.pdf|https://www.wcsga.net/departments/operations-1/technology|https://www.wcsga.net/about-us-1/board-of-education|https://www.wcsga.net/about-us-1/superintendents,Dr. Mike Ewton,Superintendent,wcs.superintendent@wcsga.net,706-217-6723,Mike Miller,Director of Technology,mike.miller@wcsga.net,706-876-7265,Bill Worley,Bill Worley|Board Chair|At-large|;Jamie Johnson|Vice Chair|District 2|;Ricky Robertson|Board Member|District 1|;Carolyn Weaver|Board Member|District 3|;Brent Rollins|Board Member|District 4|,https://www.wcsga.net/about-us-1/board-of-education,https://www.wcsga.net/about-us-1/board-of-education,2026-09-14,"Called Work Session 5:30-6:30pm then Board of Education Meeting 6:30-7:30pm at Beaverdale Elementary, 9196 GA-2, Dalton (district BOE calendar). Typically first Monday; work session 5:30pm / regular 6:30pm. Simbli https://simbli.eboardsolutions.com/index.aspx?S=4177",2026-09-09,,Bill Worley|bill.worley@wcsga.net;Jamie Johnson|jamie.johnson@wcsga.net;Ricky Robertson|ricky.robertson@wcsga.net;Carolyn Weaver|carolyn.weaver@wcsga.net;Brent Rollins|brent.rollins@wcsga.net;,https://www.wcsga.net/about-us-1/board-of-education,2026-09-09,https://www.wcsga.net/about-us-1/board-of-education|https://www.wcsga.net/about-us-1/superintendents|https://www.wcsga.net/departments/operations-1/technology,2026-09-06,negative,negative,No published GenAI allow/cite/ban assignment rules — honesty vacuum.,No genAI guidance/PD found on district primary pages reviewed.,,No public genAI policy; Parent ProTech only; outcomes not published,https://www.wcsga.net/departments/operations-1/technology,2026-09-06,,,,,
Wilcox County Schools,Rural South Georgia,GA,traditional,none,none,no,no,no,no,No public AI deepfake/impersonation/HIB-linked rule recovered in reviewed primary sources.,https://www.wilcox.k12.ga.us/family-resources/handbooks,2026-09-07,,,,,,unknown,unknown,unknown,,none,none,none,no,unknown,,,unknown,,,,96.0,2024,chronic_absenteeism,32.7,2024-25,https://static.allongeorgia.com/wp-content/uploads/2024/10/2024-4-Year-Cohort-Graduation-Rate-State-District-School-by-Subgroups-ga-doe.pdf;https://download.gosa.ga.gov/2025/Attendance_2024-25_2026-02-19_00_32_26.csv,2026-09-09,2026-09-06,GA Wilcox (Abbeville/Rochelle — ≠ AL): Technology page links Acceptable Use Policy (IFBGA CIPA/internet safety excerpt — silent on generative AI); Family Resources lists Student Handbook 2026–2027; no separate genAI classroom program or parent FAQ found.,verified,https://www.wilcox.k12.ga.us/|https://www.wilcox.k12.ga.us/departments/technology|https://www.wilcox.k12.ga.us/fs/resource-manager/view/fb1c0a78-aae2-4cfe-aff0-924482093a64|https://www.wilcox.k12.ga.us/family-resources/handbooks|https://www.wilcox.k12.ga.us/about-us/school-board-info|https://simbli.eboardsolutions.com/index.aspx?s=4178,Nathan Gibbs,Superintendent,gibbsn@wilcoxcountyschools.org,229-467-2141,Kelley Hanner,Technology Coordinator,,,Denita Childs,Denita Childs|Board Chair||;Berry Collier|Vice Chair|District 4|;Philip McKie|Board Member|District 1|;William Dozier|Board Member|District 2|;Morris Holloway|Board Member|District 3|,https://www.wilcox.k12.ga.us/about-us/school-board-info,https://www.wilcox.k12.ga.us/about-us/school-board-info,2026-10-06,Sep 8 regular held; next Work Session Oct 6 5:00pm then Board Meeting Oct 13 5:00pm (2026 schedule voted Dec 9 2025). Simbli agendas linked.,2026-09-09,,Denita Childs|childsd@wilcoxcountyschools.org;Berry Collier|collierb@wilcoxcountyschools.org;Philip McKie|mckiep@wilcoxcountyschools.org;William Dozier|dozierw@wilcoxcountyschools.org;Morris Holloway|hollowaym@wilcoxcountyschools.org;,https://www.wilcox.k12.ga.us/about-us/school-board-info,2026-09-09,https://www.wilcox.k12.ga.us/about-us/school-board-info|https://www.wilcox.k12.ga.us/departments/district-program-directors,2026-09-06,negative,negative,No published genAI allow/cite/ban assignment rules — honesty vacuum.,No genAI guidance/PD found on district primary pages reviewed.,,No public genAI policy; Childs district-seat caption conflict; outcomes not published,https://www.wilcox.k12.ga.us/departments/technology,2026-09-06,,,,,
Wilkinson County Schools,Rural Middle Georgia,GA,traditional,none,none,no,no,no,no,No public AI deepfake/impersonation/HIB-linked rule recovered in reviewed primary sources.,https://content.myconnectsuite.com/api/documents/ea3005227c5948fd95a0d1a27634f900.pdf,2026-09-07,,,,,,unknown,unknown,unknown,,none,none,none,no,unknown,,,unknown,,,,92.9,2024,chronic_absenteeism,4.2,2024-25,https://static.allongeorgia.com/wp-content/uploads/2024/10/2024-4-Year-Cohort-Graduation-Rate-State-District-School-by-Subgroups-ga-doe.pdf;https://download.gosa.ga.gov/2025/Attendance_2024-25_2026-02-19_00_32_26.csv,2026-09-09,2026-09-06,No public genAI policy; Digital Citizenship/WCSDNet AUP covers network use without generative AI clauses; Distraction-Free Education Act is device policy not GenAI.,verified,https://www.wilkinson.k12.ga.us/|https://www.wilkinson.k12.ga.us/page/school-board|https://content.myconnectsuite.com/api/documents/ea3005227c5948fd95a0d1a27634f900.pdf,Dr. Angela James,Superintendent,,478-946-5521,,,,,David Hadarits,David Hadarits|Board Chair||;Kimberly Watkins|Vice Chair||;Leigh Scott|Board Member||;Johanna Rogers|Board Member||;Charles Pitts|Board Member||,https://www.wilkinson.k12.ga.us/page/school-board,https://www.wilkinson.k12.ga.us/page/school-board,,"Pattern only: typically 6:00pm Boardroom Harold Mills BOE Building, 197 W Main St, Irwinton — no dated 2026 list verified.",2026-09-09,,,https://www.wilkinson.k12.ga.us/page/school-board,2026-09-09,https://www.wilkinson.k12.ga.us/page/school-board|https://www.wilkinson.k12.ga.us/,2026-09-06,negative,negative,No published genAI classroom allow/cite/ban rules — assignment honesty for generative AI remains a vacuum.,No genAI guidance or PD found; teachers invent classroom norms.,,No public genAI policy; tech lead blank; outcomes not published,https://www.wilkinson.k12.ga.us/page/school-board,2026-09-06,,,,,
Worth County Schools,Albany,GA,traditional,none,none,no,no,no,no,No public AI deepfake/impersonation/HIB-linked rule recovered in reviewed primary sources.,https://www.worthschools.net/page/technology,2026-09-07,,,,,,unknown,unknown,unknown,,unknown,unknown,none,no,unknown,,,unknown,,,,91.0,2024,chronic_absenteeism,21.5,2024-25,https://static.allongeorgia.com/wp-content/uploads/2024/10/2024-4-Year-Cohort-Graduation-Rate-State-District-School-by-Subgroups-ga-doe.pdf;https://download.gosa.ga.gov/2025/Attendance_2024-25_2026-02-19_00_32_26.csv,2026-09-09,2026-09-06,No generative-AI policy found; district publishes Responsible Use Guidelines and Parent ProTech signup for online safety (not genAI).,verified,https://www.worthschools.net/page/technology|https://www.worthschools.net/page/protecting-our-students-online|https://www.worthschools.net/page/board-of-education,Nehemiah Cummings,Superintendent,,229-776-8600,Justin Judy,Director of Technology,,,Hubert Souter,Hubert Souter|Board Chair||;Justin Lucas|Board Member|District 1|;Marilyn Herring|Board Member|District 2|;Sue Youngblood|Board Member|District 3|;Marc Haralson|Board Member|District 4|,https://www.worthschools.net/page/board-of-education,https://www.worthschools.net/page/board-of-education,2026-09-10,"Regular (2nd Thursday pattern) — September 10 listed on BOE page table; typically 7pm at Worth County Board Office, 103 Eldridge Street. Next listed Oct 15.",2026-09-09,koliver@worthschools.net,,https://www.worthschools.net/page/board-of-education,2026-09-09,https://www.worthschools.net/page/board-of-education|https://www.worthschools.net/page/technology,2026-09-06,negative,negative,No published generative-AI classroom rules found after primary-site review — students face honesty and access ambiguity.,No district GenAI guidance or approved-tools list recovered; teachers invent norms.,,No public genAI policy; outcomes not published,https://www.worthschools.net/page/technology,2026-09-06,,,,,
Bremen City Schools,Atlanta,GA,traditional,board_policy,none,no,no,no,no,No public AI deepfake/impersonation/HIB-linked rule recovered in reviewed primary sources.,https://www.times-georgian.com/news/local/bremen-schools-to-increase-school-meals-by-25-cents/article_52f1fcf4-d5ab-5cf6-86db-ec7c2bbe849e.html,2026-09-07,,,,,,unknown,unknown,unknown,,none,none,none,no,unknown,,,unknown,,,,98.3,2024,chronic_absenteeism,9.8,2024-25,https://static.allongeorgia.com/wp-content/uploads/2024/10/2024-4-Year-Cohort-Graduation-Rate-State-District-School-by-Subgroups-ga-doe.pdf;https://download.gosa.ga.gov/2025/Attendance_2024-25_2026-02-19_00_32_26.csv,2026-09-09,2026-09-06,Board Policy IFBGC Employee Computer/Internet/AI Use approved after public review (Times-Georgian); full IFBGC text not retrieved from eBoard — student classroom allow/cite framework still unpublished.,verified,https://www.times-georgian.com/news/local/bremen-schools-to-increase-school-meals-by-25-cents/article_52f1fcf4-d5ab-5cf6-86db-ec7c2bbe849e.html|https://www.bremencs.com/page/technology/|https://www.bremencs.com/page/board-of-education|https://www.bremencs.com/,Shannon Christian,Superintendent,,770-537-5508,Brian Wheeler,Director of Technology,,770-537-5508,Vann Pelt,Vann Pelt|Board Chair|Post 4|;Kelley Pollard|Vice Chair|Post 1|;Brandon Barrow|Board Member|Post 5|;Tony Armas|Board Member|Post 3|;Matthew McClure|Board Member|Post 2|,https://www.bremencs.com/page/board-of-education,https://www.bremencs.com/page/board-of-education,2026-10-12,Regular board meeting 6:30pm; work session Oct 2 7:00am. Sep 7/8 meeting already held. Full 2026 schedule on BOE page.,2026-09-09,,,https://www.bremencs.com/page/board-of-education,2026-09-09,"https://www.bremencs.com/page/technology/|https://www.bremencs.com/page/board-of-education|https://www.times-georgian.com/news/local/bremen-schools-to-increase-school-meals-by-25-cents/article_52f1fcf4-d5ab-5cf6-86db-ec7c2bbe849e.html|https://thecitymenus.com/2026/01/13/bremen-board-of-education-holds-january-meeting-approves-personnel-and-financial-reports/|https://ballotpedia.org/Bremen_City_Schools,_Georgia",2026-09-06,negative,mixed,Board IFBGC AI language as reported is employee-focused; no published student classroom allow/cite/ban or literacy path recovered.,Adopted employee Computer/Internet/AI board policy provides a formal staff baseline; full text and PD not publicly recovered so classroom practice still uneven.,Board Policy IFBGC framed as Employee Computer Internet and AI Use Policy (board-approved after public review),Full IFBGC text inaccessible; no student assignment framework/parent FAQ/AI PD recovered,https://www.times-georgian.com/news/local/bremen-schools-to-increase-school-meals-by-25-cents/article_52f1fcf4-d5ab-5cf6-86db-ec7c2bbe849e.html|https://www.bremencs.com/page/technology/,2026-09-06,,,,,
Buford City Schools,Atlanta,GA,traditional,none,none,no,no,no,no,No public AI deepfake/impersonation/HIB-linked rule recovered in reviewed primary sources.,https://www.bufordcityschools.org/apps/pages/index.jsp?pREC_ID=1753330&type=d&uREC_ID=1618164,2026-09-07,,,,,,unknown,unknown,unknown,,none,none,none,no,unknown,,,unknown,,,,95.1,2024,chronic_absenteeism,6.6,2024-25,https://static.allongeorgia.com/wp-content/uploads/2024/10/2024-4-Year-Cohort-Graduation-Rate-State-District-School-by-Subgroups-ga-doe.pdf;https://download.gosa.ga.gov/2025/Attendance_2024-25_2026-02-19_00_32_26.csv,2026-09-09,2026-09-06,Independent city LEA (≠ Gwinnett County): Parent Resources list AUP and FY26 Student Agenda with no generative-AI classroom policy recovered; do not attribute GCPS AI program to Buford.,verified,https://www.bufordcityschools.org/apps/pages/index.jsp?pREC_ID=1753330&type=d&uREC_ID=1618164|https://www.bufordcityschools.org/apps/pages/CentralOffice|https://www.bufordcityschools.org/apps/pages/index.jsp?pREC_ID=1753264&type=d&uREC_ID=1618121|https://www.bufordcityschools.org/,Amy Chafin,Superintendent,amy.chafin@bufordcityschools.org,770-945-5035,Jason Downs,Director of Technology,jason.downs@bufordcityschools.org,,Phillip Beard,Phillip Beard|Board Chair||;Bruce Fricks|Board Member||;Matt Peevy|Board Member||;Kathleen Welch|Board Member||;Cory Burge|Board Member||,https://www.bufordcityschools.org/apps/pages/index.jsp?pREC_ID=1753264&type=d&uREC_ID=1618121,https://www.bufordcityschools.org/apps/pages/index.jsp?type=d&uREC_ID=1618111,2026-09-21,Board meeting Monday Sep 21 at 7:00pm (unless otherwise noted). Meeting dates July 2026–June 2027 listed on BOE page.,2026-09-09,bufordboe@bufordcityschools.org,Bruce Fricks|bruce.fricks@bufordcityschools.org;,https://www.bufordcityschools.org/apps/pages/index.jsp?type=d&uREC_ID=1618111,2026-09-09,https://www.bufordcityschools.org/apps/pages/CentralOffice|https://www.bufordcityschools.org/apps/pages/index.jsp?pREC_ID=1753264&type=d&uREC_ID=1618121|https://www.bufordcityschools.org/apps/pages/index.jsp?uREC_ID=1618121&type=d&pREC_ID=1753266,2026-09-06,negative,negative,No published GenAI allow/cite/ban assignment rules — honesty vacuum.,No genAI guidance/PD found on district primary pages reviewed.,,No public genAI policy; do not attribute GCPS AI to Buford; outcomes not published,https://www.bufordcityschools.org/apps/pages/index.jsp?pREC_ID=1753330&type=d&uREC_ID=1618164,2026-09-06,,,,,
Calhoun City Schools,Calhoun,GA,traditional,none,none,no,no,no,no,No public AI deepfake/impersonation/HIB-linked rule recovered in reviewed primary sources.,https://www.calhounschools.org/,2026-09-07,,,,,,unknown,unknown,unknown,,none,none,none,no,unknown,,,unknown,,,,98.3,2024,chronic_absenteeism,15.3,2024-25,https://static.allongeorgia.com/wp-content/uploads/2024/10/2024-4-Year-Cohort-Graduation-Rate-State-District-School-by-Subgroups-ga-doe.pdf;https://download.gosa.ga.gov/2025/Attendance_2024-25_2026-02-19_00_32_26.csv,2026-09-09,2026-09-06,Independent city LEA (≠ Calhoun County; ≠ Gordon County): no generative-AI classroom policy or parent FAQ recovered; charter STEAM language is not genAI policy.,verified,https://www.calhounschools.org/|https://www.calhounschools.org/page/board-of-education|https://www.calhounschools.org/staff|https://www.calhounschools.org/article/2893361,Michele Taylor,Superintendent,taylorm@calhounschools.org,706-629-2900,Shane Shelton,Technology Director,,,Becky Gilbert-George,Becky Gilbert-George|Board Chair||;Andy Baxter|Vice Chair||;Rhoda Washington|Board Member|Secretary|;Sarah Layson|Board Member|Post 4|;John Robbins|Board Member|Post 3|,https://www.calhounschools.org/staff,https://www.calhounschools.org/page/board-of-education,,No concrete upcoming 2026 board dates recovered on public calendar/events API this pass.,2026-09-09,ccs@calhounschools.org,Andy Baxter|baxtera@calhounschools.org;Rhoda Washington|washingtonr@calhounschools.org;Sarah Layson|laysons@calhounschools.org;John Robbins|robbinsj@calhounschools.org;Becky Gilbert-George|georgeb@calhounschools.org;,https://www.calhounschools.org/page/board-of-education;https://www.calhounschools.org/staff,2026-09-09,https://www.calhounschools.org/staff|https://www.calhounschools.org/article/2511180|https://www.calhounschools.org/article/2976567|https://www.calhounschools.org/article/2695291|https://ted.cviog.uga.edu/FINANCIAL-DOCUMENTS/sites/default/files/budgetdoc/financial-report/school-district-calhoun-city-fy2025-financial-report.pdf|https://www.calhounschools.org/article/2893361|https://www.calhounschools.org/page/superintendents-welcome|https://resources.finalsite.net/images/v1595334211/calhounschoolsorg/aohvtaqwepequhlroxit/request.pdf,2026-09-06,negative,negative,No published GenAI allow/cite/ban assignment rules — honesty vacuum.,No genAI guidance/PD found on district primary pages reviewed.,,No public genAI policy; Apptegy bot-blocks; outcomes not published,https://www.calhounschools.org/,2026-09-06,,,,,
Carrollton City Schools,Atlanta,GA,traditional,none,none,no,no,no,no,No public AI deepfake/impersonation/HIB-linked rule recovered in reviewed primary sources.,https://www.carrolltoncityschools.net/departments/technology,2026-09-07,,,,,,unknown,unknown,unknown,,none,none,none,no,unknown,,,unknown,,,,90.2,2024,chronic_absenteeism,18.2,2024-25,https://static.allongeorgia.com/wp-content/uploads/2024/10/2024-4-Year-Cohort-Graduation-Rate-State-District-School-by-Subgroups-ga-doe.pdf;https://download.gosa.ga.gov/2025/Attendance_2024-25_2026-02-19_00_32_26.csv,2026-09-09,2026-09-06,Independent city LEA (≠ Carroll County): Technology and Personal Device Policy recovered with no generative-AI classroom policy; phone/device rules ≠ genAI.,verified,https://www.carrolltoncityschools.net/departments/technology|https://www.carrolltoncityschools.net/parents/personal-device-policy|https://www.carrolltoncityschools.net/about-us/newannouncements/featured-news/~board/2025-2026-school-year/post/carrollton-city-schools-updates-personal-device-policy|https://www.carrolltoncityschools.net/about-us/school-board/meet-the-board,Mark Albertus,Superintendent,mark.albertus@carrolltoncityschools.net,770-832-9633,Jared Price,Director of Information Technology,jared.price@carrolltoncityschools.net,,David Godwin,David Godwin|Board Chair|At-Large|;Melanie McLendon|Vice Chair|At-Large|;Katie Williams|Board Member|Ward Two Treasurer|;Gil O'Neal|Board Member|Ward One|;Jason Mount|Board Member|Ward Three|;Greg Schulenburg|Board Member|Ward Four|,https://www.carrolltoncityschools.net/about-us/school-board/meet-the-board,https://www.carrolltoncityschools.net/about-us/school-board,2026-10-06,Monthly board meetings 6:00pm at 106 Trojan Drive; Sep 8 already held. 2026-27 schedule published on school-board page.,2026-09-09,,,https://www.carrolltoncityschools.net/about-us/school-board/meet-the-board,2026-09-09,https://www.carrolltoncityschools.net/about-us/school-board/meet-the-board|https://www.carrolltoncityschools.net/about-us/school-board|https://www.carrolltoncityschools.net/about-us/superintendents-message|https://www.carrolltoncityschools.net/departments/technology|https://www.carrolltoncityschools.net/departments/administration,2026-09-06,negative,negative,No published GenAI allow/cite/ban assignment rules — honesty vacuum.,No genAI guidance/PD found on district primary pages reviewed.,,No public genAI policy; personal device rules ≠ genAI; outcomes not published,https://www.carrolltoncityschools.net/departments/technology,2026-09-06,,,,,
Cartersville City Schools,Atlanta,GA,traditional,principles_only,none,no,no,no,no,No public AI deepfake/impersonation/HIB-linked rule recovered in reviewed primary sources.,https://resources.finalsite.net/images/v1747866706/cartersvillek12gaus/wqe5kbxwmmd5gzqttctw/ccshandbook-25cesandcoupdated-3.pdf,2026-09-07,,,,,,teacher_discretion,teacher_discretion,teacher_discretion,,none,none,none,no,unknown,,,unknown,,,,91.1,2024,chronic_absenteeism,11.8,2024-25,https://static.allongeorgia.com/wp-content/uploads/2024/10/2024-4-Year-Cohort-Graduation-Rate-State-District-School-by-Subgroups-ga-doe.pdf;https://download.gosa.ga.gov/2025/Attendance_2024-25_2026-02-19_00_32_26.csv,2026-09-09,2026-09-06,Independent city LEA (≠ Bartow County): Technology Generative AI Disclosure Statement recognizes AI potential and directs educators to communicate classroom acceptable use — values/disclosure without traffic-light citation framework PD or parent FAQ.,verified,https://www.cartersvilleschools.org/departments/technology|https://www.cartersvilleschools.org/board-of-education|https://www.cartersvilleschools.org/about-ccs/superintendents-welcome|https://resources.finalsite.net/images/v1747866706/cartersvillek12gaus/wqe5kbxwmmd5gzqttctw/ccshandbook-25cesandcoupdated-3.pdf,Marc Feuerbach,Superintendent,mfeuerbach@cartersvilleschools.org,770-382-5880,Kristy Hovers,Director of Technology,khovers@cartersville.k12.ga.us,,Kelley Dial,Kelley Dial|Board Chair|Ward 6 President|;Travis Popham|Vice Chair|Ward 3|;Carolyn Davenport|Board Member|Ward 1|;Emma Paige|Board Member|Ward 2|;Malcolm Cooley|Board Member|Ward 4|;Louise Panter|Board Member|Ward 5|;Tim Chason|Board Member|Member at Large|,https://www.cartersvilleschools.org/board-of-education,https://www.cartersvilleschools.org/board-of-education,2026-09-14,6:00pm at Cartersville Primary School (200 Carter Grove Blvd). Work sessions typically Thursday preceding regular meeting. Schedule PDF on district site.,2026-09-09,jchilders@cartersvilleschools.org,,https://www.cartersvilleschools.org/board-of-education,2026-09-09,https://www.cartersvilleschools.org/board-of-education|https://www.cartersvilleschools.org/departments/technology|https://www.cartersvilleschools.org/about-ccs/superintendents-welcome,2026-09-06,mixed,mixed,Public Generative AI Disclosure Statement reduces total silence and points students to teacher-communicated classroom rules but provides no grade-band allow/cite/ban or literacy curriculum.,Statement affirms educator judgment and classroom communication responsibility without published AI PD cohort or assignment framework.,Generative AI Disclosure Statement on Technology department page,No traffic-light/citation framework; no AI PD/literacy/parent FAQ; handbook lacked dedicated AI section,https://www.cartersvilleschools.org/departments/technology|https://resources.finalsite.net/images/v1747866706/cartersvillek12gaus/wqe5kbxwmmd5gzqttctw/ccshandbook-25cesandcoupdated-3.pdf,2026-09-06,,,,,
Chickamauga City Schools,Chattanooga,GA,traditional,none,none,no,no,no,no,No public AI deepfake/impersonation/HIB-linked rule recovered in reviewed primary sources.,https://glhs.glschools.org/student-parent-handbook;https://glms.glschools.org/student-handbook,2026-09-07,,,,,,unknown,unknown,unknown,,none,none,none,no,unknown,,,unknown,,,,97.7,2024,chronic_absenteeism,4.8,2024-25,https://static.allongeorgia.com/wp-content/uploads/2024/10/2024-4-Year-Cohort-Graduation-Rate-State-District-School-by-Subgroups-ga-doe.pdf;https://download.gosa.ga.gov/2025/Attendance_2024-25_2026-02-19_00_32_26.csv,2026-09-09,2026-09-06,Independent city LEA (≠ Walker County): Technology page and Internet AUP/CIPA handbook language with no generative-AI classroom policy section.,verified,https://www.glschools.org/technology|https://www.chickamaugacityschools.org/board-of-education|https://glhs.glschools.org/student-parent-handbook|https://glms.glschools.org/student-handbook|https://www.chickamaugacityschools.org/,Stacy McDaniel,Superintendent,stacy.mcdaniel@glschools.org,706-382-3100,Wes Brown,Technology Director,wes.brown@glschools.org,706-382-3100 ext. 3045,D.A. Jewell V,D.A. Jewell V|Board Chair||;Janet Landers|Vice Chair||;David Askew|Board Member||;Cindy Roberts|Board Member||;Brad Siegfried|Board Member||,https://www.chickamaugacityschools.org/board-of-education,https://www.chickamaugacityschools.org/board-of-education,,BOE page shows Upcoming Meeting Dates: No events found at this time; August 2026 Board Agenda PDF linked. View Full Calendar / Board Meeting Archive on page.,2026-09-09,,D.A. Jewell V|corky.jewell@glschools.org;Janet Landers|janet.landers@glschools.org;David Askew|david.askew@glschools.org;Cindy Roberts|cindy.roberts@glschools.org;Brad Siegfried|brad.siegfried@glschools.org;,https://www.chickamaugacityschools.org/board-of-education,2026-09-09,https://www.chickamaugacityschools.org/board-of-education|https://www.glschools.org/technology|https://resources.finalsite.net/images/v1752660838/chickamaugacityschoolsorg/f6hyj7cfoczjsyfqh1k1/June2025BoardMinutes.pdf|https://www.glschools.org/contact-us|https://www.glschools.org/federal-programs,2026-09-06,negative,negative,No published GenAI allow/cite/ban assignment rules — honesty vacuum.,No genAI guidance/PD found on district primary pages reviewed.,,No public genAI policy; outcomes not published,https://www.glschools.org/technology,2026-09-06,,,,,
Commerce City Schools,Jefferson,GA,traditional,none,none,no,no,no,no,No public AI deepfake/impersonation/HIB-linked rule recovered in reviewed primary sources.,https://www.commercecityschools.org/staff/,2026-09-07,,,,,,unknown,unknown,unknown,,none,none,none,no,unknown,,,unknown,,,,95.3,2024,chronic_absenteeism,11.3,2024-25,https://static.allongeorgia.com/wp-content/uploads/2024/10/2024-4-Year-Cohort-Graduation-Rate-State-District-School-by-Subgroups-ga-doe.pdf;https://download.gosa.ga.gov/2025/Attendance_2024-25_2026-02-19_00_32_26.csv,2026-09-09,2026-09-06,Staff directory and superintendent page recovered; no generative-AI board policy or handbook AI section found (Finalsite bot-wall often returns thin HTML).,verified,https://www.commercecityschools.org/staff/|https://www.commercecityschools.org/page/superintendent|https://www.commercecityschools.org/article/2022722|https://www.commercecityschools.org/,Billy Kirk,Superintendent,billy.kirk@commercecityschools.org,706-335-5500,Tobie Jones,Director of Technology,,706-335-5500,Kyle Moore,Kyle Moore|Board Chair||;Cara Bray|Vice Chair||;Bobby Patman|Board Member||;Matthew Dean|Board Member||;Cory Griffith|Board Member||,https://www.commercecityschools.org/article/2022722,https://www.commercecityschools.org/article/2022722,,Board roster article + Simbli https://simbli.eboardsolutions.com/Index.aspx?S=4044; concrete upcoming Sep/Oct 2026 meeting date not recovered on public pages fetched.,2026-09-09,,,https://www.commercecityschools.org/article/2022722,2026-09-09,https://www.commercecityschools.org/staff/|https://www.commercecityschools.org/page/superintendent|https://www.commercecityschools.org/article/2022722|https://www.commercecityschools.org/live-feed,2026-09-06,negative,negative,No published GenAI allow/cite/ban assignment rules — honesty vacuum.,No genAI guidance/PD found on district primary pages reviewed.,,No public genAI policy; board roster via news article; Finalsite bot-block; outcomes not published,https://www.commercecityschools.org/staff/,2026-09-06,,,,,
Dalton Public Schools,Dalton,GA,traditional,none,none,no,no,no,no,No public AI deepfake/impersonation/HIB-linked rule recovered in reviewed primary sources.,https://www.daltonpublicschools.com/,2026-09-07,,,,,,unknown,unknown,unknown,,none,none,none,no,unknown,,,unknown,,,,83.4,2024,chronic_absenteeism,16.4,2024-25,https://static.allongeorgia.com/wp-content/uploads/2024/10/2024-4-Year-Cohort-Graduation-Rate-State-District-School-by-Subgroups-ga-doe.pdf;https://download.gosa.ga.gov/2025/Attendance_2024-25_2026-02-19_00_32_26.csv,2026-09-09,2026-09-06,Independent city (≠ Whitfield County): no public genAI board policy recovered; Meet-the-Board Apptegy HTML empty of member cards.,verified,https://www.daltonpublicschools.com/|https://www.daltonpublicschools.com/page/board-of-education|https://www.daltonpublicschools.com/page/meet-the-board-of-education|https://www.daltonpublicschools.com/staff|https://www.daltonpublicschools.com/article/2633439,Dr. Steven Craft,Superintendent,Steven.Craft@dalton.k12.ga.us,706-876-4000,,,,,Sam Sanders,Sam Sanders|Board Chair||;Bill Mayo|Board Member||;Manuel Meza|Board Member||;Jody McClurg|Board Member||;Tulley Johnson|Board Member||,https://www.daltonpublicschools.com/page/meet-the-board-of-education,https://www.daltonpublicschools.com/page/meet-the-board-of-education,,Board roster page + Simbli agendas https://simbli.eboardsolutions.com/SB_Meetings/SB_MeetingListing.aspx?S=4050; concrete upcoming Sep/Oct 2026 regular meeting date not recovered on public calendar/live feed fetched.,2026-09-09,,Sam Sanders|sam.sanders@dalton.k12.ga.us;Bill Mayo|Bill.Mayo@dalton.k12.ga.us;Manuel Meza|manny.meza@dalton.k12.ga.us;Jody McClurg|jody.mcclurg@dalton.k12.ga.us;Tulley Johnson|tulley.johnson@dalton.k12.ga.us;,https://www.daltonpublicschools.com/page/meet-the-board-of-education,2026-09-09,https://www.daltonpublicschools.com/staff|https://www.daltonpublicschools.com/article/2633439|https://www.daltonpublicschools.com/page/meet-the-board-of-education|https://daltoncitizen.com/2025/11/04/letter-to-the-editor-protecting-the-promise-of-public-education-in-dalton/|https://daltoncitizen.com/2026/05/14/city-school-officials-detail-new-leadership-initiative/,2026-09-06,negative,negative,No published GenAI allow/cite/ban assignment rules — honesty vacuum.,No genAI guidance/PD found on district primary pages reviewed.,,No public genAI policy; incomplete board roster; tech lead blank; outcomes not published,https://www.daltonpublicschools.com/page/board-of-education,2026-09-06,,,,,
Dublin City Schools,Dublin,GA,traditional,none,none,no,no,no,no,No public AI deepfake/impersonation/HIB-linked rule recovered in reviewed primary sources.,https://www.dcsirish.com/,2026-09-07,,,,,,unknown,unknown,unknown,,none,none,none,no,unknown,,,unknown,,,,94.3,2024,chronic_absenteeism,18.5,2024-25,https://static.allongeorgia.com/wp-content/uploads/2024/10/2024-4-Year-Cohort-Graduation-Rate-State-District-School-by-Subgroups-ga-doe.pdf;https://download.gosa.ga.gov/2025/Attendance_2024-25_2026-02-19_00_32_26.csv,2026-09-09,2026-09-06,Independent city (≠ Laurens County): no public genAI policy; Technology is helpdesk/filter oriented. Board from Governor EO 09.02.26.02 temporary appointments (district HTML still lists suspended board — not used).,verified,https://www.dcsirish.com/|https://www.dcsirish.com/about-us/meet-our-board-of-education|https://www.dcsirish.com/departments/technology|https://gov.georgia.gov/document/2026-executive-order/09022602/download,Marcee Pool,Interim Superintendent,marcee.pool@dcsirish.com,478-353-8000,,,,,,Teresa Holliday|Board Member|District 1|;D'Andrea King|Board Member|District 2|;Frederick Green|Board Member|District 3|;Priscilla Adams|Board Member|District 4|;Angela Wright|Board Member|Super District 1|;David Westerfield|Board Member|Super District 2|;Douglas Eaves|Board Member|At-Large|,https://gov.georgia.gov/document/2026-executive-order/09022602/download,https://www.dcsirish.com/about-us/meet-our-board-of-education,,Board Meetings and Training Dates linked from BOE page; concrete next date not recovered (Simbli S=4059 blocked). Member emails from BOE member pages.,2026-09-09,,Joanna Glover|joanna.glover@dublincityschools.us;John Bell|john.bell@dublincityschools.us;James Lanier|james.lanier@dublincityschools.us;Kenny Walters|kenny.walters@dublincityschools.us;Jeff Davis|jeff.davis@dublincityschools.us;Peggy Johnson|peggy.johnson@dublincityschools.us;Amanda Smith|amanda.smith@dublincityschools.us;,https://www.dcsirish.com/about-us/meet-our-board-of-education,2026-09-09,https://gov.georgia.gov/document/2026-executive-order/09022602/download|https://www.dcsirish.com/about-us/meet-our-board-of-education|https://gov.georgia.gov/document/2026-executive-order/08172601/download|https://www.dcsirish.com/departments/academics/mtss,2026-09-06,negative,negative,No published genAI allow/cite/ban assignment rules — honesty vacuum.,No genAI guidance/PD found on district primary pages reviewed.,,No public genAI policy; district board HTML stale vs Governor EO; tech lead blank; outcomes not published,https://www.dcsirish.com/departments/technology,2026-09-06,,,,,
Gainesville City Schools,Gainesville,GA,traditional,none,none,no,no,no,no,No public AI deepfake/impersonation/HIB-linked rule recovered in reviewed primary sources.,https://www.gcssk12.net/departments/technology,2026-09-07,,,,,,unknown,unknown,unknown,,none,none,none,no,unknown,,,unknown,,,,89.0,2024,chronic_absenteeism,17.4,2024-25,https://static.allongeorgia.com/wp-content/uploads/2024/10/2024-4-Year-Cohort-Graduation-Rate-State-District-School-by-Subgroups-ga-doe.pdf;https://download.gosa.ga.gov/2025/Attendance_2024-25_2026-02-19_00_32_26.csv,2026-09-09,2026-09-06,Independent city LEA (≠ Hall County): Technology page and 2026-2029 Technology Plan with no generative-AI classroom policy recovered; Hall County AI Guidelines do not apply.,verified,https://www.gcssk12.net/departments/technology|https://www.gcssk12.net/board-of-education|https://www.gcssk12.net/departments/superintendent|https://www.gcssk12.net/,Jeremy H. Williams,Superintendent,jeremy.williams@gcssk12.net,770-536-5275,Eddie Nemec,Chief Technology Officer,,,Heather Ramsey,Callie Hughs|Board Member|District 1|;Trey McPhaul|Board Member|District 2|;Stacy Young|Board Member|District 3 Treasurer|;Heather Ramsey|Board Chair|District 4|;Steven Pettit|Vice Chair|District 5|,https://www.gcssk12.net/board-of-education,https://www.gcssk12.net/board-of-education,,"Work sessions at 508 Oak Street board room; regular meetings at Public Safety Complex Municipal Court Room, 701 Queen City Parkway (and schools as noted). Recorded-meetings list through Aug 17 2026; dedicated 2026 Meeting Calendar panel present but no concrete upcoming Sep/Oct date recovered. Agendas: https://simbli.eboardsolutions.com/SB_Meetings/SB_MeetingListing.aspx?S=4072",2026-09-09,,,https://www.gcssk12.net/board-of-education,2026-09-09,https://www.gcssk12.net/board-of-education|https://www.gcssk12.net/departments/superintendent|https://www.gcssk12.net/departments/technology,2026-09-06,negative,negative,No published GenAI allow/cite/ban assignment rules — honesty vacuum.,No genAI guidance/PD found on district primary pages reviewed.,,No public genAI policy; Hall County guidelines do not apply; outcomes not published,https://www.gcssk12.net/departments/technology,2026-09-06,,,,,
Jefferson City Schools,Jefferson,GA,traditional,none,none,no,no,no,no,No public AI deepfake/impersonation/HIB-linked rule recovered in reviewed primary sources.,https://www.jeffcityschools.org/departments/technology,2026-09-07,,,,,,unknown,unknown,unknown,,none,none,none,no,unknown,,,unknown,,,,98.2,2024,chronic_absenteeism,10.3,2024-25,https://static.allongeorgia.com/wp-content/uploads/2024/10/2024-4-Year-Cohort-Graduation-Rate-State-District-School-by-Subgroups-ga-doe.pdf;https://download.gosa.ga.gov/2025/Attendance_2024-25_2026-02-19_00_32_26.csv,2026-09-09,2026-09-06,Independent city LEA (≠ Jefferson County): Technology and BOE pages with no district generative-AI classroom policy; GaPSC educator AI ethics link on BOE nav ≠ district student/teacher classroom policy.,verified,https://www.jeffcityschools.org/departments/technology|https://www.jeffcityschools.org/about-us/board-of-education-1|https://www.jeffcityschools.org/departments/central-office|https://www.jeffcityschools.org/,Donna McMullan,Superintendent,donna.mcmullan@jeffcityschools.org,706-367-2880,Miranda Storey,Director of Technology,miranda.storey@jeffcityschools.org,,Ronald K. Hopkins,Ronald K. Hopkins|Board Chair|At Large|;Ashley Smith|Board Member|District 1|;Brantley Porter|Board Member|District 2|;Willie Hughey|Vice Chair|District 3|;Lisa Richmond|Board Member|District 4|;Guy Dean Benson|Board Member|District 5|,https://www.jeffcityschools.org/about-us/board-of-education-1,https://www.jeffcityschools.org/about-us/board-of-education-1,2026-09-10,BOE meeting Sep 10 4:00pm at Jefferson Middle School media center (location change notice for Aug 13 and Sep 10 due to JHS construction). Simbli https://simbli.eboardsolutions.com/index.aspx?S=4094,2026-09-09,,,https://www.jeffcityschools.org/about-us/board-of-education-1,2026-09-09,https://www.jeffcityschools.org/about-us/board-of-education-1|https://www.jeffcityschools.org/departments/technology|https://www.jeffcityschools.org/departments/central-office,2026-09-06,negative,negative,No published GenAI allow/cite/ban assignment rules — honesty vacuum.,No genAI guidance/PD found on district primary pages reviewed.,,No public district genAI policy; GaPSC ethics link ≠ classroom policy; outcomes not published,https://www.jeffcityschools.org/departments/technology,2026-09-06,,,,,
Pelham City Schools,Rural SW Georgia,GA,traditional,none,none,no,no,no,no,No public AI deepfake/impersonation/HIB-linked rule recovered in reviewed primary sources.,https://www.pelham-city.k12.ga.us/home,2026-09-07,,,,,,unknown,unknown,unknown,,none,none,none,no,unknown,,,unknown,,,,89.7,2024,chronic_absenteeism,9.9,2024-25,https://static.allongeorgia.com/wp-content/uploads/2024/10/2024-4-Year-Cohort-Graduation-Rate-State-District-School-by-Subgroups-ga-doe.pdf;https://download.gosa.ga.gov/2025/Attendance_2024-25_2026-02-19_00_32_26.csv,2026-09-09,2026-09-06,Independent GA city LEA (≠ AL Pelham); Parent Pro Tech digital-safety page found — not GenAI-specific; no genAI policy recovered.,verified,https://www.pelham-city.k12.ga.us/home|https://www.pelham-city.k12.ga.us/superintendent|https://www.pelham-city.k12.ga.us/administration|https://www.pelham-city.k12.ga.us/board-of-education/board-members,Floyd Fort,Superintendent,ffort@pelham-city.k12.ga.us,229-294-8715,Charlie Maison,I.T. Director,,229-294-8715,Patricia Adams,Patricia Adams|Board Chair||;Patricia Wilkins|Vice Chair||;Helen Cody|Board Member||;Annette Ervin|Board Member||;Neal Hilliard|Board Member||;Joy Hurst|Board Member||;Kevin Coker|Board Member||,https://www.pelham-city.k12.ga.us/board-of-education/board-members,https://www.pelham-city.k12.ga.us/board-of-education/board-meeting-information,,Board Meeting Information / Dates links present; no concrete upcoming date listed on page body this pass. Simbli hub http://simbli.eboardsolutions.com/pelham.,2026-09-09,,Patricia Adams|padams@pelham-city.k12.ga.us;Helen Cody|hcody@pelham-city.k12.ga.us;Annette Ervin|aervin@pelham-city.k12.ga.us;Neal Hilliard|nhilliard@pelham-city.k12.ga.us;Joy Hurst|jhurst@pelham-city.k12.ga.us;Patricia Wilkins|pwilkins@pelham-city.k12.ga.us;,https://www.pelham-city.k12.ga.us/board-of-education/board-members,2026-09-09,https://www.pelham-city.k12.ga.us/superintendent|https://www.pelham-city.k12.ga.us/administration|https://www.pelham-city.k12.ga.us/board-of-education/board-members,2026-09-06,negative,negative,No published GenAI classroom/integrity rules for learners.,No published GenAI guidance/PD; classroom rules left to improvisation.,,GenAI policy vacuum; board chair unlabeled; outcomes unpublished,https://www.pelham-city.k12.ga.us/home,2026-09-06,,,,,
Rome City Schools,Rome,GA,traditional,none,none,no,no,no,no,No public AI deepfake/impersonation/HIB-linked rule recovered in reviewed primary sources.,https://www.rcs.rome.ga.us/article/2074809,2026-09-07,,,,,,unknown,unknown,unknown,MagicSchool,ad_hoc,none,yes,no,unknown,,,unknown,,,,95.3,2024,chronic_absenteeism,19.1,2024-25,https://static.allongeorgia.com/wp-content/uploads/2024/10/2024-4-Year-Cohort-Graduation-Rate-State-District-School-by-Subgroups-ga-doe.pdf;https://download.gosa.ga.gov/2025/Attendance_2024-25_2026-02-19_00_32_26.csv,2026-09-09,2026-09-06,Independent city (≠ Floyd County): no published board genAI policy; MagicSchool-linked AI practice + 2024 Community AI night for parents; Parent ProTech is SB351 but AI community event supports parent_comms=yes.,verified,https://www.rcs.rome.ga.us/article/2074809|https://www.rcs.rome.ga.us/live-feed?page_no=28|https://www.rcs.rome.ga.us/article/2394426|https://www.rcs.rome.ga.us/article/2635492|https://www.rcs.rome.ga.us/article/2610185,Dr. Eric L. Holland,Superintendent,eholland@rcs.rome.ga.us,706-236-5050,John Fricks,Director of Instructional Technology Safety & Operations,,706-236-5050,Faith Collins,Faith Collins|Board Chair||;Will Byington|Board Member||;Toni Blanchard|Board Member||;Pascha Burge|Board Member||;Alvin Jackson|Board Member||;Brenda Boyd|Board Member||;Marquita Davis|Board Member||,https://www.rcs.rome.ga.us/o/rcs/page/board-of-education,https://www.rcs.rome.ga.us/o/rcs/page/board-of-education,,"Sep 8 regular meeting already held (caucus 4:00pm / meeting 5:45pm at College and Career Academy, 990 Veterans Memorial Hwy NE per live feed). Board Meeting Dates page present but no concrete next Oct date recovered. Simbli https://simbli.eboardsolutions.com/Index.aspx?S=4139",2026-09-09,,Faith Collins|fcollins@rcs.rome.ga.us;Will Byington|board.wbyington@rcs.rome.ga.us;Toni Blanchard|toni.blanchard@rcs.rome.ga.us;Pascha Burge|pascha.burge@rcs.rome.ga.us;Alvin Jackson|aljackson@rcs.rome.ga.us;Brenda Boyd|brenda.boyd@rcs.rome.ga.us;Marquita Davis|m.davis@rcs.rome.ga.us;,https://www.rcs.rome.ga.us/o/rcs/page/board-of-education,2026-09-09,https://www.rcs.rome.ga.us/article/2635492|https://www.rcs.rome.ga.us/article/2610185|https://www.rcs.rome.ga.us/article/2074809,2026-09-06,negative,mixed,Leadership AI integration and parent AI night exist without published student GenAI allow/cite/ban assignment rules — honesty vacuum for learners.,MagicSchool-linked AI practice and Fricks integration signal teacher-side AI activity without a finished district assignment framework or required PD.,MagicSchool AI Educator Awards (Fricks semifinalist); Conversation with the Community AI in Education parent presentation,No public board genAI policy; student GenAI rules unpublished; outcomes not published,https://www.rcs.rome.ga.us/article/2074809|https://www.rcs.rome.ga.us/live-feed?page_no=28,2026-09-06,,,,,
Social Circle City Schools,Atlanta,GA,traditional,procedure_handbook,none,no,no,no,no,No public AI deepfake/impersonation/HIB-linked rule recovered in reviewed primary sources.,https://resources.finalsite.net/images/v1754944222/socialcircleschoolscom/r7sjnciq25knplivutyq/FY26SCHSSCCSStudentHandbookRevised080625_3.pdf;https://resources.finalsite.net/images/v1754491236/socialcircleschoolscom/qxvmhl0scfi9kxhe7gp9/FY26SCMSSCCSStudentHandbook080525.pdf,2026-09-07,,,,,,teacher_discretion,permitted_with_citation,citation_required,,none,none,faq,no,unknown,,,unknown,,,,94.4,2024,chronic_absenteeism,16.7,2024-25,https://static.allongeorgia.com/wp-content/uploads/2024/10/2024-4-Year-Cohort-Graduation-Rate-State-District-School-by-Subgroups-ga-doe.pdf;https://download.gosa.ga.gov/2025/Attendance_2024-25_2026-02-19_00_32_26.csv,2026-09-09,2026-09-06,City LEA (≠ Walton County): FY26 handbooks require instructor approval and/or disclosure for AI (MS/HS AUP) and HS Academic Integrity bans AI without citation/permission; Parent Resources publishes Artificial Intelligence FAQ — handbook + FAQ without standalone board AI policy code.,verified,https://www.socialcircleschools.com/|https://www.socialcircleschools.com/parents|https://resources.finalsite.net/images/v1754944222/socialcircleschoolscom/r7sjnciq25knplivutyq/FY26SCHSSCCSStudentHandbookRevised080625_3.pdf|https://resources.finalsite.net/images/v1754491236/socialcircleschoolscom/qxvmhl0scfi9kxhe7gp9/FY26SCMSSCCSStudentHandbook080525.pdf|https://www.socialcircleschools.com/departments/operations/technology|https://www.socialcircleschools.com/superintendent,Matt Remillard,Superintendent,,770-464-2731,Scott Arenal,Director of Technology,,770-464-2731,Taylor Morris,Taylor Morris|Board Chair||;Sabrina Sanford-Flint|Vice Chair|District 3|;Amber McKibben|Board Member|District 1|;Rico Jackson|Board Member|District 2|;Maggie Bonnell|Board Member|District 4|;Lowana Bell|Board Member|Zone 5|;Randy Carithers|Board Member|Zone 5|,https://www.socialcircleschools.com/board-of-education/board-member-bios,https://www.socialcircleschools.com/about-us/calendars/calendar,2026-09-28,BOE Regular Meeting (district calendar). BOE Work Session listed Sep 8. Agendas via Simbli https://simbli.eboardsolutions.com/SB_Meetings/SB_MeetingListing.aspx?S=4144,2026-09-09,,Taylor Morris|taylor.morris@socialcircleschools.org;Sabrina Sanford-Flint|sabrina.sanford-flint@socialcircleschools.org;Amber McKibben|amber.mckibben@socialcircleschools.org;Rico Jackson|rico.jackson@socialcircleschools.org;Maggie Bonnell|maggie.bonnell@socialcircleschools.org;Lowana Bell|lowana.bell@socialcircleschools.org;Randy Carithers|randy.carithers@socialcircleschools.org;,https://www.socialcircleschools.com/board-of-education/board-member-bios,2026-09-09,"https://www.socialcircleschools.com/superintendent|https://www.socialcircleschools.com/departments/operations/technology|https://www.socialcircleschools.com/board-of-education/board-member-bios|https://resources.finalsite.net/images/v1754491236/socialcircleschoolscom/qxvmhl0scfi9kxhe7gp9/FY26SCMSSCCSStudentHandbook080525.pdf|https://ams.embr.mobi/gsba/apps/aboutus/board.asp?ID=4144|https://ballotpedia.org/Social_Circle_City_School_District,_Georgia,_elections",2026-09-06,mixed,mixed,Handbook citation/permission rules plus parent AI FAQ reduce honesty ambiguity vs vacuum peers but teachers still set per-assignment AI rules — inconsistency risk remains especially elementary.,Parent FAQ and AUP give teachers a disclosure/permission baseline without published required AI PD or named approved-tool list for parents.,Parent Artificial Intelligence FAQ; HS Academic Integrity AI citation/permission rule; MS/HS AUP AI approval/disclosure rule; tech-dept vetted approved AI tools list (referenced),Approved AI tool names not published on parent FAQ; no standalone board AI policy code recovered; teacher_pd not found; handbook lag on tech director/chair titles; outcomes not published,https://www.socialcircleschools.com/parents|https://resources.finalsite.net/images/v1754944222/socialcircleschoolscom/r7sjnciq25knplivutyq/FY26SCHSSCCSStudentHandbookRevised080625_3.pdf|https://resources.finalsite.net/images/v1754491236/socialcircleschoolscom/qxvmhl0scfi9kxhe7gp9/FY26SCMSSCCSStudentHandbook080525.pdf,2026-09-06,,,,,
Thomasville City Schools,Thomasville,GA,traditional,none,none,no,no,no,no,No public AI deepfake/impersonation/HIB-linked rule recovered in reviewed primary sources.,https://www.tcitys.org/,2026-09-07,,,,,,unknown,unknown,unknown,,unknown,none,none,no,unknown,,,unknown,,,,83.3,2024,chronic_absenteeism,19.7,2024-25,https://static.allongeorgia.com/wp-content/uploads/2024/10/2024-4-Year-Cohort-Graduation-Rate-State-District-School-by-Subgroups-ga-doe.pdf;https://download.gosa.ga.gov/2025/Attendance_2024-25_2026-02-19_00_32_26.csv,2026-09-09,2026-09-06,No public generative-AI classroom policy found; district publicizes Georgia AIM / Georgia Tech smart-manufacturing grant (workforce AI exposure) not GenAI academic-use rules.,verified,https://www.tcitys.org/|https://www.tcitys.org/staff|https://www.tcitys.org/page/boe|https://www.tcitys.org/article/2182517,Scott Sweeting,Superintendent,,(229) 225-2600,Virginia Ballard,Instructional Technology Specialist,,(229) 225-2600,Ryan Bradburn,Ryan Bradburn|Board Chair|At-Large|;Kejar Butler|Vice Chair|District 1|;Britney Glass|Board Member|District 2|;Dr. Hazel Jones|Board Member||;Wallace Marsh|Board Member||;Vickie Jackson|Board Member||,https://www.tcitys.org/page/boe,https://www.tcitys.org/page/boe,,"Live feed (May 27, 2026): regular meetings typically 4th Tuesday; 5:00pm Jun–Oct / 6:00pm Nov–Dec; full dated schedule on /page/boe (JS). Leave next blank until concrete date scraped. 404 N Broad St.",2026-09-09,,,https://www.tcitys.org/page/boe,2026-09-09,https://www.tcitys.org/staff|https://www.tcitys.org/page/boe|https://www.tcitys.org/article/1768443|https://timesenterprise.com/2026/01/29/thomasville-city-schools-boe-announces-new-leadership/|https://timesenterprise.com/2025/12/22/thomasville-city-schools-boe-recognizes-sumner-linder-during-last-regular-meeting/|https://timesenterprise.com/2026/08/17/tcs-honors-dr-hazel-t-jones-with-dedication-of-dr-hazel-t-jones-way/,2026-09-06,unclear,unclear,AIM manufacturing grant signals AI-in-workforce exposure but no published GenAI homework/classroom rules.,No recoverable GenAI guidance/PD for general classroom generative tools.,Georgia AIM / Georgia Tech smart-manufacturing curriculum grant (district article),No GenAI academic-use policy; BOE roster not recoverable as text; outcomes not published,https://www.tcitys.org/article/2182517|https://www.tcitys.org/page/boe,2026-09-06,,,,,
Trion City Schools,Summerville,GA,traditional,none,none,no,no,no,no,No public AI deepfake/impersonation/HIB-linked rule recovered in reviewed primary sources.,https://content.myconnectsuite.com/api/documents/192a4e1ff6fa4ddd8c8b6b764d8aceff.pdf;https://content.myconnectsuite.com/api/documents/4349ce0a1dc149d89a0bd914ce93816d.pdf,2026-09-07,,,,,,unknown,unknown,unknown,,none,none,none,no,unknown,,,unknown,,,,99.0,2024,chronic_absenteeism,10.2,2024-25,https://static.allongeorgia.com/wp-content/uploads/2024/10/2024-4-Year-Cohort-Graduation-Rate-State-District-School-by-Subgroups-ga-doe.pdf;https://download.gosa.ga.gov/2025/Attendance_2024-25_2026-02-19_00_32_26.csv,2026-09-09,2026-09-06,Independent city LEA (≠ Chattooga County): 2026-27 handbook and Technology page with no generative-AI section; IFBG/SB351 Internet AUP revisions ≠ genAI parent_comms.,verified,https://www.trionschools.org/technologydepartment|https://content.myconnectsuite.com/api/documents/192a4e1ff6fa4ddd8c8b6b764d8aceff.pdf|https://www.trionschools.org/boardofeducation|https://content.myconnectsuite.com/api/documents/4349ce0a1dc149d89a0bd914ce93816d.pdf|https://www.trionschools.org/superintendentsmessage,Howard Hughes,Superintendent,,706-734-2363,,,,,Randy Henderson,Randy Henderson|Board Chair||;Kari Maddux|Vice Chair||;Darriel Broome|Board Member||;Johnny Brimer|Board Member||;Laura Chesley|Board Member||,https://www.trionschools.org/boardofeducation,https://www.trionschools.org/boardofeducation,2026-09-14,Regular 6:00pm Board Office 239 Simmons Street (PROPOSED 2026 MEETING SCHEDULE on BOE page). Pattern: 2nd Monday.,2026-09-09,info@trionschools.org,,https://www.trionschools.org/boardofeducation,2026-09-09,https://www.trionschools.org/superintendentsmessage|https://www.trionschools.org/centralofficestaff|https://content.myconnectsuite.com/api/documents/b0852fecd88544bd814da62d9e105db7.pdf|https://content.myconnectsuite.com/api/documents/d2faa372370e452989cd4cfb22220e03.pdf|https://content.myconnectsuite.com/api/documents/3bd81ebf938b4a14ad87697cf0394ecf.pdf|https://content.myconnectsuite.com/api/documents/2818d3530522476b9b3cb6788f730906.pdf,2026-09-06,negative,negative,No published GenAI allow/cite/ban assignment rules — honesty vacuum.,No genAI guidance/PD found on district primary pages reviewed.,,No public genAI policy; tech_lead unpublished; IFBG/SB351 ≠ genAI; outcomes not published,https://www.trionschools.org/technologydepartment,2026-09-06,,,,,
Valdosta City Schools,Valdosta,GA,traditional,none,none,no,no,no,no,No public AI deepfake/impersonation/HIB-linked rule recovered in reviewed primary sources.,https://www.gocats.org/article/2654416,2026-09-07,,,,,,unknown,unknown,unknown,MagicSchool,offered,unknown,none,no,unknown,,,unknown,,,,86.8,2024,chronic_absenteeism,28.6,2024-25,https://static.allongeorgia.com/wp-content/uploads/2024/10/2024-4-Year-Cohort-Graduation-Rate-State-District-School-by-Subgroups-ga-doe.pdf;https://download.gosa.ga.gov/2025/Attendance_2024-25_2026-02-19_00_32_26.csv,2026-09-09,2026-09-06,District-wide MagicSchool AI for students and teachers launched 2026-01-06 with MagicSchool-led PL; no separate board GenAI policy/handbook language recovered.,verified,https://www.gocats.org/article/2654416|https://www.gocats.org/o/vpac/article/2942889|https://www.gocats.org/staff?page_no=2|https://www.gocats.org/staff?page_no=4|https://www.gocats.org/o/jlles/article/2764636|https://www.gocats.org/article/1966284,Craig Lockhart,Superintendent,,(229) 671-6047,Kendal Crawford,Director of Instructional Tech & Media,,(229) 671-6003,Kelisa Brown,Kelisa Brown|Board Chair|District 2|;Tia Heard|Vice Chair|District 1|;Warren Lee|Board Member|District 3|;Tyra Howard|Board Member|District 4|;Jason DeLoach|Board Member|District 5|;Tad Moseley|Board Member|District 6|;David Gilyard|Board Member|Superward East|;Justin Crenshaw|Board Member|Superward West|;Brittney Coons-Long|Board Member|At Large|,https://www.gocats.org/o/jlles/article/2764636,https://www.gocats.org/o/vcs/page/board-of-education,2026-09-22,"Work Session 6:00pm (district events). Regular meetings typically 2nd Tuesday 6:00pm at Superintendent's Office, 1204 Williams Street; Sept regular already past. Simbli agendas linked from BOE page.",2026-09-09,vboe@gocats.org,Kelisa Brown|kelisa.brown@gocats.org;Tia Heard|tiaheard.district1@gmail.com;Warren Lee|warren.lee@gocats.org;Tyra Howard|tyrahowardvcs@gmail.com;Jason DeLoach|jason.deloach@gocats.org;Tad Moseley|tad@caringtogether.com;David Gilyard|david.gilyard@gocats.org;Justin Crenshaw|jdogg580@gmail.com;Brittney Coons-Long|bcoons-long@lowndescounty.com;,https://www.gocats.org/o/vcs/page/board-of-education;https://www.gocats.org/page/board-of-education,2026-09-09,https://www.gocats.org/staff?page_no=4|https://www.gocats.org/staff?page_no=2|https://www.gocats.org/o/jlles/article/2764636|https://www.gocats.org/article/1966284|https://www.gocats.org/article/2654416,2026-09-06,mixed,positive,District announces MagicSchool for all students but publishes no traffic-light/citation/handbook GenAI rules — tool access without assignment framework.,MagicSchool launch included trainer-led PL; Crawford named MagicSchool Ambassador — teacher productivity path clearer than student integrity rules.,District-wide MagicSchool launch 2026-01-06; MagicSchool PL sessions; Ambassador cohort,No board GenAI policy or handbook GenAI section recovered; outcomes not published,https://www.gocats.org/article/2654416|https://www.gocats.org/o/vpac/article/2942889,2026-09-06,,,,,
Vidalia City Schools,Vidalia,GA,traditional,none,none,no,no,no,no,No public AI deepfake/impersonation/HIB-linked rule recovered in reviewed primary sources.,https://content.schoolinsites.com/api/documents/0ddf057c2fb0497297f7b644a9a40731.pdf;https://content.myconnectsuite.com/api/documents/1428c24548e44a578355646e2a4feaf4.pdf,2026-09-07,,,,,,unknown,unknown,unknown,Woz ED,none,curriculum,yes,no,unknown,,,unknown,,,,94.0,2024,chronic_absenteeism,14.5,2024-25,https://static.allongeorgia.com/wp-content/uploads/2024/10/2024-4-Year-Cohort-Graduation-Rate-State-District-School-by-Subgroups-ga-doe.pdf;https://download.gosa.ga.gov/2025/Attendance_2024-25_2026-02-19_00_32_26.csv,2026-09-09,2026-09-06,"Independent city LEA: school pages advertise WozEd STEM (robotics/AI/engineering pathway) but that is curriculum branding; district Responsible Use of Electronic Media PDF is silent on genAI; search-indexed VHS 25/26 handbook quotes an Artificial Intelligence Policy (teacher-permitted approved tools; ban on AI-generated graded work), but the CDN PDF URL returned HTTP 400 this pass so status stays none until the handbook file is re-retrieved.",verified,https://www.vidaliacityschools.org/|https://www.vidaliacityschools.org/boardofeducation|https://www.jddickerson.org/|https://content.schoolinsites.com/api/documents/0ddf057c2fb0497297f7b644a9a40731.pdf|https://content.myconnectsuite.com/api/documents/1428c24548e44a578355646e2a4feaf4.pdf|https://simbli.eboardsolutions.com/Index.aspx?S=4167,Dr. Sandy Reid,Superintendent of Schools,sreid@vidalia-city.k12.ga.us,912-537-3088,Sabrina Wiggs,Director of Technology,,912-537-3088 ext. 2022,Andy Blount,Andy Blount|Board Chair|Ward 1|;Sadia Ajohda|Vice Chair|Ward 2|;Brittney Black|Board Member|Ward 3|;Fred Godbee|Board Member|Ward 4|;Julee Torrance|Board Member|At-Large|,https://www.vidaliacityschools.org/boardofeducation,https://simbli.eboardsolutions.com/SB_Meetings/SB_MeetingListing.aspx?S=4167,,Sep 8 regular 5:00pm / work 4:00pm already held on Simbli listing; next dated meeting not shown beyond Sep 8 in listing recovered.,2026-09-09,,,https://www.vidaliacityschools.org/boardofeducation,2026-09-09,https://www.vidaliacityschools.org/boardofeducation|vidaliacityschools.org about + technology|GSSA,2026-09-06,mixed,mixed,"WozEd STEM includes AI K–12 and parent_comms=yes with curriculum literacy coding, but no separate generative-AI use/assignment policy was found — literacy exposure without classroom GenAI rules.",STEM AI via WozEd may support some teacher content; PD coded none and no genAI use policy leaves assignment norms unclear.,WozEd STEM includes AI K–12; parent_comms yes; student_literacy curriculum,No separate generative-AI use policy; teacher PD none; outcomes not published,https://www.vidaliacityschools.org/,2026-09-06,,,,,
Renton School District,Seattle,WA,traditional,procedure_handbook,unknown,unknown,unknown,unknown,unknown,,,,,,,,,teacher_discretion,teacher_discretion,teacher_discretion,PlayLab,offered,none,none,no,unknown,,,unknown,,,,,,unknown,,,,,2026-09-06,Renton RUP explicitly applies to AI and links OSPI Human-Centered AI Guidance; RTCC 2025–26 priority includes PlayLab partnership PD; no standalone board genAI assignment framework or parent AI FAQ found.,verified,https://www.rentonschools.us/learning-and-teaching/digital-learning/responsible-use-policy|https://resources.finalsite.net/images/v1768609353/rentonschoolsus/zlvgdjupjwc0zqe7owvq/RTCC20251209.pdf|https://resources.finalsite.net/images/v1715814493/rentonschoolsus/g5seooh3osakihumfdoy/RTCC20240403.pdf|https://ospi.k12.wa.us/student-success/resources-subject-area/human-centered-artificial-intelligence-schools|https://nces.ed.gov/ccd/districtsearch/district_detail.asp?ID2=5307230,Dr. Damien Pattenaude,Superintendent,damien.pattenaude@rentonschools.us,425-204-2300,Dr. Ellen Dorr,Chief of Technology and Strategic Initiatives,,425-204-2270,Justin Booker,Justin Booker|Board Chair|District 4|through 2027;Susan Talley|Vice Chair|District 1|through 2027;Avanti Bergquist MD|Board Member|District 2|through 2029;Stefanie McIrvin Ed.D|Board Member|District 3|through 2027;Lindsay Jensen|Board Member|District 5|through 2029,https://www.rentonschools.us/our-district/school-board/boardbios,,,,,,,,,https://www.rentonschools.us/our-district/superintendent|https://www.rentonschools.us/our-district/superintendent/cabinet|https://www.rentonschools.us/our-district/school-board/boardbios|https://www.rentonschools.us/departments/technology-services/renton-technology-coordinating-council,2026-09-06,mixed,mixed,RUP + OSPI human-centered link sets integrity/citation expectations but classroom allow/cite/ban still teacher-discretion — honesty variance risk remains.,PlayLab partnership offers structured AI PD for educators; still no district-wide finished assignment framework backing teachers.,RUP applies to AI; OSPI Human-Centered AI Guidance linked; PlayLab educator PD partnership (RTCC Dec 2025),No parent AI FAQ; no published grade-band assignment lights; outcomes not published,https://www.rentonschools.us/learning-and-teaching/digital-learning/responsible-use-policy|https://resources.finalsite.net/images/v1768609353/rentonschoolsus/zlvgdjupjwc0zqe7owvq/RTCC20251209.pdf,2026-09-06,,,,,
Kent School District,Seattle,WA,traditional,board_policy,unknown,unknown,unknown,unknown,unknown,,,,,,,,,unknown,unknown,unknown,,unknown,none,none,no,unknown,,,unknown,,,,,,unknown,,,,,2026-09-06,Kent Board Policy 2022 Electronic Resources and Internet Safety requires proficiency including appropriate use of AI; no public classroom genAI allow/cite/ban guidance handbook FAQ or parent AI page found on kent.k12.wa.us.,verified,https://go.boarddocs.com/wa/ksdwa/Board.nsf/goto?open&id=86D5AA63DF05|https://www.kent.k12.wa.us/page/school-board|https://www.kent.k12.wa.us/page/technology|https://www.kent.k12.wa.us/staff,Israel Vela,Superintendent,,253-373-7700,Spencer Pan,Senior Executive Director of Strategic Initiatives & Operations (Technology & Partnerships),,253-373-7537,Meghin Margel,Meghin Margel|Board Chair|District 2|;Teresa Gregory|Vice Chair|District 4|;Donald Cook|Board Member|District 3|;Laura Williams|Board Member|District 5|;Stefani Braicks|Board Member|District 1|through Dec 2027,https://www.kent.k12.wa.us/page/school-board,,,,,,,,,https://www.kent.k12.wa.us/page/superintendent|https://www.kent.k12.wa.us/staff|https://go.boarddocs.com/wa/ksdwa/Board.nsf/goto?id=CWZRNZ6EE33A&open=|https://www.kent.k12.wa.us/article/2594469|https://www.kent.k12.wa.us/article/2843586|https://www.kentreporter.com/2025/12/26/laura-williams-begins-kent-school-board-director-role/|https://www.kentreporter.com/2026/06/26/kent-school-board-appoints-stefani-braicks-as-new-member/,2026-09-06,negative,mixed,Board Policy 2022 names AI in digital-citizenship education but publishes no classroom genAI assignment rules — honesty vacuum for students.,Policy authorizes procedures and staff development; no recovered public AI PD catalog or classroom playbook.,Adopted Policy 2022 text includes appropriate use of AI,No public genAI classroom guidance/FAQ; assignment framework unpublished; outcomes not published,https://go.boarddocs.com/wa/ksdwa/Board.nsf/goto?open&id=86D5AA63DF05,2026-09-06,,,,,
Federal Way Public Schools,Seattle,WA,traditional,procedure_handbook,unknown,unknown,unknown,unknown,unknown,,,,,,,,,teacher_discretion,teacher_discretion,teacher_discretion,,unknown,none,none,no,unknown,,,unknown,,,,,,unknown,,,,,2026-09-06,FWPS Procedure (Electronic Resources/Internet Safety; revised 03/25/25) adds generative AI purpose/appropriate/inappropriate-use rules plus Student Artificial Intelligence Code of Conduct and teacher-set assignment guidance; Hour of AI/CSEdWeek activities published.,verified,https://www.fwps.org/fs/resource-manager/view/64e6cf0c-9ff7-495f-88e6-966ed991c9da|https://tbhs.fwps.org/story/~board/news/post/federal-way-scholars-explore-the-future-of-technology-during-computer-science-education-week|https://www.fwps.org/departments/information-technology|https://www.fwps.org/about-us/district-leadership,Dr. Dani Pfeiffer,Superintendent,superintendent@fwps.org,253-945-2000,Rachelle Butz,Chief Technology Officer,rbutz@fwps.org,253-945-2110,Dr. Jennifer Jones,Dr. Jennifer Jones|Board Chair|District 2|term expires 2027;Trudy Davis|Vice Chair|District 4|term expires 2029;Luckisha Phillips|Board Member|District 3|term expires 2027;Eric Gollings|Board Member|District 1|term expires 2029;Joan Marie Murphy|Board Member|District 5|term expires 2027,https://www.fwps.org/about-us/school-board/meet-the-school-board,,,,,,,,,https://www.fwps.org/about-us/district-leadership|https://www.fwps.org/about-us/superintendent|https://www.fwps.org/departments/information-technology|https://www.fwps.org/about-us/school-board/meet-the-school-board,2026-09-06,mixed,mixed,Procedure bans representing AI work as one’s own and requires approved tools + teacher guidance — clearer than silence — but per-assignment rules remain teacher-discretion.,Written AI section in procedure helps; staff must ensure only approved AI tools; public AI PD status unclear.,Procedure generative-AI section (purpose/appropriate/inappropriate); Student AI Code of Conduct referenced; CSEdWeek Hour of AI activities,Standalone Code of Conduct PDF not found; parent AI FAQ not found; outcomes not published,https://www.fwps.org/fs/resource-manager/view/64e6cf0c-9ff7-495f-88e6-966ed991c9da|https://tbhs.fwps.org/story/~board/news/post/federal-way-scholars-explore-the-future-of-technology-during-computer-science-education-week,2026-09-06,,,,,
Shoreline School District,Seattle,WA,traditional,guidance,unknown,unknown,unknown,unknown,unknown,,,,,,,,,restricted,restricted,teacher_discretion,,unknown,none,none,no,unknown,,,unknown,,,,,,unknown,,,,,2026-09-06,Shoreline publishes New Generative Artificial Intelligence Guidance (human-centered/OSPI-aligned); blocks student OpenAI/ChatGPT for under-18 ToS/parental-consent reasons; emphasizes purpose transparency privacy bias and MLA attribution — no board genAI policy title found.,verified,https://www.ssd412.org/departments/technology/new-generative-artificial-intelligence-guidance|https://www.ssd412.org/departments/technology|https://www.ssd412.org/school-board|https://ospi.k12.wa.us/student-success/resources-subject-area/human-centered-artificial-intelligence-schools,Dr. Susana Reyes,Superintendent,susana.reyes@ssd412.org,206-393-4203,Todd Koren,Technology Director,todd.koren@ssd412.org,206-393-4410,Sylvia Gil,Sylvia Gil|Board Chair|District 4|next election Nov 2027;Sara Betnel|Vice Chair|District 5|next election Nov 2027;Meghan Jernigan|Board Member|District 1|next election Nov 2027;Emily Williams|Board Member|District 2|next election Nov 2029;Lama Chikh|Board Member|District 3|oath Jan 13 2026 next election Nov 2029,https://www.ssd412.org/school-board,,,,,,,,,https://www.ssd412.org/about-us/superintendent|https://www.ssd412.org/school-board|https://www.ssd412.org/departments/technology,2026-09-06,mixed,mixed,ChatGPT blocked for students reduces one risk vector but published guidance still leaves task-level allow/deny to teachers; attribution expected when AI is used.,Staff guidance page exists; no recovered required AI PD or finished board policy.,Published generative AI guidance; ChatGPT/OpenAI student block explained; MLA citation link; OSPI human-centered framing,No board genAI policy; no parent AI FAQ; student literacy program not found; outcomes not published,https://www.ssd412.org/departments/technology/new-generative-artificial-intelligence-guidance,2026-09-06,,,,,
Northshore School District,Seattle,WA,traditional,guidance,unknown,unknown,unknown,unknown,unknown,,,,,,,,,teacher_discretion,teacher_discretion,citation_required,MagicSchool,offered,none,faq,no,unknown,,,unknown,,,,,,unknown,,,,,2026-09-06,Northshore publishes staff/student/family AI guidance (OSPI-based) and embeds generative-AI rules in Responsible Use Procedure 2022P Students — teacher permission required; attribution required; PII banned; MagicSchool/Skill Struck noted in Fall 2024 pilot materials.,verified,https://www.nsd.org/our-district/departments/technology/artificial-intelligence|https://www.nsd.org/fs/resource-manager/view/94e851de-6da4-4636-bdd1-21ae75ff24db|https://resources.finalsite.net/images/v1747242997/nsdorg/y9veeu3pvduuamuhrlzr/ResponsibleUseProcedure-STUDENTS2022P.pdf|https://www.nsd.org/our-district/departments/technology/student-technologies/digital-literacy-clone|https://www.nsd.org/our-district/departments/technology,Dr. Justin Irish,Superintendent,,,Forrest Baker,Executive Director of Technology,fbaker@nsd.org,,Sandy Hayes,Sandy Hayes|Board Chair|District 4|term expires 2029;Elisabeth Sotak|Vice Chair|District 2|term expires 2027;Carson Sanderson|Board Member|District 1|term expires 2029;Hân Trần|Board Member|District 3|term expires 2027,https://www.nsd.org/our-district/leadership/school-board/meet-the-school-board,,,,,,,,,https://www.nsd.org/our-district/leadership/superintendent/superintendent|https://www.nsd.org/our-district/leadership/school-board/meet-the-school-board|https://www.nsd.org/our-district/departments/technology|https://www.nsd.org/fs/resource-manager/view/94e851de-6da4-4636-bdd1-21ae75ff24db,2026-09-06,mixed,positive,Clear permission + attribution + PII rules and family guidance reduce vacuum; classroom use still gated by each teacher so inconsistency remains.,Staff guidance + MagicSchool productivity pilot + RUP AI section give teachers a shared playbook.,Guidance for Staff/Students/Families; 2022P student generative-AI section; MagicSchool/Skill Struck pilot notes; family FAQ-style guidance deck,District 5 vacant; no published outcomes; student literacy not a branded K-12 AI curriculum,https://www.nsd.org/our-district/departments/technology/artificial-intelligence|https://www.nsd.org/fs/resource-manager/view/94e851de-6da4-4636-bdd1-21ae75ff24db|https://resources.finalsite.net/images/v1747242997/nsdorg/y9veeu3pvduuamuhrlzr/ResponsibleUseProcedure-STUDENTS2022P.pdf,2026-09-06,,,,,
Mercer Island School District,Seattle,WA,traditional,principles_only,unknown,unknown,unknown,unknown,unknown,,,,,,,,,teacher_discretion,teacher_discretion,teacher_discretion,MagicSchool,offered,none,none,no,unknown,,,unknown,,,,,,unknown,,,,,2026-09-06,MISD publishes Artificial Intelligence (AI) Values (human-centered/OSPI-aligned) naming MagicSchool Gemini Copilot Curipod Grammarly etc.; teachers set assessment AI rules and citation expectations; no standalone board genAI policy recovered on primary site.,verified,https://www.mercerislandschools.org/programs-and-services/student-learning-services/technology-services/artificial-intelligence-ai-values|https://www.mercerislandschools.org/programs-and-services/student-learning-services/technology-services/misd-instructional-tools-and-student-privacy|https://www.mercerislandschools.org/programs-and-services/student-learning-services/technology-services|https://www.mercerislandschools.org/school-board/school-board-information,Dr. Fred Rundle,Superintendent,fred.rundle@mercerislandschools.org,206-236-3330,Andreeves Ronser,Director of Information Technology,andreeves.ronser@mercerislandschools.org,206-236-3404,Stephanie Burnett,Stephanie Burnett|Board Chair|Director Position 4|term expires Dec 2029;Jody Lee|Vice Chair|Director Position 5|term expires Dec 2027;Cristina Martinez|Board Member|Director Position 1|term expires Dec 2027;Julian Bradley|Board Member|Director Position 2|term expires Dec 2029;Maggie Tai Tucker|Board Member|Director Position 3|term expires Dec 2027,https://www.mercerislandschools.org/school-board/school-board-information,,,,,,,,,https://www.mercerislandschools.org/programs-and-services/superintendent-services|https://www.mercerislandschools.org/school-board/school-board-information|https://www.mercerislandschools.org/programs-and-services/student-learning-services/technology-services|https://www.mercerislandschools.org/board-meeting-recaps/~board/board-recap/post/misd-board-meeting-recap-december-11-2025,2026-09-06,mixed,mixed,Values + teacher autonomy/citation expectations exist without a binding district assignment framework — classroom inconsistency risk.,Named tool list and values help; PD framed as essential but not verified as required cohort training.,Published AI Values; MagicSchool and other tools named; privacy/FERPA-CIPA-COPPA reminders on instructional tools page,Principles without board genAI policy; no parent AI FAQ; outcomes not published,https://www.mercerislandschools.org/programs-and-services/student-learning-services/technology-services/artificial-intelligence-ai-values|https://www.mercerislandschools.org/programs-and-services/student-learning-services/technology-services/misd-instructional-tools-and-student-privacy,2026-09-06,,,,,
Everett Public Schools,Seattle,WA,traditional,procedure_handbook,unknown,unknown,unknown,unknown,unknown,,,,,,,,,teacher_discretion,teacher_discretion,teacher_discretion,,unknown,none,none,no,unknown,,,unknown,,,,,,unknown,,,,,2026-09-06,Everett 2026–27 Student Rights & Responsibilities Handbook Procedure 3245P includes generative-AI purpose/appropriate/inappropriate-use rules (teacher sets per-assignment use; ban on representing AI as own work; no confidential PII) plus HB 1170/2225 AI disclosure and AI companion chatbot safeguards.,verified,https://docushare.everett.k12.wa.us/docushare/dsweb/Get/Document-23084/|https://www.everettsd.org/students/student-handbook|https://www.everettsd.org/epscommunity/district-committees-task-forces/ai-committee|https://www.everettsd.org/lits/technology-handbook|https://www.everettsd.org/about-us/school-board,Dr. Ian B. Saltzman,Superintendent,,425-385-4000,Brian Beckley,Chief Information Officer,,,Traci Mitchell,Traci Mitchell|Board Chair|Director Position 4|term expires December 2027;Jen Hirman|Vice Chair|Director Position 2|term expires December 2031;Shaina Langley|Board Member|Director Position 1|term expires December 2031;Anna Marie Jackson Laurence|Board Member|Director Position 3|term expires December 2027;Charles Adkins|Board Member|Director Position 5|term expires December 2029,https://www.everettsd.org/about-us/school-board,,,,,,,,,https://www.everettsd.org/superintendent/superintendent-bio|https://www.everettsd.org/superintendent/academic-team|https://www.everettsd.org/lits/technology-team|https://www.everettsd.org/about-us/school-board,2026-09-06,mixed,mixed,Handbook 3245P gives genAI integrity rules and AI-companion disclosures — stronger than silence — while still deferring assignment-level permission to teachers.,Teachers explicitly responsible for appropriate AI level per assignment; AI Committee tasked with further guidelines/resources; public PD catalog not verified.,Procedure 3245P generative AI + AI companion chatbot sections in 2026–27 handbook; AI Committee charged with guidelines/PD/policy advice,No parent AI FAQ; primary edtech AI tool unnamed publicly; outcomes not published,https://docushare.everett.k12.wa.us/docushare/dsweb/Get/Document-23084/|https://www.everettsd.org/epscommunity/district-committees-task-forces/ai-committee,2026-09-06,,,,,
Tacoma Public Schools,Tacoma,WA,traditional,procedure_handbook,unknown,unknown,unknown,unknown,unknown,,,,,,,,,unknown,teacher_discretion,teacher_discretion,Microsoft Copilot,unknown,none,faq,no,unknown,,,unknown,,,,,,unknown,,,,,2026-09-06,TPS publishes an Artificial Intelligence hub (Copilot grades 8–12; Colleague AI grades 6–12) and District Handbook Student Regulations requiring AI use consistent with academic-honesty Regulation 3240R with teacher-stated assessment rules and citation emphasis.,verified,https://www.tacomaschools.org/departments/technology/artificial-intelligence|https://www.tacomaschools.org/about/district-handbook/handbook-detail-page/~board/handbook/post/student-regulations|https://www.tacomaschools.org/about/school-board/policy-manual/policy-details-page/~board/policy-6000/post/6300r-data-security|https://www.tacomaschools.org/about/school-board/board-members|https://www.tacomaschools.org/about,Josh Garcia,Superintendent,,253-571-1000,,,,,Korey Strozier,Korey Strozier|Board Chair|Position 3|;Chelsea McElroy|Vice Chair|Position 4|;Lisa Keating|Board Member|Position 1|;Shawna Freeman Lane|Board Member|Position 2|;Elizabeth Bonbright|Board Member|Position 5|,https://www.tacomaschools.org/about/school-board/board-members,,,,,,,,,https://www.tacomaschools.org/about|https://www.tacomaschools.org/about/school-board/board-members|https://www.tacomaschools.org/departments/technology/artificial-intelligence,2026-09-06,mixed,mixed,Secondary students get district Copilot/Colleague channels plus handbook honesty/citation norms; elementary classroom genAI band not published; teachers still set assessment AI rules.,AI hub + handbook language help; Compliance Committee must approve AI tools (6300R); public AI PD requirement unclear.,Copilot (8–12) and Colleague AI (6–12); handbook AI brainstorming/tutor language with citation expectations; family FAQ items on AI hub; 6300R AI approval/security controls,Elementary band unpublished; CTO not named on primary pages; outcomes not published,https://www.tacomaschools.org/departments/technology/artificial-intelligence|https://www.tacomaschools.org/about/district-handbook/handbook-detail-page/~board/handbook/post/student-regulations|https://www.tacomaschools.org/about/school-board/policy-manual/policy-details-page/~board/policy-6000/post/6300r-data-security,2026-09-06,,,,,
Puyallup School District,Tacoma,WA,traditional,guidance,unknown,unknown,unknown,unknown,unknown,,,,,,,,,teacher_discretion,teacher_discretion,traffic_light,MagicSchool,unknown,none,faq,no,unknown,,,unknown,,,,,,unknown,,,,,2026-09-06,Puyallup publishes Artificial Intelligence (AI) in Education with human-centered guiding principles citation expectations Level 1–3 AI Usage Levels Guide approved tools (MagicSchool Copilot Securly AI Chat Canva Adobe Express) and family/student generative-AI FAQs; no standalone board genAI policy title recovered.,verified,https://www.puyallupsd.org/about-us/departments/technology/artificial-intelligence-in-education|https://www.puyallupsd.org/about-us/departments/technology|https://www.puyallupsd.org/about-us/school-board|https://ospi.k12.wa.us/student-success/resources-subject-area/human-centered-artificial-intelligence-schools,Dr. Kevin Alfano,Superintendent,AlfanK@puyallupsd.org,253-841-1301,Liza Francisco Voss,Executive Director Technology,FrancA@puyallupsd.org,253-841-8789,Gretchen Miles,Gretchen Miles|Board Chair|Position 3|2023-2027;Shannon Burch|Vice Chair|Position 5|2023-2027;David Berg|Board Member|Position 4|2025-2029;Joseph Romero|Board Member|Position 2|2023-2027;Dr. Melissa Bedford|Board Member|Position 1|2025-2029,https://www.puyallupsd.org/about-us/school-board,,,,,,,,,https://www.puyallupsd.org/about-us/superintendents-office/superintendents-cabinet|https://www.puyallupsd.org/about-us/departments/technology|https://www.puyallupsd.org/about-us/school-board|https://wal.puyallupsd.org/latest-news/news-details/~board/latest-news/post/meet-puyallup-school-districts-new-superintendent-kevin-alfano,2026-09-06,mixed,mixed,Published Level 1–3 usage scale plus citation/transparency rules and age-gated Copilot Chat reduce vacuum but classroom level choice remains teacher-led so honesty variance persists.,Approved tool list and principles help; public required AI PD not verified.,AI Usage Levels Guide; MagicSchool for staff/students; family generative-AI FAQ; OSPI human-centered link,No board genAI policy title found; teacher_pd not verified as required/cohort; outcomes not published,https://www.puyallupsd.org/about-us/departments/technology/artificial-intelligence-in-education,2026-09-06,,,,,
Auburn School District,Seattle,WA,traditional,guidance,unknown,unknown,unknown,unknown,unknown,,,,,,,,,teacher_discretion,teacher_discretion,traffic_light,SchoolAI,offered,none,none,no,unknown,,,unknown,,,,,,unknown,,,,,2026-09-06,Auburn Instructional Technology publishes AI Guidelines (Recommended/Permitted/Restricted) with Red-Yellow-Green teacher slides OSPI-aligned AUP crosswalk and recommended tools including SchoolAI Gemini Securly Chat Canva Adobe Express; no standalone board genAI policy title found.,verified,https://sites.google.com/auburn.wednet.edu/asdinstructionaltechnology/tools/ai|https://www.auburn.wednet.edu/for-staff/technology-for-staff/instructional-technology/tools|https://www.auburn.wednet.edu/our-district/school-board/school-board-members-and-director-districts|https://www.auburn.wednet.edu/district-departments/technology/directories/orgchart,Dr. Alan Spicciati,Superintendent,aspicciati@auburn.wednet.edu,253-931-4900,Dr. Louanne Decker,Assistant Superintendent of Technology Innovation and Leadership,ldecker@auburn.wednet.edu,,Laura Theimer,Laura Theimer|Board Chair|District 4|term ends 2027;Sheilia McLaughlin|Board Member|District 1|term ends 2029;Arlista Holman|Board Member|District 2|term ends 2027;Valerie Gonzales|Board Member|District 3|term ends 2029;Shelly Combs|Board Member|District 5|term ends 2029,https://www.auburn.wednet.edu/our-district/school-board/school-board-members-and-director-districts,,,,,,,,,https://www.auburn.wednet.edu/our-district/superintendent|https://www.auburn.wednet.edu/district-departments/school-programs-and-principal-leadership/department-of-school-programs-and-principal-leadership|https://www.auburn.wednet.edu/our-district/school-board/school-board-members-and-director-districts|https://resources.finalsite.net/images/v1763581398/auburnwednetedu/dttz2apmwpxuyjiup6ww/111025_min.pdf|https://www.auburn.wednet.edu/district-departments/technology/directories/orgchart,2026-09-06,mixed,positive,Traffic-light icons and SchoolAI/Securly Chat options exist but per-assignment allow/deny still teacher-driven; parent AI FAQ not found.,Written AI guidelines + Tech Coach pathway + recommended tool list give staff a shared playbook.,Recommended/Permitted/Restricted guidelines; Red-Yellow-Green slides; SchoolAI K-12 spaces; Tech Coaches,No parent AI FAQ; no board genAI policy; outcomes not published,https://sites.google.com/auburn.wednet.edu/asdinstructionaltechnology/tools/ai|https://www.auburn.wednet.edu/for-staff/technology-for-staff/instructional-technology/tools,2026-09-06,,,,,
Tukwila School District,Seattle,WA,traditional,guidance,unknown,unknown,unknown,unknown,unknown,,,,,,,,,teacher_discretion,teacher_discretion,teacher_discretion,,offered,none,none,no,unknown,,,unknown,,,,,,unknown,,,,,2026-09-06,Tukwila publishes Guidance on Artificial Intelligence (iterative ethical/pedagogical guide OSPI human-centered aligned) committing to staff PD; no published assignment traffic-light/citation framework or parent AI FAQ; District 2 board seat vacant.,verified,https://www.tukwilaschools.org/about-our-district/district-overview/guidance-on-artificial-intelligence|https://www.tukwilaschools.org/about-our-district/board-of-directors|https://www.tukwilaschools.org/about-our-district/superintendent|https://www.tukwilaschools.org/news-events/media-releases/~board/media-releases/post/hiring-announcement-director-of-technology-services,Dr. Concie Pedroza,Superintendent,,206-901-8000,Lenny Wood,Director I of Technology Services,,,Mitch Forhan,Mitch Forhan|Board Chair|District 1|;Ara Papyan|Board Member|District 3|;Reverend Terrence Proctor|Board Member|District 4|;Dave Larson|Board Member|District 5|,https://www.tukwilaschools.org/about-our-district/board-of-directors,,,,,,,,,https://www.tukwilaschools.org/about-our-district/superintendent|https://www.tukwilaschools.org/about-our-district/board-of-directors|https://www.tukwilaschools.org/news-events|https://www.tukwilaschools.org/news-events/media-releases/~board/media-releases/post/hiring-announcement-director-of-technology-services,2026-09-06,mixed,mixed,Ethical guidance exists without concrete classroom allow/cite/ban levels — students still face teacher-by-teacher variance.,District commits to AI PD/workshops but no recovered public catalog or assignment framework backing teachers.,Published AI guidance page; OSPI human-centered reference,No assignment framework; no parent AI FAQ; Dist 2 vacant; outcomes not published,https://www.tukwilaschools.org/about-our-district/district-overview/guidance-on-artificial-intelligence,2026-09-06,,,,,
Edmonds School District,Seattle,WA,traditional,procedure_handbook,unknown,unknown,unknown,unknown,unknown,,,,,,,,,teacher_discretion,teacher_discretion,teacher_discretion,,unknown,none,yes,no,unknown,,,unknown,,,,,,unknown,,,,,2026-09-06,Edmonds District Family Handbook Artificial Intelligence section points to Board Procedure 2022P Artificial Intelligence Procedures & Guidelines; students must follow teacher guidance; Chromebook student responsibilities require generative AI only with teacher approval plus citation.,verified,https://www.edmonds.wednet.edu/families/calendars-and-family-handbook/district-family-handbook|https://www.edmonds.wednet.edu/our-district/departments/technology/digital-learning-libraries/student-responsibilities|https://www.edmonds.wednet.edu/our-district/school-board/directors|https://www.edmonds.wednet.edu/our-district/superintendent,Dr. Rebecca Miner,Superintendent,minerr@edmonds.wednet.edu,425-431-7000,,,,,Nancy Katims,Nancy Katims|Board Chair|Director District 5|term expires December 2027;Carin Chase|Vice Chair|Director District 1|term expires December 2027;Keith Smith|Board Member|Director District 2|term expires December 2029;Hawk Cramer|Board Member|Director District 3|term expires December 2027;Thom Garrard|Board Member|Director District 4|term expires December 2029,https://www.edmonds.wednet.edu/our-district/school-board/directors,,,,,,,,,https://www.edmonds.wednet.edu/our-district/superintendent|https://www.edmonds.wednet.edu/our-district/school-board/directors|https://www.edmonds.wednet.edu/our-district/departments/technology|https://go.boarddocs.com/wa/edmonds/Board.nsf/goto?id=D27REN6D706B&open=,2026-09-06,mixed,mixed,Handbook + 2022P and student citation/approval pledge clarify integrity baseline but task-level allow/deny remains teacher discretion.,Procedure/handbook exists; public AI PD status unclear; no recovered district traffic-light labels.,Family Handbook AI section; Procedure 2022P AI procedures referenced; student generative-AI approval+cite pledge,Tech lead unpublished; no parent AI FAQ beyond handbook snippet; outcomes not published,https://www.edmonds.wednet.edu/families/calendars-and-family-handbook/district-family-handbook|https://www.edmonds.wednet.edu/our-district/departments/technology/digital-learning-libraries/student-responsibilities,2026-09-06,,,,,
Mukilteo School District,Seattle,WA,traditional,guidance,unknown,unknown,unknown,unknown,unknown,,,,,,,,,teacher_discretion,teacher_discretion,teacher_discretion,,unknown,none,none,no,unknown,,,unknown,,,,,,unknown,,,,,2026-09-06,Mukilteo publishes Artificial Intelligence (AI) Use Guidance (updated May 2026; OSPI human-centered) requiring district-approved AI tools only student ethical-use rules (no submitting AI work as own; follow teacher direction) and TAG vetting; approved tool list on staff portal not public.,verified,https://www.mukilteoschools.org/aiguidelines|https://mukilteoschools.community.diligentoneplatform.com/portal/members.aspx?id=25|https://www.mukilteoschools.org/37551_3,Dr. Alison Brynelson,Superintendent,BrynelsonAX@mukilteo.wednet.edu,425-356-1220,Brooke Trisler,Chief Technology Officer,,,Kyle Kennedy,Kyle Kennedy|Board Chair|Director District 3|term expires November 2027;John Gahagan|Vice Chair|Director District 5|term expires November 2027;Simon Bai|Board Member|Director District 1|term expires November 2027;Karl Hausmann|Board Member|Director District 2|term expires November 2029;Charles Hauck|Board Member|Director District 4|term expires November 2029,https://mukilteoschools.community.diligentoneplatform.com/portal/members.aspx?id=25,,,,,,,,,https://www.mukilteoschools.org/37551_3|https://mukilteoschools.community.diligentoneplatform.com/portal/members.aspx?id=25|https://www.mukilteoschools.org/aiguidelines|https://eds.ospi.k12.wa.us/DirectoryEDS.aspx,2026-09-06,mixed,mixed,Clear misconduct examples and approved-tools gate reduce some risk but classroom expectations remain teacher-set; public tool names not listed.,Detailed May 2026 guidance helps; non-adopted AI tools prohibited for district business; PD status not public.,Published AI Use Guidance May 2026; Human→AI→Human framing; TAG adoption process,Approved tools not public; no parent AI FAQ; outcomes not published,https://www.mukilteoschools.org/aiguidelines,2026-09-06,,,,,
Snohomish School District,Seattle,WA,traditional,guidance,unknown,unknown,unknown,unknown,unknown,,,,,,,,,teacher_discretion,teacher_discretion,traffic_light,,unknown,none,none,no,unknown,,,unknown,,,,,,unknown,,,,,2026-09-06,Snohomish publishes district AI Code of Conduct with student responsibilities attribution/PII rules and teacher-optional AI Levels (recommended / permitted / restricted); misuse may be cheating/plagiarism; no board standalone genAI policy title or parent FAQ found.,verified,https://www.sno.wednet.edu/academics/ai-code-of-conduct|https://www.sno.wednet.edu/our-district/school-board|https://www.sno.wednet.edu/departments/technology/whos-who-in-technology|https://www.sno.wednet.edu/departments/technology,Dr. Kent Kultgen,Superintendent,kent.kultgen@sno.wednet.edu,360-563-7280,Edson Rodriguez,Director Technology,edson.rodriguez@sno.wednet.edu,360-563-7273,Josh Seek,Josh Seek|Board Chair|Director District 3|term ends December 2025;Rob Serviss|Vice Chair|Director District 2|term ends December 2027;Shaunna Ballas|Board Member|Director District 1|term ends December 2025;Sherri Larkin|Board Member|Director District 4|term ends December 2027;Sarah Adams|Board Member|Director District 5|term ends December 2029,https://www.sno.wednet.edu/our-district/school-board,,,,,,,,,https://www.sno.wednet.edu/our-district/school-board|https://www.sno.wednet.edu/departments/technology/whos-who-in-technology|https://www.sno.wednet.edu/academics/ai-code-of-conduct,2026-09-06,mixed,mixed,AI Levels + attribution/PII rules give clearer norms than silence but levels are optional for teachers so inconsistency remains.,Ready-made level language helps; public AI PD and approved classroom tool list not recovered.,AI Code of Conduct; recommended/permitted/restricted levels; attribution requirement,No parent AI FAQ; Seek/Ballas term text may be stale; outcomes not published,https://www.sno.wednet.edu/academics/ai-code-of-conduct,2026-09-06,,,,,
Marysville School District,Seattle,WA,traditional,none,unknown,unknown,unknown,unknown,unknown,,,,,,,,,unknown,unknown,unknown,,unknown,none,none,no,unknown,,,unknown,,,,,,unknown,,,,,2026-09-06,Searched msd25.org technology/news/board paths and public BoardOnTrack packets; no public generative-AI policy guidance handbook section FAQ or approved classroom AI tool page found as of 2026-09-06 → ai_policy_status=none.,verified,https://www.msd25.org/|https://www.msd25.org/article/701859|https://www.msd25.org/article/2574605|https://app2.boardontrack.com/public/gfAQo4/minutes/117177,Dr. Deborah Rumbaugh,Superintendent,deborah_rumbaugh@msd25.org,360-965-0000,,,,,Kristen Michal,Kristen Michal|Board Chair||;Eliza Davis|Vice Chair||;Craig Hereth|Board Member||;Mark Tomas|Board Member||;Malory Simpson|Board Member||,https://app2.boardontrack.com/public/gfAQo4/minutes/117177,,,,,,,,,https://www.msd25.org/article/2574605|https://app2.boardontrack.com/public/gfAQo4/minutes/117177|https://app2.boardontrack.com/public/gfAQo4/minutes/116140|https://eds.ospi.k12.wa.us/DirectoryEDS.aspx,2026-09-06,negative,mixed,No public genAI rules create honesty/assignment ambiguity for learners.,Teachers invent classroom AI norms without a published district playbook; autonomy without backup.,,No public AI policy/guidance/FAQ; tech lead unpublished; outcomes not published,https://www.msd25.org/article/701859,2026-09-06,,,,,
Snoqualmie Valley School District,Seattle,WA,traditional,principles_only,unknown,unknown,unknown,unknown,unknown,,,,,,,,,unknown,unknown,unknown,Brisk,offered,none,faq,no,unknown,,,unknown,,,,,,unknown,,,,,2026-09-06,SVSD Technology AI page states it is developing principles (TeachAI stages 1–2 cautious) lists staff/classroom tools (Brisk ColleagueAI Copilot Gemini Canva Snorkl) Digital Resource Request vetting and family/staff FAQs; no finished board genAI assignment framework recovered.,verified,https://www.svsd410.org/departments/technology/ai|https://www.svsd410.org/departments/technology|https://www.svsd410.org/about-us/superintendent-office|https://www.svsd410.org/about-us/school-board,Dan Schlotfeldt,Superintendent,schlotfeldtd@svsd410.org,425-831-8000,Justin Talmadge,Director of Technology,,,Ram Dutt Vedullapalli,Ram Dutt Vedullapalli|Board Chair|District 5|1/24-12/2027;Judith Milstein|Vice Chair|District 2|1/24-12/2027;Melissa Johnson|Board Member|District 1|1/26-12/2029;Rene Price|Board Member|District 3|1/24-12/2027;Gary Fancher|Board Member|District 4|1/26-12/2029,https://www.svsd410.org/about-us/school-board,,,,,,,,,https://www.svsd410.org/about-us/superintendent-office|https://www.svsd410.org/departments/technology|https://www.svsd410.org/about-us/school-board|https://www.svsd410.org/departments/technology/ai,2026-09-06,mixed,mixed,Family FAQs and named tools exist but grade-band access rules and assignment framework remain unpublished — clarity gap for students.,Tool list + Digital Resource Request + stated staff PD/FAQs help; still early TeachAI stages without finished classroom assignment lights.,Published AI tools list (Brisk Copilot Gemini etc.); family/staff FAQs; Digital Resource Request privacy vetting,Principles still developing; no traffic-light assignment framework; outcomes not published,https://www.svsd410.org/departments/technology/ai,2026-09-06,,,,,
Lake Stevens School District,Seattle,WA,traditional,none,unknown,unknown,unknown,unknown,unknown,,,,,,,,,unknown,unknown,unknown,,unknown,none,none,no,unknown,,,unknown,,,,,,unknown,,,,,2026-09-06,Lake Stevens publishes Electronic Information Systems Policy 1800 Chromebook/1:1 and Parent & Student Technology Handbook plus digital citizenship materials; searched IT forms/policies tech pages and 2025-26 family handbook with no public generative-AI classroom policy guidance or assignment framework recovered.,verified,https://www.lkstevens.wednet.edu/departments/information-technology/forms-policies|https://www.lkstevens.wednet.edu/departments/information-technology|https://www.lkstevens.wednet.edu/our-programs/chromebooks|https://resources.finalsite.net/images/v1760064196/lkstevenswednetedu/d4e98xiij0bnsfx3szcy/2025-26-family-handbook-EN-web.pdf,Dr. Mary Templeton,Superintendent,mary_templeton@lkstevens.wednet.edu,425-335-1500,Mike Weatherbie,Executive Director of Innovation and Educational Technology,mike_weatherbie@lkstevens.wednet.edu,425-335-1500,David Iseminger,David Iseminger|Board Chair|District 1|;Mari Taylor|Vice Chair|District 3|;Paul Lund|Board Member|District 2|;Brian Kesler|Board Member|District 4|;Ryan Dickson|Board Member|District 5|,https://www.lkstevens.wednet.edu/our-district/board-of-directors,,,,,,,,,https://www.lkstevens.wednet.edu/our-district/our-superintendent|https://www.lkstevens.wednet.edu/our-district/administrative-contacts|https://www.lkstevens.wednet.edu/our-district/board-of-directors|https://www.lkstevens.wednet.edu/departments/information-technology,2026-09-06,negative,mixed,No public genAI allow/cite/ban rules creates classroom honesty ambiguity for learners.,Teachers lack a shared district genAI playbook and must invent norms; general tech support may exist without verified AI PD.,1:1 Chromebook program; published EIS/network policy 1800; digital citizenship curriculum referenced,No genAI guidance/policy; no assignment framework; no parent AI FAQ; outcomes not published,https://www.lkstevens.wednet.edu/departments/information-technology/forms-policies|https://www.lkstevens.wednet.edu/our-programs/chromebooks,2026-09-06,,,,,
Monroe School District,Seattle,WA,traditional,none,unknown,unknown,unknown,unknown,unknown,,,,,,,,,unknown,unknown,unknown,,unknown,none,none,no,unknown,,,unknown,,,,,,unknown,,,,,2026-09-06,Monroe Technology/Digital Learning pages and District Handbook point to electronic-resource Policy/Procedure 2022/4780 and vetted-tool approval processes; searched primary pages with no public generative-AI classroom guidance handbook AI section or named classroom genAI tool recovered (WA Monroe ≠ Monroe GA).,verified,https://www.monroe.wednet.edu/departments/technology|https://www.monroe.wednet.edu/about/district-handbook|https://www.monroe.wednet.edu/about/school-board|https://go.boarddocs.com/wa/mpswa/Board.nsf/Public,Shawn Woodward,Superintendent,woodwards@monroe.wednet.edu,360-804-2500,Jesse Crowther,Director of Technology,crowtherje@monroe.wednet.edu,360-804-2520,Molly Barnes,Molly Barnes|Board Chair|District 3|term expires 2029;Jennifer Henriquez-Bumpus|Vice Chair|District 5|term expires 2027;Jeremiah Campbell|Board Member|District 1|term expires 2027;Chuck Whitfield|Board Member|District 2|term expires 2027;James Etzkorn|Board Member|District 4|term expires 2029,https://www.monroe.wednet.edu/about/school-board,,,,,,,,,https://www.monroe.wednet.edu/about/superintendent|https://www.monroe.wednet.edu/about/school-board|https://www.monroe.wednet.edu/departments/technology,2026-09-06,negative,mixed,No public genAI allow/cite/ban rules creates classroom honesty ambiguity for learners.,Teachers lack a shared district genAI playbook and must invent norms; general tech support may exist without verified AI PD.,Published technology responsible-use framing; Help Desk; Director of Technology named,No genAI guidance/policy; no assignment framework; no parent AI FAQ; outcomes not published,https://www.monroe.wednet.edu/departments/technology|https://www.monroe.wednet.edu/about/district-handbook,2026-09-06,,,,,
Stanwood-Camano School District,Seattle,WA,traditional,principles_only,unknown,unknown,unknown,unknown,unknown,,,,,,,,,unknown,unknown,unknown,,unknown,curriculum,none,no,unknown,,,unknown,,,,,,unknown,,,,,2026-09-06,Stanwood-Camano Board Policy 2022 Electronic Resources states staff/students need proficiency including appropriate use of artificial intelligence but recovered no classroom genAI procedures traffic-light/citation guide or parent AI FAQ; CTE offers an AI Fluency & Applications course.,verified,https://www.stanwood.wednet.edu/school-board/board-policies/2000-accountability-goals/2022-technology-and-electronic-resource-and-internet-safety|https://www.stanwood.wednet.edu/departments/technology|https://cte.stanwood.wednet.edu/fs/resource-manager/view/d3bab273-d449-494b-8233-a37f1bab17a5|https://www.stanwood.wednet.edu/school-board/meet-the-board,Ryan Ovenell,Superintendent,superintendent@stanwood.wednet.edu,360-629-1222,,,,,Miranda Evans,Miranda Evans|Board Chair|District 3|term expires 2027;Steve King|Vice Chair|District 5 At-Large|term expires 2027;John Russell|Board Member|District 1|term expires 2029;Charlotte Murry|Board Member|District 2|term expires 2029;Michael Olson|Board Member|District 4|term expires 2027,https://www.stanwood.wednet.edu/school-board/meet-the-board,,,,,,,,,https://www.stanwood.wednet.edu/about/superintendent|https://www.stanwood.wednet.edu/school-board/meet-the-board|https://www.stanwood.wednet.edu/departments/technology|https://eds.ospi.k12.wa.us/DirectoryEDS.aspx,2026-09-06,mixed,mixed,Policy-level AI aspiration plus optional CTE AI Fluency course help some secondary students but K-12 classroom allow/cite rules remain unpublished so most learners still face ambiguity.,Board Policy 2022 names AI without an operating assignment framework or verified AI PD catalog.,Policy 2022 AI proficiency language; CTE AI Fluency course description; Qustodio family digital-safety offer,No genAI classroom guidance/procedure section recovered; no parent AI FAQ; tech lead unpublished; outcomes not published,https://www.stanwood.wednet.edu/school-board/board-policies/2000-accountability-goals/2022-technology-and-electronic-resource-and-internet-safety|https://cte.stanwood.wednet.edu/fs/resource-manager/view/d3bab273-d449-494b-8233-a37f1bab17a5,2026-09-06,,,,,
Arlington School District,Seattle,WA,traditional,none,unknown,unknown,unknown,unknown,unknown,,,,,,,,,unknown,unknown,unknown,,unknown,none,none,no,unknown,,,unknown,,,,,,unknown,,,,,2026-09-06,Arlington Public Schools (OSPI Arlington School District) technology/family-handbook paths and BoardDocs policy portal were searched; no public generative-AI classroom policy guidance handbook AI section or named classroom genAI tool recovered (≠ Arlington VA).,verified,https://www.asd.wednet.edu/page/technology|http://arlington.ss5.sharpschool.com/administration/school_board/meet_the_Board/|https://go.boarddocs.com/wa/apswa/Board.nsf/Public|https://myemail.constantcontact.com/subject.html?aid=ECrF5FstFXI&soid=1114863943310,Dr. Chrys Sweeting,Superintendent,chrys.sweeting@asd16.org,360-618-6202,,,,,Mary Levesque,Mary Levesque|Board Chair|Director District 4|Nov 2023 - Nov 2027;Erica Knapp|Vice Chair|Director District 5|Nov 2021 - Nov 2025;Matt Dimond|Board Member|Director District 1|Nov 2023 - Nov 2027;Sheri Kelly|Board Member|Director District 2|Nov 2023 - Nov 2027;Nicole Watts|Board Member|Director District 3|Nov 2021 - Nov 2025,http://arlington.ss5.sharpschool.com/administration/school_board/meet_the_Board/,,,,,,,,,http://arlington.ss5.sharpschool.com/administration/school_board/meet_the_Board/|https://eds.ospi.k12.wa.us/DirectoryEDS.aspx|https://myemail.constantcontact.com/subject.html?aid=ECrF5FstFXI&soid=1114863943310,2026-09-06,negative,mixed,No public genAI allow/cite/ban rules creates classroom honesty ambiguity for learners.,Teachers lack a shared district genAI playbook and must invent norms; general tech support may exist without verified AI PD.,BoardDocs policy portal exists; named superintendent/board roster recovered,No genAI guidance; tech lead unpublished; Apptegy pages hard to verify via fetch; outcomes not published,https://www.asd.wednet.edu/page/technology|http://arlington.ss5.sharpschool.com/administration/school_board/meet_the_Board/,2026-09-06,,,,,
Mount Vernon School District,Mount Vernon,WA,traditional,none,unknown,unknown,unknown,unknown,unknown,,,,,,,,,unknown,unknown,unknown,,unknown,none,none,no,unknown,,,unknown,,,,,,unknown,,,,,2026-09-06,Mount Vernon 2026-27 Common Family Handbook TOC lists Technology Use and Artificial Intelligence but the body section is cell-phone/device rules only; 2022P Appropriate Use Guidelines and tech pages lack genAI classroom rules.,verified,https://laventure.mountvernonschools.org/sites/default/files/2026-08/MVSD%20Common%20Family%20Handbook%202026-27.pdf|https://mountvernonschools.org/sites/default/files/policies/2000/2022P%20MVSD%20Technology%20Appropriate%20Use%20Guidelines.pdf|https://www.mountvernonschools.org/technology|https://www.mountvernonschools.org/teaching-learning-leadership/curriculum-assessment/classroom-technology-enhance-learning,Dr. Victor Vergara,Superintendent,vvergara@mvsd320.org,360-428-6181,Tim Papendorf,Supervisor of Technology,,360-428-6200 ext. 18324,Larry Otos,Larry Otos|Board Chair|Director District 5|term end 2029;Griffin Uchida|Vice Chair|Director District 3|term end 2027;Ana Rivas|Board Member|Director District 1|term end 2027;James Stewart|Board Member|Director District 2|term end 2027;Sammy Solano|Board Member|Director District 4|term end 2029,https://mountvernonschools.org/schoolboard,,,,,,,,,https://mountvernonschools.org/superintendent|https://mountvernonschools.org/schoolboard|https://mountvernonschools.org/technology|https://eds.ospi.k12.wa.us/DirectoryEDS.aspx,2026-09-06,negative,mixed,Misleading handbook TOC AI title without genAI rules leaves students without cite/allow norms; cell-phone limits do not resolve AI integrity questions.,CBA promises committee voice on future genAI tools but no public classroom AI playbook or verified AI PD yet.,Published tech AUP/2022P; 1:1 devices; Digital Literacy Specialist coaching referenced on classroom-tech page,No genAI classroom guidance despite TOC wording; no assignment framework; no parent AI FAQ; outcomes not published,https://laventure.mountvernonschools.org/sites/default/files/2026-08/MVSD%20Common%20Family%20Handbook%202026-27.pdf|https://www.mountvernonschools.org/teaching-learning-leadership/curriculum-assessment/classroom-technology-enhance-learning,2026-09-06,,,,,
Bellingham School District,Bellingham,WA,traditional,procedure_handbook,unknown,unknown,unknown,unknown,unknown,,,,,,,,,teacher_discretion,teacher_discretion,teacher_discretion,,unknown,none,yes,no,unknown,,,unknown,,,,,,unknown,,,,,2026-09-06,Bellingham Procedure 2022 Electronic Resources includes an Artificial Intelligence section authorizing generative AI for equitable student learning and staff productivity requiring teacher/admin expectations prohibiting presenting AI work as one’s own misinformation/harm and protected data in public models; Policy 2022 also references appropriate use of AI.,verified,https://www.bellinghamschools.org/school-board/policies-procedures/policy-details/~board/policies-procedures/post/2022-procedure-electronic-resources-and-internet-safety|https://www.bellinghamschools.org/school-board/policies-procedures/policy-details/~board/policies-procedures/post/2022policy-electronic-resources-and-internet-safety|https://www.bellinghamschools.org/about/departments/educational-technology|https://www.bellinghamschools.org/school-board/meet-the-board,Dr. Greg Baker,Superintendent,greg.baker@bellinghamschools.org,360-676-6501,Kurt Gazow,Chief Technology Officer,kurt.gazow@bellinghamschools.org,,Scott Ritchey,Scott Ritchey|Board Chair|Board Position 3|2023-2027;Camille Diaz Hackler|Vice Chair|Board Position 1|2023-2027;Katie Rose|Board Member|Board Position 2|2023-2027;Jenn Mason|Board Member|Board Position 4|2025-2029;Douglas Benjamin|Board Member|Board Position 5|2025-2029,https://www.bellinghamschools.org/school-board/meet-the-board,,,,,,,,,https://www.bellinghamschools.org/about/superintendent|https://www.bellinghamschools.org/school-board/meet-the-board|https://www.bellinghamschools.org/about/departments/educational-technology|https://resources.finalsite.net/images/v1771883991/bellinghamschoolsorg/zsqxhtuhj8oehojii8ob/1-15-26OfficialRegularMeetingMinuteswithAttachments.pdf|https://resources.finalsite.net/images/v1774019448/bellinghamschoolsorg/u4tynhkdtvdampmgnvig/2-19-26OfficialRegularMeetingMinuteswithAttachments.pdf,2026-09-06,mixed,mixed,Written generative-AI appropriate/inappropriate-use rules and teacher-determined assignment levels reduce vacuum but classroom variance and no named student tool/literacy curriculum keep net mixed.,Procedure 2022 AI section backs teachers with shared prohibitions and purpose language; public required AI PD and traffic-light labels not verified.,Procedure 2022 Artificial Intelligence section; Policy 2022 AI proficiency language; public policy portal; CTO named,No district traffic-light framework; primary_edtech_ai unnamed; AI PD status unknown; outcomes not published,https://www.bellinghamschools.org/school-board/policies-procedures/policy-details/~board/policies-procedures/post/2022-procedure-electronic-resources-and-internet-safety,2026-09-06,,,,,
Anacortes School District,Mount Vernon,WA,traditional,none,unknown,unknown,unknown,unknown,unknown,,,,,,,,,unknown,unknown,unknown,,unknown,none,none,no,unknown,,,unknown,,,,,,unknown,,,,,2026-09-06,Anacortes asd103.org Contact/News/School Board Directors paths and back-to-school technology blurbs were searched; no public generative-AI classroom policy guidance handbook AI section or named classroom genAI tool recovered.,verified,https://www.asd103.org/|https://www.asd103.org/District/126-contact-us.html|https://www.asd103.org/District/Department/48-School-Board/549-Untitled.html|https://www.asd103.org/District/News/3553-Anacortes-School-Board-Recognized-as-2025-Board-of-Distinction.html,Dr. James Everett,Superintendent,jeverett@asd103.org,360-503-1211,,,,,Jennie Beltramini,Jennie Beltramini|Board Chair||term expires 2027;Diana Farnsworth|Vice Chair||term expires 2025;Jack Curtis|Board Member||term expires 2027;Heather Brennan|Board Member||term expires 2027;Meredith McIlmoyle|Board Member||term expires 2025,https://www.asd103.org/District/Department/48-School-Board/549-Untitled.html,,,,,,,,,https://www.asd103.org/District/126-contact-us.html|https://www.asd103.org/District/Department/48-School-Board/549-Untitled.html|https://asd103.org/District/News/3579-Dr-James-Everett-Selected-as-Next-Superintendent.html|https://eds.ospi.k12.wa.us/DirectoryEDS.aspx,2026-09-06,negative,mixed,No public genAI allow/cite/ban rules creates classroom honesty ambiguity for learners.,Teachers lack a shared district genAI playbook and must invent norms; general tech support may exist without verified AI PD.,Named board officers; superintendent contact card published,No genAI guidance; tech lead unpublished; stale board term text; outcomes not published,https://www.asd103.org/District/126-contact-us.html|https://www.asd103.org/District/Department/48-School-Board/549-Untitled.html,2026-09-06,,,,,
Oak Harbor School District,Oak Harbor,WA,traditional,none,unknown,unknown,unknown,unknown,unknown,,,,,,,,,unknown,unknown,unknown,,unknown,none,none,no,unknown,,,unknown,,,,,,unknown,,,,,2026-09-06,Oak Harbor Public Schools (OSPI Oak Harbor School District) board/leadership/TAG/qmlativ and digital-safety event pages were searched; Common Sense Media digital citizenship referenced in a community forum but no public generative-AI classroom policy guidance handbook AI section or named classroom genAI tool recovered.,verified,https://www.ohsd.net/boardmembers|https://www.ohsd.net/leadership|https://www.ohsd.net/tag|https://www.ohsd.net/qmlativ|https://ohsd.net/digitalsafetyforum,Dr. Michelle Kuss-Cybula,Superintendent,mkuss-cybula@ohsd.net,360-279-5008,Tyler Starkovich,Director of Information Services,tstarkovich@ohsd.net,,Lynn Goebel,Lynn Goebel|Board Chair|Position 1|elected 2023 4-year term;Josh MacLean|Vice Chair|Position 3|elected 2023 4-year term;Jessica Aws|Board Member|Position 2|elected 2023 4-year term;Nicole Tesch|Board Member|Position 4|elected 2025 4-year term;Sharon Jensen|Board Member|Position 5|elected 2025 4-year term,https://www.ohsd.net/boardmembers,,,,,,,,,https://www.ohsd.net/boardmembers|https://www.ohsd.net/leadership|https://www.ohsd.net/qmlativ|https://www.ohsd.net/tag|https://eds.ospi.k12.wa.us/DirectoryEDS.aspx,2026-09-06,negative,mixed,No public genAI allow/cite/ban rules creates classroom honesty ambiguity for learners.,Teachers lack a shared district genAI playbook and must invent norms; general tech support may exist without verified AI PD.,Named Director of Information Services; Technology Advisory Group; digital-safety forum referencing Common Sense Media curriculum,No genAI policy/guidance; no assignment framework; no parent AI FAQ; outcomes not published,https://www.ohsd.net/tag|https://ohsd.net/digitalsafetyforum|https://www.ohsd.net/boardmembers,2026-09-06,,,,,
Bainbridge Island School District,Bremerton,WA,traditional,board_policy,unknown,unknown,unknown,unknown,unknown,,,,,,,,,unknown,teacher_discretion,teacher_discretion,Google Gemini,unknown,curriculum,faq,no,unknown,,,unknown,,,,,,unknown,,,,,2026-09-06,BISD Board Policy 2023 Digital Citizenship and Media Literacy (revised 1/29/2026) explicitly includes artificial intelligence in digital citizenship/media literacy definitions and student instruction; Intentional Technology FAQ states grades 7–12 use district-approved Google Gemini (Colleague AI pilot not renewed for 2026–27) while an Instructional Technology Advisory Council will develop age-appropriate AI guidelines; classroom assignment levels remain teacher-led on recovered primary pages.,verified,https://go.boarddocs.com/wa/bisd/Board.nsf/goto?open&id=CCV25A007A09|https://www.bisd303.org/intentionaltechnology|https://www.bisd303.org/technology|https://bisd303.org/40415_3,Amii Thompson,Superintendent,athompson@bisd303.org,206-780-1050,Whitney Skarbek,Director of Instructional Technology,wskarbek@bisd303.org,206-780-1064,Evan Saint Clair,Evan Saint Clair|Board Chair|District 4|Through November 2027;Kelly Cancialosi|Vice Chair|District 1|Through November 2027;Sanjay Pal|Board Member|District 3|Through November 2027;Robert Drury|Board Member|District 2|November 25 2027;Jill Anderson|Board Member|District 5|Through November 2029,https://bisd303.org/40415_3,,,,,,,,,https://www.bisd303.org/32959_3|https://bisd303.org/40415_3|https://www.bisd303.org/technology|https://www.kitsap.gov/auditor/Pages/school-districts.aspx,2026-09-06,mixed,mixed,Board-level AI digital-citizenship expectations plus secondary Gemini access improve clarity versus a vacuum but age-band classroom allow/cite rules are still being developed by the advisory council so K-6 and assignment-level consistency remain uneven.,Adopted Policy 2023 and approved secondary tools give teachers a compliance baseline and a named instructional-tech lead without a verified required AI PD catalog or published traffic-light assignment labels on primary pages.,Board Policy 2023 AI-inclusive digital citizenship; Intentional Technology parent FAQ; grades 7–12 Google Gemini access,Age-appropriate AI guidelines still pending advisory council; Student AI Code of Conduct traffic-light tiers not recovered as standalone primary PDF; AI-specific PD not verified; outcomes not published,https://go.boarddocs.com/wa/bisd/Board.nsf/goto?open&id=CCV25A007A09|https://www.bisd303.org/intentionaltechnology,2026-09-06,,,,,
North Kitsap School District,Bremerton,WA,traditional,guidance,unknown,unknown,unknown,unknown,unknown,,,,,,,,,teacher_discretion,teacher_discretion,citation_required,Magic School,unknown,curriculum,letter,no,unknown,,,unknown,,,,,,unknown,,,,,2026-09-06,NKSD publishes an AI in the Classroom guidance page adopting Magic School and Panorama Solara for teachers plus Google Gemini/NotebookLM; Magic School is the only direct student AI tool under teacher direction with mandatory credit/citation for AI help and a linked MagicSchool Parent Letter; Procedure 2022P Electronic Resources is referenced but no separate board AI policy recovered.,verified,https://www.nkschools.org/academics/ai-in-the-classroom|https://www.nkschools.org/departments/technology|https://www.nkschools.org/about-us|https://www.nkschools.org/about-us/school-board/meet-the-board,Dr. Rachel Davenport,Superintendent,RDavenport@nkschools.org,360-396-3001,Chris Dafoe,Director of Technology,,360-396-3033,Mike Desmond,Mike Desmond|Board Chair|District 2|Term Expires 11/2027;Beverly Godfrey|Vice Chair|District 4|Term Expires 11/2027;Debra Strawhun|Board Member|District 1|Term Expires 11/2029;Miranda Smallwood|Board Member|District 3|Term Expires 11/2029;Stacy Mills|Board Member|District 5|Term Expires 11/2027,https://www.nkschools.org/about-us/school-board/meet-the-board,,,,,,,,,https://www.nkschools.org/about-us/superintendent|https://www.nkschools.org/about-us|https://www.nkschools.org/about-us/school-board/meet-the-board|https://www.nkschools.org/academics/ai-in-the-classroom|https://eds.ospi.k12.wa.us/DirectoryEDS.aspx,2026-09-06,mixed,positive,Teacher-guided Magic School plus citation expectations reduce integrity ambiguity versus a vacuum but students still face classroom-by-classroom access decisions and only one approved student-facing AI channel.,District-adopted teacher AI suite (Magic School Panorama Solara Gemini NotebookLM) and public guidance give staff shared tools and norms; AI-specific required PD not verified.,AI in the Classroom guidance; Magic School student use with citation; MagicSchool Parent Letter link; named Director of Technology,No board AI policy recovered; teacher_pd not verified as required; Dafoe email unpublished; outcomes not published,https://www.nkschools.org/academics/ai-in-the-classroom|https://www.nkschools.org/about-us,2026-09-06,,,,,
Central Kitsap School District,Bremerton,WA,traditional,none,unknown,unknown,unknown,unknown,unknown,,,,,,,,,unknown,unknown,unknown,,unknown,none,none,no,unknown,,,unknown,,,,,,unknown,,,,,2026-09-06,Central Kitsap school-board superintendent technology/classroom-technology and site-search paths were reviewed; no public generative-AI classroom policy guidance handbook AI section or named classroom genAI tool recovered.,verified,https://www.ckschools.org/school-board|https://www.ckschools.org/superintendent|https://www.ckschools.org/|https://www.ckschools.org/search?q=artificial%20intelligence,Dr. Erin Prince,Superintendent,,360-662-1600 ext. 1615,,,,,Meghan Hein,Meghan Hein|Board Chair|District 4|Term ends in 2027;Jim Grose|Vice Chair|District 3|Term ends in 2027;Denise Tracy|Board Member|District 1|Term ends in 2029;Mark Gaines|Board Member|District 2|Term ends in 2027;Eric Greene|Board Member|District 5|Term ends in 2029,https://www.ckschools.org/school-board,,,,,,,,,https://www.ckschools.org/superintendent|https://www.ckschools.org/school-board|https://www.kitsap.gov/auditor/Pages/school-districts.aspx|https://eds.ospi.k12.wa.us/DirectoryEDS.aspx,2026-09-06,negative,mixed,No public genAI allow/cite/ban rules creates classroom honesty ambiguity for learners.,Teachers lack a shared district genAI playbook and must invent norms; general tech support may exist without verified AI PD.,Named board officers and superintendent on primary pages; Classroom Technology department navigation exists,No genAI guidance; tech lead unpublished; parent AI FAQ absent; outcomes not published,https://www.ckschools.org/school-board|https://www.ckschools.org/superintendent,2026-09-06,,,,,
South Kitsap School District,Bremerton,WA,traditional,none,unknown,unknown,unknown,unknown,unknown,,,,,,,,,unknown,unknown,unknown,,unknown,none,none,no,unknown,,,unknown,,,,,,unknown,,,,,2026-09-06,South Kitsap Board of Directors Administration/ITS and site-search paths were reviewed; no public generative-AI classroom policy guidance handbook AI section or named classroom genAI tool recovered.,verified,https://www.skschools.org/page/board-of-directors|https://www.skschools.org/administration|https://skschools.org/superintendent|https://www.skschools.org/search?q=artificial%20intelligence,Tim Winter,Superintendent,winter@skschools.org,360-874-7000,Derry Lyons,ITS Director,,,Brian Pickard,Brian Pickard|Board Chair|Director District 3|Dec 2025-Dec 2029;Jay Villars|Vice Chair|Director District 5|Dec 2023-Dec 2027;Kate Espy|Board Member|Director District 1|Dec 2023-Dec 2027;Megan Higgins|Board Member|Director District 2|Dec 2023-Dec 2027;Andy Brandon|Board Member|Director District 4|Dec 2025-Dec 2029,https://www.skschools.org/page/board-of-directors,,,,,,,,,https://skschools.org/superintendent|https://www.skschools.org/page/board-of-directors|https://www.skschools.org/administration|https://www.kitsap.gov/auditor/Pages/school-districts.aspx,2026-09-06,negative,mixed,No public genAI allow/cite/ban rules creates classroom honesty ambiguity for learners.,Teachers lack a shared district genAI playbook and must invent norms; general tech support may exist without verified AI PD.,Published Administration org chart with ITS Director; board roster with officers,No genAI guidance; Lyons contact details unpublished; parent AI FAQ absent; outcomes not published,https://www.skschools.org/administration|https://www.skschools.org/page/board-of-directors,2026-09-06,,,,,
Bremerton School District,Bremerton,WA,traditional,none,unknown,unknown,unknown,unknown,unknown,,,,,,,,,unknown,unknown,unknown,,unknown,none,none,no,unknown,,,unknown,,,,,,unknown,,,,,2026-09-06,Bremerton directors/superintendent/Technology Services and site-search paths were reviewed; no public generative-AI classroom policy guidance handbook AI section or named classroom genAI tool recovered.,verified,https://www.bremertonschools.org/directors|https://www.bremertonschools.org/page/superintendent|https://www.bremertonschools.org/search?q=artificial%20intelligence|https://www.kitsap.gov/auditor/Pages/school-districts.aspx,Dr. Slade McSheehy,Superintendent,slade.mcsheehy@bremertonschools.org,360-473-1006,,,,,John Paul Hurley,John Paul Hurley|Board Chair|Position 2|Term Expires 2027;Karen Bolton|Vice Chair|Position 1|Term Expires 2027;Jonee Dubos|Board Member|Position 3|Term Expires 2027;Shannon Turner|Board Member|Position 4|Term Expires 2029;Ben Anderson|Board Member|Position 5|Term Expires 2029,https://www.bremertonschools.org/directors,,,,,,,,,https://www.bremertonschools.org/directors|https://www.bremertonschools.org/24358_3?personID=241779|https://www.bremertonschools.org/page/superintendent|https://www.kitsap.gov/auditor/Pages/school-districts.aspx|https://eds.ospi.k12.wa.us/DirectoryEDS.aspx,2026-09-06,negative,mixed,No public genAI allow/cite/ban rules creates classroom honesty ambiguity for learners.,Teachers lack a shared district genAI playbook and must invent norms; general tech support may exist without verified AI PD.,Named board officers with term cards; superintendent biography published,No genAI guidance; tech lead unpublished; parent AI FAQ absent; outcomes not published,https://www.bremertonschools.org/directors|https://www.bremertonschools.org/page/superintendent,2026-09-06,,,,,
Bethel School District,Tacoma,WA,traditional,none,unknown,unknown,unknown,unknown,unknown,,,,,,,,,unknown,unknown,unknown,,unknown,none,none,no,unknown,,,unknown,,,,,,unknown,,,,,2026-09-06,Bethel School District 403 (Pierce County) board/superintendent/Technology Resources and site-search paths were reviewed; no public generative-AI classroom policy guidance handbook AI section or named classroom genAI tool recovered (≠ Bethel OR).,verified,https://www.bethelsd.org/about-our-district/board-of-directors|https://www.bethelsd.org/about-our-district/about-the-superintendent|https://www.bethelsd.org/families/technology-resources|https://www.bethelsd.org/search?search_for=artificial%20intelligence,Brian Lowney,Superintendent,superintendent@bethelsd.org,253-800-2010,,,,,Marcus Young Sr.,Marcus Young Sr.|Board Chair|District 1|Term expires 2029;Teresa Cosio|Vice Chair|District 5|Term expires 2027;John Manning|Board Member|District 2|Term expires 2027;Roseanna Camacho|Board Member|District 3|Term expires 2029;Terrance Mayers Sr.|Board Member|District 4|Term expires 2027,https://www.bethelsd.org/about-our-district/board-of-directors,,,,,,,,,https://www.bethelsd.org/about-our-district/about-the-superintendent|https://www.bethelsd.org/about-our-district/board-of-directors|https://eds.ospi.k12.wa.us/DirectoryEDS.aspx,2026-09-06,negative,mixed,No public genAI allow/cite/ban rules creates classroom honesty ambiguity for learners.,Teachers lack a shared district genAI playbook and must invent norms; general tech support may exist without verified AI PD.,Published board roster with officers; named superintendent since July 2024,No genAI guidance; tech lead unpublished; parent AI FAQ absent; outcomes not published,https://www.bethelsd.org/about-our-district/board-of-directors|https://www.bethelsd.org/families/technology-resources,2026-09-06,,,,,
Sumner-Bonney Lake School District,Tacoma,WA,traditional,none,unknown,unknown,unknown,unknown,unknown,,,,,,,,,unknown,unknown,unknown,,unknown,none,none,no,unknown,,,unknown,,,,,,unknown,,,,,2026-09-06,Sumner-Bonney Lake Board of Directors Technology directory Digital Device Handbook paths and site search were reviewed; no public generative-AI classroom policy guidance handbook AI section or named classroom genAI tool recovered (OSPI still labels Sumner School District CoDist 27320).,verified,https://www.sumnersd.org/about-us/governance/school-board/board-of-directors|https://www.sumnersd.org/about-us/overview/district-directory/technology|https://www.sumnersd.org/about-us/governance/superintendent/bio|https://www.sumnersd.org/search?search_for=artificial%20intelligence,Dr. Laurie Dent,Superintendent,laurie_dent@sumnersd.org,253-891-6000,Robyn Rich,Director of Technical Operations,robyn_rich@sumnersd.org,253-891-6111,Kevin Lewis,Kevin Lewis|Board Chair|District 3|;Bill Gaines|Vice Chair|District 4|;J.B. Smith|Board Member|District 1|;Tom Watson|Board Member|District 2|;Erin Markquart|Board Member|District 5|,https://www.sumnersd.org/about-us/governance/school-board/board-of-directors,,,,,,,,,https://www.sumnersd.org/about-us/governance/superintendent/bio|https://www.sumnersd.org/about-us/governance/school-board/board-of-directors|https://www.sumnersd.org/about-us/overview/district-directory/technology,2026-09-06,negative,mixed,No public genAI allow/cite/ban rules creates classroom honesty ambiguity for learners.,Teachers lack a shared district genAI playbook and must invent norms; general tech support may exist without verified AI PD.,Published Technology directory with Robyn Rich; Digital Device Handbook navigation; named board officers,No genAI guidance; board terms unpublished; parent AI FAQ absent; outcomes not published,https://www.sumnersd.org/about-us/overview/district-directory/technology|https://www.sumnersd.org/about-us/governance/school-board/board-of-directors,2026-09-06,,,,,
Clover Park School District,Tacoma,WA,traditional,none,unknown,unknown,unknown,unknown,unknown,,,,,,,,,unknown,unknown,unknown,,unknown,none,none,no,unknown,,,unknown,,,,,,unknown,,,,,2026-09-06,Clover Park Board of Directors Home superintendent Educational Technology/legacy ITS Acceptable Usage paths and site search were reviewed; no public generative-AI classroom policy guidance handbook AI section or named classroom genAI tool recovered (AUP/vision language only).,verified,https://www.cloverpark.k12.wa.us/board-of-directions-home|https://www.cloverpark.k12.wa.us/superintendent|https://cpsd.ss18.sharpschool.com/departments/business_services/information_technology_services|https://www.cloverpark.k12.wa.us/search?q=artificial%20intelligence,Ron Banner,Superintendent,rbanner@cloverpark.k12.wa.us,253-583-5060,Brad Pierce,Director of Information Technology,,253-583-5100,Bryan Thomas,Bryan Thomas|Board Chair|District 2|Term Expires 2027;Krissy Kim|Vice Chair|District 1|Term Expires 2027;Dana Kelleher|Board Member|District 3|Term Expires 2029;Darrin Lowry|Board Member|District 4|Term Expires 2029;Janet Caldwell|Board Member|District 5|Term Expires 2027,https://www.cloverpark.k12.wa.us/board-of-directions-home,,,,,,,,,https://www.cloverpark.k12.wa.us/board-of-directions-home|https://www.cloverpark.k12.wa.us/superintendent|https://cpsd.ss18.sharpschool.com/departments/business_services/information_technology_services|https://eds.ospi.k12.wa.us/DirectoryEDS.aspx,2026-09-06,negative,mixed,No public genAI allow/cite/ban rules creates classroom honesty ambiguity for learners.,Teachers lack a shared district genAI playbook and must invent norms; general tech support may exist without verified AI PD.,Board of Directors Home with current officers; legacy ITS staff directory naming Brad Pierce,No genAI guidance; Pierce email unpublished; live EdTech Apptegy pages often thin via curl; outcomes not published,https://www.cloverpark.k12.wa.us/board-of-directions-home|https://cpsd.ss18.sharpschool.com/departments/business_services/information_technology_services,2026-09-06,,,,,
Peninsula School District,Tacoma,WA,traditional,guidance,unknown,unknown,unknown,unknown,unknown,,,,,,,,,teacher_discretion,teacher_discretion,citation_required,ChatGPT; Google Gemini; MagicSchool,cohort,curriculum,faq,no,unknown,,,unknown,,,,,,unknown,,,,,2026-09-06,PSD publishes Principles and Beliefs plus sample classroom AI policy (acknowledge/cite AI use) and teacher FAQs from a 2023 AI Action Research cohort on psd401.net/ai and a dedicated hub at psd401.ai; sample syllabus language lists ChatGPT Google Gemini Claude Canva MagicSchool and Midjourney while classroom norms remain co-created by teachers and students.,verified,https://www.psd401.net/ai|https://psd401.ai/|https://ospi.k12.wa.us/sites/default/files/2024-03/psd-philosophy-guidance-around-ai-usage-classroom-1.pdf|https://www.psd401.net/boardofdirectors|https://www.psd401.net/superintendent|https://psd401.ai/blog/build-products-our-agents-can-use,Krestin Bahr,Superintendent,,253-530-1000,Kris Hagel,Chief Information Officer,,,Natalie Wimberley,Natalie Wimberley|Board Chair|District 4|Term Expires 2027;David Olson|Vice Chair|District 5|Term Expires 2029;Chuck West|Board Member|District 1|Term Expires 2027;Matt Bruhn|Board Member|District 2|Term Expires 2029;Lori Glover|Board Member|District 3|Term Expires 2027,https://www.psd401.net/boardofdirectors,,,,,,,,,https://www.psd401.net/superintendent|https://www.psd401.net/boardofdirectors|https://psd401.ai/blog/build-products-our-agents-can-use|https://status.psd401.net/,2026-09-06,mixed,positive,Public citation/acknowledge expectations and AI FAQs improve clarity versus a vacuum but grade-band allow rules remain teacher-co-created so consistency still varies by classroom.,Shared Principles and Beliefs sample syllabus language named tools FAQs Action Research cohort and a public AI hub with CIO leadership give staff shared norms and tools; required AI PD catalog not verified.,psd401.net/ai Principles and Beliefs; sample classroom citation policy; teacher AI FAQs; psd401.ai hub; CIO-authored AI practice posts,Super/CIO emails unpublished; districtwide required AI PD not verified; published student outcomes absent,https://www.psd401.net/ai|https://psd401.ai/|https://ospi.k12.wa.us/sites/default/files/2024-03/psd-philosophy-guidance-around-ai-usage-classroom-1.pdf,2026-09-06,,,,,
Franklin Pierce School District,Tacoma,WA,traditional,drafting_guidance,unknown,unknown,unknown,unknown,unknown,,,,,,,,,unknown,unknown,unknown,ChatGPT; MagicSchool,ad_hoc,none,none,no,unknown,,,unknown,,,,,,unknown,,,,,2026-09-06,FPS Technology Advisory Committee public notes document a staff pilot of ChatGPT for Education and MagicSchool for Teachers with an AI rubric draft and forthcoming AI request form; AI is explicitly not required and IT was not offering trainings at the January 2025 notes — no finished student classroom genAI handbook section recovered.,verified,https://www.fpschools.org/departments/information-technology/technology-advisory-committee-tac|https://www.fpschools.org/fs/resource-manager/view/f6c2a850-2c18-4d29-84d3-1d815ecb8773|https://www.fpschools.org/fs/resource-manager/view/4b7be50f-ef15-4a16-ab32-fb767b181648|https://www.fpschools.org/about/school-board-of-directors|https://www.fpschools.org/about/superintendent|https://www.fpschools.org/departments/information-technology/contact-us,Dr. Lance Goodpaster,Superintendent,lgoodpaster@fpschools.org,253-298-3010,Adam Williamson,Executive Director of EdTech,,253-298-4647,Jeff Wolff,Jeff Wolff|Board Chair|District 4|Term: 2023-2027;Angenette Pickett Call|Vice Chair|District 2|Term: 2025-2029;Alex Davis|Board Member|District 1|Term: 2023-2027;Mark Baumgarten|Board Member|District 3|Term: 2023-2027;Sharon Gold|Board Member|District 5|Term: 2025-2029,https://www.fpschools.org/about/school-board-of-directors,,,,,,,,,https://www.fpschools.org/about/superintendent|https://www.fpschools.org/about/school-board-of-directors|https://www.fpschools.org/departments/information-technology/contact-us,2026-09-06,negative,mixed,No finished public student classroom genAI allow/cite/ban rules leaves integrity expectations classroom-dependent while staff tools are still in pilot.,Named EdTech lead and TAC pilot access to ChatGPT/MagicSchool provide optional productivity tools without required PD or a finished shared assignment playbook.,Public TAC AI pilot notes; named Executive Director of EdTech; ChatGPT/MagicSchool staff exploration,No student handbook AI section; AI trainings not offered per Jan 2025 notes; parent AI FAQ absent; outcomes not published,https://www.fpschools.org/fs/resource-manager/view/f6c2a850-2c18-4d29-84d3-1d815ecb8773|https://www.fpschools.org/departments/information-technology/contact-us,2026-09-06,,,,,
University Place School District,Tacoma,WA,traditional,none,unknown,unknown,unknown,unknown,unknown,,,,,,,,,unknown,unknown,unknown,,unknown,none,none,no,unknown,,,unknown,,,,,,unknown,,,,,2026-09-06,University Place board superintendent and site-search paths were reviewed; no public generative-AI classroom policy guidance handbook AI section or named classroom genAI tool recovered.,verified,https://www.upsd83.org/9522_2|https://www.upsd83.org/|https://www.upsd83.org/search?q=artificial+intelligence|https://upsd83.org/cfac2026,Jeff Chamberlin,Superintendent,jchamberlin@upsd83.org,253-566-5600,,,,,Mary Lu Dickinson,Mary Lu Dickinson|Board Chair|Position 4|Current Term Expires: 2027;Dr. Rick Maloney|Vice Chair|Position 5|Current Term Expires: 2027;Ethelda Burke|Board Member|Position 1|Current Term Expires: 2029;Marisa Peloquin|Board Member|Position 2|Current Term Expires: 2029;T'wina Nobles|Board Member|Position 3|Current Term Expires: 2027,https://www.upsd83.org/9522_2,,,,,,,,,https://www.upsd83.org/9522_2|https://www.upsd83.org/|https://upsd83.org/cfac2026|https://www.upsd83.org/index.php?articleID=79258352&pageID=smartSiteFeed&psqFeed=true,2026-09-06,negative,mixed,No public genAI allow/cite/ban rules creates classroom honesty ambiguity for learners.,Teachers lack a shared district genAI playbook and must invent norms; general tech support may exist without verified AI PD.,Published board roster with officers and term years; named superintendent with email,No genAI guidance; tech lead unpublished; parent AI FAQ absent; outcomes not published,https://www.upsd83.org/9522_2|https://www.upsd83.org/search?q=artificial+intelligence,2026-09-06,,,,,
Steilacoom Historical School District,Tacoma,WA,traditional,none,unknown,unknown,unknown,unknown,unknown,,,,,,,,,unknown,unknown,unknown,,unknown,none,none,no,unknown,,,unknown,,,,,,unknown,,,,,2026-09-06,Steilacoom school-board teaching-learning contact and annual-report paths were reviewed; no public generative-AI classroom policy guidance handbook AI section or named classroom genAI tool recovered.,verified,https://www.steilacoom.k12.wa.us/who-we-are/school-board|https://www.steilacoom.k12.wa.us/who-we-are/departments/teaching-learning/contact-us|https://www.steilacoom.k12.wa.us/|https://resources.finalsite.net/images/v1772046943/steilacoomk12waus/aqlgkzawqjmmafy9kd34/FINALSHSD2025-26AnnualReport.pdf,Dr. Kathi Weight,Superintendent,,253-983-2200,Mark Martinez,Network & Instructional Technology Manager,mamartinez@steilacoom.k12.wa.us,,Sam Scott,Sam Scott|Board Chair|Position 5|Term not published;LouJanna Rohrer|Vice Chair|Position 4|Term not published;Cody Balogh|Board Member|Position 1|Term not published;Patrick Lewis|Board Member|Position 2|Term not published;Melanie Tinsley|Board Member|Position 3|Term not published,https://www.steilacoom.k12.wa.us/who-we-are/school-board,,,,,,,,,https://www.steilacoom.k12.wa.us/who-we-are/school-board|https://resources.finalsite.net/images/v1772046943/steilacoomk12waus/aqlgkzawqjmmafy9kd34/FINALSHSD2025-26AnnualReport.pdf|https://www.steilacoom.k12.wa.us/who-we-are/departments/teaching-learning/contact-us,2026-09-06,negative,mixed,No public genAI allow/cite/ban rules creates classroom honesty ambiguity for learners.,Teachers lack a shared district genAI playbook and must invent norms; general tech support may exist without verified AI PD.,Published 2025-26 Annual Report board officers; named instructional technology manager with email,No genAI guidance; board terms unpublished; parent AI FAQ absent; outcomes not published,https://www.steilacoom.k12.wa.us/who-we-are/school-board|https://www.steilacoom.k12.wa.us/who-we-are/departments/teaching-learning/contact-us,2026-09-06,,,,,
White River School District,Tacoma,WA,traditional,none,unknown,unknown,unknown,unknown,unknown,,,,,,,,,unknown,unknown,unknown,,unknown,none,none,no,unknown,,,unknown,,,,,,unknown,,,,,2026-09-06,White River school-board and Technology staff pages were reviewed; no public generative-AI classroom policy guidance handbook AI section or named classroom genAI tool recovered (NCES LEAID 5309780).,verified,https://www.whiteriver.wednet.edu/apps/pages/index.jsp?type=d&uREC_ID=1473160|https://www.whiteriver.wednet.edu/apps/pages/index.jsp?pREC_ID=staff&type=d&uREC_ID=1473699|https://www.whiteriver.wednet.edu/|https://nces.ed.gov/ccd/districtsearch/district_detail.asp?DistrictID=5309780&ID2=5309780&Search=2&details=,Dr. Scott Harrison,Superintendent,,360-829-0600,Garrett Roe,Information Technology Director,,,Denise Vogel,Denise Vogel|Board Chair|Director District 1|Term Expires: November 2025;Matt Scheer|Vice Chair|Director District 5|Term Expires: November 2027;Karen Bunker|Board Member|Director District 2|Term Expires: November 2027;James Johnson|Board Member|Director District 3|Term Expires: November 2025;Cassie Pearson|Board Member|Director District 4|Term Expires: November 2025,https://www.whiteriver.wednet.edu/apps/pages/index.jsp?type=d&uREC_ID=1473160,,,,,,,,,https://www.whiteriver.wednet.edu/apps/pages/index.jsp?type=d&uREC_ID=1473160|https://www.whiteriver.wednet.edu/apps/pages/index.jsp?pREC_ID=staff&type=d&uREC_ID=1473699|https://www.whiteriver.wednet.edu/apps/staff/|https://www.psesd.org/about-psesd/school-districts,2026-09-06,negative,mixed,No public genAI allow/cite/ban rules creates classroom honesty ambiguity for learners.,Teachers lack a shared district genAI playbook and must invent norms; general tech support may exist without verified AI PD.,Published board roster with officers; Technology staff page naming IT Director,No genAI guidance; stale Dist 1/3/4 term text; emails unpublished; outcomes not published,https://www.whiteriver.wednet.edu/apps/pages/index.jsp?type=d&uREC_ID=1473160|https://www.whiteriver.wednet.edu/apps/pages/index.jsp?pREC_ID=staff&type=d&uREC_ID=1473699,2026-09-06,,,,,
Orting School District,Tacoma,WA,traditional,none,unknown,unknown,unknown,unknown,unknown,,,,,,,,,unknown,unknown,unknown,,unknown,none,none,no,unknown,,,unknown,,,,,,unknown,,,,,2026-09-06,Orting school-board and district site paths were reviewed; no public generative-AI classroom policy guidance handbook AI section or named classroom genAI tool recovered.,verified,https://www.ortingschools.org/district/school-board|https://www.ortingschools.org/|https://www.psesd.org/about-psesd/school-districts,Ed Hatzenbeler,Superintendent,,360-893-6500,,,,,Carrie Thibodeaux,Carrie Thibodeaux|Board Chair|Director District 3|Term not published;Melissa Kinzler|Vice Chair|Director District 5|Term not published;Michael Melot|Board Member|Director District 1|Term not published;Lovey Fischer|Board Member|Director District 2|Term not published;Kathy Madigan|Board Member|Director District 4|Term not published,https://www.ortingschools.org/district/school-board,,,,,,,,,https://www.ortingschools.org/district/school-board|https://www.psesd.org/about-psesd/school-districts|https://resources.finalsite.net/images/v1742222683/ortingwednetedu/gbxl2qqctfdzmbyjm5ij/CapitalFacilitiesPlan2024-2030.pdf,2026-09-06,negative,mixed,No public genAI allow/cite/ban rules creates classroom honesty ambiguity for learners.,Teachers lack a shared district genAI playbook and must invent norms; general tech support may exist without verified AI PD.,Published board roster with officers and emails; named superintendent via PSESD directory,No genAI guidance; tech lead unpublished; parent AI FAQ absent; outcomes not published,https://www.ortingschools.org/district/school-board|https://www.ortingschools.org/,2026-09-06,,,,,
Ferndale School District,Bellingham,WA,traditional,principles_only,unknown,unknown,unknown,unknown,unknown,,,,,,,,,unknown,unknown,unknown,,unknown,none,none,no,unknown,,,unknown,,,,,,unknown,,,,,2026-09-06,Ferndale publishes a Human-Centered AI Principles and Beliefs page aligning to OSPI H>AI>H and UDL without concrete classroom assignment levels allowed-tools lists or handbook enforcement language; a prior FHS Open AI Philosophy URL returned 404 this pass.,verified,https://www.ferndalesd.org/ai-beliefs|https://www.ferndalesd.org/meet-the-board|https://www.ferndalesd.org/superintendent-home|https://www.ferndalesd.org/,Dr. Kristi Dominguez,Superintendent,,360-383-9200,,,,,Dr. Kevin Erickson,Dr. Kevin Erickson|Board Chair|District Director 1|Term Expires: 11/2027;Antonio Machado|Vice Chair|District Director 2|Term Expires: 11/2027;Nancy Button|Board Member|District Director 3|Term Expires: 11/2027;Brian Lynch|Board Member|District Director 4|Term Expires: 11/2029;Peggy Uppiano|Board Member|District Director 5|Term Expires: 11/2029,https://www.ferndalesd.org/meet-the-board,,,,,,,,,https://www.ferndalesd.org/meet-the-board|https://www.ferndalesd.org/superintendent-home|https://www.ferndalesd.org/ai-beliefs,2026-09-06,mixed,mixed,Published H>AI>H principles signal responsible use but without classroom allow/cite procedures students still face teacher-by-teacher ambiguity.,Principles give a values baseline without shared tools lists required PD or assignment frameworks so practice remains largely discretionary.,Public AI Beliefs / Principles page aligned to OSPI H>AI>H; named board officers,No concrete assignment framework; FHS Open AI Philosophy URL 404; tech lead unpublished; parent FAQ absent; outcomes not published,https://www.ferndalesd.org/ai-beliefs|https://www.ferndalesd.org/meet-the-board,2026-09-06,,,,,
Sedro-Woolley School District,Mount Vernon,WA,traditional,none,unknown,unknown,unknown,unknown,unknown,,,,,,,,,unknown,unknown,unknown,,unknown,none,none,no,unknown,,,unknown,,,,,,unknown,,,,,2026-09-06,Sedro-Woolley district site board-document and policy paths were reviewed; no public district generative-AI classroom policy guidance handbook AI section recovered (local news describes individual SWHS English teacher AI literacy lessons which are not district policy).,verified,https://www.swsd.k12.wa.us/|https://www.swsd.k12.wa.us/documents/district/school-board-information/16366234|https://www.swsd.k12.wa.us/page/board-policies|https://salish-current.org/2025/11/20/sedro-woolley-english-teachers-bring-ai-literacy-into-the-classroom/,Brett Greenwood,Superintendent,,360-855-3500,,,,,Eric Johnson,Eric Johnson|Board Chair|District 5|Term not published on district roster;Michelle Moser|Vice Chair|District 3|Term not published on district roster;Lindy Mullen Doyle|Board Member|District 2|Term not published on district roster;Ashlee Johnson|Board Member|District 4|Term not published on district roster;Jim Kallio|Board Member|District 1|Term not published on district roster,https://www.swsd.k12.wa.us/documents/district/school-board-information/16366234,,,,,,,,,https://www.goskagit.com/news/education/sedro-woolley-school-board-names-greenwood-district-superintendent/article_cfaf7b70-ef09-4670-85a2-14cae61d3ce6.html|https://www.goskagit.com/news/education/new-members-join-sedro-woolley-school-board/article_cd9f1604-d48a-429f-a776-010ac0f17646.html|https://www.goskagit.com/news/education/sedro-woolley-school-board-fills-leadership-positions/article_68ab1006-fdb2-43c0-bb8c-497a531a3a9f.html|https://www.swsd.k12.wa.us/,2026-09-06,negative,mixed,No public genAI allow/cite/ban rules creates classroom honesty ambiguity for learners.,Teachers lack a shared district genAI playbook and must invent norms; general tech support may exist without verified AI PD.,Named superintendent and board officers via recent local coverage; district site and board document library exist,No district genAI guidance; board roster terms unpublished on primary pages; tech lead unpublished; outcomes not published,https://www.swsd.k12.wa.us/|https://salish-current.org/2025/11/20/sedro-woolley-english-teachers-bring-ai-literacy-into-the-classroom/,2026-09-06,,,,,
Lakewood School District,Seattle,WA,traditional,procedure_handbook,unknown,unknown,unknown,unknown,unknown,,,,,,,,,unknown,teacher_discretion,teacher_discretion,,unknown,none,none,no,unknown,,,unknown,,,,,,unknown,,,,,2026-09-06,Lakewood High School Student & Family Handbook publishes academic-integrity language requiring teacher-approved Artificial Intelligence use and treating unapproved AI as dishonesty; district Technology Acceptable Use Guidelines and board/tech pages recovered no separate districtwide genAI classroom policy or named classroom tools (Snohomish County OSPI 31306 — ≠ Pierce city of Lakewood / Clover Park).,verified,https://lhs.lwsd.wednet.edu/parentstudent/student-family-handbook|https://www.lwsd.wednet.edu/our-board/meet-the-board|https://www.lwsd.wednet.edu/district-b0/superintendent-welcome|https://www.lwsd.wednet.edu/departments/district-office|https://www.lwsd.wednet.edu/departments/technology|https://nces.ed.gov/ccd/districtsearch/district_detail.asp?DistrictID=5304260&ID2=5304260&Search=2&details=,Dr. Erin Murphy,Superintendent,emurphy@lwsd.wednet.edu,360-652-4500,,,,,Leah Tocco,Leah Tocco|Board Chair|District 5|Term Expires: 2027;Dana Krueger|Vice Chair|District 3|Term Expires: 2029;Steven Larson|Board Member|District 1|Term Expires: 2029;Catherine Sandy Gotts|Board Member|District 2|Term Expires: 2029;Dawn Taylor|Board Member|District 4|Term Expires: 2027,https://www.lwsd.wednet.edu/our-board/meet-the-board,,,,,,,,,https://www.lwsd.wednet.edu/our-board/meet-the-board|https://www.lwsd.wednet.edu/district-b0/superintendent-welcome|https://www.lwsd.wednet.edu/departments/district-office,2026-09-06,mixed,mixed,LHS handbook clarifies that unapproved AI is academic dishonesty which reduces honesty ambiguity at the high school but elementary/districtwide allow rules remain unpublished so consistency still varies by school and teacher.,Secondary teachers have published teacher-approval norms at LHS but lack a districtwide shared AI playbook named tools list or verified AI PD.,LHS Student & Family Handbook AI academic-integrity language; published board roster with officers and term years,No districtwide genAI guidance page; tech lead unpublished; parent AI FAQ absent; outcomes not published,https://lhs.lwsd.wednet.edu/parentstudent/student-family-handbook|https://www.lwsd.wednet.edu/departments/technology,2026-09-06,,,,,
Fife School District,Tacoma,WA,traditional,none,unknown,unknown,unknown,unknown,unknown,,,,,,,,,unknown,unknown,unknown,,unknown,none,none,no,unknown,,,unknown,,,,,,unknown,,,,,2026-09-06,Fife board superintendent Teaching & Learning team and site-search paths were reviewed; no public generative-AI classroom policy guidance handbook AI section or named classroom genAI tool recovered (OSPI name Fife School District; brands Fife Public Schools).,verified,https://www.fifeschools.com/district/school-board/board-members|https://www.fifeschools.com/district/superintendents-welcome|https://www.fifeschools.com/district/departments/teaching-learning-innovation/meet-our-team|https://resources.finalsite.net/images/v1759272429/fifeschoolscom/uo8zbkfakpq7opq7we8b/MeetingMinutes082925.pdf|https://nces.ed.gov/ccd/districtsearch/district_detail.asp?DistrictID=5302880&ID2=5302880&Search=2&details=,Ben Ramirez,Interim Superintendent,,253-517-1000,Kevin Johnson,Director of Technology,kjohnson@fifeschools.com,253-517-1000 Ext. 29107,Iesha Ki' Laurencio,Iesha Ki' Laurencio|Board Chair|Position 1|Term not published;Chelsea Bjorkman|Vice Chair|Position 2|Term not published;Melissa Hale|Board Member|Position 3|Term not published;Cheryl Reid|Board Member|Position 4|Term not published;Dr. Kimberly Palmer Yee|Board Member|Position 5|Term not published,https://www.fifeschools.com/district/school-board/board-members,,,,,,,,,https://www.fifeschools.com/district/school-board/board-members|https://www.fifeschools.com/district/superintendents-welcome|https://www.fifeschools.com/district/departments/teaching-learning-innovation/meet-our-team|https://resources.finalsite.net/images/v1759272429/fifeschoolscom/uo8zbkfakpq7opq7we8b/MeetingMinutes082925.pdf,2026-09-06,negative,mixed,No public genAI allow/cite/ban rules creates classroom honesty ambiguity for learners.,Teachers lack a shared district genAI playbook and must invent norms; general tech support may exist without verified AI PD.,Published board roster; named Director of Technology with email; Interim Superintendent welcome page,No genAI guidance; board terms unpublished; parent AI FAQ absent; outcomes not published,https://www.fifeschools.com/district/school-board/board-members|https://www.fifeschools.com/district/departments/teaching-learning-innovation/meet-our-team,2026-09-06,,,,,
Yelm School District,Olympia,WA,traditional,none,unknown,unknown,unknown,unknown,unknown,,,,,,,,,unknown,unknown,unknown,,unknown,none,none,no,unknown,,,unknown,,,,,,unknown,,,,,2026-09-06,Yelm Community Schools board superintendent and search paths were reviewed; no public generative-AI classroom policy guidance handbook AI section or named classroom genAI tool recovered (OSPI name Yelm School District).,verified,https://www.ycs.wednet.edu/our-district/superintendent39s-office|https://www.ycs.wednet.edu/our-district/board-of-directors/meet-the-board-of-directors|https://resources.finalsite.net/images/v1769096759/ycswednetedu/jsmrceeaxmdkjy3wvmed/Packet2026_01_22.pdf|https://nces.ed.gov/ccd/districtsearch/district_detail.asp?DistrictID=5310140&ID2=5310140&Search=2&details=,Chris Woods,Superintendent,,360-458-1900,,,,,Casey Shaw,Casey Shaw|Board Chair|Director District 2|President term 2025-26 (seat term not published);Bill Hauss|Vice Chair|Director District 5|Vice President term 2025-26 (seat term not published);Frank King|Board Member|Director District 1|Four-year term beginning Dec 2025;Denise Hendrickson|Board Member|Director District 3|Term not published;Ryan Jewell|Board Member|Director District 4|Four-year term beginning Dec 2025,https://www.ycs.wednet.edu/our-district/board-of-directors/meet-the-board-of-directors,,,,,,,,,https://www.ycs.wednet.edu/our-district/board-of-directors/meet-the-board-of-directors|https://www.ycs.wednet.edu/our-district/superintendent39s-office|https://resources.finalsite.net/images/v1769096759/ycswednetedu/jsmrceeaxmdkjy3wvmed/Packet2026_01_22.pdf,2026-09-06,negative,mixed,No public genAI allow/cite/ban rules creates classroom honesty ambiguity for learners.,Teachers lack a shared district genAI playbook and must invent norms; general tech support may exist without verified AI PD.,Published board meet-the-board roster; Jan 2026 packet with Dec 2025 reorganization minutes; named superintendent,No genAI guidance; tech lead unpublished; parent AI FAQ absent; outcomes not published,https://www.ycs.wednet.edu/our-district/board-of-directors/meet-the-board-of-directors|https://resources.finalsite.net/images/v1769096759/ycswednetedu/jsmrceeaxmdkjy3wvmed/Packet2026_01_22.pdf,2026-09-06,,,,,
North Thurston Public Schools,Olympia,WA,traditional,procedure_handbook,unknown,unknown,unknown,unknown,unknown,,,,,,,,,teacher_discretion,teacher_discretion,traffic_light,,unknown,curriculum,faq,no,unknown,,,unknown,,,,,,unknown,,,,,2026-09-06,NTPS publishes Policy 2023 Digital Citizenship and Media Literacy (AI included) plus Procedure/Policy 2023A Student Artificial Intelligence Code of Conduct with AI Recommended / Permitted / Restricted assignment levels and citation expectations; family Artificial Intelligence hub and Electronic Resources handbook page point families to those documents.,verified,https://www.ntps.org/family-resources/family-tech-tools/artificial-intelligence|https://www.ntps.org/family-resources/handbook/electronic-resources|https://resources.finalsite.net/images/v1726693100/nthurstonk12waus/ejjokhqdsrsh11kcg3pb/2023A_Student-Artificial-Intelligence-Code-of-Conduct.pdf|https://resources.finalsite.net/images/v1723674780/nthurstonk12waus/qnoeaix5rs9uhl6r0d0g/2023_Digital-Citizenship-and-Media-Literacy.pdf|https://www.ntps.org/about/school-board|https://www.ntps.org/about/superintendent,Troy Oliver,Superintendent,,360-412-4413,,,,,Esperanza Espie Badillo-Diiorio,Esperanza Espie Badillo-Diiorio|Board Chair|District 4|Term not published;Michelle Gipson|Vice Chair|District 5|Term not published;Gretchen Maliska|Board Member|District 1|Term not published;Jeff Line|Board Member|District 2|Term not published;Dr. Sarah Tracy|Board Member|District 3|Term not published,https://www.ntps.org/about/school-board,,,,,,,,,https://www.ntps.org/about/school-board|https://www.ntps.org/about/superintendent,2026-09-06,mixed,positive,Public traffic-light levels citation expectations and handbook AI CoC improve clarity versus a vacuum but default remains ask-the-teacher when labels are missing so practice can still vary by classroom.,Shared board-adopted digital citizenship policy Student AI Code of Conduct traffic-light assignment language and a public family AI hub give staff common norms; required AI PD catalog not verified; named public tech lead not recovered.,2023A AI Recommended/Permitted/Restricted levels; Policy 2023 digital citizenship/AI literacy; family AI hub; Electronic Resources handbook AI section,Tech lead unpublished; required AI PD not verified; named public classroom tools list absent; outcomes not published,https://www.ntps.org/family-resources/family-tech-tools/artificial-intelligence|https://resources.finalsite.net/images/v1726693100/nthurstonk12waus/ejjokhqdsrsh11kcg3pb/2023A_Student-Artificial-Intelligence-Code-of-Conduct.pdf|https://resources.finalsite.net/images/v1723674780/nthurstonk12waus/qnoeaix5rs9uhl6r0d0g/2023_Digital-Citizenship-and-Media-Literacy.pdf,2026-09-06,,,,,
Olympia School District,Olympia,WA,traditional,none,unknown,unknown,unknown,unknown,unknown,,,,,,,,,unknown,unknown,unknown,,unknown,none,none,no,unknown,,,unknown,,,,,,unknown,,,,,2026-09-06,Olympia Digital Resource Procedures ask staff to consider AI/machine learning when requesting tools but board instructional-technology and search paths recovered no public generative-AI classroom policy guidance handbook AI section or named classroom genAI allow/cite framework.,verified,https://www.osd.wednet.edu/osd-digital-resource-procedures|https://www.osd.wednet.edu/instructional-technology-2|https://osd.wednet.edu/school-board-home|https://www.osd.wednet.edu/superintendent-home|https://nces.ed.gov/ccd/districtsearch/district_detail.asp?DistrictID=5306180&ID2=5306180&Search=2&details=,Patrick Murphy,Superintendent,,360-596-6117,Marc Elliott,Chief Information Officer,,,Jess Tourtellotte-Palumbo,Jess Tourtellotte-Palumbo|Board Chair|District 2|Elected 2023 Term Expires 2027;Maria Flores|Vice Chair|District 1|Elected 2019 Re-elected 2023 Term Expires 2027;Renee Fullerton|Board Member|District 3|Elected 2025 Term Expires 2029;Hilary Seidel|Board Member|District 4|Term Expires 2027;Gilbert Lamont|Board Member|District 5|Elected 2025 Term Expires 2029,https://osd.wednet.edu/school-board-home,,,,,,,,,https://osd.wednet.edu/school-board-home|https://www.osd.wednet.edu/superintendent-home|https://www.osd.wednet.edu/instructional-technology-2,2026-09-06,negative,mixed,No public genAI allow/cite/ban rules creates classroom honesty ambiguity for learners.,Teachers lack a shared district genAI playbook and must invent norms; general tech support may exist without verified AI PD.,Published board roster with officers and term years; named CIO on Instructional Technology page; Digital Resource Procedures,No student handbook AI section; parent AI FAQ absent; outcomes not published,https://www.osd.wednet.edu/osd-digital-resource-procedures|https://www.osd.wednet.edu/instructional-technology-2|https://osd.wednet.edu/school-board-home,2026-09-06,,,,,
Tumwater School District,Olympia,WA,traditional,none,unknown,unknown,unknown,unknown,unknown,,,,,,,,,unknown,unknown,unknown,,unknown,none,letter,no,unknown,,,unknown,,,,,,unknown,,,,,2026-09-06,Tumwater board superintendent and search paths were reviewed; April 2023 Open Line parent newsletter discusses classroom AI use cases but no public generative-AI classroom policy guidance handbook AI section or named classroom genAI tool was recovered.,verified,https://www.tumwater.k12.wa.us/leadership/board-of-directors|https://www.tumwater.k12.wa.us/leadership/superintendent/meet-our-superintendent|https://www.tumwater.k12.wa.us/leadership/administrative-team|https://resources.finalsite.net/images/v1716981235/tumwaterk12waus/yiodhczcsyk2414jza0s/web_-_Open_Line_April_23.pdf|https://nces.ed.gov/ccd/districtsearch/district_detail.asp?DistrictID=5309100&ID2=5309100&Search=2&details=,Kevin Bogatin,Superintendent,kevin.bogatin@tumwater.k12.wa.us,360-709-7001,,,,,Casey Taylor,Casey Taylor|Board Chair|Director District 2|Term expires November 2027;Ty Kuehl|Vice Chair|Director District 3|Term expires November 2027;Julie Watts|Board Member|Director District 1|Term expires November 2029;Melissa Beard|Board Member|Director District 4|Term expires November 2029;Rob Warner|Board Member|Director District 5|Term expires November 2029,https://www.tumwater.k12.wa.us/leadership/board-of-directors,,,,,,,,,https://www.tumwater.k12.wa.us/leadership/board-of-directors|https://www.tumwater.k12.wa.us/leadership/superintendent/meet-our-superintendent|https://www.tumwater.k12.wa.us/leadership/administrative-team,2026-09-06,negative,mixed,No public genAI allow/cite/ban rules creates classroom honesty ambiguity for learners.,Teachers lack a shared district genAI playbook and must invent norms; general tech support may exist without verified AI PD.,Published board roster with officers and November term years; named superintendent with email; Open Line AI parent newsletter (Apr 2023),No genAI classroom policy/handbook AI section; tech lead unpublished; outcomes not published,https://www.tumwater.k12.wa.us/leadership/board-of-directors|https://resources.finalsite.net/images/v1716981235/tumwaterk12waus/yiodhczcsyk2414jza0s/web_-_Open_Line_April_23.pdf,2026-09-06,,,,,
Burlington-Edison School District,Mount Vernon,WA,traditional,none,unknown,unknown,unknown,unknown,unknown,,,,,,,,,unknown,unknown,unknown,,unknown,none,none,no,unknown,,,unknown,,,,,,unknown,,,,,2026-09-06,Burlington-Edison district site was bot-blocked (HTTP 406) this pass; Cascadia Daily (Aug 31 2025) reports BESD has no AI-specific policies and no district primary genAI classroom policy guidance or handbook AI section was recovered.,verified,https://www.be.wednet.edu/|https://www.be.wednet.edu/page/b-esd-school-board|https://www.cascadiadaily.com/2025/aug/31/ai-has-entered-the-classroom-in-bellingham-how-are-students-and-teachers-using-it/|https://www.skagitcounty.net/AuditorElections/Documents/Archive/2025/2025-11-04%20General.pdf|https://nces.ed.gov/ccd/districtsearch/district_detail.asp?DistrictID=5300780&ID2=5300780&Search=2&details=,Dr. Chris Pearson,Superintendent,cpearson@be.wednet.edu,360-757-3311,,,,,,Monica Vivanco|Board Member|Director District 2|Term not published;Ken Axelson|Board Member|Director District 3|Term not published;Rich Wesen|Board Member|Director District 4|Term not published;Shayna Campbell|Board Member|Director District 5|Term not published;Elli Haddick|Board Member|Director District 1|Term not published,https://www.be.wednet.edu/page/b-esd-school-board,,,,,,,,,"https://www.be.wednet.edu/page/b-esd-school-board|https://www.be.wednet.edu/page/superintendents-page|https://www.skagitcounty.net/AuditorElections/Documents/Archive/2025/2025-11-04%20General.pdf|https://www.cascadiadaily.com/2025/oct/16/skagit-voters-to-consider-28-school-board-candidates-in-november-election/|https://ballotpedia.org/Burlington-Edison_School_District,_Washington",2026-09-06,negative,mixed,No public genAI allow/cite/ban rules creates classroom honesty ambiguity for learners.,Teachers lack a shared district genAI playbook and must invent norms; general tech support may exist without verified AI PD.,Named superintendent with email in district footer fragments; NCES/OSPI LEA confirmation,Site bot-blocked; no genAI guidance; board officers/terms unknown; tech lead unpublished; parent AI FAQ absent; outcomes not published,https://www.cascadiadaily.com/2025/aug/31/ai-has-entered-the-classroom-in-bellingham-how-are-students-and-teachers-using-it/|https://www.be.wednet.edu/page/b-esd-school-board,2026-09-06,,,,,
Lynden School District,Oak Harbor,WA,traditional,procedure_handbook,unknown,unknown,unknown,unknown,unknown,,,,,,,,,teacher_discretion,teacher_discretion,teacher_discretion,,unknown,none,none,no,unknown,,,unknown,,,,,,unknown,,,,,2026-09-06,Lynden Policy 2022 Electronic Resources and Internet Safety references appropriate use of artificial intelligence and Procedure 2022P (Aug 2025 PDF) adds a full Artificial Intelligence section allowing cost-free approved generative AI tools (intranet list) under teacher guidance while prohibiting undisclosed AI-as-own-work misinformation/harm and confidential-data AI use; board legislative priorities also list AI oversight.,verified,https://lynden.wednet.edu/wp-content/uploads/2025/01/2022-Electronic-Resources-and-Internet-Safety.pdf|https://lynden.wednet.edu/wp-content/uploads/2025/08/2022P-Electronic-Resources-and-Internet-Safety.pdf|https://lynden.wednet.edu/school-board/board-policies-and-procedures/2000-instruction/|https://lynden.wednet.edu/school-board/school-board/|https://lynden.wednet.edu/departments/superintendent/|https://lynden.wednet.edu/2025/10/lynden-school-board-announces-legislative-priorities/|https://nces.ed.gov/ccd/districtsearch/district_detail.asp?DistrictID=5304620&ID2=5304620&Search=2&details=,David VanderYacht,Superintendent,VanderYachtD@lynden.wednet.edu,360-354-4443 ext. 3414,,,,,Danny Martinez,Danny Martinez|Board Chair|Seat not labeled|Term Expires: 2027;Jim Verburg|Vice Chair|Seat not labeled|Term Expires: 2027;Khush Brar|Board Member|Seat not labeled|Term Expires: 2027;Danielle Ingham|Board Member|Seat not labeled|Term Expires: 2027;Nick Sawka|Board Member|Seat not labeled|Term Expires: 2029,https://lynden.wednet.edu/school-board/school-board/,,,,,,,,,https://lynden.wednet.edu/school-board/school-board/|https://lynden.wednet.edu/departments/superintendent/,2026-09-06,mixed,mixed,Public 2022P AI rules and teacher-guidance expectations reduce vacuum risk but students cannot see the approved-tools list and must still rely on each teacher for assignment-level permission.,Written procedure plus cost-free approved-tool pathway and clear prohibited uses give staff a shared baseline; required AI PD and public tool list were not verified so classroom practice may still diverge.,Policy 2022 AI reference; Procedure 2022P Artificial Intelligence section; board legislative priority on AI oversight; published board roster with officers and term years,Approved AI tools list not public; tech lead unpublished; parent AI FAQ absent; outcomes not published,https://lynden.wednet.edu/wp-content/uploads/2025/08/2022P-Electronic-Resources-and-Internet-Safety.pdf|https://lynden.wednet.edu/wp-content/uploads/2025/01/2022-Electronic-Resources-and-Internet-Safety.pdf|https://lynden.wednet.edu/2025/10/lynden-school-board-announces-legislative-priorities/,2026-09-06,,,,,
Eatonville School District,Tacoma,WA,traditional,procedure_handbook,unknown,unknown,unknown,unknown,unknown,,,,,,,,,unknown,teacher_discretion,teacher_discretion,,unknown,none,none,no,unknown,,,unknown,,,,,,unknown,,,,,2026-09-06,Eatonville High School 2026-27 Student Handbook publishes AI/ChatGPT academic-honesty language encouraging responsible use under an AI 5-step scaffolding scale and requiring instructor permission; EMS/elementary handbooks and board/tech pages recovered no districtwide genAI classroom policy or named classroom tools.,verified,https://www.eatonville.wednet.edu/ehs/student-life/student-handbook/~board/ehs-handbook/post/general-information-and-expectations|https://www.eatonville.wednet.edu/board-of-directors/meet-our-board-members|https://www.eatonville.wednet.edu/district/superintendent|https://www.eatonville.wednet.edu/district/district-directory|https://nces.ed.gov/ccd/districtsearch/district_detail.asp?ID2=5302370,Jay Brower,Superintendent,,360-879-1000,Jim Carey,IT Lead,,,Ronda Litzenberger,Ronda Litzenberger|Board Chair|Director|Term not published;Paulette Gilliardi|Vice Chair|Director|Term not published;Karen Carr|Board Member|Director WIAA Representative|Term not published;Travis Rush|Board Member|Director|Term not published;Caitie Henselman|Board Member|Director|Term not published,https://www.eatonville.wednet.edu/board-of-directors/meet-our-board-members,,,,,,,,,https://www.eatonville.wednet.edu/board-of-directors/meet-our-board-members|https://www.eatonville.wednet.edu/district/superintendent|https://www.eatonville.wednet.edu/district/district-directory,2026-09-06,mixed,mixed,EHS handbook clarifies that using AI to write work without instructor permission is academic dishonesty and points to a scaffolding scale which reduces honesty ambiguity at the high school but elementary/middle allow rules remain unpublished so consistency still varies by school and teacher.,Secondary teachers have published teacher-permission norms at EHS but lack a districtwide shared AI playbook named tools list or verified AI PD; IT Lead is named publicly.,EHS handbook AI/ChatGPT scaffolding and instructor-permission language; published board roster with Chair/Vice Chair; named IT Lead,No districtwide genAI board policy; elementary AI unpublished; parent AI FAQ absent; outcomes not published,https://www.eatonville.wednet.edu/ehs/student-life/student-handbook/~board/ehs-handbook/post/general-information-and-expectations|https://www.eatonville.wednet.edu/district/district-directory,2026-09-06,,,,,
Tenino School District,Olympia,WA,traditional,none,unknown,unknown,unknown,unknown,unknown,,,,,,,,,unknown,unknown,unknown,,unknown,none,none,no,unknown,,,unknown,,,,,,unknown,,,,,2026-09-06,Tenino board policies staff technology and Live Feed paths were reviewed; no public generative-AI classroom policy guidance handbook AI section or named classroom genAI tool recovered.,verified,https://www.teninosd.org/page/board-policies|https://www.teninosd.org/staff|https://www.teninosd.org/live-feed?page_no=2|https://go.boarddocs.com/wa/tenino/Board.nsf/Public|https://nces.ed.gov/ccd/districtsearch/district_detail.asp?ID2=5308820,Clint Endicott,Superintendent,,360-264-3400,Tylor Kinsey,Director of Technology,,360-264-3400,,Jessica Eley|Board Member|Zone 1|Term not published;Jennifer Johnson|Board Member|Zone 2|Term not published;Adam Barr|Board Member|Zone 3|Term not published;Jessica Reeves-Rush|Board Member|Zone 4|Term not published;Chato Salisbury|Board Member|Zone 5|Term not published,https://www.teninosd.org/page/board-of-directors,,,,,,,,,https://www.teninosd.org/staff|https://www.teninosd.org/live-feed?page_no=2|https://www.teninosd.org/article/1384422,2026-09-06,negative,mixed,No public genAI allow/cite/ban rules creates classroom honesty ambiguity for learners.,Teachers lack a shared district genAI playbook and must invent norms; general tech support may exist without verified AI PD.,Published staff directory with Superintendent and Director of Technology; Live Feed board roster names,No genAI guidance; board officers unpublished on roster page; parent AI FAQ absent; outcomes not published,https://www.teninosd.org/staff|https://www.teninosd.org/page/board-policies,2026-09-06,,,,,
Rochester School District,Olympia,WA,traditional,none,unknown,unknown,unknown,unknown,unknown,,,,,,,,,unknown,unknown,unknown,,unknown,none,none,no,unknown,,,unknown,,,,,,unknown,,,,,2026-09-06,Rochester superintendent technology policies and board paths were reviewed; no public generative-AI classroom policy guidance handbook AI section or named classroom genAI tool recovered.,verified,https://www.rochester.wednet.edu/page/superintendent-office/|https://www.rochester.wednet.edu/page/technology/|https://www.rochester.wednet.edu/o/rsd/page/district-policies-and-procedures|https://rms.rochester.wednet.edu/o/rms/article/2801972|https://nces.ed.gov/ccd/districtsearch/district_detail.asp?ID2=5307470,Justin Black,Interim Superintendent,jblack@rochester.wednet.edu,360-273-9242,,,,,Grant Rodeheaver,Francisco Villanueva|Board Member|Director District 1|Term not published;Grant Rodeheaver|Board Chair|Director District 2|Term not published;Susie Hawes|Board Member|Director District 3|Term not published;James Neil Turner|Board Member|Director District 4|Term not published;Heather Harris|Board Member|Director District 5|Term not published,https://www.rochester.wednet.edu/page/meet-the-board-of-directors/,,,,,,,,,https://www.rochester.wednet.edu/page/meet-the-board-of-directors/|https://rms.rochester.wednet.edu/o/rms/article/2801972|https://www.rochester.wednet.edu/page/superintendent-office/|https://www.rochester.wednet.edu/page/technology/,2026-09-06,negative,mixed,No public genAI allow/cite/ban rules creates classroom honesty ambiguity for learners.,Teachers lack a shared district genAI playbook and must invent norms; general tech support may exist without verified AI PD.,Named Interim Superintendent with email; Board President-signed leadership announcement; published board district seats,No genAI guidance; tech lead unpublished after promotion; parent AI FAQ absent; outcomes not published,https://www.rochester.wednet.edu/page/technology/|https://www.rochester.wednet.edu/page/superintendent-office/,2026-09-06,,,,,
Centralia School District,Centralia,WA,traditional,none,unknown,unknown,unknown,unknown,unknown,,,,,,,,,unknown,unknown,unknown,,unknown,none,none,no,unknown,,,unknown,,,,,,unknown,,,,,2026-09-06,Centralia board Meet-the-Board superintendent and site paths were reviewed; no public generative-AI classroom policy guidance handbook AI section or named classroom genAI tool recovered.,verified,"https://www.centraliaschooldistrict.org/|https://www.centraliaschooldistrict.org/apps/pages/index.jsp?pREC_ID=2427292&type=d&uREC_ID=3715793|https://www.chronline.com/stories/centralia-school-board-accepting-applications-after-director-resigns,406727|https://nces.ed.gov/ccd/districtsearch/district_detail.asp?ID2=5301140",Dr. Lisa Grant,Superintendent,lgrant@centralia.wednet.edu,360-330-7600,,,,,Tim Browning,Tim Browning|Board Chair|Director|Term not published;Deb Parnham|Vice Chair|Director|Term not published;Sarah Holmes|Board Member|Director|Term not published;Lisa Leon|Board Member|Director|Term not published,https://www.centraliaschooldistrict.org/apps/pages/index.jsp?pREC_ID=2427292&type=d&uREC_ID=3715793,,,,,,,,,"https://www.centraliaschooldistrict.org/apps/pages/index.jsp?pREC_ID=2427292&type=d&uREC_ID=3715793|https://www.centraliaschooldistrict.org/|https://www.chronline.com/stories/centralia-school-board-accepting-applications-after-director-resigns,406727|https://eds.ospi.k12.wa.us/DirectoryEDS.aspx",2026-09-06,negative,mixed,No public genAI allow/cite/ban rules creates classroom honesty ambiguity for learners.,Teachers lack a shared district genAI playbook and must invent norms; general tech support may exist without verified AI PD.,Published Meet-the-Board roster with President/Vice President; named Superintendent,No genAI guidance; board vacancy; tech lead unpublished; parent AI FAQ absent; outcomes not published,https://www.centraliaschooldistrict.org/apps/pages/index.jsp?pREC_ID=2427292&type=d&uREC_ID=3715793|https://www.centraliaschooldistrict.org/,2026-09-06,,,,,
Chehalis School District,Centralia,WA,traditional,none,unknown,unknown,unknown,unknown,unknown,,,,,,,,,unknown,unknown,unknown,,unknown,none,none,no,unknown,,,unknown,,,,,,unknown,,,,,2026-09-06,Chehalis schoolboard administrators technology AUP/ISTE pages were reviewed; no public generative-AI classroom policy guidance handbook AI section or named classroom genAI tool recovered.,verified,"https://chehalisschools.org/schoolboard|https://chehalisschools.org/csdadministrators|https://chehalisschools.org/technology|https://www.chronline.com/stories/updated-chehalis-school-board-extends-superintendent-rick-gobles-contract,375842|https://nces.ed.gov/ccd/districtsearch/district_detail.asp?ID2=5301170",Rick Goble,Superintendent,rgoble@chehalisschools.org,360-807-7200,,,,,J Vander Stoep,Tim LeDuc|Board Member|Director District 1|Term not published;Lance Tornow|Board Member|Director District 2|Term not published;Katrina Meier|Board Member|Director District 3|Term not published;Kelsi Hamilton|Board Member|Position 4 At Large|Term not published;J Vander Stoep|Board Chair|Position 5 At Large|Term not published,https://chehalisschools.org/schoolboard,,,,,,,,,"https://chehalisschools.org/schoolboard|https://chehalisschools.org/csdadministrators|https://www.chronline.com/stories/updated-chehalis-school-board-extends-superintendent-rick-gobles-contract,375842|https://eds.ospi.k12.wa.us/DirectoryEDS.aspx",2026-09-06,negative,mixed,No public genAI allow/cite/ban rules creates classroom honesty ambiguity for learners.,Teachers lack a shared district genAI playbook and must invent norms; general tech support may exist without verified AI PD.,Published board roster; named Superintendent with administrators page; technology AUP links,No genAI guidance; officers unlabeled on primary roster; parent AI FAQ absent; outcomes not published,https://chehalisschools.org/technology|https://chehalisschools.org/schoolboard,2026-09-06,,,,,
Blaine School District,Bellingham,WA,traditional,board_policy,unknown,unknown,unknown,unknown,unknown,,,,,,,,,teacher_discretion,teacher_discretion,teacher_discretion,,offered,none,none,no,unknown,,,unknown,,,,,,unknown,,,,,2026-09-06,Blaine School Board approved district-drafted Policy 2023 on AI use May 26 2026 (4-0) per The Northern Light; policy sets appropriate uses (learning idea development instructional support staff efficiency) prohibits cheating/plagiarism/PII in tools leaves classroom AI amount to teachers and states the district will provide training approve tools and update guidance — full BoardDocs policy text not recovered this pass.,verified,"https://www.thenorthernlight.com/stories/blaine-school-board-enacts-ai-policies,43873|https://go.boarddocs.com/wa/wabsd/Board.nsf/Public|https://www.blainesd.org/article/2320986|https://news-usa.today/blaine-school-board-new-members-sworn-in/|https://nces.ed.gov/ccd/districtsearch/district_detail.asp?ID2=5300570",Dan Chaplik,Interim Superintendent,dchaplik@blainesd.org,360-332-5881,,,,,Ryan Swinburnson,Erika Creydt|Board Member|District 1|Term not published;Ben Lazarus|Vice Chair|District 2|Term not published;Bob Feaster|Board Member|District 3|Term expires December 2029;Ryan Swinburnson|Board Chair|District 4|Term not published;Chelsey Belarmino|Board Member|District 5|Term expires December 2029,https://go.boarddocs.com/wa/wabsd/Board.nsf/Public,,,,,,,,,"https://www.blainesd.org/article/2320986|https://news-usa.today/blaine-school-board-new-members-sworn-in/|https://www.thenorthernlight.com/stories/blaine-school-board-enacts-ai-policies,43873|https://eds.ospi.k12.wa.us/DirectoryEDS.aspx",2026-09-06,mixed,mixed,Adopted Policy 2023 clarifies allowed vs prohibited AI uses and keeps teacher control over classroom AI amount which reduces vacuum risk but without a public traffic-light assignment framework or literacy curriculum practice can still vary by teacher.,Board-adopted AI policy plus stated training/tool-approval commitments give staff a shared baseline; required PD catalog and named public classroom tools list not verified; tech lead unpublished; full policy PDF not recovered this pass.,May 26 2026 Policy 2023 AI adoption (Northern Light); teacher-discretion classroom control; training commitment in policy description,BoardDocs Policy 2023 full text not recovered; named classroom tools unpublished; parent AI FAQ absent; outcomes not published,"https://www.thenorthernlight.com/stories/blaine-school-board-enacts-ai-policies,43873|https://go.boarddocs.com/wa/wabsd/Board.nsf/Public",2026-09-06,,,,,
Meridian School District,Bellingham,WA,traditional,none,unknown,unknown,unknown,unknown,unknown,,,,,,,,,unknown,unknown,unknown,,unknown,none,none,no,unknown,,,unknown,,,,,,unknown,,,,,2026-09-06,Meridian (Whatcom) school board superintendent and 2022 Student Technology Handbook were reviewed; Cascadia Daily (Aug 31 2025) reported no AI-specific policies then with a planned committee; this pass recovered no finished public generative-AI classroom policy guidance or handbook AI section (≠ Meridian ID).,verified,https://www.meridian.wednet.edu/our-district/school-board/|https://www.meridian.wednet.edu/our-district/superintendent/|https://www.meridian.wednet.edu/wp-content/uploads/2022/09/Student-Tech-Handbook-Final.pdf|https://www.cascadiadaily.com/2025/aug/31/ai-has-entered-the-classroom-in-bellingham-how-are-students-and-teachers-using-it/|https://nces.ed.gov/ccd/districtsearch/district_detail.asp?ID2=5305010,Dr. Kurt Harvill,Interim Superintendent,kharvill@meridian.wednet.edu,360-398-7111,,,,,,Jana Haugen|Board Member|Director District 1|Term expires December 2027;Jarrod Karuza|Board Member|Director District 2|Term expires December 2029;Jasmine Fast|Board Member|Director District 3|Term expires December 2029;Ashley Geist|Board Member|Director District 4|Term expires December 2027;Michelle Simmons|Board Member|Director District 5|Term expires December 2027,https://www.meridian.wednet.edu/our-district/school-board/,,,,,,,,,https://www.meridian.wednet.edu/our-district/school-board/|https://www.meridian.wednet.edu/our-district/superintendent/|https://ospi.k12.wa.us/sites/default/files/2024-05/leabydistrictcontactlist.pdf,2026-09-06,negative,mixed,No public genAI allow/cite/ban rules creates classroom honesty ambiguity for learners.,Teachers lack a shared district genAI playbook and must invent norms; general tech support may exist without verified AI PD.,Published school-board roster with term years; named Interim Superintendent; Student Tech Handbook for devices,No genAI guidance; board officers unlabeled; parent AI FAQ absent; outcomes not published,https://www.meridian.wednet.edu/wp-content/uploads/2022/09/Student-Tech-Handbook-Final.pdf|https://www.cascadiadaily.com/2025/aug/31/ai-has-entered-the-classroom-in-bellingham-how-are-students-and-teachers-using-it/,2026-09-06,,,,,
Mount Baker School District,Bellingham,WA,traditional,none,unknown,unknown,unknown,unknown,unknown,,,,,,,,,unknown,unknown,unknown,,unknown,none,none,no,unknown,,,unknown,,,,,,unknown,,,,,2026-09-06,Mount Baker district site board press releases and Cascadia Daily (Aug 31 2025) quoting Superintendent Jessica Schenck planning to develop an AI policy were reviewed; this pass recovered no finished public generative-AI classroom policy guidance handbook AI section or named classroom genAI tool.,verified,"https://www.mtbaker.wednet.edu/|https://www.mtbaker.wednet.edu/article/2834538|https://www.cascadiadaily.com/2025/aug/31/ai-has-entered-the-classroom-in-bellingham-how-are-students-and-teachers-using-it/|https://ballotpedia.org/Mount_Baker_School_District,_Washington|https://nces.ed.gov/ccd/districtsearch/district_detail.asp?ID2=5305310",Jessica Schenck,Superintendent,jschenck@mtbaker.wednet.edu,360-383-2000,,,,,Russ Pfeiffer-Hoyt,Danielle Gray|Board Member|Director District 1|Term expires 2027;Edward Fox|Board Member|Director District 2|Term expires 2027;Jason Bloodgood|Board Member|Director District 3|Term expires 2027;Brenna Reaugh|Board Member|Director District 4|Term expires 2029;Russ Pfeiffer-Hoyt|Board Chair|Director District 5|Term expires 2027,https://www.mtbaker.wednet.edu/page/mbsd-school-board,,,,,,,,,"https://www.mtbaker.wednet.edu/article/2834538|https://ballotpedia.org/Mount_Baker_School_District,_Washington|https://eds.ospi.k12.wa.us/DirectoryEDS.aspx|https://www.mtbaker.wednet.edu/article/1383636",2026-09-06,negative,mixed,No public genAI allow/cite/ban rules creates classroom honesty ambiguity for learners.,Teachers lack a shared district genAI playbook and must invent norms; general tech support may exist without verified AI PD.,Named Superintendent; Board President on district press releases; Ballotpedia roster with term years,No genAI guidance; primary board bio cards unpublished via fetch; parent AI FAQ absent; outcomes not published,https://www.cascadiadaily.com/2025/aug/31/ai-has-entered-the-classroom-in-bellingham-how-are-students-and-teachers-using-it/|https://www.mtbaker.wednet.edu/article/2834538,2026-09-06,,,,,
Granite Falls School District,Seattle,WA,traditional,none,unknown,unknown,unknown,unknown,unknown,,,,,,,,,unknown,unknown,unknown,,unknown,none,none,no,unknown,,,unknown,,,,,,unknown,,,,,2026-09-06,Granite Falls board technology departments and student-handbook paths were reviewed; no public generative-AI classroom policy guidance handbook AI section or named classroom genAI tool recovered.,verified,https://www.gfalls.wednet.edu/our-district/school-board|https://www.gfalls.wednet.edu/departments/technology/welcome-to-technology|https://www.gfalls.wednet.edu/departments/superintendent|https://www.gfalls.wednet.edu/our-district/departments-overview|https://nces.ed.gov/ccd/districtsearch/district_detail.asp?ID2=5303210,Dr. Dana Geaslen,Superintendent,dgeaslen@gfalls.wednet.edu,360-691-7717,Daniel Scollard,Director of Technology,dscollard@gfalls.wednet.edu,360-691-7717,Peter LeDoux,Peter LeDoux|Board Chair|Director District 1|Term not published;Bill Dane|Vice Chair|Director District 2|Term not published;Carol Panagos|Board Member|Director District 3|Term not published;Greg Farley|Board Member|Director District 5|Term not published,https://www.gfalls.wednet.edu/our-district/school-board,,,,,,,,,https://www.gfalls.wednet.edu/our-district/school-board|https://www.gfalls.wednet.edu/departments/superintendent|https://www.gfalls.wednet.edu/departments/technology/welcome-to-technology,2026-09-06,negative,mixed,No public genAI allow/cite/ban rules creates classroom honesty ambiguity for learners.,Teachers lack a shared district genAI playbook and must invent norms; general tech support may exist without verified AI PD.,Published board roster with President/Vice President; named Superintendent email; named Director of Technology,No genAI guidance; District 4 unpublished; parent AI FAQ absent; outcomes not published,https://www.gfalls.wednet.edu/our-district/school-board|https://www.gfalls.wednet.edu/departments/technology/welcome-to-technology,2026-09-06,,,,,
Sultan School District,Seattle,WA,traditional,none,unknown,unknown,unknown,unknown,unknown,,,,,,,,,unknown,unknown,unknown,,unknown,none,none,no,unknown,,,unknown,,,,,,unknown,,,,,2026-09-06,Sultan district Finalsite paths were challenge-blocked this pass; recoverable Live Feed/articles and secondary board sources showed leadership transition but no public generative-AI classroom policy guidance handbook AI section or named classroom genAI tool.,verified,"https://www.sultanschools.org/|https://www.sultanschools.org/article/2060597|https://www.sultanschools.org/o/se/live-feed|https://ballotpedia.org/Sultan_School_District,_Washington,_elections|https://nces.ed.gov/ccd/districtsearch/district_detail.asp?ID2=5308550",Dr. Christopher Granger,Superintendent,,360-793-9800,,,,,,Michael Butler|Board Member|Director|Term not published;Gigi Gouldner|Board Member|Director|Term not published;Isaac Hudy|Board Member|Director|Term not published;Mike Varnell|Board Member|Director|Term not published;Marianne Naslund|Board Member|Director|Term not published,https://www.sultanschools.org/,,,,,,,,,"https://www.sultanschools.org/article/2060597|https://www.sultanschools.org/o/se/live-feed|https://ballotpedia.org/Sultan_School_District,_Washington,_elections",2026-09-06,negative,mixed,No public genAI allow/cite/ban rules creates classroom honesty ambiguity for learners.,Teachers lack a shared district genAI playbook and must invent norms; general tech support may exist without verified AI PD.,District articles naming Super Granger start date; published board member name set via Ballotpedia cross-check,No genAI guidance; primary board roster page blocked; officers unconfirmed for 2026; parent AI FAQ absent; outcomes not published,https://www.sultanschools.org/|https://www.sultanschools.org/article/2060597,2026-09-06,,,,,
Riverview School District,Seattle,WA,traditional,none,unknown,unknown,unknown,unknown,unknown,,,,,,,,,unknown,unknown,unknown,,unknown,none,none,no,unknown,,,unknown,,,,,,unknown,,,,,2026-09-06,Riverview Student Advisory drafted an AI belief statement and a Student AI Advisory presented at WSSDA (Nov 2025) but the belief-statement text was not published as district classroom policy guidance or handbook AI section this pass; Electronic Resources 2035 paths remain general AUP — ai_policy_status=none.,verified,https://www.rsd407.org/studentadvisory|https://www.rsd407.org/super|https://rsd407.community.diligentoneplatform.com/portal/members.aspx?id=10|https://www.rsd407.org/studentsafe|https://nces.ed.gov/ccd/districtsearch/district_detail.asp?ID2=5304560,Dr. Susan Leach,Superintendent,,425-844-4500,Chris Collins,Director of Information Technology,,,Danny Edwards,Lori Oviatt|Board Member|Director District 1|Term expires November 2029;Emi Byrnes|Board Member|Director District 2|Term expires November 2027;Carol Van Noy|Board Member|Director District 3|Term expires November 2027;Danny Edwards|Board Chair|Director District 4|Term expires November 2027;Sabrina Parnell|Vice Chair|Director District 5|Term expires November 2029,https://rsd407.community.diligentoneplatform.com/portal/members.aspx?id=10,,,,,,,,,https://rsd407.community.diligentoneplatform.com/portal/members.aspx?id=10|https://rsd407.diligent.community/document/8ece1f8d-f35b-48df-a2cc-f8eec0af2077/|https://www.rsd407.org/super|https://www.rsd407.org/studentadvisory,2026-09-06,negative,mixed,Student AI Advisory work signals engagement but without a published classroom belief statement policy or assignment framework students still face honesty ambiguity by teacher.,Named IT director and student-voice AI work exist but no shared public AI assignment playbook or verified required AI PD was recovered.,Diligent board roster with President/Vice President; Student Advisory AI belief-statement drafting and WSSDA Student AI Advisory presentation noted on district page; named Superintendent,AI belief statement text unpublished as policy; no handbook genAI section; parent AI FAQ absent; outcomes not published,https://www.rsd407.org/studentadvisory|https://rsd407.community.diligentoneplatform.com/portal/members.aspx?id=10,2026-09-06,,,,,
South Whidbey School District,Oak Harbor,WA,traditional,none,unknown,unknown,unknown,unknown,unknown,,,,,,,,,unknown,unknown,unknown,,unknown,none,none,no,unknown,,,unknown,,,,,,unknown,,,,,2026-09-06,South Whidbey school board district-office family/student handbook and BoardDocs paths were reviewed; no public generative-AI classroom policy guidance handbook AI section or named classroom genAI tool recovered.,verified,https://www.sw.wednet.edu/our-district/school-board|https://www.sw.wednet.edu/our-district/district-office|https://www.sw.wednet.edu/our-district/superintendent|https://www.sw.wednet.edu/resources/family-and-student-handbook|https://nces.ed.gov/ccd/districtsearch/district_detail.asp?ID2=5308190,Dr. Becky Clifford,Superintendent,bclifford@sw.wednet.edu,360-221-6100,Ian Turner,Director of Technology,technology@sw.wednet.edu,360-221-0602,Brook Willeford,Joe Greenheron|Board Member|Director District 1|Term Expiration Dec 2027;Andrea Downs|Board Member|Director District 2|Term Expiration Dec 2029;Brook Willeford|Board Chair|Director District 3|Term Expiration Dec 2027;Marnie Jackson|Board Member|Director District 4|Term not published;Ann Johnson|Vice Chair|Director District 5|Term Expiration Dec 2029,https://www.sw.wednet.edu/our-district/school-board,,,,,,,,,https://www.sw.wednet.edu/our-district/school-board|https://www.sw.wednet.edu/our-district/superintendent|https://www.sw.wednet.edu/our-district/district-office,2026-09-06,negative,mixed,No public genAI allow/cite/ban rules creates classroom honesty ambiguity for learners.,Teachers lack a shared district genAI playbook and must invent norms; general tech support may exist without verified AI PD.,Published board roster with Chair/Vice Chair; named Superintendent email; named Director of Technology,No genAI guidance; Jackson bio card gap; parent AI FAQ absent; outcomes not published,https://www.sw.wednet.edu/our-district/school-board|https://www.sw.wednet.edu/resources/family-and-student-handbook,2026-09-06,,,,,
Coupeville School District,Oak Harbor,WA,traditional,none,unknown,unknown,unknown,unknown,unknown,,,,,,,,,unknown,unknown,unknown,,unknown,none,none,no,unknown,,,unknown,,,,,,unknown,,,,,2026-09-06,Coupeville board policies technology and CEA 2025-2027 CBA were reviewed; CBA §3.2 addresses staff inclusion on generative-AI implementation committees but is not a student classroom genAI policy guidance or handbook AI section — no public classroom genAI rulebook recovered → none.,verified,https://www.coupeville.k12.wa.us/about-us/school-board|https://www.coupeville.k12.wa.us/about-us/superintendent|https://www.coupeville.k12.wa.us/departments/information-technology|https://www.coupeville.k12.wa.us/about-us/school-board/policies-and-procedures|https://nces.ed.gov/ccd/districtsearch/district_detail.asp?ID2=5301800,Shannon Leatherwood,Superintendent,,360-678-2404,William Smith,Technology Director,williamsmith@coupeville.k12.wa.us,360-678-2402,Morgan White,Chic Merwine|Board Member|Director District 1|Term Expires 2027;Nancy Conard|Vice Chair|Director District 2|Term Expires 2029;Bryan Sherman|Board Member|Director District 3|Term Expires 2029;Morgan White|Board Chair|Director At-Large|Term Expires 2029;Alison Perera|Board Member|Director At-Large|Term Expires 2027,https://www.coupeville.k12.wa.us/about-us/school-board,,,,,,,,,https://www.coupeville.k12.wa.us/about-us/school-board|https://www.coupeville.k12.wa.us/about-us/superintendent|https://www.coupeville.k12.wa.us/departments/information-technology,2026-09-06,negative,mixed,Without published classroom genAI rules students still face inconsistent honesty expectations despite CBA language about future AI committees.,CBA guarantees teacher seats on any genAI implementation committees which is a procedural plus but no shared classroom AI playbook named tools list or verified AI PD was recovered.,Published board roster with President/Vice President; named Technology Director; CEA CBA §3.2 genAI committee inclusion,No student-facing genAI guidance/handbook section; parent AI FAQ absent; outcomes not published,https://www.coupeville.k12.wa.us/about-us/school-board|https://resources.finalsite.net/images/v1769117886/coupevillek12waus/v8yd9qfbfwfgsgwm1haq/CEACollectiveBargainingAgreement2025-2027_11.pdf,2026-09-06,,,,,
Shelton School District,Shelton,WA,traditional,none,unknown,unknown,unknown,unknown,unknown,,,,,,,,,unknown,unknown,unknown,,unknown,none,none,no,unknown,,,unknown,,,,,,unknown,,,,,2026-09-06,Shelton school board contact superintendent technology and policy paths were reviewed; no public generative-AI classroom policy guidance handbook AI section or named classroom genAI tool recovered.,verified,https://www.sheltonschools.org/district/school_board/contact_information|https://www.sheltonschools.org/district/superintendent|https://www.sheltonschools.org/departments/technology|https://www.sheltonschools.org/district/school_board/policyprocedure|https://nces.ed.gov/ccd/districtsearch/district_detail.asp?ID2=5307900,Wyeth Jessee,Superintendent,,360-426-1687,Ben Mangeng,Director of Technology,,360-426-1687,Matthew Welander,James Dale|Board Member|Director District 1|Current Term Expires November 2027;Lauren Gilmore|Board Member|Director District 2|Current Term Expires November 2027;Matthew Welander|Board Chair|Director District 3|Current Term Expires November 2029;Andrew Wilford|Board Member|At-Large Position 1|Current Term Expires November 2029;Keri Davidson|Vice Chair|At-Large Position 2|Current Term Expires November 2027,https://www.sheltonschools.org/district/school_board/contact_information,,,,,,,,,https://www.sheltonschools.org/district/school_board/contact_information|https://www.sheltonschools.org/district/superintendent|https://www.sheltonschools.org/departments/technology|https://www.masoncounty.com/story/2026/01/15/news/shelton-school-board-leadership-remains-the-same/6480.html,2026-09-06,negative,mixed,No public genAI allow/cite/ban rules creates classroom honesty ambiguity for learners.,Teachers lack a shared district genAI playbook and must invent norms; general tech support may exist without verified AI PD.,Published board contact roster with Chairman/Vice-Chairman and terms; named Superintendent; named Director of Technology,No genAI guidance; parent AI FAQ absent; outcomes not published,https://www.sheltonschools.org/district/school_board/contact_information|https://www.sheltonschools.org/departments/technology,2026-09-06,,,,,
North Mason School District,Shelton,WA,traditional,none,unknown,unknown,unknown,unknown,unknown,,,,,,,,,unknown,unknown,unknown,,unknown,none,none,no,unknown,,,unknown,,,,,,unknown,,,,,2026-09-06,North Mason district site was challenge-blocked this pass; BoardOnTrack board roster and Feb 23 2026 minutes were reviewed and recovered no public generative-AI classroom policy guidance handbook AI section or named classroom genAI tool.,verified,https://app2.boardontrack.com/public/1l07Hb/board|https://app2.boardontrack.com/public/1l07Hb/minutes/111106|https://www.northmasonschools.org/|https://www.masoncounty.com/story/2026/01/15/news/nmsd-recognizes-board/6445.html|https://nces.ed.gov/ccd/districtsearch/district_detail.asp?ID2=5305790,Dr. Kristine Michael,Superintendent,,360-277-2300,,,,,Nicole Gonzalez Timmons,Rick Biehl|Board Member|Director|Term not published;Nicole Gonzalez Timmons|Board Chair|Director|Term not published;Leanna Krotzer|Board Member|Director|Term not published;Nick Thomas|Board Member|Director|Term not published;Erik Youngberg|Board Member|Director|Term not published,https://app2.boardontrack.com/public/1l07Hb/board,,,,,,,,,https://app2.boardontrack.com/public/1l07Hb/board|https://app2.boardontrack.com/public/1l07Hb/minutes/111106|https://www.masoncounty.com/story/2026/01/15/news/nmsd-recognizes-board/6445.html,2026-09-06,negative,mixed,No public genAI allow/cite/ban rules creates classroom honesty ambiguity for learners.,Teachers lack a shared district genAI playbook and must invent norms; general tech support may exist without verified AI PD.,BoardOnTrack roster; minutes confirming Board President and Superintendent; Mason County Journal board recognition,No genAI guidance; district website blocked; tech lead blank; parent AI FAQ absent; outcomes not published,https://app2.boardontrack.com/public/1l07Hb/board|https://app2.boardontrack.com/public/1l07Hb/minutes/111106,2026-09-06,,,,,
Sequim School District,Port Angeles,WA,traditional,none,unknown,unknown,unknown,unknown,unknown,,,,,,,,,unknown,unknown,unknown,,unknown,none,none,no,unknown,,,unknown,,,,,,unknown,,,,,2026-09-06,Sequim school board technology Student Responsible Use of Technology page and Students Rights & Responsibilities handbook PDF were reviewed; no public generative-AI classroom policy guidance handbook AI section or named classroom genAI tool recovered.,verified,https://www.sequimschools.org/page/school-board|https://www.sequimschools.org/page/student-responsible-use-of-technology|https://www.sequimschools.org/page/technology|https://www.sequimgazette.com/2025/12/31/faces-of-sequim-eric-pickens/|https://nces.ed.gov/ccd/districtsearch/district_detail.asp?ID2=5307830,Regan Nickels,Superintendent,,360-582-3260,,,,,Eric Pickens,Nicholas Bell|Board Member|Director District 1|Serves through November 2026;Maren Halvorsen|Board Member|Director|Term ends 2029;Patrice Johnston|Board Member|Director|Term ends 2029;Eric Pickens|Board Chair|Director|Term ends 2027;Michael Rocha|Board Member|Director|Term ends 2027,https://www.sequimschools.org/page/school-board,,,,,,,,,"https://www.sequimgazette.com/2025/12/31/faces-of-sequim-eric-pickens/|https://www.sequimgazette.com/2025/09/24/parent-volunteer-school-advocate-appointed-to-school-board/|https://ballotpedia.org/Sequim_School_District,_Washington,_elections|https://www.sequimschools.org/departments/business_operations/2025-26_f195_budget_and_disclaimer/",2026-09-06,negative,mixed,No public genAI allow/cite/ban rules creates classroom honesty ambiguity for learners.,Teachers lack a shared district genAI playbook and must invent norms; general tech support may exist without verified AI PD.,Named Superintendent on budget certification; board president confirmed in Sequim Gazette; published Responsible Use of Technology page (non-AI),No genAI guidance; primary board roster thin; tech lead unpublished; parent AI FAQ absent; outcomes not published,https://www.sequimschools.org/page/student-responsible-use-of-technology|https://www.sequimschools.org/page/school-board,2026-09-06,,,,,
Port Angeles School District,Port Angeles,WA,traditional,principles_only,unknown,unknown,unknown,unknown,unknown,,,,,,,,,unknown,unknown,unknown,Google Gemini,unknown,none,yes,no,unknown,,,unknown,,,,,,unknown,,,,,2026-09-06,Port Angeles publishes a public Learning/Artificial Intelligence page with strategic-plan values UDL framing and links to OSPI AI guidelines Electronic Resources policy and Google Gemini / Gemini for Education but no concrete classroom assignment framework traffic-light citation rule handbook AI section or board AI policy was recovered → principles_only.,verified,https://www.portangelesschools.org/learning/artificial-intelligence|https://www.portangelesschools.org/about/board-of-directors|https://www.portangelesschools.org/about/superintendent|https://www.portangelesschools.org/departments/technology|https://www.portangelesschools.org/about/district-handbook|https://ospi.k12.wa.us/student-success/resources-subject-area/human-centered-artificial-intelligence-schools|https://nces.ed.gov/ccd/districtsearch/district_detail.asp?ID2=5306820|https://eds.ospi.k12.wa.us/DirectoryEDS.aspx,Michelle Olsen,Superintendent,molsen@portangelesschools.org,360-457-8575,Jarred Blauser,Director of Educational Technology,,,Sandy Long,Ned Hammar|Board Member|Position 1|Term not published;Nancy Hamilton|Board Member|Position 2|Term not published;Stan Williams|Board Member|Position 3|Term Expires 12/27;Sandy Long|Board Chair|Position 4|Term Expires 12/27;Kirsten Williams|Vice Chair|Position 5|Term Expires 12/27,https://www.portangelesschools.org/about/board-of-directors,,,,,,,,,https://www.portangelesschools.org/about/board-of-directors|https://www.portangelesschools.org/about/superintendent|https://www.portangelesschools.org/departments/technology|https://eds.ospi.k12.wa.us/DirectoryEDS.aspx,2026-09-06,mixed,mixed,Public AI principles and Gemini links signal openness but without published assignment rules students still face honesty ambiguity by teacher.,Named Director of Educational Technology and public AI principles page exist but no shared assignment playbook or verified required AI PD was recovered.,Published AI principles page with OSPI and Gemini links; published board roster with President/Vice President; named Superintendent email; named Director of Educational Technology,No classroom assignment framework or handbook AI section; Blauser email unpublished; outcomes not published,https://www.portangelesschools.org/learning/artificial-intelligence|https://www.portangelesschools.org/about/board-of-directors|https://www.portangelesschools.org/departments/technology,2026-09-06,,,,,
Port Townsend School District,Port Townsend,WA,traditional,none,unknown,unknown,unknown,unknown,unknown,,,,,,,,,unknown,unknown,unknown,,unknown,none,none,no,unknown,,,unknown,,,,,,unknown,,,,,2026-09-06,Port Townsend Apptegy/Finalsite board and department paths were challenge-blocked or JS-thin this pass; recoverable district articles and secondary board sources showed leadership and board turnover but no public generative-AI classroom policy guidance handbook AI section or named classroom genAI tool.,verified,"https://www.ptschools.org/|https://www.ptschools.org/page/directors-board|https://www.ptschools.org/page/superintendent|https://www.ptschools.org/article/2703913|https://ballotpedia.org/Port_Townsend_School_District,_Washington|https://www.peninsuladailynews.com/2026/08/22/port-townsend-school-board-talks-student-mental-health/|https://nces.ed.gov/ccd/districtsearch/district_detail.asp?ID2=5306840|https://eds.ospi.k12.wa.us/DirectoryEDS.aspx",Dr. Linda Rosenbury,Superintendent,lrosenbury@ptschools.org,360-680-5759,,,,,,John Nowak|Board Member|Director District 1|Term not published;Simon Little|Board Member|Director District 2|Term not published;Matt Klontz|Board Member|Director District 3|Term not published;Amanda Grace|Board Member|Director At-Large|Term not published;Shelly Huber|Board Member|Director At-Large|Term not published,https://www.ptschools.org/page/directors-board,,,,,,,,,"https://www.ptschools.org/article/2703913|https://ballotpedia.org/Port_Townsend_School_District,_Washington|https://www.peninsuladailynews.com/2026/08/22/port-townsend-school-board-talks-student-mental-health/|https://eds.ospi.k12.wa.us/DirectoryEDS.aspx",2026-09-06,negative,mixed,No public genAI allow/cite/ban rules creates classroom honesty ambiguity for learners.,Teachers lack a shared district genAI playbook and must invent norms; general tech support may exist without verified AI PD.,EDS/district naming of Super Rosenbury; PDN confirmation of Huber appointment and Nowak board role,No genAI guidance; primary board roster page thin/blocked; officers unconfirmed; parent AI FAQ absent; outcomes not published,https://www.ptschools.org/|https://www.ptschools.org/article/2703913|https://www.peninsuladailynews.com/2026/08/22/port-townsend-school-board-talks-student-mental-health/,2026-09-06,,,,,
Chimacum School District,Port Townsend,WA,traditional,none,unknown,unknown,unknown,unknown,unknown,,,,,,,,,unknown,unknown,unknown,,unknown,none,none,no,unknown,,,unknown,,,,,,unknown,,,,,2026-09-06,Chimacum Finalsite paths were challenge-blocked or returned 404 via research fetch tools this pass; OSPI EDS and secondary Ballotpedia sources confirmed leadership and board names but no public generative-AI classroom policy guidance handbook AI section or named classroom genAI tool was recovered.,verified,"https://www.csd49.org/|https://ballotpedia.org/Chimacum_School_District,_Washington|https://eds.ospi.k12.wa.us/DirectoryEDS.aspx|https://nces.ed.gov/ccd/districtsearch/district_detail.asp?ID2=5301290",Dr. Scott Mauk,Superintendent,scott_mauk@csd49.org,360-302-5896,,,,,,Alyssa Haddenham|Board Member|Director|Term ends 2029;Roxanne Hudson|Board Member|Director District 1|Term ends 2029;Kathryn Lamka|Board Member|Director|Term ends 2029;Kristina Mayer|Board Member|Director District 3|Term ends 2027;Tami Robocker|Board Member|Director|Term ends 2027,"https://ballotpedia.org/Chimacum_School_District,_Washington",,,,,,,,,"https://eds.ospi.k12.wa.us/DirectoryEDS.aspx|https://ballotpedia.org/Chimacum_School_District,_Washington",2026-09-06,negative,mixed,No public genAI allow/cite/ban rules creates classroom honesty ambiguity for learners.,Teachers lack a shared district genAI playbook and must invent norms; general tech support may exist without verified AI PD.,OSPI EDS naming Super Mauk with email/phone; Ballotpedia board name set,No genAI guidance; primary district pages blocked; officers unconfirmed; parent AI FAQ absent; outcomes not published,"https://eds.ospi.k12.wa.us/DirectoryEDS.aspx|https://ballotpedia.org/Chimacum_School_District,_Washington",2026-09-06,,,,,
Aberdeen School District,Aberdeen,WA,traditional,none,unknown,unknown,unknown,unknown,unknown,,,,,,,,,unknown,unknown,unknown,,unknown,none,none,no,unknown,,,unknown,,,,,,unknown,,,,,2026-09-06,Aberdeen board policy Electronic Resources technology and July 2026 board-packet paths were reviewed; a CTE improvement table mentions Utilize MagicSchool AI tools but that is not a student classroom genAI policy guidance or handbook AI section — no public classroom genAI rulebook recovered → none.,verified,https://www.asd5.org/|https://www.asd5.org/our-district/school-board-agendas-policy|https://www.asd5.org/superintendent|https://www.asd5.org/departments/technology|https://www.asd5.org/our-district/school-board-agendas-policy/policies-and-procedures|https://www.asd5.org/our-district/required-notifications/electronic-resource-policy-2022|https://resources.finalsite.net/images/v1784653744/asd5org/pbmgy47lpdl1aahuy139/2026-07-21SchoolBoard.pdf|https://nces.ed.gov/ccd/districtsearch/district_detail.asp?ID2=5300030|https://eds.ospi.k12.wa.us/DirectoryEDS.aspx,Lynn Green,Co-Superintendent,lgreen@asd5.org,360-538-2002,Matt Mahon,Technology Systems Manager,mmahon@asd5.org,360-538-2035,Jennifer Durney,Jennifer Durney|Board Chair|Director|Term not published;Suzy Ritter|Vice Chair|Director|Term not published;Mardi Emard-Colburn|Board Member|Director|Term not published;Jeanne Marll|Board Member|Director|Term not published;Annica Mizin|Board Member|Director|Term not published,https://www.asd5.org/our-district/school-board-agendas-policy,,,,,,,,,https://www.asd5.org/our-district/school-board-agendas-policy|https://www.asd5.org/superintendent|https://www.asd5.org/departments/technology|https://resources.finalsite.net/images/v1784653744/asd5org/pbmgy47lpdl1aahuy139/2026-07-21SchoolBoard.pdf|https://resources.finalsite.net/images/v1773436173/asd5org/oeg0kpzdnmzrfmrab1eq/2026-03-17SchoolBoard.pdf|https://eds.ospi.k12.wa.us/DirectoryEDS.aspx,2026-09-06,negative,mixed,Public genAI vacuum leaves academic-integrity expectations unclear despite an incidental MagicSchool mention in a CTE board-packet table.,Named Technology Systems Manager and co-superintendent technology portfolio support operations but no shared AI assignment playbook or verified AI PD was recovered.,Published board contact list with President/Vice President confirmed in minutes; named Co-Superintendent Green; named Technology Systems Manager Mahon,No genAI classroom guidance; MagicSchool mention is CTE-plan only; parent AI FAQ absent; outcomes not published,https://www.asd5.org/our-district/school-board-agendas-policy|https://www.asd5.org/departments/technology|https://resources.finalsite.net/images/v1784653744/asd5org/pbmgy47lpdl1aahuy139/2026-07-21SchoolBoard.pdf,2026-09-06,,,,,
Hoquiam School District,Aberdeen,WA,traditional,none,unknown,unknown,unknown,unknown,unknown,,,,,,,,,unknown,unknown,unknown,,unknown,none,none,no,unknown,,,unknown,,,,,,unknown,,,,,2026-09-06,Hoquiam Finalsite paths were challenge-blocked this pass; OSPI EDS Daily World and a district board-appreciation article confirmed new superintendent and board names but no public generative-AI classroom policy guidance handbook AI section or named classroom genAI tool was recovered.,verified,https://www.hoquiam.net/|https://www.hoquiam.net/article/625659|https://www.thedailyworld.com/2026/05/29/cummings-selected-as-hoquiam-school-districts-next-superintendent/|https://eds.ospi.k12.wa.us/DirectoryEDS.aspx|https://nces.ed.gov/ccd/districtsearch/district_detail.asp?ID2=5303660,Mike Cummings,Superintendent,mike.cummings@hoquiam.net,360-538-8200,,,,,,Hoki Moir|Board Member|Director|Term not published;Chris Eide|Board Member|Director|Term not published;Don Oliver|Board Member|Director|Term not published;Bryce Puvogel|Board Member|Director|Term not published;Tanya Anderson|Board Member|Director|Term not published,https://www.hoquiam.net/article/625659,,,,,,,,,https://eds.ospi.k12.wa.us/DirectoryEDS.aspx|https://www.thedailyworld.com/2026/05/29/cummings-selected-as-hoquiam-school-districts-next-superintendent/|https://www.hoquiam.net/article/625659,2026-09-06,negative,mixed,No public genAI allow/cite/ban rules creates classroom honesty ambiguity for learners.,Teachers lack a shared district genAI playbook and must invent norms; general tech support may exist without verified AI PD.,OSPI EDS naming Super Cummings with email/phone; district article naming five directors,No genAI guidance; primary site blocked; officers unconfirmed; parent AI FAQ absent; outcomes not published,https://eds.ospi.k12.wa.us/DirectoryEDS.aspx|https://www.thedailyworld.com/2026/05/29/cummings-selected-as-hoquiam-school-districts-next-superintendent/,2026-09-06,,,,,
Elma School District,Aberdeen,WA,traditional,none,unknown,unknown,unknown,unknown,unknown,,,,,,,,,unknown,unknown,unknown,,unknown,none,none,no,unknown,,,unknown,,,,,,unknown,,,,,2026-09-06,Elma school board superintendent technology and EMS student handbook paths were reviewed; no public generative-AI classroom policy guidance handbook AI section or named classroom genAI tool recovered.,verified,https://www.eagles.edu/our-district/school-board-of-directors|https://www.eagles.edu/our-district/superintendent|https://www.eagles.edu/departments/technology|https://resources.finalsite.net/images/v1746053806/eaglesedu/zvbx2zp1ze3ascd48gxg/EMSStudentHandbook24-25Updated.pdf|https://nces.ed.gov/ccd/districtsearch/district_detail.asp?ID2=5302490|https://eds.ospi.k12.wa.us/DirectoryEDS.aspx,Dr. Christopher R. Nesmith,Superintendent,cnesmith@eagles.edu,360-482-2822,Eric Smith,Director of Technology - Assessment - Student Data,esmith@eagles.edu,360-482-2822,,Michael Smith|Board Member|Director District 1|Term not published;Jamie Bailey|Board Member|Director District 2|Term not published;Bernadette Bower|Board Member|Director District 3|Term not published;Stephanie Smith|Board Member|Director District 4|Term not published;Katie Gonsalves|Board Member|Director District 5|Term not published,https://www.eagles.edu/our-district/school-board-of-directors,,,,,,,,,https://www.eagles.edu/our-district/school-board-of-directors|https://www.eagles.edu/our-district/superintendent|https://www.eagles.edu/departments/technology|https://eds.ospi.k12.wa.us/DirectoryEDS.aspx,2026-09-06,negative,mixed,No public genAI allow/cite/ban rules creates classroom honesty ambiguity for learners.,Teachers lack a shared district genAI playbook and must invent norms; general tech support may exist without verified AI PD.,Published board roster with district seats; named Superintendent email; named Director of Technology,No genAI guidance; officers unconfirmed on live page; parent AI FAQ absent; outcomes not published,https://www.eagles.edu/our-district/school-board-of-directors|https://www.eagles.edu/departments/technology|https://resources.finalsite.net/images/v1746053806/eaglesedu/zvbx2zp1ze3ascd48gxg/EMSStudentHandbook24-25Updated.pdf,2026-09-06,,,,,
Darrington School District,Seattle,WA,traditional,none,unknown,unknown,unknown,unknown,unknown,,,,,,,,,unknown,unknown,unknown,,unknown,none,none,no,unknown,,,unknown,,,,,,unknown,,,,,2026-09-06,Darrington district Finalsite/home paths were challenge-blocked this pass; OSPI EDS and Ballotpedia confirmed superintendent and board names but no public generative-AI classroom policy guidance handbook AI section or named classroom genAI tool was recovered.,verified,"https://www.dsd.k12.wa.us/|https://ballotpedia.org/Darrington_School_District,_Washington|https://eds.ospi.k12.wa.us/DirectoryEDS.aspx|https://nces.ed.gov/ccd/districtsearch/district_detail.asp?ID2=5301980",Tracy Franke,Superintendent,tfranke@dsd.k12.wa.us,360-436-1323,,,,,,Maggie Weimer|Board Member|Director|Term not published;Randy Hayden|Board Member|Director|Term ends 2029;Janet Loyd|Board Member|Director|Term ends 2029;Marree Perrault|Board Member|Director|Term ends 2027;Jennie Requa|Board Member|Director|Term ends 2027,"https://ballotpedia.org/Darrington_School_District,_Washington",,,,,,,,,"https://eds.ospi.k12.wa.us/DirectoryEDS.aspx|https://ballotpedia.org/Darrington_School_District,_Washington",2026-09-06,negative,mixed,No public genAI allow/cite/ban rules creates classroom honesty ambiguity for learners.,Teachers lack a shared district genAI playbook and must invent norms; general tech support may exist without verified AI PD.,OSPI EDS naming Super Franke with email/phone; Ballotpedia board name set,No genAI guidance; primary site blocked; officers unconfirmed; parent AI FAQ absent; outcomes not published,"https://eds.ospi.k12.wa.us/DirectoryEDS.aspx|https://ballotpedia.org/Darrington_School_District,_Washington",2026-09-06,,,,,
Concrete School District,Mount Vernon,WA,traditional,none,unknown,unknown,unknown,unknown,unknown,,,,,,,,,unknown,unknown,unknown,,unknown,none,none,no,unknown,,,unknown,,,,,,unknown,,,,,2026-09-06,Concrete school board staff-directory and home paths were reviewed; no public generative-AI classroom policy guidance handbook AI section or named classroom genAI tool recovered.,verified,https://www.concrete.k12.wa.us/en-US/school-board-c6dc1300|https://www.concrete.k12.wa.us/en-US/contact-us/district-staff-directory|https://www.concrete.k12.wa.us/|https://nces.ed.gov/ccd/districtsearch/district_detail.asp?ID2=5301660|https://eds.ospi.k12.wa.us/DirectoryEDS.aspx,Carrie Crickmore,Superintendent,ccrickmore@concrete.k12.wa.us,360-853-4000,Nathaniel Martin,Technology Director,nmartin@concrete.k12.wa.us,360-853-4006,,Pam Snavely|Board Member|Director District 1|Term not published;Michael Brondi|Board Member|Director District 2|Term not published;Krysti Coggins|Board Member|Director District 3|Term not published;Laura Schmidt|Board Member|Director At-Large|Term not published,https://www.concrete.k12.wa.us/en-US/school-board-c6dc1300,,,,,,,,,https://www.concrete.k12.wa.us/en-US/school-board-c6dc1300|https://www.concrete.k12.wa.us/en-US/contact-us/district-staff-directory|https://eds.ospi.k12.wa.us/DirectoryEDS.aspx,2026-09-06,negative,mixed,No public genAI allow/cite/ban rules creates classroom honesty ambiguity for learners.,Teachers lack a shared district genAI playbook and must invent norms; general tech support may exist without verified AI PD.,Published board roster with district seats; named Superintendent email; named Technology Director,No genAI guidance; At-Large vacancy; officers unconfirmed; parent AI FAQ absent; outcomes not published,https://www.concrete.k12.wa.us/en-US/school-board-c6dc1300|https://www.concrete.k12.wa.us/en-US/contact-us/district-staff-directory,2026-09-06,,,,,
Tahoma School District,Seattle,WA,traditional,none,unknown,unknown,unknown,unknown,unknown,,,,,,,,,unknown,unknown,unknown,,unknown,none,none,no,unknown,,,unknown,,,,,,unknown,,,,,2026-09-06,Tahoma board superintendent and technology paths were reviewed including a site search for artificial intelligence; no public generative-AI classroom policy guidance handbook AI section or named classroom genAI tool was recovered.,verified,https://www.tahomasd.us/|https://www.tahomasd.us/about/superintendent|https://www.tahomasd.us/about/school-board|https://www.tahomasd.us/departments/technology|https://www.tahomasd.us/district-announcements/details/~board/district-announcements/post/new-principals-joining-tahoma-elementary-and-glacier-park-elementary-1777490992058|https://nces.ed.gov/ccd/districtsearch/district_detail.asp?ID2=5308760&Search=2|https://eds.ospi.k12.wa.us/DirectoryEDS.aspx,Dr. Ginger Callison,Superintendent,vcalliso@tahomasd.us,425-413-3400,Jake Voss,Director of Technology,jvoss@tahomasd.us,425-413-3400,Jennifer McMaster,Jennifer McMaster|Board Chair|Position 1 District 1|Term not published;Susan Balthaser|Board Member|Position 2 District 2|Term not published;Ric Lewis|Vice Chair|Position 3 District 3|Term not published;Nina Rose|Board Member|Position 4 District 4|Term not published;Zach Butala|Board Member|Position 5 District 5|Term ends 2029,https://www.tahomasd.us/about/school-board,,,,,,,,,https://www.tahomasd.us/about/school-board|https://www.tahomasd.us/about/superintendent|https://www.tahomasd.us/departments/technology|https://www.tahomasd.us/district-announcements/details/~board/district-announcements/post/new-principals-joining-tahoma-elementary-and-glacier-park-elementary-1777490992058,2026-09-06,negative,mixed,Public genAI vacuum leaves academic-integrity and assignment expectations unclear across classrooms despite a named Director of Technology.,Named Director of Technology and published board officers support operations but no shared AI assignment playbook or verified AI PD was recovered.,Published board roster with President/Vice President; named Superintendent email; named Director of Technology with email,No genAI guidance; parent AI FAQ absent; outcomes not published,https://www.tahomasd.us/about/school-board|https://www.tahomasd.us/departments/technology|https://www.tahomasd.us/about/superintendent,2026-09-06,,,,,
Enumclaw School District,Seattle,WA,traditional,none,unknown,unknown,unknown,unknown,unknown,,,,,,,,,unknown,unknown,unknown,,unknown,none,none,no,unknown,,,unknown,,,,,,unknown,,,,,2026-09-06,Enumclaw BoardOnTrack board roster and district superintendent-selection article were reviewed; Apptegy handbook/tech deep paths were challenge-blocked this pass; no public generative-AI classroom policy guidance handbook AI section or named classroom genAI tool was recovered.,verified,https://www.enumclaw.wednet.edu/|https://app2.boardontrack.com/public/4351VZ/board|https://www.enumclaw.wednet.edu/article/2903884|https://www.enumclaw.wednet.edu/staff?filter_ids=179960|https://nces.ed.gov/ccd/districtsearch/district_detail.asp?ID2=5300001&Search=2|https://eds.ospi.k12.wa.us/DirectoryEDS.aspx,Dr. Mark Wenzel,Superintendent,,360-802-7100,Tom Alexander,Technology Operations Leader,,,Tyson Gamblin,Scott Mason|Board Member|District 1 Director|Term expires December 2027;Tara Cochran|Board Member|District 2 Director|Term begins December 2025;Tyson Gamblin|Board Chair|District 3 Director|Term expires December 2027;Ben Stouffer|Board Member|District 4 Director|Term expires December 2027;Paul Fisher|Vice Chair|District 5 Director|Term expires December 2029,https://app2.boardontrack.com/public/4351VZ/board,,,,,,,,,https://app2.boardontrack.com/public/4351VZ/board|https://www.enumclaw.wednet.edu/article/2903884|https://www.enumclaw.wednet.edu/staff?filter_ids=179960|https://eds.ospi.k12.wa.us/DirectoryEDS.aspx,2026-09-06,negative,mixed,Public genAI vacuum leaves honesty and assignment expectations classroom-dependent amid superintendent transition.,Named Technology Operations Leader and published board officers exist but no shared public AI rulebook or verified AI PD was recovered; Wenzel email unpublished.,BoardOnTrack roster with Chair/Vice Chair; district article naming Super Wenzel; staff directory naming Technology Operations Leader,No genAI guidance; Apptegy handbook paths blocked; Wenzel email blank; parent AI FAQ absent; outcomes not published,https://app2.boardontrack.com/public/4351VZ/board|https://www.enumclaw.wednet.edu/article/2903884,2026-09-06,,,,,
Vashon Island School District,Seattle,WA,traditional,none,unknown,unknown,unknown,unknown,unknown,,,,,,,,,unknown,unknown,unknown,,unknown,none,none,no,unknown,,,unknown,,,,,,unknown,,,,,2026-09-06,Vashon district leadership technology and BoardDocs Electronic Resources 2022 paths were reviewed; Policy 2022 directs the superintendent to develop electronic resources including appropriate use of artificial intelligence but that is a future-development clause not a classroom genAI policy guidance or handbook AI section → none.,verified,https://www.vashonsd.org/|https://www.vashonsd.org/district-leadership|https://www.vashonsd.org/school-board-home|https://www.vashonsd.org/technology|https://www.vashonsd.org/superintendent-search|https://go.boarddocs.com/wa/visd/Board.nsf/goto?id=AZW4AF73AABD&open=|https://nces.ed.gov/ccd/districtsearch/district_detail.asp?ID2=5309300&Search=2|https://eds.ospi.k12.wa.us/DirectoryEDS.aspx,Dr. Jo Moccia,Interim Superintendent,,206-463-2121,Thane Gill,Technology Manager,,,Juniper Rogneby,Lucia Armenta|Board Member|Position 1|Term 11/23-11/27;Jessica Adams|Board Member|Position 2|Term 11/25-11/29;Martha Woodard|Vice Chair|Position 3|Term 11/23-11/27;River Branch|Board Member|Position 4|Term 11/25-11/29;Juniper Rogneby|Board Chair|Position 5|Term 11/23-11/27,https://www.vashonsd.org/district-leadership,,,,,,,,,https://www.vashonsd.org/district-leadership|https://www.vashonsd.org/school-board-home|https://www.vashonsd.org/technology|https://www.vashonsd.org/superintendent-search,2026-09-06,negative,mixed,Electronic Resources policy flags future AI development but without published classroom assignment rules students still face honesty ambiguity by teacher.,Named Technology Manager and published board officers exist but no shared classroom AI playbook or verified AI PD was recovered; interim superintendent continuity noted.,Published leadership roster with Chair/Vice Chair; named Interim Superintendent; named Technology Manager; BoardDocs 2022 recoverable,No classroom genAI guidance; 2022 AI clause is aspirational only; Moccia/Gill emails blank; parent AI FAQ absent; outcomes not published,https://www.vashonsd.org/district-leadership|https://go.boarddocs.com/wa/visd/Board.nsf/goto?id=AZW4AF73AABD&open=|https://www.vashonsd.org/technology,2026-09-06,,,,,
Montesano School District,Aberdeen,WA,traditional,procedure_handbook,unknown,unknown,unknown,unknown,unknown,,,,,,,,,unknown,teacher_discretion,traffic_light,,unknown,none,yes,no,unknown,,,unknown,,,,,,unknown,,,,,2026-09-06,Montesano District-Wide Student Handbook publicly links Suggested Syllabi AI Language with AI Prohibited / AI Permitted / AI Required templates and the MJSHS Family Guide treats unauthorized AI on graded work as academic dishonesty with teacher-syllabus expectations → procedure_handbook with traffic_light assignment framework; Gemini appears only as an example tool in prohibited-syllabus language not an approved-tools list.,verified,https://www.monteschools.org/handbook|https://www.monteschools.org/handbooks|https://www.monteschools.org/schools/mjshs/handbook|https://docs.google.com/document/d/1on9himlBdMnBcibC-SgME5kBQLirBPJPbCfXypuvnbU/edit|https://docs.google.com/document/d/1aEhVEwIUvqZOm8GmbMXZCWZmLO-DyMzEL784arVtNKI/edit|https://docs.google.com/document/d/15-7bPVRkN12TqNpupiQGmDd9b41aCCQN56WN12o84b4/edit|https://www.monteschools.org/board|https://www.monteschools.org/superintendent|https://www.monteschools.org/citizen-complaint|https://nces.ed.gov/ccd/districtsearch/district_detail.asp?ID2=5305160&Search=2|https://eds.ospi.k12.wa.us/DirectoryEDS.aspx,Dan Winter,Superintendent,dwinter@monteschools.org,360-249-3942,,,,,Kelly Monroe,Kelly Monroe|Board Chair|Director|Term ends 2027;Moraya Wilson|Board Member|Director|Term ends 2029;Doug Messick|Board Member|Director|Term not published;Tiffany Schweppe|Board Member|Director|Term ends 2027;Abby Gourdin|Board Member|Director|Term ends 2029,https://www.monteschools.org/board,,,,,,,,,https://www.monteschools.org/board|https://www.monteschools.org/superintendent|https://www.monteschools.org/citizen-complaint|https://www.monteschools.org/district|https://eds.ospi.k12.wa.us/DirectoryEDS.aspx,2026-09-06,mixed,mixed,Public handbook AI syllabus templates (prohibited/permitted/required) plus MJSHS integrity rules improve clarity versus a vacuum but classroom practice still depends on which syllabus language each teacher adopts.,Ready-to-use syllabus AI language reduces invent-from-scratch burden yet no verified required AI PD or districtwide approved-tools list was recovered; tech lead unpublished.,Suggested Syllabi AI Language (Prohibited/Permitted/Required); MJSHS Family Guide unauthorized-AI integrity language; published board with Chair; named Super email,No named Technology Director; Gemini only as example; elementary AI band unpublished; outcomes not published,https://www.monteschools.org/handbook|https://www.monteschools.org/schools/mjshs/handbook|https://docs.google.com/document/d/1aEhVEwIUvqZOm8GmbMXZCWZmLO-DyMzEL784arVtNKI/edit|https://www.monteschools.org/board,2026-09-06,,,,,
La Conner School District,Mount Vernon,WA,traditional,none,unknown,unknown,unknown,unknown,unknown,,,,,,,,,unknown,unknown,unknown,,unknown,none,none,no,unknown,,,unknown,,,,,,unknown,,,,,2026-09-06,La Conner Apptegy district paths were challenge-blocked or thin this pass; OSPI EDS and local news confirmed Superintendent David Cram and a five-member board but no public generative-AI classroom policy guidance handbook AI section or named classroom genAI tool was recovered.,verified,"https://lc.k12.wa.us/|https://laconnercommunitynews.org/2025/01/20/cram-named-permanent-superintendent-of-la-conner-schools-after-financial-turnaround/|https://ballotpedia.org/La_Conner_School_District,_Washington|https://nces.ed.gov/ccd/districtsearch/district_detail.asp?ID2=5304110&Search=2|https://eds.ospi.k12.wa.us/DirectoryEDS.aspx",David Cram,Superintendent,dcram@lc.k12.wa.us,360-466-3171,,,,,,Alana Quintasket|Board Member|Director|Term ends 2027;Kim Pedroza|Board Member|Director|Term ends 2027;Jeremy Wilbur|Board Member|Director|Term ends 2029;John Agen|Board Member|Director|Term ends 2027;Susie Deyo|Board Member|Director|Term ends 2029,"https://ballotpedia.org/La_Conner_School_District,_Washington",,,,,,,,,"https://eds.ospi.k12.wa.us/DirectoryEDS.aspx|https://laconnercommunitynews.org/2025/01/20/cram-named-permanent-superintendent-of-la-conner-schools-after-financial-turnaround/|https://ballotpedia.org/La_Conner_School_District,_Washington",2026-09-06,negative,mixed,Public genAI vacuum leaves honesty and assignment expectations classroom-dependent.,Named superintendent via EDS/news but no shared public AI rulebook or verified AI PD was recovered; tech lead unpublished and primary site blocked.,OSPI EDS naming Super Cram with email/phone; Ballotpedia board name set; local news confirming permanent contract,No genAI guidance; primary site blocked; 2026 officers unconfirmed; parent AI FAQ absent; outcomes not published,https://eds.ospi.k12.wa.us/DirectoryEDS.aspx|https://laconnercommunitynews.org/2025/01/20/cram-named-permanent-superintendent-of-la-conner-schools-after-financial-turnaround/,2026-09-06,,,,,
Nooksack Valley School District,Bellingham,WA,traditional,none,unknown,unknown,unknown,unknown,unknown,,,,,,,,,unknown,unknown,unknown,,unknown,none,none,no,unknown,,,unknown,,,,,,unknown,,,,,2026-09-06,Nooksack Valley school board members contact and superintendent update paths were reviewed; no public generative-AI classroom policy guidance handbook AI section or named classroom genAI tool was recovered.,verified,https://www.nv.k12.wa.us/|https://nv.k12.wa.us/79116_2|https://www.nv.k12.wa.us/136357_2|https://www.nv.k12.wa.us/79103_2|https://nces.ed.gov/ccd/districtsearch/district_detail.asp?ID2=5305670&Search=2|https://eds.ospi.k12.wa.us/DirectoryEDS.aspx,Matt Galley,Superintendent,Matt.Galley@nv.k12.wa.us,360-988-4754,,,,,Ty Elmendorf,Halli Kimball|Vice Chair|District 1|Term ends 2029;Britt Lentz|Board Member|District 2|Term ends 2029;Shelley Harder|Board Member|District 3|Term ends 2027;Ty Elmendorf|Board Chair|At Large No 1|Term ends 2027;Tanya Silves|Board Member|At Large No 2|Term ends 2027,https://nv.k12.wa.us/79116_2,,,,,,,,,https://nv.k12.wa.us/79116_2|https://www.nv.k12.wa.us/136357_2|https://eds.ospi.k12.wa.us/DirectoryEDS.aspx,2026-09-06,negative,mixed,Public genAI vacuum leaves academic-integrity and assignment expectations unclear across classrooms.,Named superintendent and published board officers with Chair/Vice Chair support governance but no shared AI rulebook or verified AI PD was recovered; tech lead unpublished.,Published board roster with Chairman/Vice Chairman; named Superintendent email on contact page,No genAI guidance; tech lead blank; parent AI FAQ absent; outcomes not published,https://nv.k12.wa.us/79116_2|https://www.nv.k12.wa.us/136357_2,2026-09-06,,,,,
Quillayute Valley School District,Port Angeles,WA,traditional,none,unknown,unknown,unknown,unknown,unknown,,,,,,,,,unknown,unknown,unknown,,unknown,none,none,no,unknown,,,unknown,,,,,,unknown,,,,,2026-09-06,Quillayute Valley Apptegy board and department paths were challenge-blocked this pass; OSPI EDS Forks Forum and Ballotpedia confirmed Superintendent Diana Reaume Board Chair Bill Rohde and five directors but no public generative-AI classroom policy guidance handbook AI section or named classroom genAI tool was recovered.,verified,"https://www.qvschools.org/|https://www.forksforum.com/2026/05/14/emotional-public-comments-continue-at-qvsd-board-meeting/|https://ballotpedia.org/Quillayute_Valley_School_District,_Washington|https://www.qvschools.org/page/business-finance|https://nces.ed.gov/ccd/districtsearch/district_detail.asp?ID2=5307020&Search=2|https://eds.ospi.k12.wa.us/DirectoryEDS.aspx",Diana Reaume,Superintendent,diana.reaume@qvschools.org,360-374-6262,,,,,Bill Rohde,Shannon Dahlgren|Board Member|Director|Term ends 2027;Mike Reaves|Board Member|Director|Term ends 2027;Bill Rohde|Board Chair|Director|Term ends 2027;Kevin Hinchen|Board Member|Director|Term ends 2029;Ron Hurn|Board Member|Director|Term ends 2029,"https://ballotpedia.org/Quillayute_Valley_School_District,_Washington",,,,,,,,,"https://eds.ospi.k12.wa.us/DirectoryEDS.aspx|https://www.forksforum.com/2026/05/14/emotional-public-comments-continue-at-qvsd-board-meeting/|https://ballotpedia.org/Quillayute_Valley_School_District,_Washington",2026-09-06,negative,mixed,Public genAI vacuum leaves honesty and assignment expectations classroom-dependent.,Named superintendent via EDS and Board Chair via local news but no shared public AI rulebook or verified AI PD was recovered; primary site blocked and tech lead unpublished.,OSPI EDS naming Super Reaume with email/phone; Forks Forum confirming Board Chair Rohde; Ballotpedia board name set,No genAI guidance; Apptegy paths blocked; tech lead blank; parent AI FAQ absent; outcomes not published,https://eds.ospi.k12.wa.us/DirectoryEDS.aspx|https://www.forksforum.com/2026/05/14/emotional-public-comments-continue-at-qvsd-board-meeting/,2026-09-06,,,,,
Cascade School District,Wenatchee,WA,traditional,none,unknown,unknown,unknown,unknown,unknown,,,,,,,,,unknown,unknown,unknown,,unknown,none,none,no,unknown,,,unknown,,,,,,unknown,,,,,2026-09-06,Cascade (Leavenworth) Apptegy board and department paths were challenge-blocked this pass; OSPI EDS Leavenworth Echo and search-indexed staff directory confirmed Superintendent Dr. Tracey Edou board officers and Director of Technology David Belmont but no public generative-AI classroom policy guidance handbook AI section or named classroom genAI tool was recovered — confirm Cascade SD not Cascades Academy.,verified,"https://www.cascadesd.org/|https://www.leavenworthecho.com/stories/cascade-school-district-board-members-sworn-in-for-another-term,156302|https://www.cascadesd.org/staff?page_no=1|https://nces.ed.gov/ccd/districtsearch/district_detail.asp?ID2=5300950&Search=2|https://eds.ospi.k12.wa.us/DirectoryEDS.aspx",Dr. Tracey Edou,Superintendent,tedou@cascadesd.org,509-548-5885,David Belmont,Director of Technology,,509-548-5885,Trey Ising,Mike Worden|Board Member|Director District 1|Term renewed Dec 2025;Judy Derpack|Board Member|Director District 2|Term ends 2027;Zachary Miller|Board Member|Director District 3|Term renewed Dec 2025;Cyndi Garza|Vice Chair|Director District 4|Term ends 2027;Trey Ising|Board Chair|Director District 5|Term renewed Dec 2025,"https://www.leavenworthecho.com/stories/cascade-school-district-board-members-sworn-in-for-another-term,156302",,,,,,,,,"https://eds.ospi.k12.wa.us/DirectoryEDS.aspx|https://www.leavenworthecho.com/stories/cascade-school-district-board-members-sworn-in-for-another-term,156302|https://www.cascadesd.org/staff?page_no=1",2026-09-06,negative,mixed,Public genAI vacuum leaves academic-integrity and assignment expectations unclear across classrooms.,Named Director of Technology and published board officers via local news support operations but no shared AI rulebook or verified AI PD was recovered; Belmont email unpublished and primary site blocked.,OSPI EDS naming Super Edou with email/phone; Echo confirming Chair Ising / Vice Garza and full five; staff directory naming Director of Technology Belmont,No genAI guidance; Apptegy paths blocked; Belmont email blank; parent AI FAQ absent; outcomes not published,"https://eds.ospi.k12.wa.us/DirectoryEDS.aspx|https://www.leavenworthecho.com/stories/cascade-school-district-board-members-sworn-in-for-another-term,156302|https://www.cascadesd.org/staff?page_no=1",2026-09-06,,,,,
Ocosta School District,Aberdeen,WA,traditional,none,unknown,unknown,unknown,unknown,unknown,,,,,,,,,unknown,unknown,unknown,,unknown,none,none,no,unknown,,,unknown,,,,,,unknown,,,,,2026-09-06,Ocosta Apptegy board staff and search paths were challenge-blocked this pass; OSPI EDS and district Goodrich appointment coverage were reviewed; no public generative-AI classroom policy guidance handbook AI section or named classroom genAI tool was recovered.,verified,"https://www.ocosta.k12.wa.us/|https://www.ocosta.k12.wa.us/article/2667052|https://www.ocosta.k12.wa.us/page/school-board|https://ballotpedia.org/Ocosta_School_District,_Washington,_elections|https://nces.ed.gov/ccd/districtsearch/district_detail.asp?ID2=5306090&Search=2|https://eds.ospi.k12.wa.us/DirectoryEDS.aspx",Heather Sweet,Superintendent,hsweet@ocosta.org,360-268-9125,,,,,,Kevin Goodrich|Board Member|Position 1|Appointed Jan 2026;Nathan Krigbaum|Board Member|District 2|Term not fully published;Duane Pegg|Board Member|District 3|Serving since ~2011;Ben Quinby|Board Member|Position 4|Elected 2025;Debbie Carter-Bowhay|Board Member|Position 5|Serving since ~1999,https://www.ocosta.k12.wa.us/article/2667052,,,,,,,,,"https://eds.ospi.k12.wa.us/DirectoryEDS.aspx|https://www.ocosta.k12.wa.us/article/2667052|https://ballotpedia.org/Ocosta_School_District,_Washington,_elections|https://www.ocosta.org/staff?page_no=5",2026-09-06,negative,mixed,Public genAI vacuum leaves academic-integrity and assignment expectations classroom-dependent amid board transition after Miller vacancy.,Named superintendent via EDS exists but Apptegy site blocks and no shared public AI rulebook or verified AI PD were recovered; tech lead unpublished.,OSPI EDS naming Super Sweet with email/phone; Goodrich appointment article; Ballotpedia board name set,No genAI guidance; Apptegy paths blocked; board officers unconfirmed; tech lead blank; parent AI FAQ absent; outcomes not published,https://eds.ospi.k12.wa.us/DirectoryEDS.aspx|https://www.ocosta.k12.wa.us/article/2667052,2026-09-06,,,,,
Cosmopolis School District,Aberdeen,WA,traditional,none,unknown,unknown,unknown,unknown,unknown,,,,,,,,,unknown,unknown,unknown,,unknown,none,none,no,unknown,,,unknown,,,,,,unknown,,,,,2026-09-06,Cosmopolis Meet the Board contact page ESD 113 incoming-superintendents notice and 2024-25 Student Handbook were reviewed; handbook names a Technology Director but contains no generative-AI classroom policy guidance or handbook AI section → none.,verified,https://www.cosmopolisschool.com/|https://www.cosmopolisschool.com/district/board_of_directors/meet_the_board|https://www.cosmopolisschool.com/district/contact_us|https://www.esd113.org/news-events/incoming-superintendents|https://nces.ed.gov/ccd/districtsearch/district_detail.asp?ID2=5301710&Search=2|https://eds.ospi.k12.wa.us/DirectoryEDS.aspx,Jennifer Sikes,Superintendent/Principal,jsikes@cosmopolisschool.com,360-532-7181,Ron Francisco,Technology Director,,,Tina Miles,Tina Miles|Board Chair|Director District No. 1|Term ends 11/2027;Wayne Cotton|Board Member|Director District No. 2|Term ends 11/2029 per Ballotpedia;Michelle Barre|Board Member|Director District No. 3|Term ends 11/2027;Dave Palmer|Vice Chair|Director District No. 4 At-Large|Term ends 11/2029 per Ballotpedia;Paula Jones|Board Member|Director District No. 5 At-Large|Term ends 11/2027,https://www.cosmopolisschool.com/district/board_of_directors/meet_the_board,,,,,,,,,"https://www.cosmopolisschool.com/district/board_of_directors/meet_the_board|https://www.cosmopolisschool.com/district/contact_us|https://eds.ospi.k12.wa.us/DirectoryEDS.aspx|https://www.esd113.org/news-events/incoming-superintendents|https://ballotpedia.org/Cosmopolis_School_District,_Washington",2026-09-06,negative,mixed,Public genAI vacuum in a small K-6 LEA leaves honesty and tool expectations teacher-dependent despite a named Technology Director in the prior handbook.,Named dual-role superintendent and published board officers support operations but no shared public AI assignment playbook or verified AI PD was recovered; tech lead email unpublished.,Meet the Board with President/Vice President; EDS/ESD naming Super Sikes with email; handbook naming Technology Director Francisco,No genAI guidance; contact email stale Tracey; Francisco currency GAP; parent AI FAQ absent; outcomes not published,https://www.cosmopolisschool.com/district/board_of_directors/meet_the_board|https://eds.ospi.k12.wa.us/DirectoryEDS.aspx|https://www.esd113.org/news-events/incoming-superintendents,2026-09-06,,,,,
Raymond School District,Rural SW Washington,WA,traditional,none,unknown,unknown,unknown,unknown,unknown,,,,,,,,,unknown,unknown,unknown,,unknown,none,none,no,unknown,,,unknown,,,,,,unknown,,,,,2026-09-06,Raymond superintendent page board-policies roster department contacts and site search paths were reviewed; no public generative-AI classroom policy guidance handbook AI section or named classroom genAI tool was recovered.,verified,https://www.raymondk12.org/en-US|https://raymondk12.org/en-US/superintendent-17c11d54|https://raymondk12.org/en-US/board-policies-45568cf9|https://raymondk12.org/en-US/department-contacts-53eb132a|https://nces.ed.gov/ccd/districtsearch/district_detail.asp?ID2=5307140&Search=2|https://eds.ospi.k12.wa.us/DirectoryEDS.aspx,K.C. Johnson,Superintendent,kcjohnson@raymondk12.org,360-942-3415,,,,,Ryan Tully,Ryan Tully|Board Chair|Director|Term ends ~2027;Ravenel Staricka|Vice Chair|Director|Term not fully published;Rebecca Chaffee|Board Member|Director|Term ends ~2027;Samantha Hanson|Board Member|Director|Term ends ~2029;Jason McVey|Board Member|Director|Term ends ~2029,https://raymondk12.org/en-US/board-policies-45568cf9,,,,,,,,,"https://raymondk12.org/en-US/board-policies-45568cf9|https://raymondk12.org/en-US/superintendent-17c11d54|https://raymondk12.org/en-US/department-contacts-53eb132a|https://eds.ospi.k12.wa.us/DirectoryEDS.aspx|https://ballotpedia.org/Raymond_School_District,_Washington",2026-09-06,negative,mixed,Public genAI vacuum leaves academic-integrity and assignment expectations unclear across classrooms.,Named superintendent and labeled Board Chair/Vice Chair support governance but no shared public AI rulebook or verified AI PD was recovered; tech lead unpublished.,Board-policies roster with Chair/Vice-chair; superintendent page + EDS email; department contacts for Johnson,No genAI guidance; tech lead blank; parent AI FAQ absent; outcomes not published,https://raymondk12.org/en-US/board-policies-45568cf9|https://raymondk12.org/en-US/superintendent-17c11d54|https://eds.ospi.k12.wa.us/DirectoryEDS.aspx,2026-09-06,,,,,
South Bend School District,Rural SW Washington,WA,traditional,none,unknown,unknown,unknown,unknown,unknown,,,,,,,,,unknown,unknown,unknown,,unknown,none,none,no,unknown,,,unknown,,,,,,unknown,,,,,2026-09-06,South Bend home school-board members contact and Our Staff directory paths were reviewed; no public generative-AI classroom policy guidance handbook AI section or named classroom genAI tool was recovered — confirm Pacific County WA LEA not Indiana South Bend Community Schools.,verified,https://www.southbendschools.org/|https://www.southbendschools.org/our-district/school-board/school-board-members|https://www.southbendschools.org/contact-us|https://www.southbendschools.org/our-staff|https://nces.ed.gov/ccd/districtsearch/district_detail.asp?ID2=5308100&Search=2|https://eds.ospi.k12.wa.us/DirectoryEDS.aspx,Dr. Jon Tienhaara,Superintendent,jtienhaa@southbendschools.org,360-875-6041,Jonathon Ashley,Technology Director,,,,Wendy Manlow|Board Member|Director|Term ends ~2027;Jim Rose|Board Member|Director|Term ends ~2027;Andrew Seaman|Board Member|Director|Term ends ~2029;Charles Spoor|Board Member|Director|Term ends ~2029;Charles Strozyk|Board Member|Director|Term ends ~2027,https://www.southbendschools.org/our-district/school-board/school-board-members,,,,,,,,,"https://www.southbendschools.org/our-district/school-board/school-board-members|https://www.southbendschools.org/|https://www.southbendschools.org/contact-us|https://www.southbendschools.org/our-staff|https://eds.ospi.k12.wa.us/DirectoryEDS.aspx|https://ballotpedia.org/South_Bend_School_District,_Washington",2026-09-06,negative,mixed,Public genAI vacuum leaves honesty and assignment expectations classroom-dependent despite a named Technology Director.,Named Technology Director and superintendent support operations but board officers unlabeled and no shared public AI rulebook or verified AI PD was recovered.,Home naming Super Tienhaara; EDS email/phone; Our Staff naming Technology Director Ashley; board five published,No genAI guidance; board officers unlabeled; Ashley email blank; parent AI FAQ absent; outcomes not published,https://www.southbendschools.org/|https://www.southbendschools.org/our-staff|https://eds.ospi.k12.wa.us/DirectoryEDS.aspx,2026-09-06,,,,,
Crescent School District,Port Angeles,WA,traditional,none,unknown,unknown,unknown,unknown,unknown,,,,,,,,,unknown,unknown,unknown,,unknown,none,none,no,unknown,,,unknown,,,,,,unknown,,,,,2026-09-06,Crescent (Joyce) board-members page Peninsula Daily News superintendent coverage OSPI EDS and discrimination contacts were reviewed; family/student handbook path returned 404 this pass; no public generative-AI classroom policy guidance handbook AI section or named classroom genAI tool was recovered — confirm Crescent SD 313 not Crescent Academy.,verified,https://www.csd313.org/|https://www.csd313.org/school-board-members|https://www.peninsuladailynews.com/2026/05/19/crescent-schools-name-its-leader/|https://www.peninsuladailynews.com/2026/08/11/crescent-superintendent-moves-from-coaching-to-her-new-role/|https://www.csd313.org/discrimination-and-sexual-harassmen|https://nces.ed.gov/ccd/districtsearch/district_detail.asp?ID2=5301830&Search=2|https://eds.ospi.k12.wa.us/DirectoryEDS.aspx,Sondra Lundvick,Superintendent,slundvick@csd313.org,360-928-3311,,,,,Susan Hopper,Sandy Middleton|Board Member|Pos#1|Next election 2029;Joey Currie|Vice Chair|Pos#2|Next election 2029;Melinda Avrett|Board Member|Pos#3 Appointed|Next election 2027;Susan Hopper|Board Chair|Pos#4|Next election 2027;Bryan Murphie|Board Member|Pos#5|Next election 2027,https://www.csd313.org/school-board-members,,,,,,,,,https://www.csd313.org/school-board-members|https://eds.ospi.k12.wa.us/DirectoryEDS.aspx|https://www.peninsuladailynews.com/2026/05/19/crescent-schools-name-its-leader/|https://www.peninsuladailynews.com/2026/08/11/crescent-superintendent-moves-from-coaching-to-her-new-role/|https://www.csd313.org/discrimination-and-sexual-harassmen,2026-09-06,negative,mixed,Public genAI vacuum during superintendent transition leaves academic-integrity expectations classroom-dependent.,Named superintendent and labeled board officers support governance but no shared public AI rulebook or verified AI PD was recovered; tech lead and handbook path unpublished this pass.,Board-members page with Chair/Vice Chair; EDS + PDN naming Super Lundvick with email; discrimination page email,No genAI guidance; handbook 404; tech lead blank; parent AI FAQ absent; outcomes not published,https://www.csd313.org/school-board-members|https://eds.ospi.k12.wa.us/DirectoryEDS.aspx|https://www.peninsuladailynews.com/2026/08/11/crescent-superintendent-moves-from-coaching-to-her-new-role/,2026-09-06,,,,,
Conway School District,Mount Vernon,WA,traditional,none,unknown,unknown,unknown,unknown,unknown,,,,,,,,,unknown,unknown,unknown,,unknown,none,none,no,unknown,,,unknown,,,,,,unknown,,,,,2026-09-06,Conway board-of-directors superintendent and technology/handbook deep paths were reviewed (handbook and technology URLs 404 this pass); no public generative-AI classroom policy guidance handbook AI section or named classroom genAI tool was recovered.,verified,https://conway.k12.wa.us/|https://conway.k12.wa.us/district/school_board/board_of_directors|https://conway.k12.wa.us/district/superintendent|https://conway.k12.wa.us/contact_us|https://nces.ed.gov/ccd/districtsearch/district_detail.asp?ID2=5301680&Search=2|https://eds.ospi.k12.wa.us/DirectoryEDS.aspx,Jeff Cravy,Superintendent,jcravy@conway.k12.wa.us,360-445-5785,Jeff Cravy,Technology Director,jcravy@conway.k12.wa.us,360-445-5785,Katya Melnik,Michelle Cowan|Vice Chair|Position #1|Term 2023-2027;Katya Melnik|Board Chair|Position #2|Term 2025-2029;Amy Hughes|Board Member|Position #3|Term 2025-2029;Kristin Hayton|Board Member|Position #4|Term 2023-2027;Nate Wolfe|Board Member|Position #5|Term 2023-2027,https://conway.k12.wa.us/district/school_board/board_of_directors,,,,,,,,,https://conway.k12.wa.us/district/school_board/board_of_directors|https://conway.k12.wa.us/district/superintendent|https://conway.k12.wa.us/contact_us|https://eds.ospi.k12.wa.us/DirectoryEDS.aspx,2026-09-06,negative,mixed,Public genAI vacuum leaves assignment and honesty expectations teacher-dependent in a small K-8 district despite dual-role Technology Director.,Dual-role superintendent/Technology Director and labeled board officers support operations but no shared public AI assignment playbook or verified AI PD was recovered; handbook path 404.,Board table with President/Vice President; superintendent page naming Technology Director dual role; EDS email/phone,No genAI guidance; handbook/tech URLs 404; parent AI FAQ absent; outcomes not published,https://conway.k12.wa.us/district/school_board/board_of_directors|https://conway.k12.wa.us/district/superintendent|https://eds.ospi.k12.wa.us/DirectoryEDS.aspx,2026-09-06,,,,,
Cle Elum-Roslyn School District,Ellensburg,WA,traditional,none,unknown,unknown,unknown,unknown,unknown,,,,,,,,,unknown,unknown,unknown,,unknown,none,listening,no,unknown,,,unknown,,,,,,unknown,,,,,2026-09-06,Cle Elum-Roslyn BoardOnTrack board roster superintendent letters and live-feed Technology Advisory Committee invitation were reviewed; TAC invite discusses preparing students for an AI-driven future and thoughtful student AI use but is exploratory committee recruitment not a classroom genAI policy guidance or handbook AI section → none (parent_comms=listening).,verified,https://www.cersd.org/|https://app2.boardontrack.com/public/RgGAz2/board|https://www.cersd.org/live-feed?page_no=3|https://www.cersd.org/article/3082344|https://www.cersd.org/article/2119787|https://nces.ed.gov/ccd/districtsearch/district_detail.asp?ID2=5301350&Search=2|https://eds.ospi.k12.wa.us/DirectoryEDS.aspx,John Belcher,Superintendent,belcherj@cersd.org,509-852-4819,,,,,Zackary Hill,Zackary Hill|Board Chair|Director|Term ends ~2027;Lacey Nicholson|Vice Chair|Director|Term ends ~2027;Claire Nicholls|Board Member|Director|Term ends ~2029;Jennifer Simons|Board Member|Director|Term ends ~2029;Monica Medalen|Board Member|Director|Term ends ~2027,https://app2.boardontrack.com/public/RgGAz2/board,,,,,,,,,"https://app2.boardontrack.com/public/RgGAz2/board|https://eds.ospi.k12.wa.us/DirectoryEDS.aspx|https://www.cersd.org/article/2119787|https://www.cersd.org/article/3082344|https://ballotpedia.org/Cle_Elum-Roslyn_School_District,_Washington",2026-09-06,negative,mixed,TAC invite signals interest in thoughtful student AI use but without published classroom assignment rules students still face honesty ambiguity by teacher.,Named Board Chair and superintendent plus family/staff TAC listening exist but no finished public AI rulebook verified AI PD or named tech director was recovered.,BoardOnTrack Chair/Vice Chair; EDS Super Belcher email; live-feed TAC AI listening invite; welcome letters,No finished genAI classroom guidance; tech lead blank (Ed Tech Supervisor vacancy); Apptegy paths blocked; outcomes not published,https://app2.boardontrack.com/public/RgGAz2/board|https://www.cersd.org/live-feed?page_no=3|https://eds.ospi.k12.wa.us/DirectoryEDS.aspx,2026-09-06,,,,,
San Juan Island School District,Rural NW Washington,WA,traditional,none,unknown,unknown,unknown,unknown,unknown,,,,,,,,,unknown,unknown,unknown,,unknown,none,none,no,unknown,,,unknown,,,,,,unknown,,,,,2026-09-06,San Juan Island Our School Board contact Technology Services and superintendent column paths were reviewed; no public generative-AI classroom policy guidance handbook AI section or named classroom genAI tool was recovered.,verified,https://www.sjisd.wednet.edu/|https://www.sjisd.wednet.edu/about/our-school-board|https://www.sjisd.wednet.edu/about/our-district/contact-us|https://www.sjisd.wednet.edu/departments/technology-services|https://www.sanjuanjournal.com/2026/01/21/school-board-appreciation-month-letter-2/|https://nces.ed.gov/ccd/districtsearch/district_detail.asp?ID2=5307650&Search=2|https://eds.ospi.k12.wa.us/DirectoryEDS.aspx,Fred Woods,Superintendent,fredwoods@sjisd.org,360-378-4133,,,,,T.J. Heller,Melanie Hess|Vice Chair|Pos #1|Term not published;Barbara Bevens|Board Member|Pos #2|Term not published;T.J. Heller|Board Chair|Pos #3|Term not published;John Kurtz|Board Member|Pos #4|Term not published;Brian Moore|Board Member|Pos #5|Term not published,https://www.sjisd.wednet.edu/about/our-school-board,,,,,,,,,https://www.sjisd.wednet.edu/about/our-school-board|https://www.sjisd.wednet.edu/about/our-district/contact-us|https://eds.ospi.k12.wa.us/DirectoryEDS.aspx|https://www.sanjuanjournal.com/2026/01/21/school-board-appreciation-month-letter-2/,2026-09-06,negative,mixed,Public genAI vacuum leaves academic-integrity and assignment expectations unclear across island schools.,Named superintendent and labeled Chair/Vice Chair support governance but no shared public AI rulebook named tech director or verified AI PD was recovered.,Our School Board with Chair/Vice Chair; contact page Super Woods email; EDS confirmation,No genAI guidance; tech lead blank; parent AI FAQ absent; outcomes not published,https://www.sjisd.wednet.edu/about/our-school-board|https://www.sjisd.wednet.edu/about/our-district/contact-us|https://eds.ospi.k12.wa.us/DirectoryEDS.aspx,2026-09-06,,,,,
Georgia Cyber Academy,Atlanta,GA,charter,procedure_handbook,unknown,unknown,unknown,unknown,unknown,,,,,,,,,permitted_with_citation,permitted_with_citation,citation_required,,none,none,none,no,unknown,,,unknown,,,,,,unknown,,,,,2026-09-06,State charter (SCSC) statewide virtual LEA; 2025–26 Acceptable Use Policy and District Student/Parent Handbook state that using generative AI to produce work presented as the student’s own without proper attribution constitutes plagiarism — citation/attribution required; no separate board genAI policy parent AI FAQ or required AI PD recovered.,verified,https://www.georgiacyber.org/|https://www.georgiacyber.org/resources/policies/acceptable-use-policy|https://resources.finalsite.net/images/v1778771764/gcak12com/wky8v5w3ryraa8w4pu8a/gca-acceptable-use-policy.pdf|https://resources.finalsite.net/images/v1761612483/gcak12com/gcak12com/kcp4edhdw5oygm4n2xh4/gca-district-handbook.pdf|https://www.georgiacyber.org/about/governing-board/board-directory|https://www.georgiacyber.org/faculty/administration|https://scsc.georgia.gov/document/document/2025-2026-master-charter-school-list/download,Michael Kooi,Superintendent,mkooi@georgiacyber.org,404-334-4790,Rachel Gunn,Technology Director,rgunn@georgiacyber.org,404-334-4790,Kenneth Asher,Kenneth Asher|Board Chair||;Alisha Birthá|Board Member||;John Brooks|Board Member||;Mark Peevy|Board Member||;Juliann Sergi McBrayer|Board Member||;Adria Welcher|Board Member||,https://www.georgiacyber.org/about/governing-board/board-directory,,,,,,,,,https://www.georgiacyber.org/faculty/administration|https://www.georgiacyber.org/about/governing-board/board-directory|https://resources.finalsite.net/images/v1761612483/gcak12com/gcak12com/kcp4edhdw5oygm4n2xh4/gca-district-handbook.pdf,2026-09-06,mixed,mixed,AUP/handbook generative-AI plagiarism-with-attribution rule gives a citation baseline but no traffic-light assignment labels student AI literacy curriculum or parent FAQ — honesty still depends on teacher citation coaching.,Clear integrity line on undisclosed genAI helps enforcement; no public teacher genAI PD or approved-tools guidance recovered.,Generative AI without attribution treated as plagiarism in AUP + handbook,No parent AI FAQ; no published AI PD; outcomes not published,https://www.georgiacyber.org/resources/policies/acceptable-use-policy|https://resources.finalsite.net/images/v1778771764/gcak12com/wky8v5w3ryraa8w4pu8a/gca-acceptable-use-policy.pdf,2026-09-06,,,,,
Georgia Connections Academy,Atlanta,GA,charter,none,unknown,unknown,unknown,unknown,unknown,,,,,,,,,unknown,unknown,unknown,,none,none,none,no,unknown,,,unknown,,,,,,unknown,,,,,2026-09-06,State charter (SCSC) statewide virtual LEA operated with Connections Academy of Georgia LLC; no public genAI/ChatGPT board policy handbook AI section or parent FAQ recovered on connectionsacademy.com/georgia-virtual-school paths reviewed — academic integrity presumed via general handbook only without generative-AI language located.,verified,https://www.connectionsacademy.com/georgia-virtual-school/|https://www.connectionsacademy.com/georgia-virtual-school/overview/governance/|https://www.connectionsacademy.com/georgia-virtual-school/overview/governance/board/|https://www.connectionsacademy.com/georgia-virtual-school/overview/staff/meet-our-school-leader/|https://www.connectionsacademy.com/georgia-virtual-school/overview/contact-us/|https://www.connectionsacademy.com/content/dam/pvs/ca/portals/85/documents/school-profiles/25-26-GACASchool-Profile-Final.pdf|https://scsc.georgia.gov/document/document/2025-2026-master-charter-school-list/download,Brazilia Bilal-Page,Executive Director,bbilalpage@gaca.connectionsacademy.org,678-374-9787,Stephen Benton,Director of State Testing and Technology,sbenton@gaca.connectionsacademy.org,678-825-3258,Steve Julal,Steve Julal|Board Chair||;Natalie Born|Board Member||;Rich Thompson|Board Member||;Taylor Thomas|Board Member||;Ramona House|Board Member||,https://www.connectionsacademy.com/georgia-virtual-school/overview/governance/board/,,,,,,,,,https://www.connectionsacademy.com/georgia-virtual-school/overview/governance/board/|https://www.connectionsacademy.com/georgia-virtual-school/overview/staff/meet-our-school-leader/|https://www.connectionsacademy.com/georgia-virtual-school/overview/contact-us/|https://www.connectionsacademy.com/content/dam/pvs/ca/portals/85/documents/school-profiles/25-26-GACASchool-Profile-Final.pdf,2026-09-06,negative,negative,No published genAI homework allow/cite/ban rules — honesty vacuum for a large virtual LEA.,No genAI guidance/PD recovered on governance/staff/contact paths.,,No public genAI classroom policy; outcomes not published,https://www.connectionsacademy.com/georgia-virtual-school/overview/governance/|https://www.connectionsacademy.com/georgia-virtual-school/,2026-09-06,,,,,
Academy for Classical Education,Macon,GA,charter,none,unknown,unknown,unknown,unknown,unknown,,,,,,,,,unknown,unknown,unknown,,none,none,none,no,unknown,,,unknown,,,,,,unknown,,,,,2026-09-06,State charter (SCSC) K–12 classical LEA in Macon; no public genAI/ChatGPT board policy or handbook AI section recovered on acemacon.org after reviewing handbook landing and governance paths — do not confuse with Bibb County Innovation/AI CTE offerings.,verified,https://www.acemacon.org/|https://www.acemacon.org/apps/pages/index.jsp?type=d&uREC_ID=413427|https://www.acemacon.org/apps/pages/index.jsp?pREC_ID=1109029&type=d&uREC_ID=413398|https://www.acemacon.org/apps/pages/index.jsp?pREC_ID=902045&type=d&uREC_ID=413398|https://www.macon.com/news/local/education/article312213708.html|https://scsc.georgia.gov/document/document/2025-2026-master-charter-school-list/download,Laura Perkins,Interim Head of School,,478-238-5757,,,,,Thomas Witt Gaither,Thomas Witt Gaither|Board Chair||,https://www.acemacon.org/apps/pages/index.jsp?pREC_ID=902045&type=d&uREC_ID=413398,,,,,,,,,https://www.acemacon.org/apps/pages/index.jsp?type=d&uREC_ID=413427|https://www.macon.com/news/local/education/article312213708.html|https://www.41nbc.com/ace-head-of-school-lara-relyea-retires-macon/|https://scsc.georgia.gov/document/charter-contracts/academy-classical-education/download,2026-09-06,negative,negative,No published genAI assignment rules — vacuum amid leadership transition.,No genAI guidance/PD recovered on public governance/handbook paths.,,No public genAI policy; incomplete public board roster; outcomes not published,https://www.acemacon.org/apps/pages/index.jsp?type=d&uREC_ID=413427|https://www.acemacon.org/,2026-09-06,,,,,
Atlanta Heights Charter School,Atlanta,GA,charter,none,unknown,unknown,unknown,unknown,unknown,,,,,,,,,unknown,unknown,unknown,,none,none,none,no,unknown,,,unknown,,,,,,unknown,,,,,2026-09-06,State charter (SCSC) K–8 LEA managed with National Heritage Academies; 2026–27 Parent/Student Handbook blocks an “Artificial Intelligence” web-filter category but publishes no generative-AI classroom allow/cite/ban assignment framework or parent AI FAQ.,verified,https://www.nhaschools.com/schools/atlanta-heights-charter-school/en|https://www.nhaschools.com/schools/atlanta-heights-charter-school/en/leadership|https://www.nhaschools.com/getattachment/93b751aa-7bb1-496f-94f3-9d877d9d5463/atlanta-heights-(ga)-psh-final-2026-27-8-13-26.pdf|https://www.nhaschools.com/schools/atlanta-heights-charter-school/en/school-operations|https://scsc.georgia.gov/document/document/2025-2026-master-charter-school-list/download,Juanita Daunoy,Principal,84.jdaunoy@nhaschools.com,404-472-3003,,,,,Lara Hodgson,Lara Hodgson|Board Chair||;Jim Milliman|Vice Chair||;Kristy Kueber-Pope|Board Member||;Bobby Jones|Board Member||;Shakia Bruce|Board Member||;Zach Hodges|Board Member||,https://www.nhaschools.com/schools/atlanta-heights-charter-school/en/leadership,,,,,,,,,https://www.nhaschools.com/schools/atlanta-heights-charter-school/en/leadership|https://www.nhaschools.com/getattachment/93b751aa-7bb1-496f-94f3-9d877d9d5463/atlanta-heights-(ga)-psh-final-2026-27-8-13-26.pdf|https://www.nhaschools.com/schools/atlanta-heights-charter-school/en/school-operations,2026-09-06,negative,negative,AI site-filter block is not a classroom genAI assignment framework — ChatGPT-class honesty vacuum remains.,No genAI guidance/PD in PSH/leadership paths reviewed.,,No public genAI classroom policy; filter-only AI mention; outcomes not published,https://www.nhaschools.com/getattachment/93b751aa-7bb1-496f-94f3-9d877d9d5463/atlanta-heights-(ga)-psh-final-2026-27-8-13-26.pdf,2026-09-06,,,,,
International Charter School of Atlanta,Atlanta,GA,charter,none,unknown,unknown,unknown,unknown,unknown,,,,,,,,,unknown,unknown,unknown,,none,none,none,no,unknown,,,unknown,,,,,,unknown,,,,,2026-09-06,State charter (SCSC) dual-language immersion K–8 LEA in Roswell; no public genAI/ChatGPT board policy handbook AI section or parent FAQ recovered on icsatlanta.org governing-board/home paths reviewed.,verified,https://www.icsatlanta.org/|https://www.icsatlanta.org/governing-board|https://scsc.georgia.gov/document/document/2025-2026-master-charter-school-list/download|https://projects.propublica.org/nonprofits/organizations/462945113,Tanya Parker,Head of School,,,,,,,Marisa Salcines,Marisa Salcines|Board Chair||;Katharina Griffin|Board Member||;Enrique Celedon|Board Member||;Michael McConnell|Board Member||;Eric Abercrombie|Board Member||;Linda Lehmil|Board Member||;Matthew Knight|Board Member||;Wheaton Webb|Board Member||,https://www.icsatlanta.org/governing-board,,,,,,,,,"https://www.icsatlanta.org/governing-board|https://projects.propublica.org/nonprofits/organizations/462945113|https://www.causeiq.com/organizations/international-charter-school-of-atlanta,462945113/",2026-09-06,negative,negative,No published genAI assignment rules — vacuum.,No genAI guidance/PD recovered on public site paths.,,No public genAI policy; thin staff contact page; outcomes not published,https://www.icsatlanta.org/governing-board|https://www.icsatlanta.org/,2026-09-06,,,,,
Northwest Classical Academy,Atlanta,GA,charter,none,unknown,unknown,unknown,unknown,unknown,,,,,,,,,unknown,unknown,unknown,,none,none,none,no,unknown,,,unknown,,,,,,unknown,,,,,2026-09-06,State charter (SCSC) classical K–12-path LEA in Kennesaw (Liberty Classical Schools network affiliation on governance page); no public genAI classroom allow/cite/ban policy recovered on nwclassical.org governance/handbook landing (handbook hosted on BoardDocs) — AI policy_status=none pending BoardDocs deep policy skim.,verified,https://www.nwclassical.org/|https://www.nwclassical.org/governance|https://www.nwclassical.org/family-handbook|https://go.boarddocs.com/ga/nwclassical/Board.nsf/vpublic?open#|https://scsc.georgia.gov/document/document/2025-2026-master-charter-school-list/download,Matt Reger,Head of School,mreger@nwclassical.org,470-502-9700,,,,,Cat McAfee,Cat McAfee|Board Chair||;Matthew Kirby|Vice Chair||;Matthew Altmix|Board Member||;Doris Moss|Board Member||;Bobby Jones|Board Member||;Merritt Huber|Board Member||;Harrison Coleman|Board Member||,https://www.nwclassical.org/governance,,,,,,,,,https://www.nwclassical.org/governance|https://www.nwclassical.org/family-handbook,2026-09-06,negative,negative,No published genAI assignment rules on public pages — vacuum (BoardDocs handbook not fully extracted this pass).,No genAI guidance/PD on governance landing.,,No public genAI policy on site; BoardDocs handbook deep-skim GAP; outcomes not published,https://www.nwclassical.org/governance|https://www.nwclassical.org/family-handbook,2026-09-06,,,,,
Coweta Charter Academy,Atlanta,GA,charter,procedure_handbook,unknown,unknown,unknown,unknown,unknown,,,,,,,,,banned,banned,unknown,,none,none,none,no,unknown,,,unknown,,,,,,unknown,,,,,2026-09-06,State charter (SCSC) K–8 LEA governed by Georgia Charter Educational Foundation; parent handbook Acceptable Use Policy defines plagiarism to include use of Artificial Intelligence (AI) tools to generate products and submit them for a graded assignment — graded AI product submission treated as integrity violation; no separate parent AI FAQ or AI PD recovered.,verified,https://www.cowetacharteracademy.org/|https://www.cowetacharteracademy.org/parents/handbook/acceptable-use-policy-computers-internet|https://www.cowetacharteracademy.org/about/governance|https://www.cowetacharteracademy.org/contact-us/administration|https://scsc.georgia.gov/document/document/2025-2026-master-charter-school-list/download,Trina Weaver,Executive Director Superintendent,trina.weaver@cowetacharteracademy.org,770-727-5959,,,,,Jennifer Hughey,Jennifer Hughey|Board Chair||;Jacob Cole|Vice Chair||;Christine Criscillis|Board Member||,https://www.cowetacharteracademy.org/about/governance,,,,,,,,,https://www.cowetacharteracademy.org/contact-us/administration|https://www.cowetacharteracademy.org/about/governance,2026-09-06,mixed,mixed,AUP treats AI-generated graded submissions as plagiarism (restrictive clarity) but offers no published citation pathway AI literacy supports or parent FAQ — safety lean without skill path.,Integrity rule aids enforcement; no teacher genAI PD or approved classroom AI uses published.,Handbook AUP explicitly names AI tools under plagiarism for graded submissions,No parent AI FAQ; no AI literacy/PD; outcomes not published,https://www.cowetacharteracademy.org/parents/handbook/acceptable-use-policy-computers-internet,2026-09-06,,,,,
Ethos Classical Charter School,Atlanta,GA,charter,none,unknown,unknown,unknown,unknown,unknown,,,,,,,,,unknown,unknown,unknown,,none,none,none,no,unknown,,,unknown,,,,,,unknown,,,,,2026-09-06,State charter (SCSC) classical LEA (master list “Ethos Classical”); no public genAI/ChatGPT board policy handbook AI section or parent FAQ recovered on ethosclassical.org leadership/board/home paths reviewed.,verified,https://ethosclassical.org/|https://ethosclassical.org/our-board/|https://ethosclassical.org/our-leadership/|https://scsc.georgia.gov/document/document/2025-2026-master-charter-school-list/download,Danielle Mack,Chief Executive Officer,danielle.mack@ethosclassical.org,470-502-0046,,,,,James Keller,James Keller|Board Chair||;Dominique E. Bynes|Board Member||;Anna Houseman|Board Member||;Julian Boyd|Board Member||;Monique Childress|Board Member||;Aleah Jordan|Board Member||,https://ethosclassical.org/our-board/,,,,,,,,,https://ethosclassical.org/our-leadership/|https://ethosclassical.org/our-board/|https://ethosclassical.org/,2026-09-06,negative,negative,No published genAI assignment rules — vacuum.,No genAI guidance/PD recovered on public leadership/board paths.,,No public genAI policy; outcomes not published,https://ethosclassical.org/our-leadership/|https://ethosclassical.org/,2026-09-06,,,,,
Amana Academy West Atlanta,Atlanta,GA,charter,none,unknown,unknown,unknown,unknown,unknown,,,,,,,,,unknown,unknown,unknown,,none,none,none,no,unknown,,,unknown,,,,,,unknown,,,,,2026-09-06,"State charter (SCSC) K–6 LEA (West Atlanta campus; network also operates North Fulton); Technology and Social Media Acceptable Use Policy (Google Doc; adopted July 24, 2025) and Student Code of Conduct recovered with no generative-AI/ChatGPT classroom allow/cite/ban language — general plagiarism only in Code of Conduct; no parent AI FAQ or AI PD recovered.",verified,https://amanaacademy.org/west-atlanta/|https://amanaacademy.org/about/network-leadership-staff/|https://amanaacademy.org/about/governance-board/|https://amanaacademy.org/about/governance/policies-procedures/|https://docs.google.com/document/d/1OkeXFGiXz_zZjuNwWG6octKd8RsqU4s7/edit|https://amanaacademy.org/west-atlanta/student-code-of-conduct/|https://scsc.georgia.gov/document/document/2025-2026-master-charter-school-list/download,Ehab Jaleel,Executive Director,ejaleel@amanaacademy.org,678-624-0989,,,,,Sharonda Lee-Timberlake,Sharonda Lee-Timberlake|Board Chair||;Katherine Williams|Vice Chair||;Charlene Gayle|Board Member||;Michele Curtis|Board Member||;Marshall Chalmers|Board Member||;Waqas Cheema|Board Member||;Nabil Ismail|Board Member||;Hadiyah Khan|Board Member||;Helen Park Truong|Board Member||;Jennie Welch|Board Member||,https://amanaacademy.org/about/governance-board/,,,,,,,,,https://amanaacademy.org/about/network-leadership-staff/|https://amanaacademy.org/about/governance-board/|https://amanaacademy.org/west-atlanta/faculty/,2026-09-06,negative,negative,No published genAI assignment allow/cite/ban rules — honesty vacuum for K–6 STEM/EL campus.,No genAI guidance/PD recovered on public governance/AUP paths.,,No public genAI classroom policy; parent handbook PDF thin on live landing; outcomes not published,https://docs.google.com/document/d/1OkeXFGiXz_zZjuNwWG6octKd8RsqU4s7/edit|https://amanaacademy.org/about/governance/policies-procedures/,2026-09-06,,,,,
Atlanta SMART Academy,Atlanta,GA,charter,none,unknown,unknown,unknown,unknown,unknown,,,,,,,,,unknown,unknown,unknown,,none,none,none,no,unknown,,,unknown,,,,,,unknown,,,,,2026-09-06,State charter (SCSC) 5–8 arts/STEM LEA (live site atlantasmartacademy.org; roster listed atlantasmart.org); no public genAI/ChatGPT board policy handbook AI section or parent FAQ recovered on leadership/board/home paths — School Policies folder is Google Drive (deep skim GAP).,verified,https://atlantasmartacademy.org/|https://atlantasmartacademy.org/leadership-administration/|https://atlantasmartacademy.org/board/|https://scsc.georgia.gov/document/document/2025-2026-master-charter-school-list/download,Patrice Meadows,Superintendent,pmeadows@atlantasmartacademy.org,470-502-3110,,,,,Wanda Newman-Johnson,Wanda Newman-Johnson|Board Chair||;Ivan Lee|Vice Chair||;Veronica Williams|Board Member||;Lauren Cofield|Board Member||;Elaina Ross|Board Member||;Antionette Kennedy|Board Member||;Bishop Williams|Board Member||;Ariel Bruce|Board Member||;Michael Wesley Brasher|Board Member||,https://atlantasmartacademy.org/board/,,,,,,,,,https://atlantasmartacademy.org/leadership-administration/|https://atlantasmartacademy.org/board/,2026-09-06,negative,negative,No published genAI homework allow/cite/ban rules — vacuum.,No genAI guidance/PD on public leadership/board paths; Drive policies folder not fully extracted.,,No public genAI classroom policy; Google Drive policies deep-skim GAP; outcomes not published,https://atlantasmartacademy.org/leadership-administration/|https://atlantasmartacademy.org/board/,2026-09-06,,,,,
Atlanta Unbound Academy,Atlanta,GA,charter,none,unknown,unknown,unknown,unknown,unknown,,,,,,,,,unknown,unknown,unknown,,none,none,none,no,unknown,,,unknown,,,,,,unknown,,,,,2026-09-06,State charter (SCSC) K–8 LEA (live site atlantaunboundacademy.org; roster listed atlantaunbound.org); no public genAI/ChatGPT board policy handbook AI section or parent FAQ recovered on founder/leader/board/home paths reviewed.,verified,https://atlantaunboundacademy.org/|https://atlantaunboundacademy.org/our-founder/|https://atlantaunboundacademy.org/our-leader-teacher-tribe/|https://atlantaunboundacademy.org/board-of-directors/|https://app2.boardontrack.com/public/WhtGjA/minutes/118016|https://scsc.georgia.gov/document/document/2025-2026-master-charter-school-list/download,Alaina Chipman-Leeks,Executive Director,Achipmanleeks@atlantaunboundacademy.org,678-973-2748,,,,,,,https://atlantaunboundacademy.org/board-of-directors/,,,,,,,,,https://atlantaunboundacademy.org/our-leader-teacher-tribe/|https://atlantaunboundacademy.org/our-founder/|https://app2.boardontrack.com/public/WhtGjA/minutes/118016,2026-09-06,negative,negative,No published genAI assignment rules — vacuum.,No genAI guidance/PD recovered on public founder/leader paths.,,No public genAI policy; unpublished live board roster; outcomes not published,https://atlantaunboundacademy.org/our-leader-teacher-tribe/|https://atlantaunboundacademy.org/board-of-directors/,2026-09-06,,,,,
BIA Charter School,Atlanta,GA,charter,none,unknown,unknown,unknown,unknown,unknown,,,,,,,,,unknown,unknown,unknown,,none,none,none,no,unknown,,,unknown,,,,,,unknown,,,,,2026-09-06,State charter (SCSC) K–8 LEA branded Brookhaven Innovation Academy / BIA (live biaschool.org; roster listed biacharter.com); no public genAI/ChatGPT classroom policy recovered — public handbooks folder exposes attestation + Innovation Station handbook without generative-AI language.,verified,https://www.biaschool.org/|https://www.biaschool.org/our-school/head-of-school/|https://www.biaschool.org/our-school/governing-board/meet-the-board/|https://www.biaschool.org/our-school/forms-handbook-policies/handbooks/|https://scsc.georgia.gov/document/document/2025-2026-master-charter-school-list/download,Neal Christian,Superintendent,nchristian@biaschool.org,770-538-1550,,,,,Adam Caskey,Adam Caskey|Board Chair||;Kelly Mandy|Vice Chair||;Allie Jett|Board Member||;Walter Bell|Board Member||;Veronica Johnson|Board Member||;Michelle Clements|Board Member||,https://www.biaschool.org/our-school/governing-board/meet-the-board/,,,,,,,,,https://www.biaschool.org/our-school/head-of-school/|https://www.biaschool.org/our-school/governing-board/meet-the-board/,2026-09-06,negative,negative,No published genAI assignment rules — vacuum.,No genAI guidance/PD on public head-of-school/board/handbook index paths.,,No public genAI policy; full handbook PDF not linked; outcomes not published,https://www.biaschool.org/our-school/forms-handbook-policies/handbooks/|https://www.biaschool.org/,2026-09-06,,,,,
DeKalb Brilliance Academy,Atlanta,GA,charter,none,unknown,unknown,unknown,unknown,unknown,,,,,,,,,unknown,unknown,unknown,,none,none,none,no,unknown,,,unknown,,,,,,unknown,,,,,2026-09-06,State charter (SCSC) K–5 expanding K–8 career-connected PBL LEA; BoardOnTrack shows handbook revisions approved Jul 2025 but no public genAI/ChatGPT classroom policy or handbook AI section recovered on team/board/home paths.,verified,https://www.dekalbbrilliance.org/|https://dekalbbrilliance.org/-our-team|https://dekalbbrilliance.org/board-details|https://app2.boardontrack.com/public/jlVvCu/board|https://app2.boardontrack.com/public/jlVvCu/minutes/102575|https://scsc.georgia.gov/document/document/2025-2026-master-charter-school-list/download,Jocelyn Alter,Head of School,jocelyn.alter@dekalbbrilliance.org,470-563-6690,,,,,Michael Freeland,Michael Freeland|Board Chair||;Joseph Akpan|Vice Chair||;Quentin Johnson|Board Member||;Jazmin Counts|Board Member||;Curtis Armour|Board Member||;Jenea Carruth|Board Member||;Mesha Greene|Board Member||;LaKenya Norris|Board Member||;Sharicka Samuels|Board Member||,https://app2.boardontrack.com/public/jlVvCu/board,,,,,,,,,https://dekalbbrilliance.org/-our-team|https://app2.boardontrack.com/public/jlVvCu/board|https://app2.boardontrack.com/public/jlVvCu/minutes/102575|https://dekalbbrilliance.org/board-details,2026-09-06,negative,negative,No published genAI assignment rules — vacuum amid PBL/career model.,No genAI guidance/PD recovered on public team/board paths.,,No public genAI policy; handbook PDF not downloadable from site; outcomes not published,https://dekalbbrilliance.org/-our-team|https://www.dekalbbrilliance.org/,2026-09-06,,,,,
D.E.L.T.A. STEAM Academy,Atlanta,GA,charter,none,unknown,unknown,unknown,unknown,unknown,,,,,,,,,unknown,unknown,unknown,,none,none,none,no,unknown,,,unknown,,,,,,unknown,,,,,2026-09-06,State charter (SCSC) K–8 STEAM LEA (live deltasteamacademy.org; roster listed deltasteam.org); no public genAI classroom policy recovered — Family/Student Handbook PDF links 404; board chair personal AI-book authorship is not a school genAI assignment framework.,verified,https://deltasteamacademy.org/|https://deltasteamacademy.org/our-team/|https://deltasteamacademy.org/join-our-governing-board/|https://deltasteamacademy.org/contact-us/|https://scsc.georgia.gov/document/document/2025-2026-master-charter-school-list/download,Nikki Grier,CEO & Founding School Leader,,470-729-2692,,,,,Natoshia Anderson,Natoshia Anderson|Board Chair||;Erinn Cottman|Vice Chair||;Kyera Perry|Board Member||;Lauren Wicker|Board Member||,https://deltasteamacademy.org/join-our-governing-board/,,,,,,,,,https://deltasteamacademy.org/our-team/|https://deltasteamacademy.org/join-our-governing-board/|https://deltasteamacademy.org/contact-us/,2026-09-06,negative,negative,No published genAI assignment rules — vacuum (board-chair personal AI publications ≠ school policy).,No school genAI PD/guidance recovered on public team/board paths.,,No public genAI classroom policy; handbook PDF 404; outcomes not published,https://deltasteamacademy.org/|https://deltasteamacademy.org/join-our-governing-board/,2026-09-06,,,,,
DuBois Integrity Academy,Atlanta,GA,charter,none,unknown,unknown,unknown,unknown,unknown,,,,,,,,,unknown,unknown,unknown,,none,none,none,no,unknown,,,unknown,,,,,,unknown,,,,,2026-09-06,State charter (SCSC) K–8 STEM LEA; Parent & Student Handbook and Internet & Acceptable Use / Code of Conduct define cheating/plagiarism without generative-AI/ChatGPT language — no separate board genAI policy parent AI FAQ or AI PD recovered.,verified,https://www.duboisintegrityacademy.org/|https://www.duboisintegrityacademy.org/governance-board|https://www.duboisintegrityacademy.org/policies|https://www.duboisintegrityacademy.org/_files/ugd/a0e2ce_c5039036a07748f2be32d8f409362951.pdf|https://www.duboisintegrityacademy.org/_files/ugd/969528_9159668d51e645d8a0b37384df741eeb.pdf|https://scsc.georgia.gov/document/document/2025-2026-master-charter-school-list/download,Craig Cason,Executive Director,ccason@duboisintegrityacademy.com,770-997-4860,,,,,Deatrix Morris,Deatrix Morris|Board Chair||;Sonya Lewis|Vice Chair||;Charles Merritt|Board Member||;Robert L. Mack|Board Member||;Gwenetta Ross|Board Member||;Kenneth Mitchell|Board Member||,https://www.duboisintegrityacademy.org/governance-board,,,,,,,,,https://www.duboisintegrityacademy.org/governance-board|https://www.duboisintegrityacademy.org/policies,2026-09-06,negative,negative,Honesty rules omit generative AI — ChatGPT-class vacuum remains despite plagiarism language.,No genAI guidance/PD in public handbooks/policies paths reviewed.,,No public genAI classroom policy; outcomes not published,https://www.duboisintegrityacademy.org/_files/ugd/a0e2ce_c5039036a07748f2be32d8f409362951.pdf|https://www.duboisintegrityacademy.org/_files/ugd/969528_9159668d51e645d8a0b37384df741eeb.pdf,2026-09-06,,,,,
Excelsior Village Academies,Atlanta,GA,charter,none,unknown,unknown,unknown,unknown,unknown,,,,,,,,,unknown,unknown,unknown,,none,none,none,no,unknown,,,unknown,,,,,,unknown,,,,,2026-09-06,State charter (SCSC) K–4 expanding LEA (live excelsiorvillageacademies.org; roster listed excelsiorvillage.org); 2026–27 Family Handbook mentions artificial intelligence only in aspirational career prose — no generative-AI classroom allow/cite/ban framework parent AI FAQ or AI PD recovered.,verified,https://excelsiorvillageacademies.org/|https://excelsiorvillageacademies.org/wp-content/uploads/2026/07/2026-2027-Family-Handbook.pdf|https://app2.boardontrack.com/public/5V1ZAa/board|https://scsc.georgia.gov/document/document/2025-2026-master-charter-school-list/download,Michelle Flowers,Head of School & CEO,mflowers@excelsiorvillageacademies.org,404-986-8595,,,,,Nisah Brinson,Nisah Brinson|Board Chair||;Tyler Burrell|Vice Chair||;Afi Holmes|Board Member||;Myela Paige|Board Member||;Kristal Rutherford|Board Member||;Reginald Hutchins|Board Member||;William Smith|Board Member||,https://app2.boardontrack.com/public/5V1ZAa/board,,,,,,,,,https://excelsiorvillageacademies.org/wp-content/uploads/2026/07/2026-2027-Family-Handbook.pdf|https://app2.boardontrack.com/public/5V1ZAa/board|https://excelsiorvillageacademies.org/,2026-09-06,negative,negative,Handbook AI mention is career aspiration only — no assignment honesty rule for generative AI.,No genAI guidance/PD recovered on public handbook/BoardOnTrack paths.,,No public genAI classroom policy; outcomes not published,https://excelsiorvillageacademies.org/wp-content/uploads/2026/07/2026-2027-Family-Handbook.pdf,2026-09-06,,,,,
The Westminster Schools,Atlanta,GA,private,none,unknown,unknown,unknown,unknown,unknown,,,,,,,,,unknown,unknown,unknown,,unknown,none,none,no,unknown,,,unknown,,,,,,unknown,,,,,2026-09-06,Atlanta-metro private (independent); Buckhead Christian K–12 under new President Jay Rainey (July 2026); no public generative-AI classroom policy recovered on westminster.net leadership/search paths.,verified,https://www.westminster.net/about-us/leadership|https://www.westminster.net/|https://www.westminster.net/?s=artificial+intelligence,,,,,,,,,,,,,,,,,,,,,2026-09-06,negative,mixed,No public genAI allow/cite/ban rules creates classroom honesty ambiguity for learners.,Teachers lack a shared published genAI playbook and must invent classroom norms.,,No public genAI classroom policy; outcomes not published,https://www.westminster.net/about-us/leadership|https://www.westminster.net/?s=artificial+intelligence,2026-09-06,Jay Rainey,President,,,SAIS (directory/secondary; About thin this pass)
The Lovett School,Atlanta,GA,private,none,unknown,unknown,unknown,unknown,unknown,,,,,,,,,unknown,unknown,unknown,,unknown,none,none,no,unknown,,,unknown,,,,,,unknown,,,,,2026-09-06,Atlanta-metro private; Head Meredyth Cole published; student OnLion and faculty PLG discuss AI but no official public genAI classroom policy document recovered.,verified,https://www.lovett.org/about-lovett/leadership|https://thelovettonlion.com/a-source-of-advice-a-tool-for-quiz-prep-a-replacement-for-thinking-students-weigh-in-on-ai/,,,,,,,,,,,,,,,,,,,,,2026-09-06,negative,mixed,OnLion coverage describes uneven ChatGPT use and enforcement — honesty vacuum without a published school policy.,Faculty PLG discusses AI but no shared published classroom genAI rulebook recovered.,,No official genAI policy; student-paper signal only; outcomes not published,https://www.lovett.org/about-lovett/leadership|https://thelovettonlion.com/a-source-of-advice-a-tool-for-quiz-prep-a-replacement-for-thinking-students-weigh-in-on-ai/,2026-09-06,Meredyth Cole,Head of School,,,SAIS/SACS commonly cited; dedicated accred page 404 this pass
Pace Academy,Atlanta,GA,private,none,unknown,unknown,unknown,unknown,unknown,,,,,,,,,unknown,unknown,unknown,,unknown,none,none,no,unknown,,,unknown,,,,,,unknown,,,,,2026-09-06,Atlanta-metro private; Head Fred Assaf publicly listed with email/phone on college profile; SAIS/Cognia; ChatGPT discussed in CS classrooms but no published schoolwide genAI classroom policy.,verified,https://www.paceacademy.org/about/leadership|https://www.paceacademy.org/about|https://resources.finalsite.net/images/v1758722825/paceacademyorg/o6esjm5msivn9hkmtrfb/2025-2026_college_profile_0828251.pdf,,,,,,,,,,,,,,,,,,,,,2026-09-06,negative,mixed,Schoolwide genAI policy vacuum; assignment norms likely teacher-by-teacher despite classroom ChatGPT talk.,Faculty discuss ChatGPT in class features but no published schoolwide genAI playbook recovered.,,No public genAI classroom policy; outcomes not published,https://www.paceacademy.org/about/leadership|https://www.paceacademy.org/about,2026-09-06,Fred Assaf,Head of School,fred.assaf@paceacademy.org,404-240-9102,SAIS + Cognia (formerly SACS)
Woodward Academy,Atlanta,GA,private,guidance,unknown,unknown,unknown,unknown,unknown,,,,,,,,,unknown,teacher_discretion,traffic_light,,offered,none,yes,no,unknown,,,unknown,,,,,,unknown,,,,,2026-09-06,Atlanta-metro private; only sample school with a named described Responsible Use of AI policy plus Generative AI Acceptable Usage Scale and citation expectations; full policy PDF not open-hosted on woodward.edu this pass.,verified,https://www.woodward.edu/who-we-are|https://www.woodward.edu/beyond-the-classroom/newsroom/blog/~board/beyondthegate/post/shaping-the-future-with-ai-education|https://flintk12.com/ai-policy/academy-wide-ai-policy|https://flintk12.com/blog/why-woodward-academy-chose-flint-to-personalize-learning-for-students-with-ai,,,,,,,,,,,,,,,,,,,,,2026-09-06,mixed,mixed,Cited AI use and age-band usage-scale expectations improve clarity versus vacuum peers; students still need assignment-level scale from teachers; full PDF GAP.,Described AI committee policy PD workshops and approved-tool/usage-scale framing strengthen shared practice versus vacuum peers.,Described Responsible Use of AI policy; Generative AI Acceptable Usage Scale; honor-code citation of AI; faculty workshops,Full AI policy PDF not open-hosted on woodward.edu; elementary band unpublished; outcomes not published,https://www.woodward.edu/beyond-the-classroom/newsroom/blog/~board/beyondthegate/post/shaping-the-future-with-ai-education|https://flintk12.com/ai-policy/academy-wide-ai-policy,2026-09-06,Dr. Chris Freer,President,,,SAIS (member/conference signal; Cognia often listed)
Holy Innocents' Episcopal School,Atlanta,GA,private,none,unknown,unknown,unknown,unknown,unknown,,,,,,,,,unknown,unknown,unknown,,unknown,none,none,no,unknown,,,unknown,,,,,,unknown,,,,,2026-09-06,Atlanta-metro private; Head Paul A. Barton published; Cognia/SAIS; no public genAI classroom policy on Head/Board/About paths searched.,verified,https://www.hies.org/about/head-of-school|https://www.hies.org/about/board-leadership|https://www.hies.org/about/history,,,,,,,,,,,,,,,,,,,,,2026-09-06,negative,mixed,No public genAI allow/cite/ban rules creates classroom honesty ambiguity for learners.,Teachers lack a shared published genAI playbook and must invent classroom norms.,,No public genAI classroom policy; outcomes not published,https://www.hies.org/about/head-of-school|https://www.hies.org/about/board-leadership,2026-09-06,Paul A. Barton,Head of School,,,Cognia + SAIS (Our HI-Story); SACS/SAIS footers
Marist School,Atlanta,GA,private,principles_only,unknown,unknown,unknown,unknown,unknown,,,,,,,,,unknown,teacher_discretion,unknown,,ad_hoc,none,none,no,unknown,,,unknown,,,,,,unknown,,,,,2026-09-06,Atlanta-metro private; President J. D. Childs published; SAIS/Cognia; public AI principles plus PD/practice stories (curiosity/caution/creativity) without a retrieved numbered classroom genAI policy PDF.,verified,https://www.marist.com/about-marist/leadership|https://www.marist.com/about-marist/board-of-trustees|https://www.marist.com/about-marist|https://www.marist.com/default-board-post-page/~board/marist-school-news/post/how-marist-is-integrating-ai-into-student-learning|https://www.marist.com/magazine/post-page/~board/marist-matters/post/marist-integrates-ai-into-student-learning,,,,,,,,,,,,,,,,,,,,,2026-09-06,mixed,mixed,Official AI curiosity/caution framing and classroom experiments exist but assignment rules remain teacher-by-teacher without a retrieved handbook AI section.,Published PD day and licensed tools (Flint/Gemini/ChatGPT) help some teachers; no single numbered public AI policy PDF verified.,Official AI integration news; PD day; ethical/Catholic AI framing; strategic-plan AI literacy objective,No retrieved numbered genAI handbook/policy PDF; classroom variance; outcomes not published,https://www.marist.com/default-board-post-page/~board/marist-school-news/post/how-marist-is-integrating-ai-into-student-learning|https://www.marist.com/about-marist/leadership,2026-09-06,J. D. Childs,President,childsj@marist.com,,SAIS/Cognia (About page)
The Walker School,Atlanta,GA,private,none,unknown,unknown,unknown,unknown,unknown,,,,,,,,,unknown,unknown,unknown,,unknown,none,none,no,unknown,,,unknown,,,,,,unknown,,,,,2026-09-06,Atlanta-metro private; Head Carl C. Carlson published; Marietta Pre-K–12; AI appears as curriculum topic not generative-AI classroom use policy — vacuum.,verified,https://www.thewalkerschool.org/head-of-school|https://www.thewalkerschool.org/board-of-trustees|https://www.thewalkerschool.org/upper-school-curriculum,,,,,,,,,,,,,,,,,,,,,2026-09-06,negative,mixed,No public genAI allow/cite/ban rules creates classroom honesty ambiguity for learners.,Teachers lack a shared published genAI playbook and must invent classroom norms.,,No public genAI classroom policy; outcomes not published,https://www.thewalkerschool.org/head-of-school|https://www.thewalkerschool.org/upper-school-curriculum,2026-09-06,Carl C. Carlson,Head of School,,,SAIS / AdvancED–SACS (directories); dedicated accred URL 404 this pass
Atlanta International School,Atlanta,GA,private,none,unknown,unknown,unknown,unknown,unknown,,,,,,,,,unknown,unknown,unknown,,unknown,none,none,no,unknown,,,unknown,,,,,,unknown,,,,,2026-09-06,Atlanta-metro private; Head Kevin Glass published; Cognia/CIS/SAIS/IB; no public genAI classroom policy on aischool.org (internal AI Safety claim not treated as published primary).,verified,https://www.aischool.org/our-school/leadership|https://www.aischool.org/our-school/accreditation,,,,,,,,,,,,,,,,,,,,,2026-09-06,negative,mixed,No public genAI allow/cite/ban rules creates classroom honesty ambiguity for learners.,Teachers lack a shared published genAI playbook and must invent classroom norms.,,No public genAI classroom policy; outcomes not published,https://www.aischool.org/our-school/leadership|https://www.aischool.org/our-school/accreditation,2026-09-06,Kevin Glass,Head of School,,,"Cognia, CIS, SAIS (+ IB World School; AEFE)"
The Galloway School,Atlanta,GA,private,none,unknown,unknown,unknown,unknown,unknown,,,,,,,,,unknown,unknown,unknown,,unknown,none,none,no,unknown,,,unknown,,,,,,unknown,,,,,2026-09-06,Atlanta-metro private; Chastain Park Pre-K3–12 under Head Amir Farokhi (alumnus appointed 2025); SAIS-accredited; no public generative-AI classroom policy recovered.,verified,https://www.gallowayschool.org/about/leadership/head-of-school|https://www.gallowayschool.org/about/leadership|https://www.gallowayschool.org/about/news-media/post/~board/news/post/the-galloway-school-earns-reaccreditation|https://www.gallowayschool.org/about/news-media/post/~board/news/post/fourth-graders-create-our-perfect-school-1705515421045,,,,,,,,,,,,,,,,,,,,,2026-09-06,negative,mixed,Public site silent on ChatGPT/genAI homework rules; students default to teacher-by-teacher norms.,One published faculty AI-PD story (ISTE); no handbook framework backing classroom decisions.,Faculty AI PD signal (ISTE course leadership),No public genAI classroom policy/handbook language,https://www.gallowayschool.org/about/leadership/head-of-school|https://www.gallowayschool.org/about/news-media/post/~board/news/post/fourth-graders-create-our-perfect-school-1705515421045,2026-09-06,Amir Farokhi,Head of School,,,SAIS
Wesleyan School,Atlanta,GA,private,none,unknown,unknown,unknown,unknown,unknown,,,,,,,,,unknown,unknown,unknown,,unknown,none,none,no,unknown,,,unknown,,,,,,unknown,,,,,2026-09-06,Atlanta-metro private; Christian K–12 in Peachtree Corners; Head Chris Cleveland; Flint AI in lower-school STEM without a public genAI classroom policy document.,verified,https://www.wesleyanschool.org/about/leadership|https://www.wesleyanschool.org/news/post-details/~board/news/post/fourth-grade-students-present-unique-business-ideas|https://www.wesleyanschool.org/news/post-details/~board/news/post/wesleyan-welcomes-new-faculty-and-staff-for-the-2025-2026-school-year,,,,,,,,,,,,,,,,,,,,,2026-09-06,mixed,mixed,Flint appears in a published lower-school project; no schoolwide cite/allow scale found for HS.,Teachers may use licensed Flint; public genAI handbook silence leaves discretion high.,Flint AI in 4th-grade Businesses of Tomorrow (official news),No public genAI handbook/policy; HS integrity posture only via student press,https://www.wesleyanschool.org/news/post-details/~board/news/post/fourth-grade-students-present-unique-business-ideas|https://www.wesleyanschool.org/about/leadership,2026-09-06,Chris Cleveland,Head of School,,,SAIS/Cognia (faculty accreditation-coordinator roles; historical SACS)
Saint Francis School,Atlanta,GA,private,none,unknown,unknown,unknown,unknown,unknown,,,,,,,,,unknown,unknown,unknown,,unknown,none,none,no,unknown,,,unknown,,,,,,unknown,,,,,2026-09-06,Atlanta-metro private (sub for closed Atlanta Girls School); independent nonsectarian K–12 Roswell/Milton; Head Colette Staak; Cognia/SAIS; public AI classroom-policy vacuum.,verified,https://www.saintfrancisschools.com/about/|https://www.saintfrancisschools.com/,,,,,,,,,,,,,,,,,,,,,2026-09-06,negative,mixed,No published genAI allow/cite/ban rules for families.,No public schoolwide AI playbook found.,,No public genAI policy,https://www.saintfrancisschools.com/about/,2026-09-06,Colette Staak,Head of School,,,Cognia (SACS) + SAIS
St. Pius X Catholic High School,Atlanta,GA,private,none,unknown,unknown,unknown,unknown,unknown,,,,,,,,,unknown,unknown,unknown,,unknown,none,none,no,unknown,,,unknown,,,,,,unknown,,,,,2026-09-06,Atlanta-metro private; Archdiocesan HS; President Aaron Parr + Principal Kristin Kramer; Cognia-affiliated; public genAI classroom-policy vacuum (handbook Canvas-gated).,verified,https://www.spx.org/about/meet-our-leadership|https://www.spx.org/about/directory|https://www.spx.org/current-families|https://www.spx.org/fs/resource-manager/view/40cef17a-5460-49da-a475-4a01c36ea54f,,,,,,,,,,,,,,,,,,,,,2026-09-06,negative,mixed,Families cannot cite public genAI rules while full handbook sits behind Canvas.,Likely internal handbook exists; not verifiable publicly this pass.,,Full handbook behind Canvas; no public AI section recovered,https://www.spx.org/about/meet-our-leadership|https://www.spx.org/current-families,2026-09-06,Aaron Parr,President,,404-636-3023 ext. 304,Cognia (Archdiocese of Atlanta)
Blessed Trinity Catholic High School,Atlanta,GA,private,procedure_handbook,unknown,unknown,unknown,unknown,unknown,,,,,,,,,unknown,restricted,citation_required,,unknown,none,yes,no,unknown,,,unknown,,,,,,unknown,,,,,2026-09-06,Atlanta-metro private; Roswell Archdiocesan HS; President Marcos Arias; Cognia; strongest public AI documentation in metro batch via handbook Archdiocesan AI Policy plus school AI Use section and AI-as-plagiarism rules.,verified,https://www.btcatholic.org/|https://resources.finalsite.net/images/v1733763558/btcatholicorg/wwgpeieppuobma6qfww9/SchoolProfile24-252-BrandonHarwell.pdf|https://www.btcatholic.org/about/default-post-page/~board/news/post/superintendent-appoints-marcos-arias-president-of-blessed-trinity-catholic-high-school|https://www.btcatholic.org/fs/resource-manager/view/4a6b104b-763f-489c-8179-f81c98560abd,,,,,,,,,,,,,,,,,,,,,2026-09-06,positive,positive,"Students must get teacher permission, avoid AI-generated assignment content without citation, and can be disciplined for AI plagiarism.",Teachers set when/how AI is allowed; Archdiocesan + school handbook rules back enforcement.,Handbook AI Use + Archdiocesan AI Policy; summer-assignment AI ban with honor pledge,Traffic-light / age-band scale not published (teacher discretion within handbook),https://www.btcatholic.org/|https://www.btcatholic.org/fs/resource-manager/view/4a6b104b-763f-489c-8179-f81c98560abd,2026-09-06,Marcos Arias,President,,,Cognia; SAIS/GISA/AAAIS/NCEA memberships
The Mount Vernon School,Atlanta,GA,private,none,unknown,unknown,unknown,unknown,unknown,,,,,,,,,unknown,unknown,unknown,,unknown,none,none,no,unknown,,,unknown,,,,,,unknown,,,,,2026-09-06,Atlanta-metro private; Sandy Springs PK–12; HoS/CEO Kristy Lundstrom (public email); Ventures/AI practice strong; public genAI use-policy vacuum.,verified,https://mountvernonschool.org/leadership/|https://mountvernonschool.org/mount-vernon-organization/|https://mountvernonschool.org/blog/preschoolers-and-ai-unite/|http://mountvernonschool.org/wp-content/uploads/2025/08/Impact-Ready-Report-2025_Digital.pdf,,,,,,,,,,,,,,,,,,,,,2026-09-06,mixed,mixed,Students see AI in projects (preschool song; robotics/LLM externship) but lack a public handbook scale for everyday homework.,Strategy/Ventures capacity high; assignment norms not codified publicly.,Preschool AI creative project; AI/robotics interim externships; Ventures R&D,No public genAI classroom policy PDF,https://mountvernonschool.org/mount-vernon-organization/|https://mountvernonschool.org/blog/preschoolers-and-ai-unite/,2026-09-06,Kristy Lundstrom,Head of School and Chief Executive Officer,klundstrom@mountvernonschool.org,,SACS; AAAIS/GISA/NAIS membership
The Paideia School,Atlanta,GA,private,none,unknown,unknown,unknown,unknown,unknown,,,,,,,,,unknown,unknown,unknown,,unknown,none,none,no,unknown,,,unknown,,,,,,unknown,,,,,2026-09-06,Atlanta-metro private; progressive Druid Hills ages 3–12th; Head Thomas E. Taylor; SACS/SAIS/NAIS; no public genAI classroom policy.,verified,https://www.paideiaschool.org/welcome/head-of-school|https://www.paideiaschool.org/our-school/board-of-trustees|https://resources.finalsite.net/images/v1753802038/paideia/th9w6rherizuwnrn2lfu/24-25ProfileFINAL.pdf,,,,,,,,,,,,,,,,,,,,,2026-09-06,negative,mixed,No published genAI allow/cite/ban rules for families.,No public schoolwide AI playbook found.,,No public genAI policy,https://www.paideiaschool.org/welcome/head-of-school,2026-09-06,Thomas E. Taylor,Head of School,,,SACS; NAIS + SAIS members
Trinity School,Atlanta,GA,private,none,unknown,unknown,unknown,unknown,unknown,,,,,,,,,unknown,unknown,unknown,,unknown,none,none,no,unknown,,,unknown,,,,,,unknown,,,,,2026-09-06,Atlanta-metro private; Buckhead elementary-only (ages 3–6th); Head Joseph P. Marshall; SAIS/SACS/Cognia; no public genAI classroom policy found.,verified,https://www.trinityatl.org/about/leadership/head-of-school|https://www.trinityatl.org/about/leadership/administration|https://www.trinityatl.org/about/at-a-glance|https://www.trinityatl.org/about/faculty-and-staff?letter=M,,,,,,,,,,,,,,,,,,,,,2026-09-06,negative,mixed,Elementary vacuum — lower stakes than HS but still no published genAI norms.,No public schoolwide AI playbook found.,,No public genAI policy,https://www.trinityatl.org/about/leadership/head-of-school|https://www.trinityatl.org/about/at-a-glance,2026-09-06,Joseph P. Marshall,Head of School,,404-231-8106,SAIS + SACS + Cognia
Fellowship Christian School,Atlanta,GA,private,procedure_handbook,unknown,unknown,unknown,unknown,unknown,,,,,,,,,teacher_discretion,teacher_discretion,traffic_light,,unknown,none,yes,no,unknown,,,unknown,,,,,,unknown,,,,,2026-09-06,Atlanta-metro private; Roswell PreK–12 Christian; Head Dr. Aaron Farrant; SAIS/Cognia/CESA; published handbook AI Use Posture with cite/permission and traffic-light assignment labels.,verified,https://www.fellowshipchristianschool.org/about/leadership|https://resources.finalsite.net/images/v1762547218/fellowshipchristian/hizu8g8f98rzkms7ntcp/SchoolProfilefor2025-26-Updated.pdf|https://resources.finalsite.net/images/v1719500821/fellowshipchristian/ha81jy1gqn4cm4avlqnk/2024-25Parent_StudentHandbook.pdf,,,,,,,,,,,,,,,,,,,,,2026-09-06,positive,positive,Unauthorized generative use without permission/citation conflicts with handbook expectations; verbal/visual demo of learning may be required.,Teachers must mark AI authorization on atypical assessments and avoid putting sensitive student data into AI tools.,Handbook AI Use Posture; traffic-light assignment framework language,,https://resources.finalsite.net/images/v1719500821/fellowshipchristian/ha81jy1gqn4cm4avlqnk/2024-25Parent_StudentHandbook.pdf|https://www.fellowshipchristianschool.org/about/leadership,2026-09-06,Dr. Aaron Farrant,Head of School,,,SAIS + Cognia + CESA
The Cottage School,Atlanta,GA,private,none,unknown,unknown,unknown,unknown,unknown,,,,,,,,,unknown,unknown,unknown,,unknown,none,none,no,unknown,,,unknown,,,,,,unknown,,,,,2026-09-06,Atlanta-metro private; Roswell LD-focused independent day school (sub for specialized Atlanta Speech School); Head Dr. Steve Palmer; Cognia/SAIS/SACS; public AI classroom-policy vacuum.,verified,https://www.cottageschool.org/|https://www.cottageschool.org/apps/pages/index.jsp?uREC_ID=571036&type=d&pREC_ID=1101616|https://www.cottageschool.org/apps/pages/index.jsp?uREC_ID=572721&type=d,,,,,,,,,,,,,,,,,,,,,2026-09-06,negative,mixed,No published ChatGPT/genAI homework rules for families.,No public schoolwide AI playbook found.,,No public genAI policy,https://www.cottageschool.org/apps/pages/index.jsp?uREC_ID=571036&type=d&pREC_ID=1101616,2026-09-06,Dr. Steve Palmer,Head of School,,,Cognia + SAIS + SACS
Greater Atlanta Christian School,Atlanta,GA,private,none,unknown,unknown,unknown,unknown,unknown,,,,,,,,,unknown,unknown,unknown,,unknown,none,none,no,unknown,,,unknown,,,,,,unknown,,,,,2026-09-06,Atlanta-metro private; large Norcross Infant–12 Christian school; President Dr. Scott Harsh; Cognia (+ GISA/SAIS per Promise list); TrekAI practice without a public genAI classroom-policy document.,verified,https://www.greateratlantachristian.org/about-us/meet-our-leaders|https://www.greateratlantachristian.org/about-us|https://www.greateratlantachristian.org/news/news-detail/~board/school-news/post/gac-launches-school-developed-ai-platform-as-independent-education-technology-company|https://www.greateratlantachristian.org/news/news-detail/~board/school-news/post/christian-education-in-an-ai-world,,,,,,,,,,,,,,,,,,,,,2026-09-06,mixed,mixed,Families can cite TrekAI news but not a schoolwide ChatGPT allow/ban handbook.,Faculty may use school AI tools; public genAI honesty rules not recovered.,TrekAI Socratic tutor (official news); AI community events,No public genAI handbook/policy PDF recovered,https://www.greateratlantachristian.org/news/news-detail/~board/school-news/post/gac-launches-school-developed-ai-platform-as-independent-education-technology-company|https://www.greateratlantachristian.org/about-us/meet-our-leaders,2026-09-06,Dr. Scott Harsh,President,,,Cognia; GISA/SAIS (Promise list)
Landmark Christian School,Atlanta,GA,private,procedure_handbook,unknown,unknown,unknown,unknown,unknown,,,,,,,,,teacher_discretion,teacher_discretion,teacher_discretion,,unknown,none,none,no,unknown,,,unknown,,,,,,unknown,,,,,2026-09-06,Atlanta-metro private; Fairburn K–12 Christian college-prep; Head Dr. Daniel Wesche; Cognia/SAIS; staff handbook AI (H-AI-H) with teacher-discretion assignment control.,verified,https://landmarkchristianschool.org/about/|https://landmarkchristianschool.org/|https://landmarkchristianschool.org/faculty-and-staff-handbook/,,,,,,,,,,,,,,,,,,,,,2026-09-06,mixed,positive,Expect teacher-communicated AI rules per course; human remains responsible for final work.,Faculty handbook explicitly assigns AI allow/deny decisions to the instructor (H-AI-H).,Faculty/Staff Handbook AI section (H-AI-H),No separate public student-facing AI handbook section recovered this pass,https://landmarkchristianschool.org/faculty-and-staff-handbook/|https://landmarkchristianschool.org/about/,2026-09-06,Dr. Daniel Wesche,Head of School,,,Cognia + SAIS
Providence Christian Academy,Atlanta,GA,private,none,unknown,unknown,unknown,unknown,unknown,,,,,,,,,unknown,unknown,unknown,,unknown,none,none,no,unknown,,,unknown,,,,,,unknown,,,,,2026-09-06,Atlanta-metro private; covenant Christian PreK–12 Lilburn + Johns Creek; Head Dr. Jason Harrison with public email; Cognia/ACSI; AI policy vacuum.,verified,https://www.providencechristianacademy.org/about-us/leadership|https://www.providencechristianacademy.org/about-us,,,,,,,,,,,,,,,,,,,,,2026-09-06,negative,mixed,No published genAI allow/cite/ban rules for families.,No public schoolwide AI playbook found.,,No public genAI policy,https://www.providencechristianacademy.org/about-us/leadership,2026-09-06,Dr. Jason Harrison,Head of School,j.harrison@providencechristianacademy.org,,Cognia + ACSI
Perimeter School,Atlanta,GA,private,none,unknown,unknown,unknown,unknown,unknown,,,,,,,,,unknown,unknown,unknown,,unknown,none,none,no,unknown,,,unknown,,,,,,unknown,,,,,2026-09-06,Atlanta-metro private; Johns Creek K–8 covenant Christian (Perimeter Church); Head Brendon O’Dowd; GAC Accredited with Quality + ACSI; no public genAI classroom policy.,verified,https://www.perimeterschool.org/about-perimeter-school|https://www.perimeterschool.org/perimeter-school-blog/entering-the-summer-with-purpose|https://www.perimeterschool.org/perimeter-school-blog/spaces-and-places|https://www.perimeterschool.org/talk-with-someone-at-perimeter-school,,,,,,,,,,,,,,,,,,,,,2026-09-06,negative,mixed,No published genAI allow/cite/ban rules for families.,No public schoolwide AI playbook found.,,No public genAI policy,https://www.perimeterschool.org/about-perimeter-school,2026-09-06,Brendon O’Dowd,Head of School,,,GAC Accredited with Quality; ACSI member
Whitefield Academy,Atlanta,GA,private,none,unknown,unknown,unknown,unknown,unknown,,,,,,,,,unknown,unknown,unknown,,unknown,none,none,no,unknown,,,unknown,,,,,,unknown,,,,,2026-09-06,Atlanta-metro private; Smyrna/Mableton PreK–12 Christ-centered college-prep; Head Kevin Bracher Ph.D.; SAIS/Cognia/CESA; AI policy vacuum (not Louisville KY Whitefield).,verified,https://www.whitefieldacademy.com/about-us/|https://www.whitefieldacademy.com/about-us/fellows-program/|https://aaais.org/school-public/whitefield-academy/,,,,,,,,,,,,,,,,,,,,,2026-09-06,negative,mixed,No published genAI allow/cite/ban rules for families.,No public schoolwide AI playbook found.,,No public genAI policy,https://www.whitefieldacademy.com/about-us/,2026-09-06,"Kevin Bracher, Ph.D.",Head of School,,,SAIS + Cognia (+ CESA)
King's Ridge Christian School,Atlanta,GA,private,none,unknown,unknown,unknown,unknown,unknown,,,,,,,,,unknown,unknown,unknown,,unknown,none,none,no,unknown,,,unknown,,,,,,unknown,,,,,2026-09-06,Atlanta-metro private; Alpharetta PreK–12 Christian college-prep; Head Dr. Tony Fajardo (from Jul 2025); SAIS-SACS/CESA/Cognia; public AI classroom-policy vacuum.,verified,https://www.kingsridgecs.org/about/at-a-glance|https://www.kingsridgecs.org/|https://carterbaldwin.com/news/19111/,,,,,,,,,,,,,,,,,,,,,2026-09-06,negative,mixed,No published genAI allow/cite/ban rules for families.,No public schoolwide AI playbook found.,,No public genAI policy,https://www.kingsridgecs.org/about/at-a-glance,2026-09-06,Dr. Tony Fajardo,Head of School,,,SAIS-SACS + CESA + Cognia
Cherokee Classical Academy,Atlanta,GA,charter,procedure_handbook,unknown,unknown,unknown,unknown,unknown,,,,,,,,,teacher_discretion,unknown,teacher_discretion,,none,none,none,no,unknown,,,unknown,,,,,,unknown,,,,,2026-09-06,State charter (SCSC) K–6 classical LEA (opened 2025; Liberty Classical Schools campus); Student Handbook cheating section treats use of ChatGPT or any other form of artificial intelligence to assist in composing schoolwork as cheating unless the student’s teacher explicitly authorizes it — teacher-gated AI use; no separate parent AI FAQ or required AI PD recovered.,verified,https://www.cherokeeclassical.org/|https://www.cherokeeclassical.org/governance|https://www.cherokeeclassical.org/handbook|https://static1.squarespace.com/static/66da13bd7834c61580c14dcb/t/68a33277a2545c181f1bf965/1755525751836/CCA+Student+Handbook_8.16.2025.pdf|https://scsc.georgia.gov/document/document/2025-2026-master-charter-school-list/download,Matt Stone,Head of School,mstone@cherokeeclassical.org,470-502-9720,,,,,Matthew Kirby,Matthew Kirby|Board Chair||;Harrison Coleman|Vice Chair||;Matt Altmix|Board Member||;Doris Moss|Board Member||;Merritt Huber|Board Member||;Bobby Jones|Board Member||,https://www.cherokeeclassical.org/governance,,,,,,,,,https://www.cherokeeclassical.org/governance|https://www.cherokeeclassical.org/handbook|https://gacharters.org/school/cherokee-classical-academy/,2026-09-06,mixed,mixed,Handbook default treats unauthorized ChatGPT/AI composition help as cheating but allows teacher-authorized use — clearer than a total vacuum yet still classroom-inconsistent without traffic-light labels or parent FAQ.,Explicit authorization gate aids enforcement; no public teacher genAI PD or approved-tools list recovered.,Handbook names ChatGPT/AI under cheating unless teacher explicitly authorizes,No parent AI FAQ; no published AI PD/literacy; outcomes not published,https://static1.squarespace.com/static/66da13bd7834c61580c14dcb/t/68a33277a2545c181f1bf965/1755525751836/CCA+Student+Handbook_8.16.2025.pdf|https://www.cherokeeclassical.org/governance,2026-09-06,,,,,
Genesis Academy for Boys,Atlanta,GA,charter,none,unknown,unknown,unknown,unknown,unknown,,,,,,,,,unknown,unknown,unknown,,none,none,none,no,unknown,,,unknown,,,,,,unknown,,,,,2026-09-06,State charter (SCSC) K–8 boys LEA co-campus with Genesis Academy for Girls under Genesis Innovation Academy; 2025–26 Family Handbook defines academic dishonesty/plagiarism without generative-AI/ChatGPT classroom allow/cite/ban language — no parent AI FAQ or AI PD recovered.,verified,https://genesisinnovationacademy.org/|https://genesisinnovationacademy.org/governing-board/|https://genesisinnovationacademy.org/contact/|https://genesisinnovationacademy.org/handbook/|https://genesisinnovationacademy.org/wp-content/uploads/2026/03/Genesis_Family_Handbook-2025-26_update.3.26.pdf|https://scsc.georgia.gov/document/document/2025-2026-master-charter-school-list/download,Gavin A. Samms,Head of Schools,gsamms@giacademy.org,404-990-3844,,,,,Alex Parker,Alex Parker|Board Chair||;Marcus Shute|Vice Chair||;Jeff Lawrence|Board Member||;Marissa Coleman|Board Member||;Keishia Niblack|Board Member||;Alison De Souza|Board Member||,https://genesisinnovationacademy.org/governing-board/,,,,,,,,,https://genesisinnovationacademy.org/governing-board/|https://genesisinnovationacademy.org/contact/|https://genesisinnovationacademy.org/wp-content/uploads/2026/06/Board-of-Directors-SUMMARY-052826.pdf,2026-09-06,negative,negative,No published genAI homework allow/cite/ban rules — honesty vacuum for K–8 boys LEA.,No genAI guidance/PD recovered on public handbook/board paths.,,No public genAI classroom policy; outcomes not published,https://genesisinnovationacademy.org/wp-content/uploads/2026/03/Genesis_Family_Handbook-2025-26_update.3.26.pdf|https://genesisinnovationacademy.org/handbook/,2026-09-06,,,,,
Genesis Academy for Girls,Atlanta,GA,charter,none,unknown,unknown,unknown,unknown,unknown,,,,,,,,,unknown,unknown,unknown,,none,none,none,no,unknown,,,unknown,,,,,,unknown,,,,,2026-09-06,State charter (SCSC) K–8 girls LEA co-campus with Genesis Academy for Boys under Genesis Innovation Academy; same 2025–26 Family Handbook as Boys — plagiarism/academic dishonesty without generative-AI/ChatGPT classroom allow/cite/ban language; no parent AI FAQ or AI PD recovered.,verified,https://genesisinnovationacademy.org/|https://genesisinnovationacademy.org/governing-board/|https://genesisinnovationacademy.org/contact/|https://genesisinnovationacademy.org/handbook/|https://genesisinnovationacademy.org/wp-content/uploads/2026/03/Genesis_Family_Handbook-2025-26_update.3.26.pdf|https://scsc.georgia.gov/document/document/2025-2026-master-charter-school-list/download,Gavin A. Samms,Head of Schools,gsamms@giacademy.org,404-990-3844,,,,,Alex Parker,Alex Parker|Board Chair||;Marcus Shute|Vice Chair||;Jeff Lawrence|Board Member||;Marissa Coleman|Board Member||;Keishia Niblack|Board Member||;Alison De Souza|Board Member||,https://genesisinnovationacademy.org/governing-board/,,,,,,,,,https://genesisinnovationacademy.org/governing-board/|https://genesisinnovationacademy.org/contact/,2026-09-06,negative,negative,No published genAI homework allow/cite/ban rules — honesty vacuum for K–8 girls LEA.,No genAI guidance/PD recovered on public handbook/board paths.,,No public genAI classroom policy; outcomes not published,https://genesisinnovationacademy.org/wp-content/uploads/2026/03/Genesis_Family_Handbook-2025-26_update.3.26.pdf|https://genesisinnovationacademy.org/handbook/,2026-09-06,,,,,
Georgia Fugees Academy Charter School,Atlanta,GA,charter,none,unknown,unknown,unknown,unknown,unknown,,,,,,,,,unknown,unknown,unknown,,none,none,none,no,unknown,,,unknown,,,,,,unknown,,,,,2026-09-06,State charter (SCSC) 6–12 refugee/immigrant-focused LEA (live gfacs.org; roster listed fugeesfamily.org path); no public genAI/ChatGPT board policy or handbook AI section recovered — live Parents page (2026-09-06) does not link a Student/Family Handbook PDF; Compliance Hub board policies reviewed without generative-AI classroom rules.,verified,https://www.gfacs.org/|https://www.gfacs.org/our-team|https://www.gfacs.org/team-3|https://www.gfacs.org/policy|https://www.gfacs.org/for-parents|https://www.gfacs.org/board-meetings|https://scsc.georgia.gov/document/document/2025-2026-master-charter-school-list/download,Sharlena Carson,Superintendent,sharlena@fugeesacademy.org,470-412-0571,,,,,Brigid Murray,Brigid Murray|Board Chair||;Shilpi Laskar|Board Member||;Jay Bhatt|Board Member||;Sabeen Abbas|Board Member||;Datta Munshi|Board Member||;Maria Mercedes Otero|Board Member||;Edward Lindsey|Board Member||,https://www.gfacs.org/team-3,,,,,,,,,https://www.gfacs.org/our-team|https://www.gfacs.org/team-3,2026-09-06,negative,negative,No published genAI assignment rules on live public paths — vacuum for 6–12 multilingual LEA.,No genAI guidance/PD recovered on team/policy/board paths.,,No public genAI classroom policy; handbook PDF not linked on live Parents page; outcomes not published,https://www.gfacs.org/policy|https://www.gfacs.org/for-parents|https://www.gfacs.org/,2026-09-06,,,,,
International Academy of Smyrna,Atlanta,GA,charter,none,unknown,unknown,unknown,unknown,unknown,,,,,,,,,unknown,unknown,unknown,,none,none,none,no,unknown,,,unknown,,,,,,unknown,,,,,2026-09-06,"State charter (SCSC) K–5/K–8-path LEA formerly International Academy of Smyrna; as of June 30, 2026 NHA site and SCSC Find-a-School brand **Jonquil Preparatory Academy**; 2026–27 Parent/Student Handbook blocks an “Artificial Intelligence” web-filter category but publishes no generative-AI classroom allow/cite/ban assignment framework or parent AI FAQ.",verified,https://www.iasmyrna.org/|https://www.nhaschools.com/schools/jonquil-preparatory-academy/en|https://www.nhaschools.com/schools/jonquil-preparatory-academy/en/leadership|https://www.nhaschools.com/schools/jonquil-preparatory-academy/en/school-operations|https://www.nhaschools.com/getattachment/8fc24db7-0bcf-4833-a226-095e7a741e52/jonquil-prep-(ga)-psh-final-2026-27-conditionally-approved-by-board.pdf|https://scsc.georgia.gov/locations/jonquil-preparatory-academy|https://scsc.georgia.gov/document/document/2025-2026-master-charter-school-list/download,Landon Brown,Principal,127.lbrown@nhaschools.com,678-370-0980,,,,,Logan Leslie,Logan Leslie|Board Chair||;Shaney Lokken|Board Member||;Isis Anderson|Board Member||;Marie Davis|Board Member||;Nana Boone|Board Member||,https://www.nhaschools.com/schools/jonquil-preparatory-academy/en/leadership,,,,,,,,,https://www.nhaschools.com/schools/jonquil-preparatory-academy/en/leadership|https://www.nhaschools.com/schools/jonquil-preparatory-academy/en/school-operations,2026-09-06,negative,negative,AI site-filter block is not a classroom genAI assignment framework — ChatGPT-class honesty vacuum remains.,No genAI guidance/PD in PSH/leadership paths reviewed.,,No public genAI classroom policy; filter-only AI mention; outcomes not published,https://www.nhaschools.com/getattachment/8fc24db7-0bcf-4833-a226-095e7a741e52/jonquil-prep-(ga)-psh-final-2026-27-conditionally-approved-by-board.pdf,2026-09-06,,,,,
International Charter Academy of Georgia,Atlanta,GA,charter,procedure_handbook,unknown,unknown,unknown,unknown,unknown,,,,,,,,,teacher_discretion,teacher_discretion,citation_required,,offered,curriculum,none,no,unknown,,,unknown,,,,,,unknown,,,,,2026-09-06,State charter (SCSC) Japanese–English dual-language immersion LEA (K–7/K–8 path); SY2026–27 Student Handbook includes a dedicated Artificial Intelligence (AI) Policy — AI allowed for learning/research with teacher approval and proper credit; submitting AI-generated work as one’s own prohibited; AI-generated work/translators prohibited for essays; workshops/curriculum and ongoing staff training promised — no separate parent AI FAQ or published outcomes recovered.,verified,https://www.internationalcharteracademy.org/|https://www.internationalcharteracademy.org/governance/board-members/|https://www.internationalcharteracademy.org/faculty-staff/|https://www.internationalcharteracademy.org/governance/handbooks-and-manuals/|https://www.internationalcharteracademy.org/wp-content/uploads/2026/08/ICAGeorgia-Student-Handbook-2026-2027_V6-Board-Approved-2.docx-2.pdf|https://scsc.georgia.gov/document/document/2025-2026-master-charter-school-list/download,Felecia Tucker-Jones,Principal,f.jones@internationalcharteracademy.org,770-604-0007,,,,,Tripp Morgan,Tripp Morgan|Board Chair||;Rhonda Dickerson|Board Chair||;Kurtis Anderson|Board Member||;Debra Owen|Board Member||;Jorge Ramos|Board Member||,https://www.internationalcharteracademy.org/governance/board-members/,,,,,,,,,https://www.internationalcharteracademy.org/governance/board-members/|https://www.internationalcharteracademy.org/faculty-staff/|https://www.internationalcharteracademy.org/about-us/a-message-from-our-principal/,2026-09-06,mixed,mixed,Handbook AI Policy gives teacher-approval + citation baseline and bans undisclosed/essay AI-generation — clearer than peers — but still depends on classroom approval consistency; parent FAQ and published literacy outcomes absent.,Written AI rules plus promised workshops/ongoing training help; approved-tools list and PD completion evidence not published.,SY26–27 handbook Artificial Intelligence (AI) Policy with teacher approval citation and essay AI ban,No parent AI FAQ; outcomes not published; dual Co-Chair role mapping,https://www.internationalcharteracademy.org/wp-content/uploads/2026/08/ICAGeorgia-Student-Handbook-2026-2027_V6-Board-Approved-2.docx-2.pdf,2026-09-06,,,,,
Ivy Preparatory Academy at Kirkwood,Atlanta,GA,charter,none,unknown,unknown,unknown,unknown,unknown,,,,,,,,,unknown,unknown,unknown,,none,none,none,no,unknown,,,unknown,,,,,,unknown,,,,,2026-09-06,State charter (SCSC) girls K–8 LEA (live ivyprepschool.org; roster listed ivyprepacademy.org); Student/Parent Handbook (image-scan PDF) OCR recovered general academic dishonesty/plagiarism/cheating language without generative-AI/ChatGPT classroom allow/cite/ban rules — no parent AI FAQ or AI PD recovered.,verified,https://www.ivyprepschool.org/|https://www.ivyprepschool.org/board-of-trustees|https://www.ivyprepschool.org/new-executive-director|https://www.ivyprepschool.org/parent-portal|https://www.ivyprepschool.org/_files/ugd/e6c17a_91cc808005144fdab91cdb9dc3879910.pdf|https://scsc.georgia.gov/document/document/2025-2026-master-charter-school-list/download,Elisa A. Falcó,Executive Director,efalco@ivyprepacademy.org,404-622-2727,,,,,Leslie Purifoy Plunkett,Leslie Purifoy Plunkett|Board Chair||;Danielle Harrington|Vice Chair||;Heather Gaylord|Board Member||,https://www.ivyprepschool.org/board-of-trustees,,,,,,,,,https://www.ivyprepschool.org/board-of-trustees|https://www.ivyprepschool.org/new-executive-director,2026-09-06,negative,negative,General plagiarism/cheating rules without genAI specifics — ChatGPT-class honesty vacuum.,No genAI guidance/PD recovered on public board/handbook paths.,,No public genAI classroom policy; image-scan handbook OCR confirms no genAI language; outcomes not published,https://www.ivyprepschool.org/parent-portal|https://www.ivyprepschool.org/_files/ugd/e6c17a_91cc808005144fdab91cdb9dc3879910.pdf,2026-09-06,,,,,
Liberation Academy,Atlanta,GA,charter,none,unknown,unknown,unknown,unknown,unknown,,,,,,,,,unknown,unknown,unknown,,none,none,none,no,unknown,,,unknown,,,,,,unknown,,,,,2026-09-06,State charter (SCSC) 5–8 LEA in College Park; SY2025–26 Student/Family Handbook and Technology Device Policy recovered with general plagiarism/academic honesty language and no generative-AI/ChatGPT classroom allow/cite/ban rules — no parent AI FAQ or AI PD recovered.,verified,https://www.liberationacademy.org/|https://www.liberationacademy.org/board|https://www.liberationacademy.org/leadership/brian-king|https://www.liberationacademy.org/family-resources|https://cdn.prod.website-files.com/6992a6b6cb7221fdb5f83e45/69a4ea14aba172936553df6d_LA%20Student_%20Family%20Handbook%2025-26%20(Final).pdf|https://cdn.prod.website-files.com/6992a6b6cb7221fdb5f83e45/69a4f4d258be335be06cf450_Technology%20Device%20Policy.pdf|https://app2.boardontrack.com/public/KlM5or/minutes/108534|https://scsc.georgia.gov/document/document/2025-2026-master-charter-school-list/download,Brian King,Founder and Executive Director,brian.king@liberationacademy.org,470-816-4910,,,,,,,https://www.liberationacademy.org/board,,,,,,,,,https://www.liberationacademy.org/leadership/brian-king|https://www.liberationacademy.org/board|https://app2.boardontrack.com/public/KlM5or/minutes/108534,2026-09-06,negative,negative,No published genAI assignment rules — vacuum for 5–8 computer-science-forward campus.,No genAI guidance/PD recovered on public leadership/handbook paths.,,No public genAI policy; unpublished live board roster; outcomes not published,https://cdn.prod.website-files.com/6992a6b6cb7221fdb5f83e45/69a4ea14aba172936553df6d_LA%20Student_%20Family%20Handbook%2025-26%20(Final).pdf|https://www.liberationacademy.org/family-resources,2026-09-06,,,,,
Atlanta Jewish Academy,Atlanta,GA,private,none,unknown,unknown,unknown,unknown,unknown,,,,,,,,,unknown,unknown,unknown,,unknown,none,none,no,unknown,,,unknown,,,,,,unknown,,,,,2026-09-06,Atlanta-metro private; Infant–12 Modern Orthodox Jewish day school; Head Rabbi Avi Levitt; Cognia/SAIS (per AJA JCP); public AI classroom-policy vacuum.,verified,https://www.atljewishacademy.org/about/head-of-school|https://www.atljewishacademy.org/about|https://www.atljewishacademy.org/admissions/jewish-community-professional-tuition-grant,,,,,,,,,,,,,,,,,,,,,2026-09-06,negative,mixed,No published ChatGPT/genAI homework allow/cite/ban rules for families.,No shared public schoolwide genAI playbook recovered.,,No public genAI policy,https://www.atljewishacademy.org/about/head-of-school|https://www.atljewishacademy.org/admissions/jewish-community-professional-tuition-grant,2026-09-06,Rabbi Avi Levitt,Head of School,,,Cognia or SAIS (AJA JCP grant listing)
The Weber School,Atlanta,GA,private,none,unknown,unknown,unknown,unknown,unknown,,,,,,,,,unknown,unknown,unknown,,unknown,none,none,no,unknown,,,unknown,,,,,,unknown,,,,,2026-09-06,Atlanta-metro private; Sandy Springs Jewish community high school (9–12); Head Rabbi Ed Harwitz; Cognia/SAIS (JCP listing); public AI classroom-policy vacuum.,verified,https://www.weberschool.org/about-us/welcome-from-the-head|https://www.weberschool.org/about-us/our-mission|https://www.weberschool.org/userfiles/weberschoolmvc/00-documents/2025-2026-College-Profile-Website.pdf|https://www.atljewishacademy.org/admissions/jewish-community-professional-tuition-grant,,,,,,,,,,,,,,,,,,,,,2026-09-06,negative,mixed,No published ChatGPT/genAI homework allow/cite/ban rules for families.,No shared public schoolwide genAI playbook recovered.,,No public genAI policy,https://www.weberschool.org/about-us/welcome-from-the-head|https://www.weberschool.org/userfiles/weberschoolmvc/00-documents/2025-2026-College-Profile-Website.pdf,2026-09-06,Rabbi Ed Harwitz,Head of School,,,Cognia or SAIS (AJA JCP listing)
Holy Spirit Preparatory School,Atlanta,GA,private,procedure_handbook,unknown,unknown,unknown,unknown,unknown,,,,,,,,,banned,banned,unknown,,unknown,none,yes,no,unknown,,,unknown,,,,,,unknown,,,,,2026-09-06,Atlanta-metro private; PreK–12 independent Catholic; President Aimee Viana; Cognia (Promise); LS/US handbooks treat genAI/ChatGPT assignment completion as plagiarism.,verified,https://holyspiritprep.org/blog/holy-spirit-preparatory-school-announces-new-president/|https://georgiabulletin.org/news/2024/09/new-president-of-holy-spirit-preparatory-school-envisions-a-community-of-joy/|https://holyspiritprep.org/wp-content/uploads/2024/08/LS-Handbook-24-25.pdf|https://holyspiritprep.org/wp-content/uploads/2024/08/US-Handbook-24-25.pdf|https://mygeorgiapromise.org/wp-content/uploads/2025/09/Participating-Private-Schools-Website-List-September-15-2025.pdf,,,,,,,,,,,,,,,,,,,,,2026-09-06,mixed,positive,Students face plagiarism consequences for ChatGPT/genAI completing papers/assignments; cite/permission pathways not detailed in recovered LS/US excerpts.,Faculty can cite handbook AI-as-plagiarism language for enforcement.,LS + US handbook AI/plagiarism clauses,Full live PDF SiteGuard-blocked this egress; no traffic-light assignment framework found,https://holyspiritprep.org/wp-content/uploads/2024/08/LS-Handbook-24-25.pdf|https://holyspiritprep.org/wp-content/uploads/2024/08/US-Handbook-24-25.pdf|https://georgiabulletin.org/news/2024/09/new-president-of-holy-spirit-preparatory-school-envisions-a-community-of-joy/,2026-09-06,Aimee Viana,President,,,Cognia (GA Promise); SAIS/AAAIS/GISA memberships cited
Our Lady of the Assumption Catholic School,Atlanta,GA,private,none,unknown,unknown,unknown,unknown,unknown,,,,,,,,,unknown,unknown,unknown,,unknown,none,none,no,unknown,,,unknown,,,,,,unknown,,,,,2026-09-06,Atlanta-metro private; Brookhaven Archdiocesan PK–8; Principal Mandy Crock with public email; Cognia; AI policy vacuum.,verified,https://www.olaschool.org/about-us/about-ola/|https://www.olaschool.org/about-us/fact-sheet/|https://www.olaschool.org/academics/accreditation/,,,,,,,,,,,,,,,,,,,,,2026-09-06,negative,mixed,No published ChatGPT/genAI homework allow/cite/ban rules for families.,No shared public schoolwide genAI playbook recovered.,,No public genAI policy,https://www.olaschool.org/about-us/about-ola/|https://www.olaschool.org/academics/accreditation/,2026-09-06,Mrs. Mandy Crock,Principal,mcrock@olaschool.org,,Cognia (Archdiocese district-wide)
Christ the King School,Atlanta,GA,private,none,unknown,unknown,unknown,unknown,unknown,,,,,,,,,unknown,unknown,unknown,,unknown,none,none,no,unknown,,,unknown,,,,,,unknown,,,,,2026-09-06,Atlanta-metro private; Buckhead K–8 independent Catholic; Principal Melissa Lowry with public email; Cognia School of Distinction 2024; AI policy vacuum.,verified,https://www.christking.org/administrative-team.html|https://www.christking.org/curriculum.html|https://www.christking.org/whoweare.html|https://www.christking.org/,,,,,,,,,,,,,,,,,,,,,2026-09-06,negative,mixed,No published ChatGPT/genAI homework allow/cite/ban rules for families.,No shared public schoolwide genAI playbook recovered.,,No public genAI policy,https://www.christking.org/administrative-team.html|https://www.christking.org/curriculum.html,2026-09-06,Mrs. Melissa Lowry,Principal,mlowry@christking.org,,Cognia (2024 School of Distinction)
St. Jude the Apostle Catholic School,Atlanta,GA,private,none,unknown,unknown,unknown,unknown,unknown,,,,,,,,,unknown,unknown,unknown,,unknown,none,none,no,unknown,,,unknown,,,,,,unknown,,,,,2026-09-06,Atlanta-metro private; Sandy Springs Archdiocesan PK–8; Principal Molly Dean with public email; Cognia (+ STEM cert); AI policy vacuum.,verified,https://www.saintjude.net/About-Us/Meet-Our-Leadership|https://www.saintjude.net/About-Us/Welcome|https://georgiabulletin.org/news/2024/08/new-elementary-school-principals-named/,,,,,,,,,,,,,,,,,,,,,2026-09-06,negative,mixed,No published ChatGPT/genAI homework allow/cite/ban rules for families.,No shared public schoolwide genAI playbook recovered.,,No public genAI policy,https://www.saintjude.net/About-Us/Meet-Our-Leadership|https://www.saintjude.net/About-Us/Welcome,2026-09-06,Mrs. Molly Dean,Principal,mdean@saintjude.net,,Cognia (+ STEM certification)
Arbor Montessori School,Atlanta,GA,private,none,unknown,unknown,unknown,unknown,unknown,,,,,,,,,unknown,unknown,unknown,,unknown,none,none,no,unknown,,,unknown,,,,,,unknown,,,,,2026-09-06,Atlanta-metro private; Decatur AMI Montessori (18mo–14); Head Joseph Wood (from Jul 2026); SAIS/NAIS/AMI; AI policy vacuum.,verified,https://www.arbormontessori.org/about-arbor|https://www.arbormontessori.org/school-life/p/~board/ams-community/post/arbor-hos-joseph-wood|https://www.arbormontessori.org/back-to-school,,,,,,,,,,,,,,,,,,,,,2026-09-06,negative,mixed,No published ChatGPT/genAI homework allow/cite/ban rules for families.,No shared public schoolwide genAI playbook recovered.,,No public genAI policy,https://www.arbormontessori.org/about-arbor|https://www.arbormontessori.org/school-life/p/~board/ams-community/post/arbor-hos-joseph-wood,2026-09-06,Joseph Wood,Head of School,,,SAIS (+ NAIS; AMI)
Mount Pisgah Christian School,Atlanta,GA,private,none,unknown,unknown,unknown,unknown,unknown,,,,,,,,,unknown,unknown,unknown,,unknown,none,none,no,unknown,,,unknown,,,,,,unknown,,,,,2026-09-06,Atlanta-metro private; Johns Creek PreK–12 Christian college-prep (sub for closed Sophia Academy); Head Chris Harmon Ed.D. with public email; Cognia/SAIS/CESA; AI vacuum.,verified,https://www.mountpisgahschool.org/leadership|https://www.mountpisgahschool.org/about|https://mountpisgahsch.static.amais.com/SchoolProfile202526-663.pdf,,,,,,,,,,,,,,,,,,,,,2026-09-06,negative,mixed,No published ChatGPT/genAI homework allow/cite/ban rules for families.,No shared public schoolwide genAI playbook recovered.,,No public genAI policy,https://www.mountpisgahschool.org/leadership|https://mountpisgahsch.static.amais.com/SchoolProfile202526-663.pdf,2026-09-06,"Chris Harmon, Ed.D.",Head of School,charmon@mountpisgahschool.org,,Cognia + SAIS (+ CESA)
Savannah Country Day School,Savannah,GA,private,none,unknown,unknown,unknown,unknown,unknown,,,,,,,,,unknown,unknown,unknown,,unknown,none,none,no,unknown,,,unknown,,,,,,unknown,,,,,2026-09-06,Georgia private (Savannah); JK–12 independent; Head Kef L. Wilson with public email; SAIS; public AI classroom-policy vacuum.,verified,https://www.savcds.org/about-us/head-of-schools-welcome|https://resources.finalsite.net/images/v1698063316/savcdsorg/yz6yf8clrxoygpruj7xn/SCDS2023collegeprofile-digital.pdf|https://mygeorgiapromise.org/wp-content/uploads/2026/04/Year-2-List-GESA-2026-04-23.pdf,,,,,,,,,,,,,,,,,,,,,2026-09-06,negative,mixed,No published ChatGPT/genAI homework allow/cite/ban rules for families.,No shared public schoolwide genAI playbook recovered.,,No public genAI policy,https://www.savcds.org/about-us/head-of-schools-welcome|https://resources.finalsite.net/images/v1698063316/savcdsorg/yz6yf8clrxoygpruj7xn/SCDS2023collegeprofile-digital.pdf,2026-09-06,Kef L. Wilson,Head of School,kwilson@savcds.org,,SAIS
Benedictine Military School,Savannah,GA,private,none,unknown,unknown,unknown,unknown,unknown,,,,,,,,,unknown,unknown,unknown,,unknown,none,none,no,unknown,,,unknown,,,,,,unknown,,,,,2026-09-06,Georgia private (Savannah); Catholic boys military HS; Headmaster Fr. Frank Ziemkiewicz O.S.B. (Principal Jacob Horne); SAIS (Promise); AI policy vacuum.,verified,https://www.thebc400.com/about/leadership|https://mygeorgiapromise.org/wp-content/uploads/2026/04/Year-2-List-GESA-2026-04-23.pdf|https://www.thebc400.com/student-life/school-year-information,,,,,,,,,,,,,,,,,,,,,2026-09-06,negative,mixed,No published ChatGPT/genAI homework allow/cite/ban rules for families.,No shared public schoolwide genAI playbook recovered.,,No public genAI policy,https://www.thebc400.com/about/leadership|https://mygeorgiapromise.org/wp-content/uploads/2026/04/Year-2-List-GESA-2026-04-23.pdf,2026-09-06,"Fr. Frank Ziemkiewicz, O.S.B.",Headmaster,,,SAIS
Augusta Preparatory Day School,Augusta,GA,private,none,unknown,unknown,unknown,unknown,unknown,,,,,,,,,unknown,unknown,unknown,,unknown,none,none,no,unknown,,,unknown,,,,,,unknown,,,,,2026-09-06,Georgia private (Martinez/Augusta); ages-2–12 independent; Head Eric Hedinger with public phone; SAIS; Honor Code silent on genAI — AI vacuum.,verified,https://www.augustaprep.org/about-us/head-of-school|https://www.augustaprep.org/about-us/faculty-and-staff|https://www.augustaprep.org/about-us/partnerships|https://www.augustaprep.org/about-us/our-mission/honor-code|https://mygeorgiapromise.org/wp-content/uploads/2026/04/Year-2-List-GESA-2026-04-23.pdf,,,,,,,,,,,,,,,,,,,,,2026-09-06,negative,mixed,No published ChatGPT/genAI homework allow/cite/ban rules for families.,No shared public schoolwide genAI playbook recovered.,,No public genAI policy,https://www.augustaprep.org/about-us/head-of-school|https://www.augustaprep.org/about-us/our-mission/honor-code,2026-09-06,Eric Hedinger,Head of School,,(706) 434-2424,SAIS
Brookstone School,Columbus,GA,private,none,unknown,unknown,unknown,unknown,unknown,,,,,,,,,unknown,unknown,unknown,,unknown,none,none,no,unknown,,,unknown,,,,,,unknown,,,,,2026-09-06,Georgia private (Columbus); 3K–12 independent; Head Henry F. Heil; SAIS/SACS-AdvancED (handbook); public AI classroom-policy vacuum.,verified,https://www.brookstoneschool.org/about-brookstone/leadership|https://resources.finalsite.net/images/v1755113297/brookstoneschoolorg/ugoj3ckquv2lhaeoh6qr/BrookstoneFamilyHandbook2025-2026.pdf|https://resources.finalsite.net/images/v1753883040/brookstoneschoolorg/bhtqbp5ft9c0lfzpiw3y/CollegeProfile2025_1.pdf,,,,,,,,,,,,,,,,,,,,,2026-09-06,negative,mixed,No published ChatGPT/genAI homework allow/cite/ban rules for families.,No shared public schoolwide genAI playbook recovered.,,No public genAI policy (handbook plagiarism is generic),https://www.brookstoneschool.org/about-brookstone/leadership|https://resources.finalsite.net/images/v1755113297/brookstoneschoolorg/ugoj3ckquv2lhaeoh6qr/BrookstoneFamilyHandbook2025-2026.pdf,2026-09-06,Henry F. Heil,Head of School,,,SAIS; SACS/AdvancED
Stratford Academy,Macon,GA,private,none,unknown,unknown,unknown,unknown,unknown,,,,,,,,,unknown,unknown,unknown,,unknown,none,none,no,unknown,,,unknown,,,,,,unknown,,,,,2026-09-06,Georgia private (Macon); PreK–12 independent; Interim Head Scott Wilson (2026–27 after Adams exit); SAIS; AI policy vacuum.,verified,https://www.stratford.org/aboutus/our-leadership|https://www.stratford.org/aboutus/news-and-events|https://resources.finalsite.net/images/v1755625333/stratfordacademy/d2ogdcevzu4bksj9lmbt/StratfordAcademyCollegeProfile2025-2026.pdf|https://mygeorgiapromise.org/wp-content/uploads/2026/04/Year-2-List-GESA-2026-04-23.pdf,,,,,,,,,,,,,,,,,,,,,2026-09-06,negative,mixed,No published ChatGPT/genAI homework allow/cite/ban rules for families.,No shared public schoolwide genAI playbook recovered.,,No public genAI policy,https://www.stratford.org/aboutus/our-leadership|https://resources.finalsite.net/images/v1755625333/stratfordacademy/d2ogdcevzu4bksj9lmbt/StratfordAcademyCollegeProfile2025-2026.pdf,2026-09-06,Scott Wilson,Interim Head of School,,,SAIS
First Presbyterian Day School,Macon,GA,private,none,unknown,unknown,unknown,unknown,unknown,,,,,,,,,unknown,unknown,unknown,,unknown,none,none,no,unknown,,,unknown,,,,,,unknown,,,,,2026-09-06,Georgia private (Macon); 3K–12 Presbyterian day school; Head Matt Kitchell (since Jun 2025); Cognia/SAIS/CESA/ACSI; AI vacuum.,verified,https://www.fpdmacon.org/head-of-school/|https://www.fpdmacon.org/history|https://firstpresbyterian.static.amais.com/20252026THEPROFILE-814.pdf|https://mygeorgiapromise.org/wp-content/uploads/2026/04/Year-2-List-GESA-2026-04-23.pdf,,,,,,,,,,,,,,,,,,,,,2026-09-06,negative,mixed,No published ChatGPT/genAI homework allow/cite/ban rules for families.,No shared public schoolwide genAI playbook recovered.,,No public genAI policy,https://www.fpdmacon.org/head-of-school/|https://firstpresbyterian.static.amais.com/20252026THEPROFILE-814.pdf,2026-09-06,Matt Kitchell,Head of School,,,Cognia; SAIS; CESA; ACSI-Exemplary
Valwood School,Valdosta,GA,private,none,unknown,unknown,unknown,unknown,unknown,,,,,,,,,unknown,unknown,unknown,,unknown,none,none,no,unknown,,,unknown,,,,,,unknown,,,,,2026-09-06,Georgia private (Hahira/Valdosta); PreK–12 independent; Head John L. Davis Sr. (retiring EOY 2026–27); SAIS; AI vacuum.,verified,https://www.valwood.org/leadership|https://www.valwood.org/about|https://www.valwood.org/hubfs/Valwood%20School%20Profile%202025-2026.pdf|https://www.valwood.org/headofschoolsearch|https://mygeorgiapromise.org/wp-content/uploads/2026/04/Year-2-List-GESA-2026-04-23.pdf,,,,,,,,,,,,,,,,,,,,,2026-09-06,negative,mixed,No published ChatGPT/genAI homework allow/cite/ban rules for families.,No shared public schoolwide genAI playbook recovered.,,No public genAI policy,https://www.valwood.org/leadership|https://www.valwood.org/about,2026-09-06,"John L. Davis, Sr.",Head of School,,,SAIS
Darlington School,Rome,GA,private,guidance,unknown,unknown,unknown,unknown,unknown,,,,,,,,,teacher_discretion,teacher_discretion,unknown,,ad_hoc,curriculum,none,no,unknown,,,unknown,,,,,,unknown,,,,,2026-09-06,Georgia private (Rome); PreK–12 day+boarding; Head Brent Bell with public email/phone; SAIS/AdvancED; Technology page AI Literacy guidance without handbook assignment rules.,verified,https://www.darlingtonschool.org/aboutdarlington/head-of-school|https://www.darlingtonschool.org/academics/technology|https://www.darlingtonschool.org/aboutdarlington/memberships-and-affiliations|https://www.darlingtonschool.org/6561717,,,,,,,,,,,,,,,,,,,,,2026-09-06,mixed,positive,Students taught to evaluate AI content and use AI responsibly/transparently; classroom assignment permissions not published as traffic-light rules.,Faculty can cite Technology/AI Literacy page; PD still largely conference/ad hoc.,Published AI Literacy digital-citizenship curriculum + grade-band AI standards,No public handbook genAI plagiarism clause or traffic-light assignment framework found,https://www.darlingtonschool.org/academics/technology|https://www.darlingtonschool.org/aboutdarlington/head-of-school,2026-09-06,Brent Bell,Head of School,BBell@darlingtonschool.org,(706) 236-0481,SAIS; AdvancED/SACS; MSA
Baconton Community Charter School,Rural SW Georgia,GA,charter,none,unknown,unknown,unknown,unknown,unknown,,,,,,,,,unknown,unknown,unknown,,none,none,none,no,unknown,,,unknown,,,,,,unknown,,,,,2026-09-06,State charter (SCSC) K–12 LEA serving Mitchell/Lee/Dougherty/Baker/Worth; live bccsblazers.org bot-blocked this pass; BoardOnTrack bullying/student-family policy attachment and Apr 2026 minutes recovered without generative-AI/ChatGPT classroom allow/cite/ban language — no parent AI FAQ or AI PD recovered.,verified,https://www.bccsblazers.org/|https://scsc.georgia.gov/locations/baconton-community-charter-school|https://app2.boardontrack.com/public/Mjrknr/home|https://app2.boardontrack.com/org/Mjrknr/minutes/downloadPdf/88430|https://app2.boardontrack.com/attachment/publicDownload/418800?s=Mjrknr|https://sites.google.com/view/bccsblazers/parentstudent/staff-directory|https://scsc.georgia.gov/document/document/2025-2026-master-charter-school-list/download,Missy Harrod,Superintendent,,229-787-9999,,,,,Rashelle Minix,Rashelle Minix|Board Chair||;Amber Gravette|Board Member||;Brittany Shiver|Board Member||;Robert Frock|Board Member||;Shavonne Threatts|Board Member||;Sonya Williams|Board Member||;Stone Pinson|Board Member||;Benjamin Brooks|Board Member||;Isabel Nunez|Board Member||;Jenny Van Meter|Board Member||,https://app2.boardontrack.com/org/Mjrknr/minutes/downloadPdf/88430,,,,,,,,,https://sites.google.com/view/bccsblazers/parentstudent/staff-directory|https://app2.boardontrack.com/org/Mjrknr/minutes/downloadPdf/88430|https://scsc.georgia.gov/locations/baconton-community-charter-school|https://gacharters.org/school/baconton-community-charter-school/,2026-09-06,negative,negative,No published genAI homework allow/cite/ban rules recovered on BOT policy/minutes paths — honesty vacuum for K–12 multi-county LEA.,No genAI guidance/PD recovered on public BOT/policy paths reviewed.,,No public genAI classroom policy; live site bot-blocked; outcomes not published,https://app2.boardontrack.com/attachment/publicDownload/418800?s=Mjrknr|https://app2.boardontrack.com/org/Mjrknr/minutes/downloadPdf/88430,2026-09-06,,,,,
Cirrus Academy Charter School,Macon,GA,charter,none,unknown,unknown,unknown,unknown,unknown,,,,,,,,,unknown,unknown,unknown,,none,none,none,no,unknown,,,unknown,,,,,,unknown,,,,,2026-09-06,State charter (SCSC) K–8 STEAM LEA (opened 2015); 2025–26 Parent/Scholar Handbook lists Governing Board and Head of Schools Barry Williams and covers general conduct without generative-AI/ChatGPT classroom allow/cite/ban language — no parent AI FAQ or AI PD recovered.,verified,https://www.cirrusacademy.org/|https://www.cirrusacademy.org/governing-board/|https://www.cirrusacademy.org/our-leadership/|https://www.cirrusacademy.org/wp-content/uploads/2025/07/CACS-Handbook-2025_2026-2.pdf|https://scsc.georgia.gov/document/document/2025-2026-master-charter-school-list/download,Barry Williams,Head of Schools,,478-250-1376,,,,,Charlene Latrell Taylor,Charlene Latrell Taylor|Board Chair||;Tosin Olagunju|Vice Chair||;Lisa Golphin|Board Member||;Nathan Lewis|Board Member||;Shirlynn Kelly|Board Member||;Rhonda Finley|Board Member||,https://www.cirrusacademy.org/governing-board/,,,,,,,,,https://www.cirrusacademy.org/governing-board/|https://www.cirrusacademy.org/our-leadership/|https://www.cirrusacademy.org/wp-content/uploads/2025/07/CACS-Handbook-2025_2026-2.pdf,2026-09-06,negative,negative,No published genAI assignment rules in 2025–26 handbook — vacuum for K–8 STEAM LEA.,No genAI guidance/PD recovered on handbook/leadership/board paths.,,No public genAI classroom policy; outcomes not published,https://www.cirrusacademy.org/wp-content/uploads/2025/07/CACS-Handbook-2025_2026-2.pdf|https://www.cirrusacademy.org/governing-board/,2026-09-06,,,,,
Four Points Preparatory Academy,Jefferson,GA,charter,none,unknown,unknown,unknown,unknown,unknown,,,,,,,,,unknown,unknown,unknown,,none,none,none,no,unknown,,,unknown,,,,,,unknown,,,,,2026-09-06,State charter (SCSC) K–5 LEA (opened 2025; NHA-managed); 2026–27 Parent and Student Handbook blocks an “Artificial Intelligence” web-filter category and bans AI glasses among devices but publishes no generative-AI classroom allow/cite/ban assignment framework or parent AI FAQ.,verified,https://www.nhaschools.com/schools/four-points-preparatory-academy/en|https://www.nhaschools.com/schools/four-points-preparatory-academy/en/leadership|https://www.nhaschools.com/schools/four-points-preparatory-academy/en/school-operations|https://www.nhaschools.com/getmedia/9cd5a062-caa0-4f08-8213-fc7767edeb0f/four-points-(ga)-psh-final-2026-27-8-13-26.pdf|https://www.fourpointsprepacademy.org/|https://scsc.georgia.gov/document/document/2025-2026-master-charter-school-list/download,Amanda Brown,Principal,129.abrown@nhaschools.com,762-425-0550,,,,,Pam Estabrooke,Pam Estabrooke|Board Chair||;Diane Basham|Vice Chair||;Spencer Thomas|Board Member||;Indria Bashley|Board Member||;Michael Bell|Board Member||,https://www.nhaschools.com/schools/four-points-preparatory-academy/en/leadership,,,,,,,,,https://www.nhaschools.com/schools/four-points-preparatory-academy/en/leadership|https://www.nhaschools.com/schools/four-points-preparatory-academy/en/school-operations|https://www.nhaschools.com/getmedia/9cd5a062-caa0-4f08-8213-fc7767edeb0f/four-points-(ga)-psh-final-2026-27-8-13-26.pdf,2026-09-06,negative,negative,AI site-filter block / AI-glasses device ban is not a classroom genAI assignment framework — ChatGPT-class honesty vacuum remains for K–5.,No genAI guidance/PD in PSH/leadership paths reviewed.,,No public genAI classroom policy; filter-only AI mention; outcomes not published,https://www.nhaschools.com/getmedia/9cd5a062-caa0-4f08-8213-fc7767edeb0f/four-points-(ga)-psh-final-2026-27-8-13-26.pdf,2026-09-06,,,,,
Furlow Charter School,Americus,GA,charter,procedure_handbook,unknown,unknown,unknown,unknown,unknown,,,,,,,,,teacher_discretion,teacher_discretion,citation_required,,none,none,none,no,unknown,,,unknown,,,,,,unknown,,,,,2026-09-06,State charter (SCSC) K–12 LEA (opened 2015); Family Handbook 2026–2027 includes a dedicated Artificial Intelligence Policy — AI for school activities requires prior advisor/admin approval; AI-aided work needs attribution; AI must not replace scholar effort; verification/oral defense allowed — no separate parent AI FAQ or published AI PD/outcomes recovered.,verified,https://www.furlowcharter.org/|https://www.furlowcharter.org/boardmembers|https://www.furlowcharter.org/facultyandstaff|https://www.furlowcharter.org/nichole-walker|https://www.furlowcharter.org/boarddocuments|https://drive.google.com/file/d/1r9qUjKh6WEg2YR2JTGRTxKMYWQCvhQTG/view|https://scsc.georgia.gov/document/document/2025-2026-master-charter-school-list/download,Nichole Walker,Principal,nwalker@furlowcharter.org,229-931-8667,,,,,Allyson Drinnon,Allyson Drinnon|Board Chair||;Katie Minich|Vice Chair||;Jeanie Smith|Board Member||;Lisa Courtney|Board Member||;Laura Bauer McConatha|Board Member||;Lynzie Mims|Board Member||;Leann H. Miller|Board Member||;Ke Wang|Board Member||,https://www.furlowcharter.org/boardmembers,,,,,,,,,https://www.furlowcharter.org/nichole-walker|https://www.furlowcharter.org/boardmembers|https://www.furlowcharter.org/facultyandstaff|https://americustimesrecorder.com/2026/02/17/furlow-charter-school-elects-new-principal/,2026-09-06,mixed,mixed,Handbook AI Policy gives approval + attribution baseline clearer than peers — still classroom-inconsistent without traffic-light labels or parent AI FAQ; outcomes unpublished.,Written AI rules aid enforcement; no public teacher genAI PD or approved-tools list recovered.,Family Handbook 2026–27 Artificial Intelligence Policy with prior approval and attribution,No parent AI FAQ; no published AI PD/literacy outcomes,https://drive.google.com/file/d/1r9qUjKh6WEg2YR2JTGRTxKMYWQCvhQTG/view|https://www.furlowcharter.org/boarddocuments,2026-09-06,,,,,
Georgia School for Innovation & the Classics,Augusta,GA,charter,none,unknown,unknown,unknown,unknown,unknown,,,,,,,,,unknown,unknown,unknown,,none,none,none,no,unknown,,,unknown,,,,,,unknown,,,,,2026-09-06,State charter (SCSC) K–12 classical LEA (opened 2015); Family Handbook 2026–2027 lists academic dishonesty under Level Two discipline without generative-AI/ChatGPT classroom allow/cite/ban language — no parent AI FAQ or AI PD recovered.,verified,https://www.gsiccharter.com/|https://www.gsiccharter.com/governing-board/|https://www.gsiccharter.com/administration/|https://www.gsiccharter.com/administration/jody-boulineau-superintendent/|https://www.gsiccharter.com/family-handbook/|https://drive.google.com/file/d/1s7UYg4co3gclESsHiH2Z4S4IMaTpi0QE/view|https://scsc.georgia.gov/document/document/2025-2026-master-charter-school-list/download,Jody Boulineau,Superintendent,jboulineau@gsiccharter.com,706-434-8085,,,,,Robert Buchwitz,Robert Buchwitz|Board Chair||;Brent Weir|Vice Chair||;Wright McLeod|Board Member||;Glenn O'Steen|Board Member||;Eugene Yu|Board Member||,https://www.gsiccharter.com/governing-board/,,,,,,,,,https://www.gsiccharter.com/administration/|https://www.gsiccharter.com/administration/jody-boulineau-superintendent/|https://www.gsiccharter.com/governing-board/|https://drive.google.com/file/d/1s7UYg4co3gclESsHiH2Z4S4IMaTpi0QE/view,2026-09-06,negative,negative,No published genAI homework allow/cite/ban rules in Family Handbook 2026–27 — vacuum for K–12 classical LEA.,No genAI guidance/PD recovered on handbook/admin/board paths.,,No public genAI classroom policy; outcomes not published,https://drive.google.com/file/d/1s7UYg4co3gclESsHiH2Z4S4IMaTpi0QE/view|https://www.gsiccharter.com/family-handbook/,2026-09-06,,,,,
Liberty Tech Charter School,Atlanta,GA,charter,procedure_handbook,unknown,unknown,unknown,unknown,unknown,,,,,,,,,restricted,restricted,unknown,,none,none,none,no,unknown,,,unknown,,,,,,unknown,,,,,2026-09-06,State charter (SCSC) K–8 STEAM/classical PBL LEA (opened 2016); Student & Family Handbook 2026–2027 Academic Dishonesty/Plagiarism section states penalties also include using generative artificial intelligence as a substitute for a student’s own work — no teacher-approval/citation framework or parent AI FAQ recovered.,verified,https://www.libertytechcharter.org/|https://www.libertytechcharter.org/ltcs-board.html|https://www.libertytechcharter.org/staff.html|https://www.libertytechcharter.org/parent-resources.html|https://docs.google.com/document/d/1U9Drwxcq5EtKeLk8HSvdFNvLaDhZvYMeafA0bmzNBXU/edit|https://www.libertytechcharter.org/uploads/1/4/0/5/140578707/24-25_student_family_handbook.pdf|https://scsc.georgia.gov/document/document/2025-2026-master-charter-school-list/download,Regina Tonnis,Principal,regina.tonnis@libertytechcharter.org,770-461-0005,,,,,Nathan Flint,Nathan Flint|Board Chair||;Brittany Martin|Vice Chair||;Robert Varghese|Board Member||;Lloyd Crabtree|Board Member||;Jeremy Tuck|Board Member||;Kristen Dutton|Board Member||;Joyce Christy|Board Member||,https://www.libertytechcharter.org/ltcs-board.html,,,,,,,,,https://www.libertytechcharter.org/staff.html|https://www.libertytechcharter.org/ltcs-board.html|https://docs.google.com/document/d/1U9Drwxcq5EtKeLk8HSvdFNvLaDhZvYMeafA0bmzNBXU/edit,2026-09-06,mixed,mixed,Handbook explicitly treats generative-AI-as-substitute as plagiarism — clearer than a total vacuum — but no citation/approval pathway or parent FAQ; classroom variance still likely.,Written genAI-as-substitute ban aids honesty enforcement; no public teacher genAI PD or approved-tools list recovered.,SY26–27 handbook Academic Dishonesty/Plagiarism includes generative artificial intelligence as substitute for student work,No parent AI FAQ; no published AI PD/literacy; outcomes not published,https://docs.google.com/document/d/1U9Drwxcq5EtKeLk8HSvdFNvLaDhZvYMeafA0bmzNBXU/edit|https://www.libertytechcharter.org/parent-resources.html,2026-09-06,,,,,
Miles Ahead Charter School,Atlanta,GA,charter,none,unknown,unknown,unknown,unknown,unknown,,,,,,,,,unknown,unknown,unknown,,none,none,none,no,unknown,,,unknown,,,,,,unknown,,,,,2026-09-06,State charter (SCSC) K–6 LEA (opened 2022); public Acceptable Use Policy and Parent Hub paths recovered without generative-AI/ChatGPT classroom allow/cite/ban language; Scholar Handbook lives in a Google Drive folder not deep-skimmed this pass — no parent AI FAQ or AI PD recovered.,verified,https://milesaheadcharter.org/|https://milesaheadcharter.org/macs-sr-administration-crew/|https://milesaheadcharter.org/board-of-directors/|https://milesaheadcharter.org/acceptable-use-policy/|https://milesaheadcharter.org/parent-hub/scholar-handbook/|https://app2.boardontrack.com/public/HsVCa4/home|https://scsc.georgia.gov/document/document/2025-2026-master-charter-school-list/download,Kolt Bloxson Pitts,Founder & Head of School,kolt.bloxson@milesaheadcharter.org,770-589-1670,,,,,Henry Lust,Henry Lust|Board Chair||;Tracy Reese|Vice Chair||;Jennifer Toussaint|Board Member||;Angel Turner|Board Member||;Ed Miller|Board Member||;Joel Hazard|Board Member||,https://milesaheadcharter.org/board-of-directors/,,,,,,,,,https://milesaheadcharter.org/macs-sr-administration-crew/|https://milesaheadcharter.org/board-of-directors/|https://milesaheadcharter.org/our-crew/kolt-bloxson-pitts/,2026-09-06,negative,negative,No published genAI assignment rules on live AUP/parent-hub paths — vacuum for K–6 1:1 device LEA.,No genAI guidance/PD recovered on public admin/AUP paths.,,No public genAI classroom policy; scholar handbook Drive-folder deep skim GAP; outcomes not published,https://milesaheadcharter.org/acceptable-use-policy/|https://milesaheadcharter.org/parent-hub/scholar-handbook/,2026-09-06,,,,,
Movement School South Fulton Elementary,Atlanta,GA,charter,none,unknown,unknown,unknown,unknown,unknown,,,,,,,,,unknown,unknown,unknown,,none,none,none,no,unknown,,,unknown,,,,,,unknown,,,,,2026-09-06,State charter (SCSC) K–2 (growing toward K–5) Movement network LEA (opened 2025); Georgia Parent Resources Family Handbook link still serves 2022–23 network PDF and Internet Safety Policy is CIPA/filter-only — no generative-AI/ChatGPT classroom allow/cite/ban framework or parent AI FAQ recovered.,verified,https://georgia.movementschools.org/|https://georgia.movementschools.org/administration-and-board/governing-board/|https://georgia.movementschools.org/administration-and-board/school-staff/|https://georgia.movementschools.org/resource/family-handbook/|https://georgia.movementschools.org/resource/internet-safety-policy-for-movement-schools/|https://georgia.movementschools.org/wp-content/uploads/sites/2/2022/11/Family-Handbook-2022-2023.pdf|https://gacharters.org/school/movement-school-south-fulton/|https://scsc.georgia.gov/document/document/2025-2026-master-charter-school-list/download,Kerri-Ann T. Thomas,CEO,,470-575-2177,,,,,Jason Crain,Jason Crain|Board Chair||;Kim Harrington|Vice Chair||;Jason Terrell|Board Member||;Charis Chambers|Board Member||;Dupre Peoples|Board Member||,https://georgia.movementschools.org/administration-and-board/governing-board/,,,,,,,,,https://georgia.movementschools.org/administration-and-board/school-staff/|https://georgia.movementschools.org/administration-and-board/governing-board/|https://gacharters.org/school/movement-school-south-fulton/,2026-09-06,negative,negative,No published genAI classroom assignment rules on Georgia resource/internet-safety paths — vacuum for new K–2 campus.,No genAI guidance/PD recovered on staff/board/resource paths.,,No public genAI classroom policy; Family Handbook link stale (2022–23); campus Principal title unclear; outcomes not published,https://georgia.movementschools.org/resource/internet-safety-policy-for-movement-schools/|https://georgia.movementschools.org/resource/family-handbook/|https://georgia.movementschools.org/wp-content/uploads/sites/2/2022/11/Family-Handbook-2022-2023.pdf,2026-09-06,,,,,
Frederica Academy,Brunswick,GA,private,guidance,unknown,unknown,unknown,unknown,unknown,,,,,,,,,restricted,teacher_discretion,traffic_light,,unknown,none,none,no,unknown,,,unknown,,,,,,unknown,,,,,2026-09-06,Georgia private (St. Simons); PK–12 independent; Head Scott Hutchinson with public email/ext; SAIS; published Technology AI Policy (RYG + cite) + handbook AI plagiarism.,verified,https://www.fredericaacademy.org/academics/technology|https://www.fredericaacademy.org/about-us/affiliations|https://resources.finalsite.net/images/v1769090879/fredericaacademyorg/b1fmciyg1wyjyvd5iy1f/2025-26SchoolProfile.pdf|https://resources.finalsite.net/images/v1719584176/fredericaacademyorg/diwmy0pjy0zviukvdm7l/USHandbook_9.pdf,,,,,,,,,,,,,,,,,,,,,2026-09-06,mixed,mixed,Families can cite Technology AI Policy traffic-light + transparency rules; handbook treats unauthorized AI as plagiarism.,Faculty expected to set clear AI expectations and use RYG labels; free web GenAI only unless supervisor approves paid tools.,Public RYG assignment labeling + AI citation/transparency expectations,No outcomes / named tool allow-list beyond free web GenAI,https://www.fredericaacademy.org/academics/technology|https://resources.finalsite.net/images/v1719584176/fredericaacademyorg/diwmy0pjy0zviukvdm7l/USHandbook_9.pdf,2026-09-06,Scott L. Hutchinson,Head of School,scotthutchinson@fredericaacademy.org,(912) 638-9981 ext. 100,SAIS
St. Andrew's School,Savannah,GA,private,none,unknown,unknown,unknown,unknown,unknown,,,,,,,,,unknown,unknown,unknown,,unknown,none,none,no,unknown,,,unknown,,,,,,unknown,,,,,2026-09-06,Georgia private (Savannah Wilmington Island); age-3–12 IB independent; Head Kelley Waldron with public email (search underway); SAIS (Promise); AI vacuum.,verified,https://www.saslions.com/about-us/leadership-staff|https://www.saslions.com/|https://mygeorgiapromise.org/wp-content/uploads/2026/04/Year-2-List-GESA-2026-04-23.pdf,,,,,,,,,,,,,,,,,,,,,2026-09-06,negative,mixed,No published ChatGPT/genAI homework allow/cite/ban rules for families.,No shared public schoolwide genAI playbook recovered.,,No public genAI policy,https://www.saslions.com/about-us/leadership-staff|https://mygeorgiapromise.org/wp-content/uploads/2026/04/Year-2-List-GESA-2026-04-23.pdf,2026-09-06,Dr. Kelley Waldron,Head of School,waldronk@saslions.com,,SAIS
Tattnall Square Academy,Macon,GA,private,none,unknown,unknown,unknown,unknown,unknown,,,,,,,,,unknown,unknown,unknown,,unknown,none,none,no,unknown,,,unknown,,,,,,unknown,,,,,2026-09-06,Georgia private (Macon); K3–12 Christian independent; Head Travis Absher with public email; SACS/Cognia/SAIS (Promise GISA); AI vacuum.,verified,https://www.tattnall.org/who-we-are/|https://www.tattnall.org/who-we-are/faculty-staff/travis-absher/|https://mygeorgiapromise.org/wp-content/uploads/2026/04/Year-2-List-GESA-2026-04-23.pdf,,,,,,,,,,,,,,,,,,,,,2026-09-06,negative,mixed,No published ChatGPT/genAI homework allow/cite/ban rules for families.,No shared public schoolwide genAI playbook recovered.,,No public genAI policy,https://www.tattnall.org/who-we-are/|https://www.tattnall.org/who-we-are/faculty-staff/travis-absher/,2026-09-06,Dr. Travis Absher,Head of School,travis.absher@tattnall.org,,SACS + Cognia + SAIS (Promise: GISA)
Deerfield-Windsor School,Albany,GA,private,none,unknown,unknown,unknown,unknown,unknown,,,,,,,,,unknown,unknown,unknown,,unknown,none,none,no,unknown,,,unknown,,,,,,unknown,,,,,2026-09-06,Georgia private (Albany); PreK–12 independent; Head JG Abernathy (2026); SAIS (Promise + news); public AI classroom-policy vacuum.,verified,https://www.deerfieldwindsor.com/|https://mygeorgiapromise.org/wp-content/uploads/2026/04/Year-2-List-GESA-2026-04-23.pdf,,,,,,,,,,,,,,,,,,,,,2026-09-06,negative,mixed,No published ChatGPT/genAI homework allow/cite/ban rules for families.,No shared public schoolwide genAI playbook recovered.,,No public genAI policy,https://www.deerfieldwindsor.com/|https://mygeorgiapromise.org/wp-content/uploads/2026/04/Year-2-List-GESA-2026-04-23.pdf,2026-09-06,John Garrett Abernathy,Head of School,,,SAIS
Riverside Military Academy,Gainesville,GA,private,none,unknown,unknown,unknown,unknown,unknown,,,,,,,,,unknown,unknown,unknown,,unknown,none,none,no,unknown,,,unknown,,,,,,unknown,,,,,2026-09-06,Georgia private (Gainesville); boys 6–12 military prep; President Nizar Zakka (Board Chair dual role); SAIS; GenAI Taskforce named but no public policy — vacuum.,verified,https://www.riversidemilitary.org/|https://www.riversideprep.org/,,,,,,,,,,,,,,,,,,,,,2026-09-06,negative,mixed,No published ChatGPT/genAI homework allow/cite/ban rules for families.,No shared public schoolwide genAI playbook recovered.,,No public genAI policy,https://www.riversidemilitary.org/,2026-09-06,Nizar Zakka,President of RMA,,,SAIS
Lakeview Academy,Gainesville,GA,private,none,unknown,unknown,unknown,unknown,unknown,,,,,,,,,unknown,unknown,unknown,,unknown,none,none,no,unknown,,,unknown,,,,,,unknown,,,,,2026-09-06,Georgia private (Gainesville); PreK–12 independent; Head John Simpson (since 2022); SAIS; AI policy vacuum.,verified,https://www.lakeviewacademy.org/,,,,,,,,,,,,,,,,,,,,,2026-09-06,negative,mixed,No published ChatGPT/genAI homework allow/cite/ban rules for families.,No shared public schoolwide genAI playbook recovered.,,No public genAI policy,https://www.lakeviewacademy.org/,2026-09-06,John Simpson,Head of School,,,SAIS
Pinecrest Academy,Atlanta,GA,private,none,unknown,unknown,unknown,unknown,unknown,,,,,,,,,unknown,unknown,unknown,,unknown,none,none,no,unknown,,,unknown,,,,,,unknown,,,,,2026-09-06,Georgia private (Cumming); PreK3–12 Catholic independent (north metro edge); Head Jake Rodgers (search for 2027); SAIS-AdvancED/SACS; AI vacuum.,verified,https://www.pinecrestacademy.org/,,,,,,,,,,,,,,,,,,,,,2026-09-06,negative,mixed,No published ChatGPT/genAI homework allow/cite/ban rules for families.,No shared public schoolwide genAI playbook recovered.,,No public genAI policy,https://www.pinecrestacademy.org/,2026-09-06,Jake Rodgers,"President, Head of School",,,SAIS-AdvancED/SACS
George Walton Academy,Atlanta,GA,private,none,unknown,unknown,unknown,unknown,unknown,,,,,,,,,unknown,unknown,unknown,,unknown,none,none,no,unknown,,,unknown,,,,,,unknown,,,,,2026-09-06,Georgia private (Monroe); K3–12 independent; Head John D. Marshall; SAIS+GISA (May 2025); AI policy vacuum.,verified,https://www.gwa.com/,,,,,,,,,,,,,,,,,,,,,2026-09-06,negative,mixed,No published ChatGPT/genAI homework allow/cite/ban rules for families.,No shared public schoolwide genAI playbook recovered.,,No public genAI policy,https://www.gwa.com/,2026-09-06,John D. Marshall,Head of School,,,SAIS + GISA
Odyssey School,Atlanta,GA,charter,procedure_handbook,unknown,unknown,unknown,unknown,unknown,,,,,,,,,restricted,restricted,unknown,unknown,none,none,none,no,unknown,,,unknown,,,,,,unknown,,,,,2026-09-06,State charter (SCSC) K–8 LEA (opened 2004; Coweta + multi-county); Scholar & Family Handbook Preliminary 2025–2026 Academic Fraud treats work from ChatGPT/Google Gemini/Microsoft Copilot/Claude/Perplexity/Jasper AI as academic fraud (suspension/expulsion pathway) — no teacher-approval/citation framework or parent AI FAQ recovered.,verified,https://odysseycharterschool.net/|https://odysseycharterschool.net/board-members/|https://odysseycharterschool.net/faculty/|https://odysseycharterschool.net/scholar-family-handbook/|https://odysseycharterschool.net/wp-content/uploads/Parent-Scholar-Handbook-Preliminary-2025-2026-January-aa4-1.pdf|https://odysseycharterschool.net/computer-and-internet/|https://odysseycharterschool.net/wp-content/uploads/AUP-2023-2024.docx.pdf|https://scsc.georgia.gov/document/document/2025-2026-master-charter-school-list/download,Scot Hooper,Superintendent,shooper@odysseycharterschool.net,770-251-6111,,,,,Andrew Kee,Andrew Kee|Board Chair||;Stephanie Glenn|Vice Chair||;Nick Garrison|Board Member||;Ray Evans|Board Member||;Fred Miles|Board Member||,https://odysseycharterschool.net/board-members/,,,,,,,,,https://odysseycharterschool.net/board-members/|https://odysseycharterschool.net/faculty/|https://odysseycharterschool.net/wp-content/uploads/Parent-Scholar-Handbook-Preliminary-2025-2026-January-aa4-1.pdf,2026-09-06,mixed,mixed,Handbook Academic Fraud explicitly names major genAI tools as fraud pathways — clearer than a vacuum — but no citation/approval route or parent AI FAQ; classroom variance still likely for K–8.,Named-tool fraud rule aids honesty enforcement; no public teacher genAI PD or approved-tools list recovered.,SY25–26 handbook Academic Fraud includes ChatGPT Gemini Copilot Claude Perplexity Jasper AI,No parent AI FAQ; no published AI PD/literacy; roster .org URL points to wrong state school,https://odysseycharterschool.net/wp-content/uploads/Parent-Scholar-Handbook-Preliminary-2025-2026-January-aa4-1.pdf|https://odysseycharterschool.net/scholar-family-handbook/,2026-09-06,,,,,
Pataula Charter Academy,Rural SW Georgia,GA,charter,procedure_handbook,unknown,unknown,unknown,unknown,unknown,,,,,,,,,restricted,restricted,unknown,unknown,none,none,none,no,unknown,,,unknown,,,,,,unknown,,,,,2026-09-06,State charter (SCSC) K–12 LEA (opened 2010; Baker/Clay/Calhoun/Early/Miller/Randolph/Terrell + shared SCCA handbook); 2026–2027 District-Wide Parent-Student Handbook Honor Code treats unauthorized use of AI as cheating/plagiarism — no teacher-approval/citation framework or parent AI FAQ recovered.,verified,https://www.pataula.net/|https://www.pataula.net/apps/pages/index.jsp?uREC_ID=953108&type=d&pREC_ID=1279094|https://www.pataula.net/apps/pages/index.jsp?pREC_ID=1279127&type=d&uREC_ID=953126|https://www.pataula.net/apps/pages/index.jsp?uREC_ID=953112&type=d&pREC_ID=1279101|https://4.files.edl.io/f207/07/23/26/174412-7931f9f7-1cb4-43f9-b4e5-2d2086708610.pdf|https://scsc.georgia.gov/document/document/2025-2026-master-charter-school-list/download,Kylie Holley,Superintendent,kholley@pataula.net,229-354-4001,,,,,Lindsey Hixon,Lindsey Hixon|Board Chair||;Grayson Flowers|Vice Chair||;Ronnie Lane|Board Member||;Kakeya Gilbert|Board Member||;Jamie Earp|Board Member||;Josh Duncan|Board Member||;Josh Apke|Board Member||;Gail Whalen|Board Member||,https://www.pataula.net/apps/pages/index.jsp?pREC_ID=1279127&type=d&uREC_ID=953126,,,,,,,,,https://www.pataula.net/apps/pages/index.jsp?uREC_ID=953108&type=d&pREC_ID=1279094|https://www.pataula.net/apps/pages/index.jsp?pREC_ID=1279127&type=d&uREC_ID=953126|https://4.files.edl.io/f207/07/23/26/174412-7931f9f7-1cb4-43f9-b4e5-2d2086708610.pdf,2026-09-06,mixed,mixed,Unauthorized-AI honor-code language is clearer than a total vacuum — still no citation/approval pathway or parent AI FAQ for K–12 multi-county LEA.,Written unauthorized-AI ban aids honesty enforcement; no public teacher genAI PD or approved-tools list recovered.,SY26–27 District-Wide handbook Honor Code includes unauthorized use of AI under cheating/plagiarism,No parent AI FAQ; no published AI PD/literacy; outcomes not published,https://4.files.edl.io/f207/07/23/26/174412-7931f9f7-1cb4-43f9-b4e5-2d2086708610.pdf|https://www.pataula.net/apps/pages/index.jsp?uREC_ID=953112&type=d&pREC_ID=1279101,2026-09-06,,,,,
PEACE Academy,Atlanta,GA,charter,none,unknown,unknown,unknown,unknown,unknown,,,,,,,,,unknown,unknown,unknown,unknown,none,none,none,no,unknown,,,unknown,,,,,,unknown,,,,,2026-09-06,State charter (SCSC) K–5 LEA (opened 2022; statewide); 2023–24 Family & Student Policies Handbook AUP plagiarism covers internet copying without generative-AI/ChatGPT classroom allow/cite/ban language — no parent AI FAQ or AI PD recovered.,verified,https://www.peaceacademycharter.org/|https://peaceacademycharter.org/governing-board/|https://peaceacademycharter.org/staff/|https://peaceacademycharter.org/wp-content/uploads/2023-24-PEACE-Family-Student-Policies-Handbook.pdf|https://scsc.georgia.gov/document/document/2025-2026-master-charter-school-list/download,Ebony Keys,Executive Director,e.keys@peaceacademycharter.org,470-722-0706,,,,,Alexandra Audate,Alexandra Audate|Board Chair||;Chaz Patterson-Ellis|Vice Chair||;Michael Olaiya|Board Member||;Terri Knox|Board Member||;Stewart Cornelius|Board Member||;Leana Marie Marshall|Board Member||;Darion Showell|Board Member||,https://peaceacademycharter.org/governing-board/,,,,,,,,,https://peaceacademycharter.org/governing-board/|https://peaceacademycharter.org/staff/|https://peaceacademycharter.org/wp-content/uploads/2023-24-PEACE-Family-Student-Policies-Handbook.pdf,2026-09-06,negative,negative,No published genAI homework allow/cite/ban rules in recovered 2023–24 handbook — honesty vacuum for K–5 statewide LEA.,No genAI guidance/PD recovered on handbook/board/staff paths reviewed.,,No public genAI classroom policy; outcomes not published; newer handbook not recovered,https://peaceacademycharter.org/wp-content/uploads/2023-24-PEACE-Family-Student-Policies-Handbook.pdf|https://peaceacademycharter.org/governing-board/,2026-09-06,,,,,
Resurgence Hall Charter Academy,Atlanta,GA,charter,procedure_handbook,unknown,unknown,unknown,unknown,unknown,,,,,,,,,restricted,unknown,teacher_discretion,unknown,none,none,none,no,unknown,,,unknown,,,,,,unknown,,,,,2026-09-06,State charter (SCSC) K–4 Primary Academy LEA (opened 2017; Fulton/APS); May 28 2025 Governing Board minutes adopting FY26 Scholar & Family Handbook document Cheating & AI Use (p.75) — AI tools prohibited for academic work unless explicitly authorized; FY27 handbook later adopted — no separate parent AI FAQ or published AI PD/outcomes recovered.,verified,https://www.resurgencehall.org/|https://www.resurgencehall.org/about|https://www.resurgencehall.org/phoenix-families|https://charterboards.com/public/resurgence-hall-charter-school/board/meeting/3605/minutes|https://charterboards.com/public/resurgence-hall-charter-school/board/meeting/4037/minutes|https://scsc.georgia.gov/document/document/2025-2026-master-charter-school-list/download,Tori Jackson Hines,Founder & Executive Director,tori.jackson.hines@resurgencehall.org,404-549-9246,,,,,Paula Murphy,Paula Murphy|Board Chair||;Steven Pritchett|Vice Chair||;Natasha Fenili|Board Member||;Michael Daniels|Board Member||;Tony C. Jones|Board Member||;Khaliff Davis|Board Member||;Natasha Dowell|Board Member||;Lavita Williams|Board Member||,https://www.resurgencehall.org/about,,,,,,,,,https://www.resurgencehall.org/about|https://charterboards.com/public/resurgence-hall-charter-school/|https://www.resurgencehall.org/phoenix-families,2026-09-06,mixed,mixed,Board-documented handbook AI prohibition-unless-authorized is clearer than a vacuum for K–4 — still classroom-inconsistent without published traffic-light labels or parent AI FAQ; full handbook PDF not independently skimmed this pass.,Written teacher-authorization gate aids enforcement; no public teacher genAI PD recovered on About/Family Portal paths.,FY26 Scholar & Family Handbook Cheating & AI Use prohibition unless teacher-authorized (board minutes),No parent AI FAQ; no published AI PD/literacy outcomes; FY27 handbook PDF not deep-skimmed,https://charterboards.com/public/resurgence-hall-charter-school/board/meeting/3605/minutes|https://charterboards.com/public/resurgence-hall-charter-school/board/meeting/4037/minutes,2026-09-06,,,,,
Resurgence Hall Middle Academy,Atlanta,GA,charter,procedure_handbook,unknown,unknown,unknown,unknown,unknown,,,,,,,,,unknown,restricted,teacher_discretion,unknown,none,none,none,no,unknown,,,unknown,,,,,,unknown,,,,,2026-09-06,State charter (SCSC) 5–8 Middle Academy LEA (opened 2022; statewide); same Resurgence Hall FY26 Scholar & Family Handbook Cheating & AI Use rule (AI prohibited unless explicitly authorized) documented in May 28 2025 board minutes covering both RH campuses — no separate parent AI FAQ or published AI PD/outcomes recovered.,verified,https://www.resurgencehall.org/|https://www.resurgencehall.org/about|https://www.resurgencehall.org/phoenix-families|https://charterboards.com/public/resurgence-hall-charter-school/board/meeting/3605/minutes|https://charterboards.com/public/resurgence-hall-charter-school/board/meeting/4037/minutes|https://scsc.georgia.gov/locations/resurgence-hall-middle-academy|https://scsc.georgia.gov/document/document/2025-2026-master-charter-school-list/download,Tori Jackson Hines,Founder & Executive Director,tori.jackson.hines@resurgencehall.org,404-301-7447,,,,,Paula Murphy,Paula Murphy|Board Chair||;Steven Pritchett|Vice Chair||;Natasha Fenili|Board Member||;Michael Daniels|Board Member||;Tony C. Jones|Board Member||;Khaliff Davis|Board Member||;Natasha Dowell|Board Member||;Lavita Williams|Board Member||,https://www.resurgencehall.org/about,,,,,,,,,https://www.resurgencehall.org/about|https://charterboards.com/public/resurgence-hall-charter-school/|https://www.resurgencehall.org/phoenix-families,2026-09-06,mixed,mixed,Same handbook AI prohibition-unless-authorized applies to Middle Academy scholars — clearer than a vacuum — without published citation protocol or parent AI FAQ.,Written teacher-authorization gate aids enforcement; no public teacher genAI PD recovered.,FY26 Scholar & Family Handbook Cheating & AI Use prohibition unless teacher-authorized (board minutes covering both campuses),No parent AI FAQ; no published AI PD/literacy outcomes; FY27 handbook PDF not deep-skimmed,https://charterboards.com/public/resurgence-hall-charter-school/board/meeting/3605/minutes|https://charterboards.com/public/resurgence-hall-charter-school/board/meeting/4037/minutes,2026-09-06,,,,,
Rocky Creek Charter Academy,Augusta,GA,charter,none,unknown,unknown,unknown,unknown,unknown,,,,,,,,,unknown,unknown,unknown,unknown,none,none,none,no,unknown,,,unknown,,,,,,unknown,,,,,2026-09-06,State charter (SCSC) K–5 (growing) LEA (opened 2024; GSIC replication statewide); Family Handbook 2026–2027 lists academic dishonesty under Level Three discipline without generative-AI/ChatGPT classroom allow/cite/ban language — no parent AI FAQ or AI PD recovered.,verified,https://rockycreekcharteracademy.org/|https://rockycreekcharteracademy.org/faculty-staff/|https://rockycreekcharteracademy.org/governance/board-of-directors/|https://rockycreekcharteracademy.org/resources/|https://drive.google.com/file/d/1luIUTX-1P8dMTA6aE1nNGjSR-0ErXfZ8/view|https://www.rockycreekcharteracademy.com/|https://scsc.georgia.gov/document/document/2025-2026-master-charter-school-list/download,Jody Boulineau,Superintendent,,706-261-5340,,,,,Robert Buchwitz,Robert Buchwitz|Board Chair||;Brent Weir|Vice Chair||;Wright McLeod|Board Member||;Glenn O'Steen|Board Member||,https://rockycreekcharteracademy.org/governance/board-of-directors/,,,,,,,,,https://rockycreekcharteracademy.org/faculty-staff/|https://rockycreekcharteracademy.org/governance/board-of-directors/|https://drive.google.com/file/d/1luIUTX-1P8dMTA6aE1nNGjSR-0ErXfZ8/view,2026-09-06,negative,negative,No published genAI homework allow/cite/ban rules in Family Handbook 2026–27 — vacuum for growing K–5/expanding LEA.,No genAI guidance/PD recovered on handbook/faculty/board paths.,,No public genAI classroom policy,https://drive.google.com/file/d/1luIUTX-1P8dMTA6aE1nNGjSR-0ErXfZ8/view|https://rockycreekcharteracademy.org/resources/,2026-09-06,,,,,
SAIL - School for Arts-Infused Learning,Augusta,GA,charter,none,unknown,unknown,unknown,unknown,unknown,,,,,,,,,unknown,unknown,unknown,unknown,none,none,none,no,unknown,,,unknown,,,,,,unknown,,,,,2026-09-06,State charter (SCSC) K–8 arts-infused LEA (opened 2017; statewide); FY27 Scholar Handbook Academic Dishonesty covers plagiarism/cheating without generative-AI/ChatGPT classroom allow/cite/ban language — no parent AI FAQ or AI PD recovered.,verified,https://www.sailga.org/|https://sailga.org/apps/staff/|https://www.sailga.org/apps/pages/index.jsp?type=d&uREC_ID=380576|https://www.sailga.org/apps/pages/index.jsp?uREC_ID=380850&type=d|https://drive.google.com/file/d/1iPJHuv5YYQNen4cu9cE2ZR7SNCoJZhKx/view|https://www.sailga.org/apps/links/|https://scsc.georgia.gov/document/document/2025-2026-master-charter-school-list/download,Michael Petrella,Executive Director,,762-585-1400,Dylan Humphries,Director of Technology & Facilities,,,Stan Buckalew,Stan Buckalew|Board Chair||;Abigail Elliott|Vice Chair||;Janice Collins|Board Member||;Todd Luckey|Board Member||;Bernard Garlick|Board Member||;Doug Snyder|Board Member||,https://www.sailga.org/apps/pages/index.jsp?type=d&uREC_ID=380576,,,,,,,,,https://sailga.org/apps/staff/|https://www.sailga.org/apps/pages/index.jsp?type=d&uREC_ID=380576|https://drive.google.com/file/d/1iPJHuv5YYQNen4cu9cE2ZR7SNCoJZhKx/view,2026-09-06,negative,negative,FY27 handbook academic-dishonesty language does not name generative AI — ChatGPT-class honesty vacuum remains for K–8 arts LEA.,No genAI guidance/PD recovered on handbook/staff/board paths.,,No public genAI classroom policy; Digital Device User Handbook PDF fetch incomplete this pass; outcomes not published,https://drive.google.com/file/d/1iPJHuv5YYQNen4cu9cE2ZR7SNCoJZhKx/view|https://www.sailga.org/apps/pages/index.jsp?uREC_ID=380850&type=d,2026-09-06,,,,,
Sankofa Montessori School,Atlanta,GA,charter,none,unknown,unknown,unknown,unknown,unknown,,,,,,,,,unknown,unknown,unknown,unknown,none,none,none,no,unknown,,,unknown,,,,,,unknown,,,,,2026-09-06,State charter (SCSC) K–4 Montessori LEA (opened 2023; statewide); SY26 Community Handbook (Board approved 6/24/26) AUP plagiarism covers internet copying without generative-AI/ChatGPT classroom allow/cite/ban language — no parent AI FAQ or AI PD recovered.,verified,https://www.sankofamontessori.org/|https://www.sankofamontessori.org/flight-control-team/|https://www.sankofamontessori.org/wp-content/uploads/2026/07/School-Year-26-Sankofa-Montessori-Community-Handbook.docx.pdf|https://app2.boardontrack.com/public/FnleY6/board|https://app2.boardontrack.com/public/FnleY6/home|https://scsc.georgia.gov/document/document/2025-2026-master-charter-school-list/download,Rhushanda Barnes,Head of School,rbarnes@sankofamontessori.org,470-713-8930,,,,,Kimberly Karacalidis,Kimberly Karacalidis|Board Chair||;Errika Moore|Vice Chair||;Adrienne Nash|Board Member||;Al Chambers|Board Member||;Alexandra Daniel|Board Member||;Andrea Allen-Thames|Board Member||;Fawn Sheffield|Board Member||;Monika Davis|Board Member||,https://app2.boardontrack.com/public/FnleY6/board,,,,,,,,,https://www.sankofamontessori.org/flight-control-team/|https://www.sankofamontessori.org/wp-content/uploads/2026/07/School-Year-26-Sankofa-Montessori-Community-Handbook.docx.pdf|https://app2.boardontrack.com/public/FnleY6/board,2026-09-06,negative,negative,No published genAI homework allow/cite/ban rules in SY26 Community Handbook — vacuum for K–4 Montessori LEA.,No genAI guidance/PD recovered on handbook/BOT/flight-control paths.,,No public genAI classroom policy,https://www.sankofamontessori.org/wp-content/uploads/2026/07/School-Year-26-Sankofa-Montessori-Community-Handbook.docx.pdf|https://app2.boardontrack.com/public/FnleY6/board,2026-09-06,,,,,
Athens Academy,Athens,GA,private,none,unknown,unknown,unknown,unknown,unknown,,,,,,,,,unknown,unknown,unknown,,unknown,none,none,no,unknown,,,unknown,,,,,,unknown,,,,,2026-09-06,Georgia private (Athens); K3–12 independent; Head Jeff Miles (Jul 2026) with public email; SAIS (+ Cognia logos; Promise Cognia); AI vacuum.,verified,https://www.athensacademy.org/about-us/faculty-and-staff|https://www.athensacademy.org/about-us/welcome|https://www.athensacademy.org/about-us/academic-results|https://mygeorgiapromise.org/wp-content/uploads/2026/04/Year-2-List-GESA-2026-04-23.pdf,,,,,,,,,,,,,,,,,,,,,2026-09-06,negative,mixed,No published ChatGPT/genAI homework allow/cite/ban rules for families.,No shared public schoolwide genAI playbook recovered.,,No public genAI policy,https://www.athensacademy.org/about-us/faculty-and-staff|https://www.athensacademy.org/about-us/welcome|https://www.athensacademy.org/about-us/academic-results,2026-09-06,Jeff Miles,Head of School,jmiles@athensacademy.org,,SAIS
The Heritage School,Atlanta,GA,private,none,unknown,unknown,unknown,unknown,unknown,,,,,,,,,unknown,unknown,unknown,,unknown,none,none,no,unknown,,,unknown,,,,,,unknown,,,,,2026-09-06,Georgia private (Newnan); age-3–12 independent; Head Kristin Skelly with public email/phone; SAIS+Cognia; AI vacuum.,verified,https://www.heritageschool.com/about|https://www.heritageschool.com/about-our-school|https://resources.finalsite.net/images/v1769703957/heritageschoolcom/jcznyhwf2lzastrxuobu/2025-2026HeritageSchoolProfile2.pdf|https://mygeorgiapromise.org/wp-content/uploads/2026/04/Year-2-List-GESA-2026-04-23.pdf,,,,,,,,,,,,,,,,,,,,,2026-09-06,negative,mixed,No published ChatGPT/genAI homework allow/cite/ban rules for families.,No shared public schoolwide genAI playbook recovered.,,No public genAI policy,https://www.heritageschool.com/about|https://resources.finalsite.net/images/v1769703957/heritageschoolcom/jcznyhwf2lzastrxuobu/2025-2026HeritageSchoolProfile2.pdf,2026-09-06,Kristin Skelly,Head of School,kskelly@heritageschool.com,678.423.5379,SAIS + Cognia
Rabun Gap-Nacoochee School,Rural NE Georgia,GA,private,guidance,unknown,unknown,unknown,unknown,unknown,,,,,,,,,teacher_discretion,teacher_discretion,citation_required,,offered,yes,none,no,unknown,,,unknown,,,,,,unknown,,,,,2026-09-06,Georgia private (Rabun Gap); PreK–12 boarding/day; Head Bob Ahrens (Jul 2026); SAIS; published AI Policy & Guidance + handbook AI honesty + literacy narrative.,verified,https://www.rabungap.org/about/school-leadership|https://www.rabungap.org/about/head-of-school-search|https://resources.finalsite.net/images/v1750861437/rabungaporg/kbhfa1ggtcrk8u4ztlqq/RGNS_AIPolicyandGuidanceDocument.pdf|https://www.rabungap.org/news/new-detail/~board/academic-ai-blog/post/nurturing-human-ingenuity-in-an-ai-driven-world|https://bbk12e1-cdn.myschoolcdn.com/ftpimages/840/misc/misc_287924.pdf|https://mygeorgiapromise.org/wp-content/uploads/2026/04/Year-2-List-GESA-2026-04-23.pdf,,,,,,,,,,,,,,,,,,,,,2026-09-06,mixed,mixed,Families can cite RGNS AI Policy & Guidance + curriculum honor AI clause; unauthorized undisclosed AI = plagiarism.,"Faculty expected to set clear per-assignment AI rules, teach citation, keep humans-in-the-loop; Associate Head for Academic Affairs owns final responsible-use boundaries.",Public genAI guidance PDF; academic integrity citation paths (MLA/APA); AI literacy / STEAM narrative,No outcomes metrics; no traffic-light RYG labels like Frederica,https://resources.finalsite.net/images/v1750861437/rabungaporg/kbhfa1ggtcrk8u4ztlqq/RGNS_AIPolicyandGuidanceDocument.pdf|https://bbk12e1-cdn.myschoolcdn.com/ftpimages/840/misc/misc_287924.pdf|https://www.rabungap.org/news/new-detail/~board/academic-ai-blog/post/nurturing-human-ingenuity-in-an-ai-driven-world,2026-09-06,"Robert ""Bob"" Ahrens",Head of School,,,SAIS
Tallulah Falls School,Cornelia,GA,private,none,unknown,unknown,unknown,unknown,unknown,,,,,,,,,unknown,unknown,unknown,,unknown,none,none,no,unknown,,,unknown,,,,,,unknown,,,,,2026-09-06,Georgia private (Tallulah Falls); 4–12 day / 7–12 boarding; President & Head Larry Peevy; SAIS+Cognia+GISA; AI vacuum.,verified,https://www.tallulahfalls.org/about/presidents-welcome|https://www.tallulahfalls.org/about/at-a-glance|https://www.tallulahfalls.org/about/mission-history-heritage|https://mygeorgiapromise.org/wp-content/uploads/2026/04/Year-2-List-GESA-2026-04-23.pdf,,,,,,,,,,,,,,,,,,,,,2026-09-06,negative,mixed,No published ChatGPT/genAI homework allow/cite/ban rules for families.,No shared public schoolwide genAI playbook recovered.,,No public genAI policy,https://www.tallulahfalls.org/about/presidents-welcome|https://www.tallulahfalls.org/about/at-a-glance,2026-09-06,Dr. Larry A. Peevy,President and Head of School,,,SAIS + Cognia + GISA
Mount de Sales Academy,Macon,GA,private,none,unknown,unknown,unknown,unknown,unknown,,,,,,,,,unknown,unknown,unknown,,unknown,none,none,no,unknown,,,unknown,,,,,,unknown,,,,,2026-09-06,Georgia private (Macon); 6–12 Mercy Catholic independent; President Brendan O’Kane; SAIS+Cognia; AI classroom-policy vacuum.,verified,https://www.mountdesales.net/news/newpresident/|http://www.mountdesales.net/wp-content/uploads/2025/09/Original-size-FINAL-Mount-de-Sales-Academy-Upper-Profile.pdf|https://www.mountdesales.net/academics/technology/|https://mygeorgiapromise.org/wp-content/uploads/2026/04/Year-2-List-GESA-2026-04-23.pdf,,,,,,,,,,,,,,,,,,,,,2026-09-06,negative,mixed,No published ChatGPT/genAI homework allow/cite/ban rules for families.,No shared public schoolwide genAI playbook recovered.,,No public genAI policy,https://www.mountdesales.net/news/newpresident/|http://www.mountdesales.net/wp-content/uploads/2025/09/Original-size-FINAL-Mount-de-Sales-Academy-Upper-Profile.pdf|https://www.mountdesales.net/academics/technology/,2026-09-06,Brendan O'Kane,President,,,SAIS + Cognia
Calvary Day School,Savannah,GA,private,none,unknown,unknown,unknown,unknown,unknown,,,,,,,,,unknown,unknown,unknown,,unknown,none,none,no,unknown,,,unknown,,,,,,unknown,,,,,2026-09-06,Georgia private (Savannah); 6w–12 Christian day; Head Hunter Chadwick; GAC+Cognia; AI vacuum.,verified,https://www.calvarydayschool.com/about-us/welcome-from-the-head-of-school|https://www.calvarydayschool.com/admissions/tuition-assistance|https://www.calvarydayschool.com/about-us/board-of-trustees|https://mygeorgiapromise.org/wp-content/uploads/2026/04/Year-2-List-GESA-2026-04-23.pdf,,,,,,,,,,,,,,,,,,,,,2026-09-06,negative,mixed,No published ChatGPT/genAI homework allow/cite/ban rules for families.,No shared public schoolwide genAI playbook recovered.,,No public genAI policy,https://www.calvarydayschool.com/about-us/welcome-from-the-head-of-school|https://www.calvarydayschool.com/admissions/tuition-assistance,2026-09-06,Dr. Hunter Chadwick,Head of School,,,GAC + Cognia
Savannah Christian Preparatory School,Savannah,GA,private,none,unknown,unknown,unknown,unknown,unknown,,,,,,,,,unknown,unknown,unknown,,unknown,none,none,no,unknown,,,unknown,,,,,,unknown,,,,,2026-09-06,Georgia private (Savannah); K–12 Christian prep; Head Jeff Plunk; SAIS (Promise + SAIS member); AI vacuum.,verified,https://www.savcps.com/about/school-leadership|https://www.savcps.com/about|https://account.sais.org/member-school-directory/savannah-christian-preparatory-school|https://mygeorgiapromise.org/wp-content/uploads/2026/04/Year-2-List-GESA-2026-04-23.pdf,,,,,,,,,,,,,,,,,,,,,2026-09-06,negative,mixed,No published ChatGPT/genAI homework allow/cite/ban rules for families.,No shared public schoolwide genAI playbook recovered.,,No public genAI policy,https://www.savcps.com/about/school-leadership|https://mygeorgiapromise.org/wp-content/uploads/2026/04/Year-2-List-GESA-2026-04-23.pdf,2026-09-06,Jeffrey Plunk,Head of School,,,SAIS
Strong Rock Christian School,Atlanta,GA,private,procedure_handbook,unknown,unknown,unknown,unknown,unknown,,,,,,,,,teacher_discretion,teacher_discretion,teacher_discretion,,unknown,none,yes,no,unknown,,,unknown,,,,,,unknown,,,,,2026-09-06,Georgia private (Locust Grove); PreK–12 Christian; CEO/HoS Paul McCracken with public email; Cognia+SACS+GISA; Family Handbook AI Policy.,verified,https://www.strongrockchristianschool.com/about/leadership|https://www.strongrockchristianschool.com/about|https://www.strongrockchristianschool.com/academics/learning-lab|https://resources.finalsite.net/images/v1690379797/strongrockchristianschoolcom/ipymukdmyiwhcy6vihjo/23-24FamilyHandbookRevised7-25-23.pdf|https://mygeorgiapromise.org/wp-content/uploads/2026/04/Year-2-List-GESA-2026-04-23.pdf,,,,,,,,,,,,,,,,,,,,,2026-09-06,mixed,mixed,Families can cite Family Handbook AI Policy for honesty/privacy/consequence language.,Teachers oversee AI use in class; tech dept + admin exploring classroom AI; misuse → Honor Code.,Published handbook AI ethical-use + Honor Code enforcement path,No RYG / citation template / outcomes,https://resources.finalsite.net/images/v1690379797/strongrockchristianschoolcom/ipymukdmyiwhcy6vihjo/23-24FamilyHandbookRevised7-25-23.pdf|https://www.strongrockchristianschool.com/about|https://www.strongrockchristianschool.com/about/leadership,2026-09-06,Paul McCracken,Chief Executive Officer,pmccracken@strong-rock.com,,Cognia + SACS CASI + GISA
Scintilla Charter Academy,Valdosta,GA,charter,none,unknown,unknown,unknown,unknown,unknown,,,,,,,,,unknown,unknown,unknown,unknown,none,none,none,no,unknown,,,unknown,,,,,,unknown,,,,,2026-09-06,State charter (SCSC) K–11 LEA (opened 2015; Brooks/Lowndes/Valdosta City); FY25–26 Scholars and Families Handbook Technology AUP covers devices/internet without generative-AI/ChatGPT classroom allow/cite/ban language — no parent AI FAQ or AI PD recovered.,verified,https://www.scintillacharteracademy.com/|https://scintillacharteracademy.com/leadership-administration-and-student-support/|https://scintillacharteracademy.com/sca-board/|https://scintillacharteracademy.com/wp-content/uploads/2025/08/FY25-26-SCA-Handbook-Scholars-and-Families.pdf|https://scsc.georgia.gov/document/document/2025-2026-master-charter-school-list/download,Amanda Miller,Superintendent,amiller@scintillacharteracademy.com,229-244-5750,,,,,Zachary R. Cowart,Zachary R. Cowart|Board Chair||;Eric Tillman|Vice Chair||;Garrett Copeland|Board Member||;Jerry Jennett|Board Member||;William Whitesell|Board Member||;Sam Warren|Board Member||,https://scintillacharteracademy.com/sca-board/,,,,,,,,,https://scintillacharteracademy.com/leadership-administration-and-student-support/|https://scintillacharteracademy.com/sca-board/|https://scintillacharteracademy.com/wp-content/uploads/2025/08/FY25-26-SCA-Handbook-Scholars-and-Families.pdf,2026-09-06,negative,negative,No published genAI homework allow/cite/ban rules in FY25–26 handbook AUP — honesty vacuum for K–11 LEA.,No genAI guidance/PD recovered on leadership/board/handbook paths reviewed.,,No public genAI classroom policy; handbook superintendent name lag; outcomes not published,https://scintillacharteracademy.com/wp-content/uploads/2025/08/FY25-26-SCA-Handbook-Scholars-and-Families.pdf|https://scintillacharteracademy.com/sca-board/,2026-09-06,,,,,
SLAM Academy of Atlanta,Atlanta,GA,charter,procedure_handbook,unknown,unknown,unknown,unknown,unknown,,,,,,,,,restricted,restricted,teacher_discretion,unknown,none,none,none,no,unknown,,,unknown,,,,,,unknown,,,,,2026-09-06,State charter (SCSC) K–8 LEA (opened 2019; APS/South Fulton); 2025–2026 Student & Family Handbook Acceptable Use of Artificial Intelligence (AI) allows AI tools only when expressly authorized requires disclosure per teacher and treats undisclosed AI output as academic dishonesty — no separate parent AI FAQ or published AI PD/outcomes recovered.,verified,https://www.slamatlanta.com/|https://www.slamatlanta.com/pdfs/25-26%20SLAM%20Atlanta%20Family%20Handbook.pdf|https://www.slamatlanta.com/apps/pages/index.jsp?type=d&uREC_ID=400716|https://charterboards.com/public/slam-academy-of-atlanta/|https://charterboards.com/public/slam-academy-of-atlanta/board/meeting/4074/minutes|https://scsc.georgia.gov/document/document/2025-2026-master-charter-school-list/download,Charles Jones,Principal & Superintendent,cjones@slamatlanta.com,470-819-4992,,,,,Mia Bousfel,Mia Bousfel|Board Chair||;Quinn Cartall|Board Member||;Lakia Washington|Board Member||;Justin Keys|Board Member||,https://charterboards.com/public/slam-academy-of-atlanta/,,,,,,,,,https://www.slamatlanta.com/pdfs/25-26%20SLAM%20Atlanta%20Family%20Handbook.pdf|https://charterboards.com/public/slam-academy-of-atlanta/|https://charterboards.com/public/slam-academy-of-atlanta/board/meeting/4074/minutes|https://scsc.georgia.gov/locations/slam-academy-atlanta,2026-09-06,mixed,mixed,Written authorization-plus-disclosure AI AUP is clearer than a vacuum for K–8 — still classroom-inconsistent without traffic-light labels or parent AI FAQ.,Teacher-authorization and disclosure rules aid honesty enforcement; no public teacher genAI PD recovered.,SY25–26 Family Handbook Acceptable Use of Artificial Intelligence (AI) authorization disclosure and academic-dishonesty rule,No parent AI FAQ; no published AI PD/literacy outcomes; board officer roles incompletely labeled,https://www.slamatlanta.com/pdfs/25-26%20SLAM%20Atlanta%20Family%20Handbook.pdf,2026-09-06,,,,,
Southwest Georgia STEM Charter,Rural SW Georgia,GA,charter,none,unknown,unknown,unknown,unknown,unknown,,,,,,,,,unknown,unknown,unknown,unknown,none,none,none,no,unknown,,,unknown,,,,,,unknown,,,,,2026-09-06,State charter (SCSC) K–12 LEA (opened 2016; statewide); 2026–2027 Student & Family Handbook Technology AUP/plagiarism covers online copying without generative-AI/ChatGPT classroom allow/cite/ban language — no parent AI FAQ or AI PD recovered.,verified,https://www.swgeorgiastemcharter.com/|https://content.myconnectsuite.com/api/documents/b419018f42a94853968e2d0ef0087ddf|https://scsc.georgia.gov/document/document/2025-2026-master-charter-school-list/download,Ginger Almon,Superintendent/Principal,galmon@sowegastemcharter.org,229-345-3033,,,,,Anthony Lee II,Anthony Lee II|Board Chair||;Chris Weathersby|Vice Chair||;Patricia Goodman|Board Member||;Erwin Thomas|Board Member||;Sherri Cartwright|Board Member||;Mark Cox|Board Member||,https://content.myconnectsuite.com/api/documents/b419018f42a94853968e2d0ef0087ddf,,,,,,,,,https://content.myconnectsuite.com/api/documents/b419018f42a94853968e2d0ef0087ddf|https://www.swgeorgiastemcharter.com/,2026-09-06,negative,negative,No published genAI homework allow/cite/ban rules in SY26–27 handbook — honesty vacuum for K–12 statewide LEA.,No genAI guidance/PD recovered on handbook/home paths reviewed.,,No public genAI classroom policy; roster URL parking page; outcomes not published,https://content.myconnectsuite.com/api/documents/b419018f42a94853968e2d0ef0087ddf|https://www.swgeorgiastemcharter.com/,2026-09-06,,,,,
Spring Creek Charter Academy,Bainbridge,GA,charter,procedure_handbook,unknown,unknown,unknown,unknown,unknown,,,,,,,,,restricted,restricted,unknown,unknown,none,none,none,no,unknown,,,unknown,,,,,,unknown,,,,,2026-09-06,State charter (SCSC) K–12 LEA (opened 2019; Decatur/Miller/Seminole/Grady); independently verified 2026–2027 District-Wide Parent-Student Handbook (shared PCA/SCCA) Honor Code treats unauthorized use of AI as cheating/plagiarism — no teacher-approval/citation framework or parent AI FAQ recovered.,verified,https://www.sccak12.net/|https://www.sccak12.net/apps/pages/index.jsp?pREC_ID=1673074&type=d&uREC_ID=1480642|https://4.files.edl.io/f207/07/23/26/174412-7931f9f7-1cb4-43f9-b4e5-2d2086708610.pdf|https://www.sccak12.net/apps/pages/index.jsp?type=u&uREC_ID=1190576|https://app2.boardontrack.com/org/t49UiW/minutes/downloadPdf/93180|https://scsc.georgia.gov/document/document/2025-2026-master-charter-school-list/download,Kylie Holley,Superintendent,kholley@pataula.net,229-792-8957,,,,,Lindsey Hixon,Lindsey Hixon|Board Chair||;Grayson Flowers|Vice Chair||;Nicole Johnson|Board Member||;Jamie Earp|Board Member||;Gail Whalen|Board Member||;Ronnie Lane|Board Member||;Josh Apke|Board Member||,https://app2.boardontrack.com/public/t49UiW/,,,,,,,,,https://4.files.edl.io/f207/07/23/26/174412-7931f9f7-1cb4-43f9-b4e5-2d2086708610.pdf|https://www.sccak12.net/apps/pages/index.jsp?type=u&uREC_ID=1190576|https://app2.boardontrack.com/org/t49UiW/minutes/downloadPdf/93180|https://app2.boardontrack.com/public/t49UiW/minutes/118165,2026-09-06,mixed,mixed,Unauthorized-AI honor-code language clearer than a total vacuum — still no citation/approval pathway or parent AI FAQ.,Written unauthorized-AI ban aids honesty enforcement; no public teacher genAI PD recovered.,SY26–27 District-Wide handbook Honor Code includes unauthorized use of AI under cheating/plagiarism (verified for SCCA),No parent AI FAQ; no published AI PD/literacy; outcomes not published,https://4.files.edl.io/f207/07/23/26/174412-7931f9f7-1cb4-43f9-b4e5-2d2086708610.pdf|https://www.sccak12.net/apps/pages/index.jsp?pREC_ID=1673074&type=d&uREC_ID=1480642,2026-09-06,,,,,
Statesboro STEAM Academy,Statesboro,GA,charter,none,unknown,unknown,unknown,unknown,unknown,,,,,,,,,unknown,unknown,unknown,unknown,none,none,none,no,unknown,,,unknown,,,,,,unknown,,,,,2026-09-06,State charter (SCSC) 5–12 LEA (opened 2002; Bulloch); public Information page links Student/Faculty/Policy handbooks but recovered paths show no generative-AI/ChatGPT classroom allow/cite/ban language — no parent AI FAQ or AI PD recovered.,verified,https://www.statesborosteam.org/|https://www.statesborosteam.org/statesboro-steam-information|https://www.statesborosteam.org/faculty-and-staff|https://www.statesborosteam.org/governing-board|https://scsc.georgia.gov/document/document/2025-2026-master-charter-school-list/download,Corliss Reese,Superintendent/Principal,,912-764-5888,Trenton Toney,Tech Support,,,Tom Caiazzo,Tom Caiazzo|Board Chair||;David Altamirano|Vice Chair||;Sophia Johnson|Board Member||;Mike Hall|Board Member||;Shannon Ward|Board Member||,https://www.statesborosteam.org/governing-board,,,,,,,,,https://www.statesborosteam.org/faculty-and-staff|https://www.statesborosteam.org/governing-board|https://www.statesborosteam.org/,2026-09-06,negative,negative,No published genAI homework allow/cite/ban rules recovered — honesty vacuum for 5–12 LEA.,No genAI guidance/PD recovered on public handbook links reviewed this pass.,,No public genAI classroom policy; student handbook PDF not deep-text-extracted; outcomes not published,https://www.statesborosteam.org/statesboro-steam-information|https://www.statesborosteam.org/governing-board,2026-09-06,,,,,
The Anchor School,Atlanta,GA,charter,procedure_handbook,unknown,unknown,unknown,unknown,unknown,,,,,,,,,unknown,teacher_discretion,teacher_discretion,unknown,none,none,none,no,unknown,,,unknown,,,,,,unknown,,,,,2026-09-06,State charter (SCSC) 6–8 LEA (opened 2023; statewide); 2026–2027 Middle/High School Family Handbooks include Artificial Intelligence (AI) in the Classroom (educators use AI thoughtfully; avoid cognitive offloading) plus Academic Dishonesty language covering AI use that compromises integrity — no separate parent AI FAQ or published AI PD/outcomes recovered.,verified,https://www.anchorschool.org/|https://www.anchorschool.org/board-of-directors/|https://www.anchorschool.org/faqs/|https://drive.google.com/file/d/1LGDoUS41I8fkwkRQTBoDvGcPt1RTLN4u/view|https://drive.google.com/file/d/1LULkkJPGVLJKX2v6DbaxmRMRBSMltL-6/view|https://app2.boardontrack.com/public/1cKV34/minutes/107450|https://scsc.georgia.gov/document/document/2025-2026-master-charter-school-list/download,Josh Pinto Taylor,Head of School,,678-503-4880,,,,,Jasmine Burton,Jasmine Burton|Board Chair||;Thea Winston|Vice Chair||;Shanice Stewart|Board Member||;Kristi James|Board Member||;Jarrod Jordan|Board Member||;Sahitya Kollu|Board Member||;Amber Pressey|Board Member||;Kim Sargeant|Board Member||,https://www.anchorschool.org/board-of-directors/,,,,,,,,,https://www.anchorschool.org/board-of-directors/|https://app2.boardontrack.com/org/1cKV34/minutes/downloadPdf/90778|https://www.anchorschool.org/faqs/,2026-09-06,mixed,mixed,Handbook AI classroom principles plus academic-dishonesty AI clause clearer than a vacuum — still teacher-discretion heavy without traffic-light labels or parent AI FAQ.,Written educator AI-thoughtfulness expectations aid norms; no public teacher genAI PD recovered.,SY26–27 MS/HS Family Handbooks Artificial Intelligence (AI) in the Classroom + Academic Dishonesty AI clause,No parent AI FAQ; HoS personal email unpublished; roster URL wrong host,https://www.anchorschool.org/faqs/|https://drive.google.com/file/d/1LGDoUS41I8fkwkRQTBoDvGcPt1RTLN4u/view|https://drive.google.com/file/d/1LULkkJPGVLJKX2v6DbaxmRMRBSMltL-6/view,2026-09-06,,,,,
The Simple Vue Academy,Atlanta,GA,charter,none,unknown,unknown,unknown,unknown,unknown,,,,,,,,,unknown,unknown,unknown,unknown,none,none,none,no,unknown,,,unknown,,,,,,unknown,,,,,2026-09-06,State charter (SCSC) 6–7 LEA (opened 2025; Douglas/Paulding/Fulton/Cobb); public site mentions exposure to emerging technologies like AI in STREAM narrative but no generative-AI classroom allow/cite/ban handbook/AUP language recovered — no parent AI FAQ or AI PD recovered.,verified,https://www.thesimplevueacademy.org/|https://www.thesimplevueacademy.org/thevillage|https://www.thesimplevueacademy.org/board|https://app2.boardontrack.com/org/bA4Npd/minutes/downloadPdf/93025|https://scsc.georgia.gov/document/document/2025-2026-master-charter-school-list/download,Nandi Edouard,Founder and Executive Director,nandi@thesimplevueacademy.org,678-275-5839,,,,,Lovette Curry,Lovette Curry|Board Chair||;Tariq Ali Cayne|Vice Chair||;Nichole Owens|Board Member||;Anthony Giles|Board Member||;Crystal Spellman|Board Member||;William Ray Brown|Board Member||;Win C. Roshell|Board Member||,https://app2.boardontrack.com/public/bA4Npd/,,,,,,,,,https://www.thesimplevueacademy.org/thevillage|https://app2.boardontrack.com/org/bA4Npd/minutes/downloadPdf/93025|https://www.thesimplevueacademy.org/board|https://scsc.georgia.gov/locations/simple-vue-academy,2026-09-06,negative,negative,Marketing mentions of AI exposure without published classroom genAI honesty rules — vacuum for new middle-grades LEA.,No genAI guidance/PD recovered on village/board/home paths reviewed.,,No public genAI classroom policy; board page officer lag; family handbook not recovered this pass,https://www.thesimplevueacademy.org/|https://www.thesimplevueacademy.org/thevillage,2026-09-06,,,,,
Utopian Academy for the Performing Arts - Trilith,Atlanta,GA,charter,none,unknown,unknown,unknown,unknown,unknown,,,,,,,,,unknown,unknown,unknown,unknown,none,none,none,no,unknown,,,unknown,,,,,,unknown,,,,,2026-09-06,State charter (SCSC) 6–8 Trilith campus LEA (opened 2022; statewide; distinct from Clayton locally-approved Utopian campuses); 2024–2025 Trilith Student/Parent Handbook Technology AUP covers internet use/plagiarism without generative-AI/ChatGPT classroom allow/cite/ban language — no parent AI FAQ or AI PD recovered.,verified,https://www.utopianacademy.com/|https://utopiantrilith.com/|https://utopiantrilith.com/ourteam/|https://utopianacademyforthearts.com/governanceboard/|https://utopiantrilith.com/wp-content/uploads/2024/10/UAFA-2024-2025-School-Student-Parent-Handbook-Trilith-with-Highlights-7.30.2024-v.2.pdf|https://scsc.georgia.gov/locations/utopian-academy-arts-trilith|https://scsc.georgia.gov/document/document/2025-2026-master-charter-school-list/download,Artesius Miller,Founder & CEO,,470-500-1937,,,,,Joshua Menifee,Joshua Menifee|Board Chair||;Reginald Colbert|Vice Chair||;Terance Madden|Board Member||;Steven Garner|Board Member||;Stephany Walls|Board Member||;Aquanette Salter|Board Member||;Christopher Copeland|Board Member||,https://utopianacademyforthearts.com/governanceboard/,,,,,,,,,https://utopianacademyforthearts.com/governanceboard/|https://utopiantrilith.com/ourteam/|https://utopiantrilith.com/wp-content/uploads/2024/10/UAFA-2024-2025-School-Student-Parent-Handbook-Trilith-with-Highlights-7.30.2024-v.2.pdf,2026-09-06,negative,negative,No published genAI homework allow/cite/ban rules in recovered 24–25 Trilith handbook — honesty vacuum for 6–8 statewide LEA.,No genAI guidance/PD recovered on governance/team/handbook paths reviewed.,,No public genAI classroom policy; newer SY26–27 handbook not recovered; outcomes not published,https://utopiantrilith.com/wp-content/uploads/2024/10/UAFA-2024-2025-School-Student-Parent-Handbook-Trilith-with-Highlights-7.30.2024-v.2.pdf|https://utopianacademyforthearts.com/governanceboard/,2026-09-06,,,,,
Yi Hwang Academy of Language Excellence,Atlanta,GA,charter,none,unknown,unknown,unknown,unknown,unknown,,,,,,,,,unknown,unknown,unknown,unknown,none,none,none,no,unknown,,,unknown,,,,,,unknown,,,,,2026-09-06,State charter (SCSC) K–7 LEA (opened 2021; statewide); yhale.org returned 503 and 2025–2026 Student & Family Handbook PDF could not be downloaded this pass — searched contact/handbook index snippets show no generative-AI/ChatGPT classroom allow/cite/ban language — treat as none pending live PDF recovery.,verified,https://yhale.org/|https://yhale.org/contact/|https://yhale.org/contact-the-board/|https://yhale.org/handbooks-policies/|https://yhale.org/wp-content/uploads/2025/07/25-26-YHALE-Student-and-Family-Handbook_07282025.pdf|https://scsc.georgia.gov/document/charter-contracts/yi-hwang-academy-language-excellence/download|https://scsc.georgia.gov/document/document/2025-2026-master-charter-school-list/download,Anthony Chung,Principal,achung@yhale.org,404-738-6219,,,,,Liza A. Park,Liza A. Park|Board Chair||;Emile Haman|Board Member||;Tamecha Buck|Board Member||;Fadzai Konteh|Board Member||;Domingo Bugg|Board Member||;Eddie Kali|Board Member||,https://yhale.org/contact-the-board/,,,,,,,,,https://yhale.org/contact/|https://yhale.org/contact-the-board/|https://scsc.georgia.gov/document/charter-contracts/yi-hwang-academy-language-excellence/download|https://projects.propublica.org/nonprofits/organizations/814597536,2026-09-07,negative,negative,Handbook PDF inaccessible this pass; no genAI classroom rules in recovered snippets — treat as honesty vacuum until PDF recovered.,No genAI guidance/PD recovered on accessible contact/handbook-index paths.,,Site 503; handbook PDF blocked; board roster may lag 990; outcomes not published,https://yhale.org/handbooks-policies/|https://yhale.org/contact-the-board/,2026-09-06,,,,,
Zest Preparatory Academy Charter School,Atlanta,GA,charter,none,unknown,unknown,unknown,unknown,unknown,,,,,,,,,unknown,unknown,unknown,unknown,none,none,none,no,unknown,,,unknown,,,,,,unknown,,,,,2026-09-06,State charter (SCSC) K–5 LEA (opened 2022; Douglas) — charter surrendered effective June 30 2026 after Feb 9 2026 board vote; site in records-request/closure mode with no recovered generative-AI classroom handbook language — ai_policy_status=none.,closed,https://www.zestprep.org/|https://www.zestprep.org/apps/pages/index.jsp?type=d&uREC_ID=541978|https://www.zestprep.org/apps/staff/|https://app2.boardontrack.com/public/EuHAFN/board|https://app2.boardontrack.com/public/EuHAFN/minutes/110470|https://app2.boardontrack.com/public/EuHAFN/minutes/116495|https://scsc.georgia.gov/document/document/2025-2026-master-charter-school-list/download,Monique Carruthers,Lead Founder & Executive Director,,770-462-9051,,,,,Brannon Jones,Brannon Jones|Board Chair||;Akosua Joiner|Board Member||;Abena Olugbala|Board Member||;Cynthia James|Board Member||;Horace Ridley|Board Member||;Robert Palmer|Board Member||;ShaMiracle Rankin|Board Member||,https://app2.boardontrack.com/public/EuHAFN/board,,,,,,,,,https://www.zestprep.org/apps/staff/|https://app2.boardontrack.com/public/EuHAFN/board|https://app2.boardontrack.com/public/EuHAFN/minutes/110470|https://www.zestprep.org/apps/pages/index.jsp?type=d&uREC_ID=541978,2026-09-06,negative,negative,School closed end of SY25–26; no recovered genAI classroom policy from final operating year materials this pass.,Closure supersedes ongoing classroom AI guidance needs; no public AI PD recovered.,,Charter closed 2026-06-30; no public genAI classroom policy recovered; outcomes not published,https://www.zestprep.org/apps/pages/index.jsp?type=d&uREC_ID=541978|https://app2.boardontrack.com/public/EuHAFN/minutes/110470,2026-09-06,,,,,
Academy for Innovation in Medicine,Atlanta,GA,charter,unknown,unknown,unknown,unknown,unknown,unknown,,,,,,,,,unknown,unknown,unknown,,unknown,unknown,unknown,no,unknown,,,unknown,,,,,,unknown,,,,,2026-09-06,State charter (SCSC) pre-opening LEA (scheduled Fall 2026; Atlanta); stub from SCSC 2025–26 master list — not yet operating; AI/people fields blank until open. Roster note: Scheduled to open Fall 2026; * on master list; serves APS/Clayton/DeKalb/Fulton/Cobb,pre_opening,https://scsc.georgia.gov/locations/school|https://scsc.georgia.gov/document/document/2025-2026-master-charter-school-list/download,,,,,,,,,,,,,,,,,,,,,2026-09-06,unknown,unknown,Pre-opening — no classroom genAI policy applicable yet.,Pre-opening stub from SCSC roster; re-verify at opening.,,Not yet open,,2026-09-06,,,,,
Dominion Purpose Academy,Columbus,GA,charter,unknown,unknown,unknown,unknown,unknown,unknown,,,,,,,,,unknown,unknown,unknown,,unknown,unknown,unknown,no,unknown,,,unknown,,,,,,unknown,,,,,2026-09-06,State charter (SCSC) pre-opening LEA (scheduled Fall 2027; Columbus); stub from SCSC 2025–26 master list — not yet operating; AI/people fields blank until open. Roster note: * on master list as 2026; Find-a-School says Opening Fall 2027,pre_opening,https://scsc.georgia.gov/document/document/2025-2026-master-charter-school-list/download,,,,,,,,,,,,,,,,,,,,,2026-09-06,unknown,unknown,Pre-opening — no classroom genAI policy applicable yet.,Pre-opening stub from SCSC roster; re-verify at opening.,,Not yet open,,2026-09-06,,,,,
Fayette Classical Academy,Atlanta,GA,charter,unknown,unknown,unknown,unknown,unknown,unknown,,,,,,,,,unknown,unknown,unknown,,unknown,unknown,unknown,no,unknown,,,unknown,,,,,,unknown,,,,,2026-09-06,State charter (SCSC) pre-opening LEA (scheduled Fall 2027); stub from SCSC 2025–26 master list — not yet operating; AI/people fields blank until open. Roster note: * on master list; Find-a-School Opening Fall 2027,pre_opening,https://scsc.georgia.gov/document/document/2025-2026-master-charter-school-list/download,,,,,,,,,,,,,,,,,,,,,2026-09-06,unknown,unknown,Pre-opening — no classroom genAI policy applicable yet.,Pre-opening stub from SCSC roster; re-verify at opening.,,Not yet open,,2026-09-06,,,,,
Northwest Georgia Charter Academy,Rome,GA,charter,unknown,unknown,unknown,unknown,unknown,unknown,,,,,,,,,unknown,unknown,unknown,,unknown,unknown,unknown,no,unknown,,,unknown,,,,,,unknown,,,,,2026-09-06,State charter (SCSC) pre-opening LEA (scheduled Fall 2026; Cave Spring); stub from SCSC 2025–26 master list — not yet operating; AI/people fields blank until open. Roster note: Scheduled to open Fall 2026; Floyd/Rome City/Polk,pre_opening,https://scsc.georgia.gov/document/document/2025-2026-master-charter-school-list/download,,,,,,,,,,,,,,,,,,,,,2026-09-06,unknown,unknown,Pre-opening — no classroom genAI policy applicable yet.,Pre-opening stub from SCSC roster; re-verify at opening.,,Not yet open,,2026-09-06,,,,,
The Meliora School,Atlanta,GA,charter,unknown,unknown,unknown,unknown,unknown,unknown,,,,,,,,,unknown,unknown,unknown,,unknown,unknown,unknown,no,unknown,,,unknown,,,,,,unknown,,,,,2026-09-06,State charter (SCSC) pre-opening LEA (scheduled Fall 2026; Snellville); stub from SCSC 2025–26 master list — not yet operating; AI/people fields blank until open. Roster note: Scheduled to open 2026; * on master list,pre_opening,https://scsc.georgia.gov/document/document/2025-2026-master-charter-school-list/download,,,,,,,,,,,,,,,,,,,,,2026-09-06,unknown,unknown,Pre-opening — no classroom genAI policy applicable yet.,Pre-opening stub from SCSC roster; re-verify at opening.,,Not yet open,,2026-09-06,,,,,
The Wright Community School,Atlanta,GA,charter,unknown,unknown,unknown,unknown,unknown,unknown,,,,,,,,,unknown,unknown,unknown,,unknown,unknown,unknown,no,unknown,,,unknown,,,,,,unknown,,,,,2026-09-06,State charter (SCSC) pre-opening LEA (scheduled Fall 2027); stub from SCSC 2025–26 master list — not yet operating; AI/people fields blank until open. Roster note: * on master list; Find-a-School Opening Fall 2027; Henry/Clayton/DeKalb,pre_opening,https://scsc.georgia.gov/document/document/2025-2026-master-charter-school-list/download,,,,,,,,,,,,,,,,,,,,,2026-09-06,unknown,unknown,Pre-opening — no classroom genAI policy applicable yet.,Pre-opening stub from SCSC roster; re-verify at opening.,,Not yet open,,2026-09-06,,,,,
Brookwood School,Thomasville,GA,private,none,unknown,unknown,unknown,unknown,unknown,,,,,,,,,unknown,unknown,unknown,,unknown,curriculum,none,no,unknown,,,unknown,,,,,,unknown,,,,,2026-09-06,Georgia private (Thomasville); JK–12 independent; Headmaster Randy Watts with public email; SAIS (through 2029); AI Concepts course / MS AI-as-tool literacy but no public genAI homework policy.,verified,https://www.brookwoodschool.org/about/headmasters-welcome|https://www.brookwoodschool.org/academics/technology|https://bbk12e1-cdn.myschoolcdn.com/ftpimages/1041/misc/misc_224942.pdf|https://www.brookwoodschool.org/curriculum-detail?DepartmentId=27654&LevelNum=1585,,,,,,,,,,,,,,,,,,,,,2026-09-06,negative,mixed,No published ChatGPT/genAI homework allow/cite/ban rules for families.,No shared public schoolwide genAI playbook recovered.,,No public genAI policy,https://www.brookwoodschool.org/,2026-09-06,Dr. Randy Watts,Headmaster,rwatts@brookwoodschool.org,,SAIS
St. Anne-Pacelli Catholic School,Columbus,GA,private,none,unknown,unknown,unknown,unknown,unknown,,,,,,,,,unknown,unknown,unknown,,unknown,none,none,no,unknown,,,unknown,,,,,,unknown,,,,,2026-09-06,Georgia private (Columbus); age-1–12 Catholic (Diocese of Savannah); dual principals Carolyn Brewster (HS) & Heather Dalelio (LS); Cognia; AI vacuum.,verified,https://www.beaviking.com/|https://mygeorgiapromise.org/wp-content/uploads/2026/04/Year-2-List-GESA-2026-04-23.pdf,,,,,,,,,,,,,,,,,,,,,2026-09-06,negative,mixed,No published ChatGPT/genAI homework allow/cite/ban rules for families.,No shared public schoolwide genAI playbook recovered.,,No public genAI policy,https://www.beaviking.com/,2026-09-06,Carolyn Brewster,High School Principal,cbrewster@sasphs.net,,Cognia
Hebron Christian Academy,Atlanta,GA,private,none,unknown,unknown,unknown,unknown,unknown,,,,,,,,,unknown,unknown,unknown,,unknown,none,none,no,unknown,,,unknown,,,,,,unknown,,,,,2026-09-06,Georgia private (Dacula); K4–12 Baptist/Christian; Head James Taylor (since Jul 2020); ACSI (+ SACS logos); AI vacuum (GoGuardian ML ≠ classroom AI policy).,verified,https://www.hebronlions.org/|https://mygeorgiapromise.org/wp-content/uploads/2026/04/Year-2-List-GESA-2026-04-23.pdf,,,,,,,,,,,,,,,,,,,,,2026-09-06,negative,mixed,No published ChatGPT/genAI homework allow/cite/ban rules for families.,No shared public schoolwide genAI playbook recovered.,,No public genAI policy,https://www.hebronlions.org/,2026-09-06,Dr. James E. Taylor,Head of School,,,ACSI
John Milledge Academy,Milledgeville,GA,private,none,unknown,unknown,unknown,unknown,unknown,,,,,,,,,unknown,unknown,unknown,,unknown,none,none,no,unknown,,,unknown,,,,,,unknown,,,,,2026-09-06,Georgia private (Milledgeville); PK–12 independent; Head Allen Simmons with public email; GAC + SAIS/SACS; handbook silent on ChatGPT/genAI.,verified,https://www.johnmilledge.org/|https://mygeorgiapromise.org/wp-content/uploads/2026/04/Year-2-List-GESA-2026-04-23.pdf,,,,,,,,,,,,,,,,,,,,,2026-09-06,negative,mixed,No published ChatGPT/genAI homework allow/cite/ban rules for families.,No shared public schoolwide genAI playbook recovered.,,No public genAI policy,https://www.johnmilledge.org/,2026-09-06,Allen Simmons,Head of School,asimmons@johnmilledge.org,,GAC + SAIS/SACS
The Westfield School,Warner Robins,GA,private,none,unknown,unknown,unknown,unknown,unknown,,,,,,,,,unknown,unknown,unknown,,unknown,none,none,no,unknown,,,unknown,,,,,,unknown,,,,,2026-09-06,Georgia private (Perry); PreK–12 Christian independent; Head William Carroll with public email; Cognia+SACS+SAIS; AI vacuum (≠ NJ Westfield Public Schools).,verified,https://www.westfieldschool.org/fast-facts|https://www.westfieldschool.org/faqs|https://thewestfieldschool.static.amais.com/school_profile_20252026-665.pdf|https://mygeorgiapromise.org/wp-content/uploads/2026/04/Year-2-List-GESA-2026-04-23.pdf,,,,,,,,,,,,,,,,,,,,,2026-09-06,negative,mixed,No published ChatGPT/genAI homework allow/cite/ban rules for families.,No shared public schoolwide genAI playbook recovered.,,No public genAI policy,https://www.westfieldschool.org/fast-facts|https://thewestfieldschool.static.amais.com/school_profile_20252026-665.pdf,2026-09-06,William Carroll,Head of School,wcarroll@westfieldschool.org,,Cognia + SACS + SAIS
Tiftarea Academy,Tifton,GA,private,none,unknown,unknown,unknown,unknown,unknown,,,,,,,,,unknown,unknown,unknown,,unknown,none,none,no,unknown,,,unknown,,,,,,unknown,,,,,2026-09-06,Georgia private (Chula/Tifton); PreK–12 independent; Head Bill Shelnutt (since Jul 2024); SAIS+SACS+GAC; AI vacuum (≠ Tift County Schools traffic-light AI).,verified,https://www.tiftareaacademy.com/|https://mygeorgiapromise.org/wp-content/uploads/2026/04/Year-2-List-GESA-2026-04-23.pdf,,,,,,,,,,,,,,,,,,,,,2026-09-06,negative,mixed,No published ChatGPT/genAI homework allow/cite/ban rules for families.,No shared public schoolwide genAI playbook recovered.,,No public genAI policy,https://www.tiftareaacademy.com/,2026-09-06,Bill Shelnutt,Head of School,,,SAIS + SACS + GAC (Accredited with Quality)
Aquinas High School,Augusta,GA,private,none,unknown,unknown,unknown,unknown,unknown,,,,,,,,,unknown,unknown,unknown,,unknown,none,none,no,unknown,,,unknown,,,,,,unknown,,,,,2026-09-06,Georgia private (Augusta); 9–12 Diocese of Savannah Catholic; Principal Maureen Lewis with public email; Cognia; AI vacuum.,verified,https://www.aquinashigh.org/|https://mygeorgiapromise.org/wp-content/uploads/2026/04/Year-2-List-GESA-2026-04-23.pdf,,,,,,,,,,,,,,,,,,,,,2026-09-06,negative,mixed,No published ChatGPT/genAI homework allow/cite/ban rules for families.,No shared public schoolwide genAI playbook recovered.,,No public genAI policy,https://www.aquinashigh.org/,2026-09-06,Maureen Lewis,Principal,mlewis@aquinashigh.org,,Cognia
St. Vincent's Academy,Savannah,GA,private,none,unknown,unknown,unknown,unknown,unknown,,,,,,,,,unknown,unknown,unknown,,unknown,none,none,no,unknown,,,unknown,,,,,,unknown,,,,,2026-09-06,Georgia private (Savannah); 9–12 girls Mercy Catholic; President Mary Anne Hogan (Principal Dawn Odom); Cognia+SAIS; AI vacuum.,verified,https://www.svaga.net/|https://mygeorgiapromise.org/wp-content/uploads/2026/04/Year-2-List-GESA-2026-04-23.pdf,,,,,,,,,,,,,,,,,,,,,2026-09-06,negative,mixed,No published ChatGPT/genAI homework allow/cite/ban rules for families.,No shared public schoolwide genAI playbook recovered.,,No public genAI policy,https://www.svaga.net/,2026-09-06,Mary Anne Hogan,President,maryanne.hogan@svaga.net,,Cognia + SAIS
