school_name,nces_school_id,district,metro,state,entity_type,school_level,school_url,main_office_phone,main_office_email,principal_name,principal_title,principal_email,principal_phone,counselor_name,counselor_email,media_specialist_name,media_specialist_email,coach_name,coach_email,coach_role,sources,people_last_verified_at,status
Altamaha Elementary School,130006000011,Appling County Schools,Rural SE Georgia,GA,traditional,elementary,,(912)367-3713,,,,,,,,,,,,,https://educationdata.urban.org/api/v1/schools/ccd/directory/2023/?fips=13|https://nces.ed.gov/ccd/|https://app3.doe.k12.ga.us/ows-bin/owa/main_pack_fcl099.entry_form,,stub
Appling County Elementary School,130006000007,Appling County Schools,Rural SE Georgia,GA,traditional,elementary,,(912)367-8640,,,,,,,,,,,,,https://educationdata.urban.org/api/v1/schools/ccd/directory/2023/?fips=13|https://nces.ed.gov/ccd/|https://app3.doe.k12.ga.us/ows-bin/owa/main_pack_fcl099.entry_form,,stub
Appling County High School,130006000010,Appling County Schools,Rural SE Georgia,GA,traditional,high,,(912)367-8610,,,,,,,,,,,,,https://educationdata.urban.org/api/v1/schools/ccd/directory/2023/?fips=13|https://nces.ed.gov/ccd/|https://app3.doe.k12.ga.us/ows-bin/owa/main_pack_fcl099.entry_form,,stub
Appling County Middle School,130006000009,Appling County Schools,Rural SE Georgia,GA,traditional,middle,,(912)367-8630,,,,,,,,,,,,,https://educationdata.urban.org/api/v1/schools/ccd/directory/2023/?fips=13|https://nces.ed.gov/ccd/|https://app3.doe.k12.ga.us/ows-bin/owa/main_pack_fcl099.entry_form,,stub
Fourth District Elementary School,130006000008,Appling County Schools,Rural SE Georgia,GA,traditional,elementary,,(912)367-3250,,,,,,,,,,,,,https://educationdata.urban.org/api/v1/schools/ccd/directory/2023/?fips=13|https://nces.ed.gov/ccd/|https://app3.doe.k12.ga.us/ows-bin/owa/main_pack_fcl099.entry_form,,stub
Atkinson County High School,130009000015,Atkinson County Schools,Douglas,GA,traditional,high,,(912)422-3267,,,,,,,,,,,,,https://educationdata.urban.org/api/v1/schools/ccd/directory/2023/?fips=13|https://nces.ed.gov/ccd/|https://app3.doe.k12.ga.us/ows-bin/owa/main_pack_fcl099.entry_form,,stub
Atkinson County Middle School,130009003996,Atkinson County Schools,Douglas,GA,traditional,middle,,(912)422-3267,,,,,,,,,,,,,https://educationdata.urban.org/api/v1/schools/ccd/directory/2023/?fips=13|https://nces.ed.gov/ccd/|https://app3.doe.k12.ga.us/ows-bin/owa/main_pack_fcl099.entry_form,,stub
Pearson Elementary School,130009000013,Atkinson County Schools,Douglas,GA,traditional,elementary,,(912)422-3882,,,,,,,,,,,,,https://educationdata.urban.org/api/v1/schools/ccd/directory/2023/?fips=13|https://nces.ed.gov/ccd/|https://app3.doe.k12.ga.us/ows-bin/owa/main_pack_fcl099.entry_form,,stub
Willacoochee Elementary School,130009001965,Atkinson County Schools,Douglas,GA,traditional,elementary,,(912)534-5302,,,,,,,,,,,,,https://educationdata.urban.org/api/v1/schools/ccd/directory/2023/?fips=13|https://nces.ed.gov/ccd/|https://app3.doe.k12.ga.us/ows-bin/owa/main_pack_fcl099.entry_form,,stub
Atlanta Classical Academy,130012004145,Atlanta Public Schools,Atlanta,GA,traditional,other,,(404)369-3500,,,,,,,,,,,,,https://educationdata.urban.org/api/v1/schools/ccd/directory/2023/?fips=13|https://nces.ed.gov/ccd/|https://app3.doe.k12.ga.us/ows-bin/owa/main_pack_fcl099.entry_form,,stub
Atlanta Neighborhood Charter - Elementary,130012002615,Atlanta Public Schools,Atlanta,GA,traditional,elementary,,(404)624-6226,,,,,,,,,,,,,https://educationdata.urban.org/api/v1/schools/ccd/directory/2023/?fips=13|https://nces.ed.gov/ccd/|https://app3.doe.k12.ga.us/ows-bin/owa/main_pack_fcl099.entry_form,,stub
Atlanta Neighborhood Charter - Middle,130012003541,Atlanta Public Schools,Atlanta,GA,traditional,middle,,(678)904-0051,,,,,,,,,,,,,https://educationdata.urban.org/api/v1/schools/ccd/directory/2023/?fips=13|https://nces.ed.gov/ccd/|https://app3.doe.k12.ga.us/ows-bin/owa/main_pack_fcl099.entry_form,,stub
B.E.S.T Academy,130012003558,Atlanta Public Schools,Atlanta,GA,traditional,high,https://best.atlantapublicschools.us/,(404)802-4950,,Robert Williams,Principal,rpwilliams@atlanta.k12.ga.us,,,,,,,,,https://educationdata.urban.org/api/v1/schools/ccd/directory/2023/?fips=13|https://nces.ed.gov/ccd/|https://app3.doe.k12.ga.us/ows-bin/owa/main_pack_fcl099.entry_form|https://best.atlantapublicschools.us/our-school/administration,2026-09-07,verified
Barack and Michelle Obama Academy,130012000077,Atlanta Public Schools,Atlanta,GA,traditional,elementary,,(404)802-4200,,,,,,,,,,,,,https://educationdata.urban.org/api/v1/schools/ccd/directory/2023/?fips=13|https://nces.ed.gov/ccd/|https://app3.doe.k12.ga.us/ows-bin/owa/main_pack_fcl099.entry_form,,stub
Bazoline E. Usher/Collier Heights Elementary School,130012003030,Atlanta Public Schools,Atlanta,GA,traditional,elementary,,(404)802-5700,,,,,,,,,,,,,https://educationdata.urban.org/api/v1/schools/ccd/directory/2023/?fips=13|https://nces.ed.gov/ccd/|https://app3.doe.k12.ga.us/ows-bin/owa/main_pack_fcl099.entry_form,,stub
Beecher Hills Elementary School,130012000118,Atlanta Public Schools,Atlanta,GA,traditional,elementary,,(404)802-8300,,,,,,,,,,,,,https://educationdata.urban.org/api/v1/schools/ccd/directory/2023/?fips=13|https://nces.ed.gov/ccd/|https://app3.doe.k12.ga.us/ows-bin/owa/main_pack_fcl099.entry_form,,stub
Benjamin E. Mays High School,130012001865,Atlanta Public Schools,Atlanta,GA,traditional,high,https://mays.atlantapublicschools.us/,(404)802-5100,,Ramon Garner,Principal,,,,,,,,,,https://educationdata.urban.org/api/v1/schools/ccd/directory/2023/?fips=13|https://nces.ed.gov/ccd/|https://app3.doe.k12.ga.us/ows-bin/owa/main_pack_fcl099.entry_form|https://mays.atlantapublicschools.us/our-school|https://mays.atlantapublicschools.us/community/go-team,2026-09-07,verified
Benteen Elementary School,130012000073,Atlanta Public Schools,Atlanta,GA,traditional,elementary,,(404)802-7300,,,,,,,,,,,,,https://educationdata.urban.org/api/v1/schools/ccd/directory/2023/?fips=13|https://nces.ed.gov/ccd/|https://app3.doe.k12.ga.us/ows-bin/owa/main_pack_fcl099.entry_form,,stub
Bolton Academy Elementary,130012003028,Atlanta Public Schools,Atlanta,GA,traditional,elementary,,(404)802-8350,,,,,,,,,,,,,https://educationdata.urban.org/api/v1/schools/ccd/directory/2023/?fips=13|https://nces.ed.gov/ccd/|https://app3.doe.k12.ga.us/ows-bin/owa/main_pack_fcl099.entry_form,,stub
Booker T. Washington High School,130012004174,Atlanta Public Schools,Atlanta,GA,traditional,high,https://washington.atlantapublicschools.us/,(404)802-4600,,Tiauna Crooms,Principal,,,,,,,,,,https://educationdata.urban.org/api/v1/schools/ccd/directory/2023/?fips=13|https://nces.ed.gov/ccd/|https://app3.doe.k12.ga.us/ows-bin/owa/main_pack_fcl099.entry_form|https://washington.atlantapublicschools.us/our-school/administration|https://washington.atlantapublicschools.us/community/go-team,2026-09-07,verified
Burgess-Peterson Elementary School,130012003471,Atlanta Public Schools,Atlanta,GA,traditional,elementary,,(404)802-3400,,,,,,,,,,,,,https://educationdata.urban.org/api/v1/schools/ccd/directory/2023/?fips=13|https://nces.ed.gov/ccd/|https://app3.doe.k12.ga.us/ows-bin/owa/main_pack_fcl099.entry_form,,stub
Carver High School,130012004223,Atlanta Public Schools,Atlanta,GA,traditional,high,https://carversteam.atlantapublicschools.us/,(404)802-4415,,Niomi James,Principal,,,,,,,,,,https://educationdata.urban.org/api/v1/schools/ccd/directory/2023/?fips=13|https://nces.ed.gov/ccd/|https://app3.doe.k12.ga.us/ows-bin/owa/main_pack_fcl099.entry_form|https://carversteam.atlantapublicschools.us/|https://carversteam.atlantapublicschools.us/community/go-team,2026-09-07,verified
Carver High School Early College,130012003540,Atlanta Public Schools,Atlanta,GA,traditional,high,https://carver.atlantapublicschools.us/,(404)802-4405,,Christina Rogers,Principal,,,,,,,,,,https://educationdata.urban.org/api/v1/schools/ccd/directory/2023/?fips=13|https://nces.ed.gov/ccd/|https://app3.doe.k12.ga.us/ows-bin/owa/main_pack_fcl099.entry_form|https://carver.atlantapublicschools.us/community/go-team,2026-09-07,verified
Cascade Elementary School,130012000092,Atlanta Public Schools,Atlanta,GA,traditional,elementary,,(404)802-8100,,,,,,,,,,,,,https://educationdata.urban.org/api/v1/schools/ccd/directory/2023/?fips=13|https://nces.ed.gov/ccd/|https://app3.doe.k12.ga.us/ows-bin/owa/main_pack_fcl099.entry_form,,stub
Centennial Place Academy (Charter),130012002290,Atlanta Public Schools,Atlanta,GA,traditional,elementary,,(404)802-8550,,,,,,,,,,,,,https://educationdata.urban.org/api/v1/schools/ccd/directory/2023/?fips=13|https://nces.ed.gov/ccd/|https://app3.doe.k12.ga.us/ows-bin/owa/main_pack_fcl099.entry_form,,stub
Charles Drew Charter JA/SR Academy,130012004161,Atlanta Public Schools,Atlanta,GA,traditional,high,https://www.drewcharterschool.org/academies-programs/senior-academy,(404)687-0001,,Dr. Kendrick Myers,Senior Academy Principal,,,,,,,,,,https://educationdata.urban.org/api/v1/schools/ccd/directory/2023/?fips=13|https://nces.ed.gov/ccd/|https://app3.doe.k12.ga.us/ows-bin/owa/main_pack_fcl099.entry_form|https://www.drewcharterschool.org/academies-programs/senior-academy,2026-09-07,verified
Charles L. Gideons Elementary School,130012000139,Atlanta Public Schools,Atlanta,GA,traditional,elementary,,(404)802-7700,,,,,,,,,,,,,https://educationdata.urban.org/api/v1/schools/ccd/directory/2023/?fips=13|https://nces.ed.gov/ccd/|https://app3.doe.k12.ga.us/ows-bin/owa/main_pack_fcl099.entry_form,,stub
Charles R. Drew Charter School,130012002453,Atlanta Public Schools,Atlanta,GA,traditional,elementary,,(404)687-0001,,,,,,,,,,,,,https://educationdata.urban.org/api/v1/schools/ccd/directory/2023/?fips=13|https://nces.ed.gov/ccd/|https://app3.doe.k12.ga.us/ows-bin/owa/main_pack_fcl099.entry_form,,stub
Cleveland Avenue Elementary School,130012000091,Atlanta Public Schools,Atlanta,GA,traditional,elementary,,(404)802-8400,,,,,,,,,,,,,https://educationdata.urban.org/api/v1/schools/ccd/directory/2023/?fips=13|https://nces.ed.gov/ccd/|https://app3.doe.k12.ga.us/ows-bin/owa/main_pack_fcl099.entry_form,,stub
Continental Colony Elementary School,130012000113,Atlanta Public Schools,Atlanta,GA,traditional,elementary,,(404)802-8000,,,,,,,,,,,,,https://educationdata.urban.org/api/v1/schools/ccd/directory/2023/?fips=13|https://nces.ed.gov/ccd/|https://app3.doe.k12.ga.us/ows-bin/owa/main_pack_fcl099.entry_form,,stub
Coretta Scott King Young Women's Leadership Academy,130012003980,Atlanta Public Schools,Atlanta,GA,traditional,high,https://cskywla.atlantapublicschools.us/,(404)802-4900,,Eulonda Washington,Principal,,,,,,,,,,https://educationdata.urban.org/api/v1/schools/ccd/directory/2023/?fips=13|https://nces.ed.gov/ccd/|https://app3.doe.k12.ga.us/ows-bin/owa/main_pack_fcl099.entry_form|https://cskywla.atlantapublicschools.us/about|https://cskywla.atlantapublicschools.us/community/go-team,2026-09-07,verified
Crawford Long Middle School,130012000017,Atlanta Public Schools,Atlanta,GA,traditional,middle,,(404)802-4800,,,,,,,,,,,,,https://educationdata.urban.org/api/v1/schools/ccd/directory/2023/?fips=13|https://nces.ed.gov/ccd/|https://app3.doe.k12.ga.us/ows-bin/owa/main_pack_fcl099.entry_form,,stub
D. M. Therrell High School,130012004215,Atlanta Public Schools,Atlanta,GA,traditional,high,https://therrell.atlantapublicschools.us/,(404)802-5300,,Octavius Harris,Principal,orharris@atlanta.k12.ga.us,,,,,,,,,https://educationdata.urban.org/api/v1/schools/ccd/directory/2023/?fips=13|https://nces.ed.gov/ccd/|https://app3.doe.k12.ga.us/ows-bin/owa/main_pack_fcl099.entry_form|https://therrell.atlantapublicschools.us/our-school/administration,2026-09-07,verified
David T Howard Middle School,130012000027,Atlanta Public Schools,Atlanta,GA,traditional,middle,,(404)802-3200,,,,,,,,,,,,,https://educationdata.urban.org/api/v1/schools/ccd/directory/2023/?fips=13|https://nces.ed.gov/ccd/|https://app3.doe.k12.ga.us/ows-bin/owa/main_pack_fcl099.entry_form,,stub
Deerwood Academy,130012003470,Atlanta Public Schools,Atlanta,GA,traditional,elementary,,(404)802-3300,,,,,,,,,,,,,https://educationdata.urban.org/api/v1/schools/ccd/directory/2023/?fips=13|https://nces.ed.gov/ccd/|https://app3.doe.k12.ga.us/ows-bin/owa/main_pack_fcl099.entry_form,,stub
E. Rivers Elementary School,130012000036,Atlanta Public Schools,Atlanta,GA,traditional,elementary,,(404)802-7050,,,,,,,,,,,,,https://educationdata.urban.org/api/v1/schools/ccd/directory/2023/?fips=13|https://nces.ed.gov/ccd/|https://app3.doe.k12.ga.us/ows-bin/owa/main_pack_fcl099.entry_form,,stub
Emma Hutchinson Elementary School,130012000039,Atlanta Public Schools,Atlanta,GA,traditional,elementary,,(404)802-7650,,,,,,,,,,,,,https://educationdata.urban.org/api/v1/schools/ccd/directory/2023/?fips=13|https://nces.ed.gov/ccd/|https://app3.doe.k12.ga.us/ows-bin/owa/main_pack_fcl099.entry_form,,stub
F. L. Stanton Elementary School,130012000045,Atlanta Public Schools,Atlanta,GA,traditional,elementary,,(404)802-7500,,,,,,,,,,,,,https://educationdata.urban.org/api/v1/schools/ccd/directory/2023/?fips=13|https://nces.ed.gov/ccd/|https://app3.doe.k12.ga.us/ows-bin/owa/main_pack_fcl099.entry_form,,stub
Finch Elementary,130012003468,Atlanta Public Schools,Atlanta,GA,traditional,elementary,,(404)802-4000,,,,,,,,,,,,,https://educationdata.urban.org/api/v1/schools/ccd/directory/2023/?fips=13|https://nces.ed.gov/ccd/|https://app3.doe.k12.ga.us/ows-bin/owa/main_pack_fcl099.entry_form,,stub
Fred A. Toomer Elementary School,130012000052,Atlanta Public Schools,Atlanta,GA,traditional,elementary,,(404)802-3450,,,,,,,,,,,,,https://educationdata.urban.org/api/v1/schools/ccd/directory/2023/?fips=13|https://nces.ed.gov/ccd/|https://app3.doe.k12.ga.us/ows-bin/owa/main_pack_fcl099.entry_form,,stub
Frederick Douglass High School,130012000089,Atlanta Public Schools,Atlanta,GA,traditional,high,https://douglass.atlantapublicschools.us/,(404)802-3100,,Shermaine Jennings,Principal,sljennings@atlanta.k12.ga.us,,,,,,,,,https://educationdata.urban.org/api/v1/schools/ccd/directory/2023/?fips=13|https://nces.ed.gov/ccd/|https://app3.doe.k12.ga.us/ows-bin/owa/main_pack_fcl099.entry_form|https://douglass.atlantapublicschools.us/about/administration,2026-09-07,verified
Garden Hills Elementary School,130012000029,Atlanta Public Schools,Atlanta,GA,traditional,elementary,,(404)802-7800,,,,,,,,,,,,,https://educationdata.urban.org/api/v1/schools/ccd/directory/2023/?fips=13|https://nces.ed.gov/ccd/|https://app3.doe.k12.ga.us/ows-bin/owa/main_pack_fcl099.entry_form,,stub
Hank Aaron New Beginnings Academy,130012002798,Atlanta Public Schools,Atlanta,GA,traditional,high,https://hankaaron.atlantapublicschools.us/,(404)802-6950,,"Zawadaski Robinson, Ed.D.",Principal,,,,,,,,,,https://educationdata.urban.org/api/v1/schools/ccd/directory/2023/?fips=13|https://nces.ed.gov/ccd/|https://app3.doe.k12.ga.us/ows-bin/owa/main_pack_fcl099.entry_form|https://hankaaron.atlantapublicschools.us/our-school/administration,2026-09-07,verified
Harper-Archer Elementary School,130012004346,Atlanta Public Schools,Atlanta,GA,traditional,elementary,,(404)802-8500,,,,,,,,,,,,,https://educationdata.urban.org/api/v1/schools/ccd/directory/2023/?fips=13|https://nces.ed.gov/ccd/|https://app3.doe.k12.ga.us/ows-bin/owa/main_pack_fcl099.entry_form,,stub
Heritage Academy Elementary School,130012002613,Atlanta Public Schools,Atlanta,GA,traditional,elementary,,(404)802-8650,,,,,,,,,,,,,https://educationdata.urban.org/api/v1/schools/ccd/directory/2023/?fips=13|https://nces.ed.gov/ccd/|https://app3.doe.k12.ga.us/ows-bin/owa/main_pack_fcl099.entry_form,,stub
Herman J. Russell West End Academy,130012002344,Atlanta Public Schools,Atlanta,GA,traditional,middle,,(404)802-6800,,,,,,,,,,,,,https://educationdata.urban.org/api/v1/schools/ccd/directory/2023/?fips=13|https://nces.ed.gov/ccd/|https://app3.doe.k12.ga.us/ows-bin/owa/main_pack_fcl099.entry_form,,stub
Hillside Conant School,130012003660,Atlanta Public Schools,Atlanta,GA,traditional,other,,(404)875-4551,,,,,,,,,,,,,https://educationdata.urban.org/api/v1/schools/ccd/directory/2023/?fips=13|https://nces.ed.gov/ccd/|https://app3.doe.k12.ga.us/ows-bin/owa/main_pack_fcl099.entry_form,,stub
Jackson Elementary School,130012000137,Atlanta Public Schools,Atlanta,GA,traditional,elementary,,(404)802-8800,,,,,,,,,,,,,https://educationdata.urban.org/api/v1/schools/ccd/directory/2023/?fips=13|https://nces.ed.gov/ccd/|https://app3.doe.k12.ga.us/ows-bin/owa/main_pack_fcl099.entry_form,,stub
Jean Childs Young Middle School,130012001866,Atlanta Public Schools,Atlanta,GA,traditional,middle,,(404)802-5900,,,,,,,,,,,,,https://educationdata.urban.org/api/v1/schools/ccd/directory/2023/?fips=13|https://nces.ed.gov/ccd/|https://app3.doe.k12.ga.us/ows-bin/owa/main_pack_fcl099.entry_form,,stub
John Lewis Invictus Academy,130012004276,Atlanta Public Schools,Atlanta,GA,traditional,middle,,(404)802-6149,,,,,,,,,,,,,https://educationdata.urban.org/api/v1/schools/ccd/directory/2023/?fips=13|https://nces.ed.gov/ccd/|https://app3.doe.k12.ga.us/ows-bin/owa/main_pack_fcl099.entry_form,,stub
John Wesley Dobbs Elementary School,130012003025,Atlanta Public Schools,Atlanta,GA,traditional,elementary,,(404)802-8050,,,,,,,,,,,,,https://educationdata.urban.org/api/v1/schools/ccd/directory/2023/?fips=13|https://nces.ed.gov/ccd/|https://app3.doe.k12.ga.us/ows-bin/owa/main_pack_fcl099.entry_form,,stub
Joseph Humphries Elementary School,130012000043,Atlanta Public Schools,Atlanta,GA,traditional,elementary,,(404)802-8750,,,,,,,,,,,,,https://educationdata.urban.org/api/v1/schools/ccd/directory/2023/?fips=13|https://nces.ed.gov/ccd/|https://app3.doe.k12.ga.us/ows-bin/owa/main_pack_fcl099.entry_form,,stub
Judson Price Middle School,130012000060,Atlanta Public Schools,Atlanta,GA,traditional,middle,,(404)802-6300,,,,,,,,,,,,,https://educationdata.urban.org/api/v1/schools/ccd/directory/2023/?fips=13|https://nces.ed.gov/ccd/|https://app3.doe.k12.ga.us/ows-bin/owa/main_pack_fcl099.entry_form,,stub
Kindezi Old 4th Ward,130012004277,Atlanta Public Schools,Atlanta,GA,traditional,elementary,,(404)719-4005,,,,,,,,,,,,,https://educationdata.urban.org/api/v1/schools/ccd/directory/2023/?fips=13|https://nces.ed.gov/ccd/|https://app3.doe.k12.ga.us/ows-bin/owa/main_pack_fcl099.entry_form,,stub
Kipp Atlanta Collegiate Charter School,130012004059,Atlanta Public Schools,Atlanta,GA,traditional,high,https://kippatl.org/our-schools-2/high-schools/kipp-atlanta-collegiate/,(404)326-4858,,Authur Washington,Principal,AWashington@kippatlantacollegiate.org,,,,,,,,,https://educationdata.urban.org/api/v1/schools/ccd/directory/2023/?fips=13|https://nces.ed.gov/ccd/|https://app3.doe.k12.ga.us/ows-bin/owa/main_pack_fcl099.entry_form|https://kippatl.org/our-schools-2/high-schools/kipp-atlanta-collegiate/|https://kippatl.org/wp-content/uploads/2024/09/SY25-KIPP-Atlanta-Collegiate-School-Profile.pdf,2026-09-07,verified
KIPP Soul Academy,130012004395,Atlanta Public Schools,Atlanta,GA,traditional,middle,,(404)324-6310,,,,,,,,,,,,,https://educationdata.urban.org/api/v1/schools/ccd/directory/2023/?fips=13|https://nces.ed.gov/ccd/|https://app3.doe.k12.ga.us/ows-bin/owa/main_pack_fcl099.entry_form,,stub
KIPP Soul Primary,130012004315,Atlanta Public Schools,Atlanta,GA,traditional,elementary,,(404)759-6852,,,,,,,,,,,,,https://educationdata.urban.org/api/v1/schools/ccd/directory/2023/?fips=13|https://nces.ed.gov/ccd/|https://app3.doe.k12.ga.us/ows-bin/owa/main_pack_fcl099.entry_form,,stub
Kipp Strive Charter School,130012003823,Atlanta Public Schools,Atlanta,GA,traditional,middle,,(404)753-1530,,,,,,,,,,,,,https://educationdata.urban.org/api/v1/schools/ccd/directory/2023/?fips=13|https://nces.ed.gov/ccd/|https://app3.doe.k12.ga.us/ows-bin/owa/main_pack_fcl099.entry_form,,stub
KIPP Strive Primary Charter School,130012004091,Atlanta Public Schools,Atlanta,GA,traditional,elementary,,(404)924-6310,,,,,,,,,,,,,https://educationdata.urban.org/api/v1/schools/ccd/directory/2023/?fips=13|https://nces.ed.gov/ccd/|https://app3.doe.k12.ga.us/ows-bin/owa/main_pack_fcl099.entry_form,,stub
KIPP VISION Charter School,130012003992,Atlanta Public Schools,Atlanta,GA,traditional,middle,,(404)537-5252,,,,,,,,,,,,,https://educationdata.urban.org/api/v1/schools/ccd/directory/2023/?fips=13|https://nces.ed.gov/ccd/|https://app3.doe.k12.ga.us/ows-bin/owa/main_pack_fcl099.entry_form,,stub
KIPP Vision Primary Charter School,130012004124,Atlanta Public Schools,Atlanta,GA,traditional,elementary,,(404)537-5252,,,,,,,,,,,,,https://educationdata.urban.org/api/v1/schools/ccd/directory/2023/?fips=13|https://nces.ed.gov/ccd/|https://app3.doe.k12.ga.us/ows-bin/owa/main_pack_fcl099.entry_form,,stub
KIPP WAYS Academy Charter School,130012003031,Atlanta Public Schools,Atlanta,GA,traditional,middle,,(404)475-1941,,,,,,,,,,,,,https://educationdata.urban.org/api/v1/schools/ccd/directory/2023/?fips=13|https://nces.ed.gov/ccd/|https://app3.doe.k12.ga.us/ows-bin/owa/main_pack_fcl099.entry_form,,stub
Kipp WAYS Primary Charter School,130012004155,Atlanta Public Schools,Atlanta,GA,traditional,elementary,,(404)924-6310,,,,,,,,,,,,,https://educationdata.urban.org/api/v1/schools/ccd/directory/2023/?fips=13|https://nces.ed.gov/ccd/|https://app3.doe.k12.ga.us/ows-bin/owa/main_pack_fcl099.entry_form,,stub
L. O. Kimberly Elementary School,130012000038,Atlanta Public Schools,Atlanta,GA,traditional,elementary,,(404)802-7600,,,,,,,,,,,,,https://educationdata.urban.org/api/v1/schools/ccd/directory/2023/?fips=13|https://nces.ed.gov/ccd/|https://app3.doe.k12.ga.us/ows-bin/owa/main_pack_fcl099.entry_form,,stub
M. A. Jones Elementary School,130012000085,Atlanta Public Schools,Atlanta,GA,traditional,elementary,,(404)802-3900,,,,,,,,,,,,,https://educationdata.urban.org/api/v1/schools/ccd/directory/2023/?fips=13|https://nces.ed.gov/ccd/|https://app3.doe.k12.ga.us/ows-bin/owa/main_pack_fcl099.entry_form,,stub
Martin L. King Jr. Middle School,130012000025,Atlanta Public Schools,Atlanta,GA,traditional,middle,,(404)802-5400,,,,,,,,,,,,,https://educationdata.urban.org/api/v1/schools/ccd/directory/2023/?fips=13|https://nces.ed.gov/ccd/|https://app3.doe.k12.ga.us/ows-bin/owa/main_pack_fcl099.entry_form,,stub
Mary Lin Elementary School,130012000136,Atlanta Public Schools,Atlanta,GA,traditional,elementary,,(404)802-8850,,,,,,,,,,,,,https://educationdata.urban.org/api/v1/schools/ccd/directory/2023/?fips=13|https://nces.ed.gov/ccd/|https://app3.doe.k12.ga.us/ows-bin/owa/main_pack_fcl099.entry_form,,stub
Maynard Jackson High School,130012001939,Atlanta Public Schools,Atlanta,GA,traditional,high,https://mhjackson.atlantapublicschools.us/,(404)802-5200,,Dr. Kimberly Latchman,Principal,,,,,,,,,,https://educationdata.urban.org/api/v1/schools/ccd/directory/2023/?fips=13|https://nces.ed.gov/ccd/|https://app3.doe.k12.ga.us/ows-bin/owa/main_pack_fcl099.entry_form|https://mhjackson.atlantapublicschools.us/our-school|https://mhjackson.atlantapublicschools.us/community/go-team,2026-09-07,verified
Michael R. Hollis Innovation Academy,130012004237,Atlanta Public Schools,Atlanta,GA,traditional,elementary,,(404)802-8200,,,,,,,,,,,,,https://educationdata.urban.org/api/v1/schools/ccd/directory/2023/?fips=13|https://nces.ed.gov/ccd/|https://app3.doe.k12.ga.us/ows-bin/owa/main_pack_fcl099.entry_form,,stub
Midtown High School,130012000066,Atlanta Public Schools,Atlanta,GA,traditional,high,https://midtown.atlantapublicschools.us/,(404)802-3001,,Betsy Bockman,Principal,bbockman@atlanta.k12.ga.us,,,,,,,,,https://educationdata.urban.org/api/v1/schools/ccd/directory/2023/?fips=13|https://nces.ed.gov/ccd/|https://app3.doe.k12.ga.us/ows-bin/owa/main_pack_fcl099.entry_form|https://midtown.atlantapublicschools.us/our-school/facultystaff-directory|https://midtown.atlantapublicschools.us/,2026-09-07,verified
Miles Elementary School,130012000063,Atlanta Public Schools,Atlanta,GA,traditional,elementary,,(404)802-8900,,,,,,,,,,,,,https://educationdata.urban.org/api/v1/schools/ccd/directory/2023/?fips=13|https://nces.ed.gov/ccd/|https://app3.doe.k12.ga.us/ows-bin/owa/main_pack_fcl099.entry_form,,stub
Morningside Elementary School,130012000130,Atlanta Public Schools,Atlanta,GA,traditional,elementary,,(404)802-8950,,,,,,,,,,,,,https://educationdata.urban.org/api/v1/schools/ccd/directory/2023/?fips=13|https://nces.ed.gov/ccd/|https://app3.doe.k12.ga.us/ows-bin/owa/main_pack_fcl099.entry_form,,stub
Morris Brandon Elementary School,130012000127,Atlanta Public Schools,Atlanta,GA,traditional,elementary,,(404)802-7250,,,,,,,,,,,,,https://educationdata.urban.org/api/v1/schools/ccd/directory/2023/?fips=13|https://nces.ed.gov/ccd/|https://app3.doe.k12.ga.us/ows-bin/owa/main_pack_fcl099.entry_form,,stub
North Atlanta High School,130012002212,Atlanta Public Schools,Atlanta,GA,traditional,high,https://northatlanta.atlantapublicschools.us/,(404)802-4700,,Dr. Angela Mitchell,Principal,,,,,,,,,,https://educationdata.urban.org/api/v1/schools/ccd/directory/2023/?fips=13|https://nces.ed.gov/ccd/|https://app3.doe.k12.ga.us/ows-bin/owa/main_pack_fcl099.entry_form|https://northatlanta.atlantapublicschools.us/our-school/administration|https://northatlanta.atlantapublicschools.us/community/go-team,2026-09-07,verified
Parkside Elementary School,130012002517,Atlanta Public Schools,Atlanta,GA,traditional,elementary,,(404)802-4100,,,,,,,,,,,,,https://educationdata.urban.org/api/v1/schools/ccd/directory/2023/?fips=13|https://nces.ed.gov/ccd/|https://app3.doe.k12.ga.us/ows-bin/owa/main_pack_fcl099.entry_form,,stub
Paul L. Dunbar Elementary School,130012000054,Atlanta Public Schools,Atlanta,GA,traditional,elementary,,(404)802-7950,,,,,,,,,,,,,https://educationdata.urban.org/api/v1/schools/ccd/directory/2023/?fips=13|https://nces.ed.gov/ccd/|https://app3.doe.k12.ga.us/ows-bin/owa/main_pack_fcl099.entry_form,,stub
Peyton Forest Elementary School,130012000106,Atlanta Public Schools,Atlanta,GA,traditional,elementary,,(404)802-7100,,,,,,,,,,,,,https://educationdata.urban.org/api/v1/schools/ccd/directory/2023/?fips=13|https://nces.ed.gov/ccd/|https://app3.doe.k12.ga.us/ows-bin/owa/main_pack_fcl099.entry_form,,stub
R. N. Fickett Elementary School,130012000103,Atlanta Public Schools,Atlanta,GA,traditional,elementary,,(404)802-7850,,,,,,,,,,,,,https://educationdata.urban.org/api/v1/schools/ccd/directory/2023/?fips=13|https://nces.ed.gov/ccd/|https://app3.doe.k12.ga.us/ows-bin/owa/main_pack_fcl099.entry_form,,stub
Ralph Bunche Middle School,130012000150,Atlanta Public Schools,Atlanta,GA,traditional,middle,,(404)802-6700,,,,,,,,,,,,,https://educationdata.urban.org/api/v1/schools/ccd/directory/2023/?fips=13|https://nces.ed.gov/ccd/|https://app3.doe.k12.ga.us/ows-bin/owa/main_pack_fcl099.entry_form,,stub
Sara Rawson Smith Elementary School,130012000124,Atlanta Public Schools,Atlanta,GA,traditional,elementary,,(404)802-3850,,,,,,,,,,,,,https://educationdata.urban.org/api/v1/schools/ccd/directory/2023/?fips=13|https://nces.ed.gov/ccd/|https://app3.doe.k12.ga.us/ows-bin/owa/main_pack_fcl099.entry_form,,stub
South Atlanta High School,130012004240,Atlanta Public Schools,Atlanta,GA,traditional,high,https://southatlanta.atlantapublicschools.us/,(404)802-5025,,"P. Alexander Braziel, II",Principal,pbraziel@apsk12.org,(404) 802-5033,,,,,,,,https://educationdata.urban.org/api/v1/schools/ccd/directory/2023/?fips=13|https://nces.ed.gov/ccd/|https://app3.doe.k12.ga.us/ows-bin/owa/main_pack_fcl099.entry_form|https://southatlanta.atlantapublicschools.us/our-school/administrative-team|https://southatlanta.atlantapublicschools.us/,2026-09-07,verified
Springdale Park Elementary School,130012003841,Atlanta Public Schools,Atlanta,GA,traditional,elementary,,(404)802-6050,,,,,,,,,,,,,https://educationdata.urban.org/api/v1/schools/ccd/directory/2023/?fips=13|https://nces.ed.gov/ccd/|https://app3.doe.k12.ga.us/ows-bin/owa/main_pack_fcl099.entry_form,,stub
Sylvan Hills Middle School,130012000058,Atlanta Public Schools,Atlanta,GA,traditional,middle,,(404)802-6203,,,,,,,,,,,,,https://educationdata.urban.org/api/v1/schools/ccd/directory/2023/?fips=13|https://nces.ed.gov/ccd/|https://app3.doe.k12.ga.us/ows-bin/owa/main_pack_fcl099.entry_form,,stub
T. J. Perkerson Elementary School,130012000122,Atlanta Public Schools,Atlanta,GA,traditional,elementary,,(404)802-3950,,,,,,,,,,,,,https://educationdata.urban.org/api/v1/schools/ccd/directory/2023/?fips=13|https://nces.ed.gov/ccd/|https://app3.doe.k12.ga.us/ows-bin/owa/main_pack_fcl099.entry_form,,stub
The John Hope-Charles Walter Hill Elementary Schools,130012000143,Atlanta Public Schools,Atlanta,GA,traditional,elementary,,(404)802-7450,,,,,,,,,,,,,https://educationdata.urban.org/api/v1/schools/ccd/directory/2023/?fips=13|https://nces.ed.gov/ccd/|https://app3.doe.k12.ga.us/ows-bin/owa/main_pack_fcl099.entry_form,,stub
The Kindezi School,130012004012,Atlanta Public Schools,Atlanta,GA,traditional,elementary,,(404)671-4920,,,,,,,,,,,,,https://educationdata.urban.org/api/v1/schools/ccd/directory/2023/?fips=13|https://nces.ed.gov/ccd/|https://app3.doe.k12.ga.us/ows-bin/owa/main_pack_fcl099.entry_form,,stub
Thomas Heathe Slater Elementary School,130012000059,Atlanta Public Schools,Atlanta,GA,traditional,elementary,,(404)802-4050,,,,,,,,,,,,,https://educationdata.urban.org/api/v1/schools/ccd/directory/2023/?fips=13|https://nces.ed.gov/ccd/|https://app3.doe.k12.ga.us/ows-bin/owa/main_pack_fcl099.entry_form,,stub
Tuskegee Airman Global Academy,130012004244,Atlanta Public Schools,Atlanta,GA,traditional,elementary,,(404)802-8450,,,,,,,,,,,,,https://educationdata.urban.org/api/v1/schools/ccd/directory/2023/?fips=13|https://nces.ed.gov/ccd/|https://app3.doe.k12.ga.us/ows-bin/owa/main_pack_fcl099.entry_form,,stub
Virginia-Highland Elementary School,130012004656,Atlanta Public Schools,Atlanta,GA,traditional,elementary,,(404)802-3500,,,,,,,,,,,,,https://educationdata.urban.org/api/v1/schools/ccd/directory/2023/?fips=13|https://nces.ed.gov/ccd/|https://app3.doe.k12.ga.us/ows-bin/owa/main_pack_fcl099.entry_form,,stub
Wesley International Academy Charter,130012003589,Atlanta Public Schools,Atlanta,GA,traditional,elementary,,(678)904-9137,,,,,,,,,,,,,https://educationdata.urban.org/api/v1/schools/ccd/directory/2023/?fips=13|https://nces.ed.gov/ccd/|https://app3.doe.k12.ga.us/ows-bin/owa/main_pack_fcl099.entry_form,,stub
West Manor Elementary School,130012000121,Atlanta Public Schools,Atlanta,GA,traditional,elementary,,(404)802-3350,,,,,,,,,,,,,https://educationdata.urban.org/api/v1/schools/ccd/directory/2023/?fips=13|https://nces.ed.gov/ccd/|https://app3.doe.k12.ga.us/ows-bin/owa/main_pack_fcl099.entry_form,,stub
Westside Atlanta Charter School,130012004139,Atlanta Public Schools,Atlanta,GA,traditional,elementary,,(404)931-4827,,,,,,,,,,,,,https://educationdata.urban.org/api/v1/schools/ccd/directory/2023/?fips=13|https://nces.ed.gov/ccd/|https://app3.doe.k12.ga.us/ows-bin/owa/main_pack_fcl099.entry_form,,stub
William J. Scott Elementary School,130012000099,Atlanta Public Schools,Atlanta,GA,traditional,elementary,,(404)802-7000,,,,,,,,,,,,,https://educationdata.urban.org/api/v1/schools/ccd/directory/2023/?fips=13|https://nces.ed.gov/ccd/|https://app3.doe.k12.ga.us/ows-bin/owa/main_pack_fcl099.entry_form,,stub
William M.Boyd Elementary School,130012000022,Atlanta Public Schools,Atlanta,GA,traditional,elementary,,(404)802-8150,,,,,,,,,,,,,https://educationdata.urban.org/api/v1/schools/ccd/directory/2023/?fips=13|https://nces.ed.gov/ccd/|https://app3.doe.k12.ga.us/ows-bin/owa/main_pack_fcl099.entry_form,,stub
Willis A. Sutton Middle School,130012000107,Atlanta Public Schools,Atlanta,GA,traditional,middle,,(404)802-5600,,,,,,,,,,,,,https://educationdata.urban.org/api/v1/schools/ccd/directory/2023/?fips=13|https://nces.ed.gov/ccd/|https://app3.doe.k12.ga.us/ows-bin/owa/main_pack_fcl099.entry_form,,stub
Woodson Park Academy School,130012004224,Atlanta Public Schools,Atlanta,GA,traditional,elementary,,(404)802-7750,,,,,,,,,,,,,https://educationdata.urban.org/api/v1/schools/ccd/directory/2023/?fips=13|https://nces.ed.gov/ccd/|https://app3.doe.k12.ga.us/ows-bin/owa/main_pack_fcl099.entry_form,,stub
Bacon County Elementary School,130015000151,Bacon County Schools,Rural SE Georgia,GA,traditional,elementary,,(912)632-4133,,,,,,,,,,,,,https://educationdata.urban.org/api/v1/schools/ccd/directory/2023/?fips=13|https://nces.ed.gov/ccd/|https://app3.doe.k12.ga.us/ows-bin/owa/main_pack_fcl099.entry_form,,stub
Bacon County High School,130015002357,Bacon County Schools,Rural SE Georgia,GA,traditional,high,,(912)632-4414,,,,,,,,,,,,,https://educationdata.urban.org/api/v1/schools/ccd/directory/2023/?fips=13|https://nces.ed.gov/ccd/|https://app3.doe.k12.ga.us/ows-bin/owa/main_pack_fcl099.entry_form,,stub
Bacon County Middle School,130015002349,Bacon County Schools,Rural SE Georgia,GA,traditional,middle,,(912)632-4662,,,,,,,,,,,,,https://educationdata.urban.org/api/v1/schools/ccd/directory/2023/?fips=13|https://nces.ed.gov/ccd/|https://app3.doe.k12.ga.us/ows-bin/owa/main_pack_fcl099.entry_form,,stub
Bacon County Primary School,130015000153,Bacon County Schools,Rural SE Georgia,GA,traditional,elementary,,(912)632-4765,,,,,,,,,,,,,https://educationdata.urban.org/api/v1/schools/ccd/directory/2023/?fips=13|https://nces.ed.gov/ccd/|https://app3.doe.k12.ga.us/ows-bin/owa/main_pack_fcl099.entry_form,,stub
Baker County K12 School,130018001867,Baker County Schools,Albany,GA,traditional,other,,(229)734-5274,,,,,,,,,,,,,https://educationdata.urban.org/api/v1/schools/ccd/directory/2023/?fips=13|https://nces.ed.gov/ccd/|https://app3.doe.k12.ga.us/ows-bin/owa/main_pack_fcl099.entry_form,,stub
Baker County Learning Academy,130018004266,Baker County Schools,Albany,GA,traditional,other,,(229)734-5274,,,,,,,,,,,,,https://educationdata.urban.org/api/v1/schools/ccd/directory/2023/?fips=13|https://nces.ed.gov/ccd/|https://app3.doe.k12.ga.us/ows-bin/owa/main_pack_fcl099.entry_form,,stub
Baldwin High School,130021000158,Baldwin County Schools,Milledgeville,GA,traditional,high,,(478)453-6429,,,,,,,,,,,,,https://educationdata.urban.org/api/v1/schools/ccd/directory/2023/?fips=13|https://nces.ed.gov/ccd/|https://app3.doe.k12.ga.us/ows-bin/owa/main_pack_fcl099.entry_form,,stub
Lakeview Academy,130021004295,Baldwin County Schools,Milledgeville,GA,traditional,elementary,,(478)457-2967,,,,,,,,,,,,,https://educationdata.urban.org/api/v1/schools/ccd/directory/2023/?fips=13|https://nces.ed.gov/ccd/|https://app3.doe.k12.ga.us/ows-bin/owa/main_pack_fcl099.entry_form,,stub
Lakeview Primary,130021004292,Baldwin County Schools,Milledgeville,GA,traditional,elementary,,(478)457-3301,,,,,,,,,,,,,https://educationdata.urban.org/api/v1/schools/ccd/directory/2023/?fips=13|https://nces.ed.gov/ccd/|https://app3.doe.k12.ga.us/ows-bin/owa/main_pack_fcl099.entry_form,,stub
Midway Hills Academy,130021004290,Baldwin County Schools,Milledgeville,GA,traditional,elementary,,(478)457-2440,,,,,,,,,,,,,https://educationdata.urban.org/api/v1/schools/ccd/directory/2023/?fips=13|https://nces.ed.gov/ccd/|https://app3.doe.k12.ga.us/ows-bin/owa/main_pack_fcl099.entry_form,,stub
Midway Hills Primary,130021004289,Baldwin County Schools,Milledgeville,GA,traditional,elementary,,(478)457-2495,,,,,,,,,,,,,https://educationdata.urban.org/api/v1/schools/ccd/directory/2023/?fips=13|https://nces.ed.gov/ccd/|https://app3.doe.k12.ga.us/ows-bin/owa/main_pack_fcl099.entry_form,,stub
Oak Hill MS,130021002347,Baldwin County Schools,Milledgeville,GA,traditional,middle,,(478)457-3370,,,,,,,,,,,,,https://educationdata.urban.org/api/v1/schools/ccd/directory/2023/?fips=13|https://nces.ed.gov/ccd/|https://app3.doe.k12.ga.us/ows-bin/owa/main_pack_fcl099.entry_form,,stub
Banks County Elementary School,130024003545,Banks County Schools,Rural NE Georgia,GA,traditional,elementary,,(706)677-2308,,,,,,,,,,,,,https://educationdata.urban.org/api/v1/schools/ccd/directory/2023/?fips=13|https://nces.ed.gov/ccd/|https://app3.doe.k12.ga.us/ows-bin/owa/main_pack_fcl099.entry_form,,stub
Banks County High School,130024000169,Banks County Schools,Rural NE Georgia,GA,traditional,high,,(706)677-2221,,,,,,,,,,,,,https://educationdata.urban.org/api/v1/schools/ccd/directory/2023/?fips=13|https://nces.ed.gov/ccd/|https://app3.doe.k12.ga.us/ows-bin/owa/main_pack_fcl099.entry_form,,stub
Banks County Middle School,130024002015,Banks County Schools,Rural NE Georgia,GA,traditional,middle,,(706)677-2277,,,,,,,,,,,,,https://educationdata.urban.org/api/v1/schools/ccd/directory/2023/?fips=13|https://nces.ed.gov/ccd/|https://app3.doe.k12.ga.us/ows-bin/owa/main_pack_fcl099.entry_form,,stub
Banks County Primary School,130024000170,Banks County Schools,Rural NE Georgia,GA,traditional,elementary,,(706)677-2355,,,,,,,,,,,,,https://educationdata.urban.org/api/v1/schools/ccd/directory/2023/?fips=13|https://nces.ed.gov/ccd/|https://app3.doe.k12.ga.us/ows-bin/owa/main_pack_fcl099.entry_form,,stub
Apalachee High School,130029002350,Barrow County School System,Atlanta,GA,traditional,high,https://ahs.barrow.k12.ga.us/,(770)586-5111,,Jessica Rehberg,Principal,jessica.rehberg@barrow.k12.ga.us,(770)586-5111,,,,,,,,barrow.k12.ga.us/schools-directory (Apalachee Principal Jessica Rehberg); ahs.barrow.k12.ga.us/administration (jessica.rehberg@barrow.k12.ga.us),2026-09-07,verified
Auburn Elementary School,130029000178,Barrow County School System,Atlanta,GA,traditional,elementary,,(770)963-7887,,,,,,,,,,,,,https://educationdata.urban.org/api/v1/schools/ccd/directory/2023/?fips=13|https://nces.ed.gov/ccd/|https://app3.doe.k12.ga.us/ows-bin/owa/main_pack_fcl099.entry_form,,stub
Austin Road Elementary School,130029004665,Barrow County School System,Atlanta,GA,traditional,elementary,,(770)429-5674,,,,,,,,,,,,,https://educationdata.urban.org/api/v1/schools/ccd/directory/2023/?fips=13|https://nces.ed.gov/ccd/|https://app3.doe.k12.ga.us/ows-bin/owa/main_pack_fcl099.entry_form,,stub
Barrow Arts and Sciences Academy,130029004394,Barrow County School System,Atlanta,GA,traditional,high,https://basa.barrow.k12.ga.us/,(678)425-2903,,Thomas Thrailkill,Principal,Thomas.Thrailkill@barrow.k12.ga.us,(678)425-2903,,,,,,,,basa.barrow.k12.ga.us/administration (Principal Thomas Thrailkill Thomas.Thrailkill@barrow.k12.ga.us); barrow schools-directory,2026-09-07,verified
Bear Creek Middle School,130029000175,Barrow County School System,Atlanta,GA,traditional,middle,,(770)867-2116,,,,,,,,,,,,,https://educationdata.urban.org/api/v1/schools/ccd/directory/2023/?fips=13|https://nces.ed.gov/ccd/|https://app3.doe.k12.ga.us/ows-bin/owa/main_pack_fcl099.entry_form,,stub
Bethlehem Elementary School,130029000176,Barrow County School System,Atlanta,GA,traditional,elementary,,(770)867-2238,,,,,,,,,,,,,https://educationdata.urban.org/api/v1/schools/ccd/directory/2023/?fips=13|https://nces.ed.gov/ccd/|https://app3.doe.k12.ga.us/ows-bin/owa/main_pack_fcl099.entry_form,,stub
Bramlett Elementary School,130029000134,Barrow County School System,Atlanta,GA,traditional,elementary,,(770)307-1627,,,,,,,,,,,,,https://educationdata.urban.org/api/v1/schools/ccd/directory/2023/?fips=13|https://nces.ed.gov/ccd/|https://app3.doe.k12.ga.us/ows-bin/owa/main_pack_fcl099.entry_form,,stub
County Line Elementary School,130029000174,Barrow County School System,Atlanta,GA,traditional,elementary,,(770)867-2902,,,,,,,,,,,,,https://educationdata.urban.org/api/v1/schools/ccd/directory/2023/?fips=13|https://nces.ed.gov/ccd/|https://app3.doe.k12.ga.us/ows-bin/owa/main_pack_fcl099.entry_form,,stub
Haymon-Morris Middle School,130029003285,Barrow County School System,Atlanta,GA,traditional,middle,,(678)963-0602,,,,,,,,,,,,,https://educationdata.urban.org/api/v1/schools/ccd/directory/2023/?fips=13|https://nces.ed.gov/ccd/|https://app3.doe.k12.ga.us/ows-bin/owa/main_pack_fcl099.entry_form,,stub
Holsenbeck Elementary School,130029000172,Barrow County School System,Atlanta,GA,traditional,elementary,,(770)307-1540,,,,,,,,,,,,,https://educationdata.urban.org/api/v1/schools/ccd/directory/2023/?fips=13|https://nces.ed.gov/ccd/|https://app3.doe.k12.ga.us/ows-bin/owa/main_pack_fcl099.entry_form,,stub
Kennedy Elementary School,130029002016,Barrow County School System,Atlanta,GA,traditional,elementary,,(770)867-3182,,,,,,,,,,,,,https://educationdata.urban.org/api/v1/schools/ccd/directory/2023/?fips=13|https://nces.ed.gov/ccd/|https://app3.doe.k12.ga.us/ows-bin/owa/main_pack_fcl099.entry_form,,stub
Russell Middle School,130029002017,Barrow County School System,Atlanta,GA,traditional,middle,,(770)867-8181,,,,,,,,,,,,,https://educationdata.urban.org/api/v1/schools/ccd/directory/2023/?fips=13|https://nces.ed.gov/ccd/|https://app3.doe.k12.ga.us/ows-bin/owa/main_pack_fcl099.entry_form,,stub
Statham Elementary School,130029000171,Barrow County School System,Atlanta,GA,traditional,elementary,,(770)725-7112,,,,,,,,,,,,,https://educationdata.urban.org/api/v1/schools/ccd/directory/2023/?fips=13|https://nces.ed.gov/ccd/|https://app3.doe.k12.ga.us/ows-bin/owa/main_pack_fcl099.entry_form,,stub
Westside Middle School,130029001913,Barrow County School System,Atlanta,GA,traditional,middle,,(770)307-2972,,,,,,,,,,,,,https://educationdata.urban.org/api/v1/schools/ccd/directory/2023/?fips=13|https://nces.ed.gov/ccd/|https://app3.doe.k12.ga.us/ows-bin/owa/main_pack_fcl099.entry_form,,stub
Winder Elementary School,130029004275,Barrow County School System,Atlanta,GA,traditional,elementary,,(678)425-2194,,,,,,,,,,,,,https://educationdata.urban.org/api/v1/schools/ccd/directory/2023/?fips=13|https://nces.ed.gov/ccd/|https://app3.doe.k12.ga.us/ows-bin/owa/main_pack_fcl099.entry_form,,stub
Winder-Barrow High School,130029000173,Barrow County School System,Atlanta,GA,traditional,high,https://wbhs.barrow.k12.ga.us/,(770)867-4519,,Rebbie Lichliter,Principal,rebecca.lichliter@barrow.k12.ga.us,(770)867-4519,,,,,,,,barrow.k12.ga.us/schools-directory (WBHS Principal Rebbie Lichliter); wbhs.barrow.k12.ga.us/administration (rebecca.lichliter@barrow.k12.ga.us),2026-09-07,verified
Yargo Elementary School,130029002293,Barrow County School System,Atlanta,GA,traditional,elementary,,(770)867-1147,,,,,,,,,,,,,https://educationdata.urban.org/api/v1/schools/ccd/directory/2023/?fips=13|https://nces.ed.gov/ccd/|https://app3.doe.k12.ga.us/ows-bin/owa/main_pack_fcl099.entry_form,,stub
Adairsville Elementary School,130033000185,Bartow County School System,Atlanta,GA,traditional,elementary,,(770)606-5840,,,,,,,,,,,,,https://educationdata.urban.org/api/v1/schools/ccd/directory/2023/?fips=13|https://nces.ed.gov/ccd/|https://app3.doe.k12.ga.us/ows-bin/owa/main_pack_fcl099.entry_form,,stub
Adairsville High School,130033002352,Bartow County School System,Atlanta,GA,traditional,high,https://www.bartow.k12.ga.us/o/adairsville-high,(770)606-4151,,Lexie Bultman,Principal,,(770)606-4151,,,,,,,,bartow.k12.ga.us/article/745255 (Lexie Bultman named Adairsville High principal); bartow.k12.ga.us/o/adairsville-high article quotes Principal Lexie Bultman,2026-09-07,verified
Adairsville Middle School,130033002351,Bartow County School System,Atlanta,GA,traditional,middle,,(770)606-5842,,,,,,,,,,,,,https://educationdata.urban.org/api/v1/schools/ccd/directory/2023/?fips=13|https://nces.ed.gov/ccd/|https://app3.doe.k12.ga.us/ows-bin/owa/main_pack_fcl099.entry_form,,stub
Allatoona Elementary School,130033001078,Bartow County School System,Atlanta,GA,traditional,elementary,,(770)606-5843,,,,,,,,,,,,,https://educationdata.urban.org/api/v1/schools/ccd/directory/2023/?fips=13|https://nces.ed.gov/ccd/|https://app3.doe.k12.ga.us/ows-bin/owa/main_pack_fcl099.entry_form,,stub
Cass High School,130033000181,Bartow County School System,Atlanta,GA,traditional,high,https://www.bartow.k12.ga.us/o/cass-high,(770)606-5800,,Stephen Revard,Principal,,(770)606-5800,,,,,,,,bartow.k12.ga.us/o/cass-high/staff (Stephen Revard Principal Administration); bartow.k12.ga.us graduation article quotes CHS Principal Steve Revard; Cartersville Chamber lists Stephen Revard Principal Cass High,2026-09-07,verified
Cass Middle School,130033001868,Bartow County School System,Atlanta,GA,traditional,middle,,(770)606-5846,,,,,,,,,,,,,https://educationdata.urban.org/api/v1/schools/ccd/directory/2023/?fips=13|https://nces.ed.gov/ccd/|https://app3.doe.k12.ga.us/ows-bin/owa/main_pack_fcl099.entry_form,,stub
Clear Creek Elementary School,130033003287,Bartow County School System,Atlanta,GA,traditional,elementary,,(770)606-5403,,,,,,,,,,,,,https://educationdata.urban.org/api/v1/schools/ccd/directory/2023/?fips=13|https://nces.ed.gov/ccd/|https://app3.doe.k12.ga.us/ows-bin/owa/main_pack_fcl099.entry_form,,stub
Cloverleaf Elementary,130033000180,Bartow County School System,Atlanta,GA,traditional,elementary,,(770)606-5847,,,,,,,,,,,,,https://educationdata.urban.org/api/v1/schools/ccd/directory/2023/?fips=13|https://nces.ed.gov/ccd/|https://app3.doe.k12.ga.us/ows-bin/owa/main_pack_fcl099.entry_form,,stub
Emerson Elementary School,130033000179,Bartow County School System,Atlanta,GA,traditional,elementary,,(770)606-5848,,,,,,,,,,,,,https://educationdata.urban.org/api/v1/schools/ccd/directory/2023/?fips=13|https://nces.ed.gov/ccd/|https://app3.doe.k12.ga.us/ows-bin/owa/main_pack_fcl099.entry_form,,stub
Euharlee Elementary School,130033002464,Bartow County School System,Atlanta,GA,traditional,elementary,,(770)606-5872,,,,,,,,,,,,,https://educationdata.urban.org/api/v1/schools/ccd/directory/2023/?fips=13|https://nces.ed.gov/ccd/|https://app3.doe.k12.ga.us/ows-bin/owa/main_pack_fcl099.entry_form,,stub
Hamilton Crossing Elementary School,130033000183,Bartow County School System,Atlanta,GA,traditional,elementary,,(770)606-5849,,,,,,,,,,,,,https://educationdata.urban.org/api/v1/schools/ccd/directory/2023/?fips=13|https://nces.ed.gov/ccd/|https://app3.doe.k12.ga.us/ows-bin/owa/main_pack_fcl099.entry_form,,stub
Kingston Elementary School,130033000189,Bartow County School System,Atlanta,GA,traditional,elementary,,(770)606-5850,,,,,,,,,,,,,https://educationdata.urban.org/api/v1/schools/ccd/directory/2023/?fips=13|https://nces.ed.gov/ccd/|https://app3.doe.k12.ga.us/ows-bin/owa/main_pack_fcl099.entry_form,,stub
Mission Road Elementary School,130033001940,Bartow County School System,Atlanta,GA,traditional,elementary,,(770)606-5863,,,,,,,,,,,,,https://educationdata.urban.org/api/v1/schools/ccd/directory/2023/?fips=13|https://nces.ed.gov/ccd/|https://app3.doe.k12.ga.us/ows-bin/owa/main_pack_fcl099.entry_form,,stub
Pine Log Elementary,130033003586,Bartow County School System,Atlanta,GA,traditional,elementary,,(770)606-5864,,,,,,,,,,,,,https://educationdata.urban.org/api/v1/schools/ccd/directory/2023/?fips=13|https://nces.ed.gov/ccd/|https://app3.doe.k12.ga.us/ows-bin/owa/main_pack_fcl099.entry_form,,stub
Red Top Middle School,130033002060,Bartow County School System,Atlanta,GA,traditional,middle,,(770)606-5865,,,,,,,,,,,,,https://educationdata.urban.org/api/v1/schools/ccd/directory/2023/?fips=13|https://nces.ed.gov/ccd/|https://app3.doe.k12.ga.us/ows-bin/owa/main_pack_fcl099.entry_form,,stub
Taylorsville Elementary School,130033000187,Bartow County School System,Atlanta,GA,traditional,elementary,,(770)606-5867,,,,,,,,,,,,,https://educationdata.urban.org/api/v1/schools/ccd/directory/2023/?fips=13|https://nces.ed.gov/ccd/|https://app3.doe.k12.ga.us/ows-bin/owa/main_pack_fcl099.entry_form,,stub
White Elementary School,130033000186,Bartow County School System,Atlanta,GA,traditional,elementary,,(770)606-5869,,,,,,,,,,,,,https://educationdata.urban.org/api/v1/schools/ccd/directory/2023/?fips=13|https://nces.ed.gov/ccd/|https://app3.doe.k12.ga.us/ows-bin/owa/main_pack_fcl099.entry_form,,stub
Woodland High School,130033001914,Bartow County School System,Atlanta,GA,traditional,high,https://www.bartow.k12.ga.us/o/woodland-high,(770)606-5870,,Melinda Wilder,Principal,MELINDA.WILDER@bartow.k12.ga.us,(770)606-5870,,,,,,,,gowoodland.org/player/melinda-wilder/ (POSITION PRINCIPAL EMAIL MELINDA.WILDER@bartow.k12.ga.us); bartow.k12.ga.us articles quote WHS Principal Melinda Wilder,2026-09-07,verified
Woodland Middle School at Euharlee,130033002294,Bartow County School System,Atlanta,GA,traditional,middle,,(770)606-5871,,,,,,,,,,,,,https://educationdata.urban.org/api/v1/schools/ccd/directory/2023/?fips=13|https://nces.ed.gov/ccd/|https://app3.doe.k12.ga.us/ows-bin/owa/main_pack_fcl099.entry_form,,stub
Ben Hill County Middle School,130036002149,Ben Hill County Schools,Fitzgerald,GA,traditional,middle,,(229)409-5578,,,,,,,,,,,,,https://educationdata.urban.org/api/v1/schools/ccd/directory/2023/?fips=13|https://nces.ed.gov/ccd/|https://app3.doe.k12.ga.us/ows-bin/owa/main_pack_fcl099.entry_form,,stub
Ben Hill County Primary School,130036002148,Ben Hill County Schools,Fitzgerald,GA,traditional,elementary,,(229)409-5592,,,,,,,,,,,,,https://educationdata.urban.org/api/v1/schools/ccd/directory/2023/?fips=13|https://nces.ed.gov/ccd/|https://app3.doe.k12.ga.us/ows-bin/owa/main_pack_fcl099.entry_form,,stub
Ben Hill Elementary School,130036000190,Ben Hill County Schools,Fitzgerald,GA,traditional,elementary,,(229)409-5586,,,,,,,,,,,,,https://educationdata.urban.org/api/v1/schools/ccd/directory/2023/?fips=13|https://nces.ed.gov/ccd/|https://app3.doe.k12.ga.us/ows-bin/owa/main_pack_fcl099.entry_form,,stub
Fitzgerald High School School College and Career Academy,130036000931,Ben Hill County Schools,Fitzgerald,GA,traditional,high,,(229)409-5530,,,,,,,,,,,,,https://educationdata.urban.org/api/v1/schools/ccd/directory/2023/?fips=13|https://nces.ed.gov/ccd/|https://app3.doe.k12.ga.us/ows-bin/owa/main_pack_fcl099.entry_form,,stub
Hurricane Transition Academy,130036004365,Ben Hill County Schools,Fitzgerald,GA,traditional,high,,(229)409-5585,,,,,,,,,,,,,https://educationdata.urban.org/api/v1/schools/ccd/directory/2023/?fips=13|https://nces.ed.gov/ccd/|https://app3.doe.k12.ga.us/ows-bin/owa/main_pack_fcl099.entry_form,,stub
Berrien Academy Performance Learning Center,130039003523,Berrien County Schools,Rural South Georgia,GA,traditional,high,,(229)686-6576,,,,,,,,,,,,,https://educationdata.urban.org/api/v1/schools/ccd/directory/2023/?fips=13|https://nces.ed.gov/ccd/|https://app3.doe.k12.ga.us/ows-bin/owa/main_pack_fcl099.entry_form,,stub
Berrien Elementary School,130039000787,Berrien County Schools,Rural South Georgia,GA,traditional,elementary,,(229)686-2939,,,,,,,,,,,,,https://educationdata.urban.org/api/v1/schools/ccd/directory/2023/?fips=13|https://nces.ed.gov/ccd/|https://app3.doe.k12.ga.us/ows-bin/owa/main_pack_fcl099.entry_form,,stub
Berrien High School,130039000192,Berrien County Schools,Rural South Georgia,GA,traditional,high,,(229)686-7428,,,,,,,,,,,,,https://educationdata.urban.org/api/v1/schools/ccd/directory/2023/?fips=13|https://nces.ed.gov/ccd/|https://app3.doe.k12.ga.us/ows-bin/owa/main_pack_fcl099.entry_form,,stub
Berrien Middle School,130039000228,Berrien County Schools,Rural South Georgia,GA,traditional,middle,,(229)686-2021,,,,,,,,,,,,,https://educationdata.urban.org/api/v1/schools/ccd/directory/2023/?fips=13|https://nces.ed.gov/ccd/|https://app3.doe.k12.ga.us/ows-bin/owa/main_pack_fcl099.entry_form,,stub
Berrien Primary School,130039000195,Berrien County Schools,Rural South Georgia,GA,traditional,elementary,,(229)686-7438,,,,,,,,,,,,,https://educationdata.urban.org/api/v1/schools/ccd/directory/2023/?fips=13|https://nces.ed.gov/ccd/|https://app3.doe.k12.ga.us/ows-bin/owa/main_pack_fcl099.entry_form,,stub
Alexander II Magnet School,130042000198,Bibb County Schools,Macon,GA,traditional,elementary,,(478)779-2679,,,,,,,,,,,,,https://educationdata.urban.org/api/v1/schools/ccd/directory/2023/?fips=13|https://nces.ed.gov/ccd/|https://app3.doe.k12.ga.us/ows-bin/owa/main_pack_fcl099.entry_form,,stub
Appling Middle School,130042000212,Bibb County Schools,Macon,GA,traditional,middle,,(478)779-2200,,,,,,,,,,,,,https://educationdata.urban.org/api/v1/schools/ccd/directory/2023/?fips=13|https://nces.ed.gov/ccd/|https://app3.doe.k12.ga.us/ows-bin/owa/main_pack_fcl099.entry_form,,stub
Ballard Hudson Middle School,130042003667,Bibb County Schools,Macon,GA,traditional,middle,,(478)779-3390,,,,,,,,,,,,,https://educationdata.urban.org/api/v1/schools/ccd/directory/2023/?fips=13|https://nces.ed.gov/ccd/|https://app3.doe.k12.ga.us/ows-bin/owa/main_pack_fcl099.entry_form,,stub
Bernd Elementary School,130042000201,Bibb County Schools,Macon,GA,traditional,elementary,,(478)779-2730,,,,,,,,,,,,,https://educationdata.urban.org/api/v1/schools/ccd/directory/2023/?fips=13|https://nces.ed.gov/ccd/|https://app3.doe.k12.ga.us/ows-bin/owa/main_pack_fcl099.entry_form,,stub
Bruce Elementary School,130042003744,Bibb County Schools,Macon,GA,traditional,elementary,,(478)779-4558,,,,,,,,,,,,,https://educationdata.urban.org/api/v1/schools/ccd/directory/2023/?fips=13|https://nces.ed.gov/ccd/|https://app3.doe.k12.ga.us/ows-bin/owa/main_pack_fcl099.entry_form,,stub
Burdell Elementary School,130042002604,Bibb County Schools,Macon,GA,traditional,elementary,,(478)779-2937,,,,,,,,,,,,,https://educationdata.urban.org/api/v1/schools/ccd/directory/2023/?fips=13|https://nces.ed.gov/ccd/|https://app3.doe.k12.ga.us/ows-bin/owa/main_pack_fcl099.entry_form,,stub
Carter Elementary School,130042000790,Bibb County Schools,Macon,GA,traditional,elementary,,(478)779-3350,,,,,,,,,,,,,https://educationdata.urban.org/api/v1/schools/ccd/directory/2023/?fips=13|https://nces.ed.gov/ccd/|https://app3.doe.k12.ga.us/ows-bin/owa/main_pack_fcl099.entry_form,,stub
Central High School,130042001942,Bibb County Schools,Macon,GA,traditional,high,https://central.bcsdk12.net/,(478)779-2292,,Dr. Keturah Reese,Principal,,,,,,,,,,https://educationdata.urban.org/api/v1/schools/ccd/directory/2023/?fips=13|https://nces.ed.gov/ccd/|https://app3.doe.k12.ga.us/ows-bin/owa/main_pack_fcl099.entry_form|https://central.bcsdk12.net/our-school/administration|https://www.bcsdk12.net/fs/resource-manager/view/78a519ad-82cd-4707-98b9-cff509a53fb1|https://resources.finalsite.net/images/v1753127974/bibbk12gaus/o6szj6fasfxc72akb5tn/SchoolDirectory071425.pdf,2026-09-07,verified
Hartley Elementary School,130042000241,Bibb County Schools,Macon,GA,traditional,elementary,,(478)779-2500,,,,,,,,,,,,,https://educationdata.urban.org/api/v1/schools/ccd/directory/2023/?fips=13|https://nces.ed.gov/ccd/|https://app3.doe.k12.ga.us/ows-bin/owa/main_pack_fcl099.entry_form,,stub
Heard Elementary School,130042000230,Bibb County Schools,Macon,GA,traditional,elementary,,(478)779-4250,,,,,,,,,,,,,https://educationdata.urban.org/api/v1/schools/ccd/directory/2023/?fips=13|https://nces.ed.gov/ccd/|https://app3.doe.k12.ga.us/ows-bin/owa/main_pack_fcl099.entry_form,,stub
Heritage Elementary School,130042002472,Bibb County Schools,Macon,GA,traditional,elementary,,(478)779-4715,,,,,,,,,,,,,https://educationdata.urban.org/api/v1/schools/ccd/directory/2023/?fips=13|https://nces.ed.gov/ccd/|https://app3.doe.k12.ga.us/ows-bin/owa/main_pack_fcl099.entry_form,,stub
Howard High School,130042003726,Bibb County Schools,Macon,GA,traditional,high,https://howardhs.bcsdk12.net/,(478)779-7852,,Michael Scott,Principal,michael.scott@bcsdk12.net,,,,,,,,,https://educationdata.urban.org/api/v1/schools/ccd/directory/2023/?fips=13|https://nces.ed.gov/ccd/|https://app3.doe.k12.ga.us/ows-bin/owa/main_pack_fcl099.entry_form|https://howardhs.bcsdk12.net/our-school/principal-michael-scott|https://www.bcsdk12.net/fs/resource-manager/view/78a519ad-82cd-4707-98b9-cff509a53fb1|https://resources.finalsite.net/images/v1753127974/bibbk12gaus/o6szj6fasfxc72akb5tn/SchoolDirectory071425.pdf,2026-09-07,verified
Howard Middle School,130042003290,Bibb County Schools,Macon,GA,traditional,middle,,(478)779-3454,,,,,,,,,,,,,https://educationdata.urban.org/api/v1/schools/ccd/directory/2023/?fips=13|https://nces.ed.gov/ccd/|https://app3.doe.k12.ga.us/ows-bin/owa/main_pack_fcl099.entry_form,,stub
Ingram/Pye Elementary School,130042000226,Bibb County Schools,Macon,GA,traditional,elementary,,(478)779-3000,,,,,,,,,,,,,https://educationdata.urban.org/api/v1/schools/ccd/directory/2023/?fips=13|https://nces.ed.gov/ccd/|https://app3.doe.k12.ga.us/ows-bin/owa/main_pack_fcl099.entry_form,,stub
John Robert Lewis Elementary School,130042004404,Bibb County Schools,Macon,GA,traditional,elementary,,(478)779-2050,,,,,,,,,,,,,https://educationdata.urban.org/api/v1/schools/ccd/directory/2023/?fips=13|https://nces.ed.gov/ccd/|https://app3.doe.k12.ga.us/ows-bin/owa/main_pack_fcl099.entry_form,,stub
Lane Elementary School,130042000218,Bibb County Schools,Macon,GA,traditional,elementary,,(478)779-3150,,,,,,,,,,,,,https://educationdata.urban.org/api/v1/schools/ccd/directory/2023/?fips=13|https://nces.ed.gov/ccd/|https://app3.doe.k12.ga.us/ows-bin/owa/main_pack_fcl099.entry_form,,stub
Martin Luther King Jr Elementary School,130042004198,Bibb County Schools,Macon,GA,traditional,elementary,,(478)779-2100,,,,,,,,,,,,,https://educationdata.urban.org/api/v1/schools/ccd/directory/2023/?fips=13|https://nces.ed.gov/ccd/|https://app3.doe.k12.ga.us/ows-bin/owa/main_pack_fcl099.entry_form,,stub
Miller Magnet Middle School,130042002234,Bibb County Schools,Macon,GA,traditional,middle,,(478)779-4029,,,,,,,,,,,,,https://educationdata.urban.org/api/v1/schools/ccd/directory/2023/?fips=13|https://nces.ed.gov/ccd/|https://app3.doe.k12.ga.us/ows-bin/owa/main_pack_fcl099.entry_form,,stub
Northeast High School,130042001943,Bibb County Schools,Macon,GA,traditional,high,https://northeast.bcsdk12.net/,(478)779-4157,,Donna Walker-Thompson,Principal,,,,,,,,,,https://educationdata.urban.org/api/v1/schools/ccd/directory/2023/?fips=13|https://nces.ed.gov/ccd/|https://app3.doe.k12.ga.us/ows-bin/owa/main_pack_fcl099.entry_form|https://www.bcsdk12.net/fs/resource-manager/view/78a519ad-82cd-4707-98b9-cff509a53fb1|https://resources.finalsite.net/images/v1753127974/bibbk12gaus/o6szj6fasfxc72akb5tn/SchoolDirectory071425.pdf|https://northeast.bcsdk12.net/,2026-09-07,verified
Porter Elementary School,130042000247,Bibb County Schools,Macon,GA,traditional,elementary,,(478)779-4350,,,,,,,,,,,,,https://educationdata.urban.org/api/v1/schools/ccd/directory/2023/?fips=13|https://nces.ed.gov/ccd/|https://app3.doe.k12.ga.us/ows-bin/owa/main_pack_fcl099.entry_form,,stub
Price Academy,130042003621,Bibb County Schools,Macon,GA,traditional,other,,(478)751-2800,,,,,,,,,,,,,https://educationdata.urban.org/api/v1/schools/ccd/directory/2023/?fips=13|https://nces.ed.gov/ccd/|https://app3.doe.k12.ga.us/ows-bin/owa/main_pack_fcl099.entry_form,,stub
Rosa Taylor Elementary School,130042003292,Bibb County Schools,Macon,GA,traditional,elementary,,(478)779-3563,,,,,,,,,,,,,https://educationdata.urban.org/api/v1/schools/ccd/directory/2023/?fips=13|https://nces.ed.gov/ccd/|https://app3.doe.k12.ga.us/ows-bin/owa/main_pack_fcl099.entry_form,,stub
Rutland High School,130042002610,Bibb County Schools,Macon,GA,traditional,high,https://rutlandhs.bcsdk12.net/,(478)779-3041,,Dr. Wendy Pooler,Principal,Wendy.Pooler@bcsdk12.net,,,,,,,,,https://educationdata.urban.org/api/v1/schools/ccd/directory/2023/?fips=13|https://nces.ed.gov/ccd/|https://app3.doe.k12.ga.us/ows-bin/owa/main_pack_fcl099.entry_form|https://rutlandhs.bcsdk12.net/our-school/administration/principal-dr-wendy-pooler|https://rutlandhs.bcsdk12.net/our-school/administration|https://www.bcsdk12.net/fs/resource-manager/view/78a519ad-82cd-4707-98b9-cff509a53fb1,2026-09-07,verified
Rutland Middle School,130042002620,Bibb County Schools,Macon,GA,traditional,middle,,(478)779-4369,,,,,,,,,,,,,https://educationdata.urban.org/api/v1/schools/ccd/directory/2023/?fips=13|https://nces.ed.gov/ccd/|https://app3.doe.k12.ga.us/ows-bin/owa/main_pack_fcl099.entry_form,,stub
Skyview Elementary School,130042002473,Bibb County Schools,Macon,GA,traditional,elementary,,(478)779-3956,,,,,,,,,,,,,https://educationdata.urban.org/api/v1/schools/ccd/directory/2023/?fips=13|https://nces.ed.gov/ccd/|https://app3.doe.k12.ga.us/ows-bin/owa/main_pack_fcl099.entry_form,,stub
Southfield Elementary School,130042004204,Bibb County Schools,Macon,GA,traditional,elementary,,(478)779-4800,,,,,,,,,,,,,https://educationdata.urban.org/api/v1/schools/ccd/directory/2023/?fips=13|https://nces.ed.gov/ccd/|https://app3.doe.k12.ga.us/ows-bin/owa/main_pack_fcl099.entry_form,,stub
Southwest High School,130042001944,Bibb County Schools,Macon,GA,traditional,high,https://southwest.bcsdk12.net/,(478)779-4459,,Bernard Young,Principal,bernard.young@bcsdk12.net,,,,,,,,,https://educationdata.urban.org/api/v1/schools/ccd/directory/2023/?fips=13|https://nces.ed.gov/ccd/|https://app3.doe.k12.ga.us/ows-bin/owa/main_pack_fcl099.entry_form|https://southwest.bcsdk12.net/our-school/principal-bernard-young|https://southwest.bcsdk12.net/our-school|https://www.bcsdk12.net/fs/resource-manager/view/78a519ad-82cd-4707-98b9-cff509a53fb1,2026-09-07,verified
Springdale Elementary School,130042000225,Bibb County Schools,Macon,GA,traditional,elementary,,(478)779-3750,,,,,,,,,,,,,https://educationdata.urban.org/api/v1/schools/ccd/directory/2023/?fips=13|https://nces.ed.gov/ccd/|https://app3.doe.k12.ga.us/ows-bin/owa/main_pack_fcl099.entry_form,,stub
Union Elementary School,130042001869,Bibb County Schools,Macon,GA,traditional,elementary,,(478)773-2629,,,,,,,,,,,,,https://educationdata.urban.org/api/v1/schools/ccd/directory/2023/?fips=13|https://nces.ed.gov/ccd/|https://app3.doe.k12.ga.us/ows-bin/owa/main_pack_fcl099.entry_form,,stub
Veterans Elementary School,130042004245,Bibb County Schools,Macon,GA,traditional,elementary,,(478)779-4800,,,,,,,,,,,,,https://educationdata.urban.org/api/v1/schools/ccd/directory/2023/?fips=13|https://nces.ed.gov/ccd/|https://app3.doe.k12.ga.us/ows-bin/owa/main_pack_fcl099.entry_form,,stub
Vineville Academy,130042002474,Bibb County Schools,Macon,GA,traditional,elementary,,(478)779-3226,,,,,,,,,,,,,https://educationdata.urban.org/api/v1/schools/ccd/directory/2023/?fips=13|https://nces.ed.gov/ccd/|https://app3.doe.k12.ga.us/ows-bin/owa/main_pack_fcl099.entry_form,,stub
VIP Academy (Virtual),130042004410,Bibb County Schools,Macon,GA,traditional,other,,(478)779-4872,,,,,,,,,,,,,https://educationdata.urban.org/api/v1/schools/ccd/directory/2023/?fips=13|https://nces.ed.gov/ccd/|https://app3.doe.k12.ga.us/ows-bin/owa/main_pack_fcl099.entry_form,,stub
Weaver Middle School,130042001416,Bibb County Schools,Macon,GA,traditional,middle,,(478)779-4630,,,,,,,,,,,,,https://educationdata.urban.org/api/v1/schools/ccd/directory/2023/?fips=13|https://nces.ed.gov/ccd/|https://app3.doe.k12.ga.us/ows-bin/owa/main_pack_fcl099.entry_form,,stub
Westside High School,130042001918,Bibb County Schools,Macon,GA,traditional,high,https://westside.bcsdk12.net/,(478)779-3800,,Crystal Childers,Principal,Crystal.Childers@bcsdk12.net,,,,,,,,,https://educationdata.urban.org/api/v1/schools/ccd/directory/2023/?fips=13|https://nces.ed.gov/ccd/|https://app3.doe.k12.ga.us/ows-bin/owa/main_pack_fcl099.entry_form|https://westside.bcsdk12.net/our-school/principal-crystal-childers|https://westside.bcsdk12.net/|https://www.bcsdk12.net/fs/resource-manager/view/78a519ad-82cd-4707-98b9-cff509a53fb1,2026-09-07,verified
Williams Elementary School,130042000203,Bibb County Schools,Macon,GA,traditional,elementary,,(478)779-3660,,,,,,,,,,,,,https://educationdata.urban.org/api/v1/schools/ccd/directory/2023/?fips=13|https://nces.ed.gov/ccd/|https://app3.doe.k12.ga.us/ows-bin/owa/main_pack_fcl099.entry_form,,stub
Bleckley County Elementary School,130044001920,Bleckley County Schools,Rural Middle Georgia,GA,traditional,elementary,,(478)934-3600,,,,,,,,,,,,,https://educationdata.urban.org/api/v1/schools/ccd/directory/2023/?fips=13|https://nces.ed.gov/ccd/|https://app3.doe.k12.ga.us/ows-bin/owa/main_pack_fcl099.entry_form,,stub
Bleckley County High School,130044000253,Bleckley County Schools,Rural Middle Georgia,GA,traditional,high,,(478)934-6258,,,,,,,,,,,,,https://educationdata.urban.org/api/v1/schools/ccd/directory/2023/?fips=13|https://nces.ed.gov/ccd/|https://app3.doe.k12.ga.us/ows-bin/owa/main_pack_fcl099.entry_form,,stub
Bleckley County Primary School,130044000256,Bleckley County Schools,Rural Middle Georgia,GA,traditional,elementary,,(478)934-2280,,,,,,,,,,,,,https://educationdata.urban.org/api/v1/schools/ccd/directory/2023/?fips=13|https://nces.ed.gov/ccd/|https://app3.doe.k12.ga.us/ows-bin/owa/main_pack_fcl099.entry_form,,stub
Bleckley County Success Academy,130044004162,Bleckley County Schools,Rural Middle Georgia,GA,traditional,high,,(478)934-1685,,,,,,,,,,,,,https://educationdata.urban.org/api/v1/schools/ccd/directory/2023/?fips=13|https://nces.ed.gov/ccd/|https://app3.doe.k12.ga.us/ows-bin/owa/main_pack_fcl099.entry_form,,stub
Bleckley Middle School,130044000254,Bleckley County Schools,Rural Middle Georgia,GA,traditional,middle,,(478)934-7270,,,,,,,,,,,,,https://educationdata.urban.org/api/v1/schools/ccd/directory/2023/?fips=13|https://nces.ed.gov/ccd/|https://app3.doe.k12.ga.us/ows-bin/owa/main_pack_fcl099.entry_form,,stub
Atkinson Elementary School,130048003907,Brantley County Schools,Brunswick,GA,traditional,middle,,(912)778-6098,,,,,,,,,,,,,https://educationdata.urban.org/api/v1/schools/ccd/directory/2023/?fips=13|https://nces.ed.gov/ccd/|https://app3.doe.k12.ga.us/ows-bin/owa/main_pack_fcl099.entry_form,,stub
Brantley County High School,130048000258,Brantley County Schools,Brunswick,GA,traditional,high,https://bchs.brantley.k12.ga.us/,(912)462-5121,,Justin Jury,Principal,,(912) 462-5121,,,,,,,,https://bchs.brantley.k12.ga.us/administrators|https://bchs.brantley.k12.ga.us/bchs-alphabetical-directory,2026-09-07,verified
Brantley County Middle School,130048000232,Brantley County Schools,Brunswick,GA,traditional,middle,,(912)462-7092,,,,,,,,,,,,,https://educationdata.urban.org/api/v1/schools/ccd/directory/2023/?fips=13|https://nces.ed.gov/ccd/|https://app3.doe.k12.ga.us/ows-bin/owa/main_pack_fcl099.entry_form,,stub
Hoboken Elementary School,130048000257,Brantley County Schools,Brunswick,GA,traditional,elementary,,(912)458-2135,,,,,,,,,,,,,https://educationdata.urban.org/api/v1/schools/ccd/directory/2023/?fips=13|https://nces.ed.gov/ccd/|https://app3.doe.k12.ga.us/ows-bin/owa/main_pack_fcl099.entry_form,,stub
Nahunta Elementary School,130048000234,Brantley County Schools,Brunswick,GA,traditional,middle,,(912)462-5166,,,,,,,,,,,,,https://educationdata.urban.org/api/v1/schools/ccd/directory/2023/?fips=13|https://nces.ed.gov/ccd/|https://app3.doe.k12.ga.us/ows-bin/owa/main_pack_fcl099.entry_form,,stub
Nahunta Primary School,130048001946,Brantley County Schools,Brunswick,GA,traditional,elementary,,(912)462-5179,,,,,,,,,,,,,https://educationdata.urban.org/api/v1/schools/ccd/directory/2023/?fips=13|https://nces.ed.gov/ccd/|https://app3.doe.k12.ga.us/ows-bin/owa/main_pack_fcl099.entry_form,,stub
Waynesville Primary School,130048002295,Brantley County Schools,Brunswick,GA,traditional,elementary,,(912)778-3068,,,,,,,,,,,,,https://educationdata.urban.org/api/v1/schools/ccd/directory/2023/?fips=13|https://nces.ed.gov/ccd/|https://app3.doe.k12.ga.us/ows-bin/owa/main_pack_fcl099.entry_form,,stub
Bremen 4th & 5th Grade Academy,130051003762,Bremen City Schools,Atlanta,GA,traditional,elementary,,(770)537-4874,,,,,,,,,,,,,https://educationdata.urban.org/api/v1/schools/ccd/directory/2023/?fips=13|https://nces.ed.gov/ccd/|https://app3.doe.k12.ga.us/ows-bin/owa/main_pack_fcl099.entry_form,,stub
Bremen High School,130051002455,Bremen City Schools,Atlanta,GA,traditional,high,https://www.bremenhigh.com/,(770)537-2592,,Whitt Brown,Principal,whitt.brown@bremencs.com,(770)537-2592,,,,,,,,bremenhigh.com staff (Whitt Brown Principal); Bremen City Schools Oct 2025 appointment article on bremenhigh.com; GreatSchools school-leader email WHITT.BROWN@BREMENCS.COM; Times-Georgian 2025-10-14,2026-09-07,verified
Bremen Middle School,130051003757,Bremen City Schools,Atlanta,GA,traditional,middle,,(770)537-4874,,,,,,,,,,,,,https://educationdata.urban.org/api/v1/schools/ccd/directory/2023/?fips=13|https://nces.ed.gov/ccd/|https://app3.doe.k12.ga.us/ows-bin/owa/main_pack_fcl099.entry_form,,stub
Jones Elementary School,130051000260,Bremen City Schools,Atlanta,GA,traditional,elementary,,(770)537-4352,,,,,,,,,,,,,https://educationdata.urban.org/api/v1/schools/ccd/directory/2023/?fips=13|https://nces.ed.gov/ccd/|https://app3.doe.k12.ga.us/ows-bin/owa/main_pack_fcl099.entry_form,,stub
Brooks County Early Learning Center,130054004267,Brooks County Schools,Valdosta,GA,traditional,elementary,,(229)588-2350,,,,,,,,,,,,,https://educationdata.urban.org/api/v1/schools/ccd/directory/2023/?fips=13|https://nces.ed.gov/ccd/|https://app3.doe.k12.ga.us/ows-bin/owa/main_pack_fcl099.entry_form,,stub
Brooks County High School,130054000263,Brooks County Schools,Valdosta,GA,traditional,high,,(229)588-2341,,,,,,,,,,,,,https://educationdata.urban.org/api/v1/schools/ccd/directory/2023/?fips=13|https://nces.ed.gov/ccd/|https://app3.doe.k12.ga.us/ows-bin/owa/main_pack_fcl099.entry_form,,stub
Brooks County Middle School,130054001417,Brooks County Schools,Valdosta,GA,traditional,middle,,(229)588-2342,,,,,,,,,,,,,https://educationdata.urban.org/api/v1/schools/ccd/directory/2023/?fips=13|https://nces.ed.gov/ccd/|https://app3.doe.k12.ga.us/ows-bin/owa/main_pack_fcl099.entry_form,,stub
Delta Innovative School,130054004264,Brooks County Schools,Valdosta,GA,traditional,high,,(229)588-2351,,,,,,,,,,,,,https://educationdata.urban.org/api/v1/schools/ccd/directory/2023/?fips=13|https://nces.ed.gov/ccd/|https://app3.doe.k12.ga.us/ows-bin/owa/main_pack_fcl099.entry_form,,stub
North Brooks Elementary School,130054000207,Brooks County Schools,Valdosta,GA,traditional,elementary,,(229)588-2344,,,,,,,,,,,,,https://educationdata.urban.org/api/v1/schools/ccd/directory/2023/?fips=13|https://nces.ed.gov/ccd/|https://app3.doe.k12.ga.us/ows-bin/owa/main_pack_fcl099.entry_form,,stub
Quitman Elementary School,130054000141,Brooks County Schools,Valdosta,GA,traditional,elementary,,(229)588-2343,,,,,,,,,,,,,https://educationdata.urban.org/api/v1/schools/ccd/directory/2023/?fips=13|https://nces.ed.gov/ccd/|https://app3.doe.k12.ga.us/ows-bin/owa/main_pack_fcl099.entry_form,,stub
Bryan County Elementary School,130057001948,Bryan County Schools,Savannah,GA,traditional,elementary,,(912)626-5033,,,,,,,,,,,,,https://educationdata.urban.org/api/v1/schools/ccd/directory/2023/?fips=13|https://nces.ed.gov/ccd/|https://app3.doe.k12.ga.us/ows-bin/owa/main_pack_fcl099.entry_form,,stub
Bryan County High School,130057002396,Bryan County Schools,Savannah,GA,traditional,high,https://www.bryancountyschools.org/o/bcmhs,(912)626-5060,,Dr. Jeff Beth Polk,Principal,,,,,,,,,,https://educationdata.urban.org/api/v1/schools/ccd/directory/2023/?fips=13|https://nces.ed.gov/ccd/|https://app3.doe.k12.ga.us/ows-bin/owa/main_pack_fcl099.entry_form|https://app3.doe.k12.ga.us/ows-bin/owa/main_pack_school_addr.entry_form|https://www.bryancountyschools.org/o/bcmhs/page/school-information,2026-09-07,verified
Bryan County Middle School,130057002395,Bryan County Schools,Savannah,GA,traditional,middle,,(912)626-5050,,,,,,,,,,,,,https://educationdata.urban.org/api/v1/schools/ccd/directory/2023/?fips=13|https://nces.ed.gov/ccd/|https://app3.doe.k12.ga.us/ows-bin/owa/main_pack_fcl099.entry_form,,stub
Dr. George Washington Carver Elementary School,130057002368,Bryan County Schools,Savannah,GA,traditional,elementary,,(912)459-5111,,,,,,,,,,,,,https://educationdata.urban.org/api/v1/schools/ccd/directory/2023/?fips=13|https://nces.ed.gov/ccd/|https://app3.doe.k12.ga.us/ows-bin/owa/main_pack_fcl099.entry_form,,stub
Frances Meeks Elementary School,130057004399,Bryan County Schools,Savannah,GA,traditional,elementary,,(912)851-4100,,,,,,,,,,,,,https://educationdata.urban.org/api/v1/schools/ccd/directory/2023/?fips=13|https://nces.ed.gov/ccd/|https://app3.doe.k12.ga.us/ows-bin/owa/main_pack_fcl099.entry_form,,stub
McAllister Elementary School,130057004189,Bryan County Schools,Savannah,GA,traditional,elementary,,(912)851-4040,,,,,,,,,,,,,https://educationdata.urban.org/api/v1/schools/ccd/directory/2023/?fips=13|https://nces.ed.gov/ccd/|https://app3.doe.k12.ga.us/ows-bin/owa/main_pack_fcl099.entry_form,,stub
Richmond Hill Elementary School,130057002389,Bryan County Schools,Savannah,GA,traditional,elementary,,(912)459-5100,,,,,,,,,,,,,https://educationdata.urban.org/api/v1/schools/ccd/directory/2023/?fips=13|https://nces.ed.gov/ccd/|https://app3.doe.k12.ga.us/ows-bin/owa/main_pack_fcl099.entry_form,,stub
Richmond Hill High School,130057001873,Bryan County Schools,Savannah,GA,traditional,high,https://www.bryancountyschools.org/o/rhhs,(912)459-5151,,Heather Tucker,Principal,htucker@bryan.k12.ga.us,,,,,,,,,https://educationdata.urban.org/api/v1/schools/ccd/directory/2023/?fips=13|https://nces.ed.gov/ccd/|https://app3.doe.k12.ga.us/ows-bin/owa/main_pack_fcl099.entry_form|https://www.bryancountyschools.org/o/rhhs/page/school-information|https://app3.doe.k12.ga.us/ows-bin/owa/main_pack_school_addr.entry_form,2026-09-07,verified
Richmond Hill Middle School,130057002235,Bryan County Schools,Savannah,GA,traditional,middle,,(912)459-5130,,,,,,,,,,,,,https://educationdata.urban.org/api/v1/schools/ccd/directory/2023/?fips=13|https://nces.ed.gov/ccd/|https://app3.doe.k12.ga.us/ows-bin/owa/main_pack_fcl099.entry_form,,stub
Richmond Hill Primary School,130057000086,Bryan County Schools,Savannah,GA,traditional,elementary,,(912)459-5080,,,,,,,,,,,,,https://educationdata.urban.org/api/v1/schools/ccd/directory/2023/?fips=13|https://nces.ed.gov/ccd/|https://app3.doe.k12.ga.us/ows-bin/owa/main_pack_fcl099.entry_form,,stub
Buford Academy,130060002345,Buford City Schools,Atlanta,GA,traditional,elementary,,(678)482-6960,,,,,,,,,,,,,https://educationdata.urban.org/api/v1/schools/ccd/directory/2023/?fips=13|https://nces.ed.gov/ccd/|https://app3.doe.k12.ga.us/ows-bin/owa/main_pack_fcl099.entry_form,,stub
Buford Elementary School,130060000275,Buford City Schools,Atlanta,GA,traditional,elementary,,(770)945-5248,,,,,,,,,,,,,https://educationdata.urban.org/api/v1/schools/ccd/directory/2023/?fips=13|https://nces.ed.gov/ccd/|https://app3.doe.k12.ga.us/ows-bin/owa/main_pack_fcl099.entry_form,,stub
Buford High School,130060000274,Buford City Schools,Atlanta,GA,traditional,high,https://www.bufordhs.org/,(770)945-6768,,Marty Bozoian,Principal,marty.bozoian@bufordcityschools.org,(770)945-6768,,,,,,,,bufordhs.org/apps/pages/Administration (Marty Bozoian Principal + mailto); Gwinnett Magazine leadership announcement,2026-09-07,verified
Buford Middle School,130060000276,Buford City Schools,Atlanta,GA,traditional,middle,,(770)904-3690,,,,,,,,,,,,,https://educationdata.urban.org/api/v1/schools/ccd/directory/2023/?fips=13|https://nces.ed.gov/ccd/|https://app3.doe.k12.ga.us/ows-bin/owa/main_pack_fcl099.entry_form,,stub
Buford Senior Academy,130060004338,Buford City Schools,Atlanta,GA,traditional,elementary,,(678)546-0414,,,,,,,,,,,,,https://educationdata.urban.org/api/v1/schools/ccd/directory/2023/?fips=13|https://nces.ed.gov/ccd/|https://app3.doe.k12.ga.us/ows-bin/owa/main_pack_fcl099.entry_form,,stub
Brooklet Elementary School,130063000277,Bulloch County Schools,Statesboro,GA,traditional,elementary,,(912)842-8300,,,,,,,,,,,,,https://educationdata.urban.org/api/v1/schools/ccd/directory/2023/?fips=13|https://nces.ed.gov/ccd/|https://app3.doe.k12.ga.us/ows-bin/owa/main_pack_fcl099.entry_form,,stub
Julia P. Bryant Elementary School,130063000287,Bulloch County Schools,Statesboro,GA,traditional,elementary,,(912)212-8680,,,,,,,,,,,,,https://educationdata.urban.org/api/v1/schools/ccd/directory/2023/?fips=13|https://nces.ed.gov/ccd/|https://app3.doe.k12.ga.us/ows-bin/owa/main_pack_fcl099.entry_form,,stub
Langston Chapel Elementary School,130063002237,Bulloch County Schools,Statesboro,GA,traditional,elementary,,(912)212-8700,,,,,,,,,,,,,https://educationdata.urban.org/api/v1/schools/ccd/directory/2023/?fips=13|https://nces.ed.gov/ccd/|https://app3.doe.k12.ga.us/ows-bin/owa/main_pack_fcl099.entry_form,,stub
Langston Chapel Middle School,130063002238,Bulloch County Schools,Statesboro,GA,traditional,middle,,(912)212-8720,,,,,,,,,,,,,https://educationdata.urban.org/api/v1/schools/ccd/directory/2023/?fips=13|https://nces.ed.gov/ccd/|https://app3.doe.k12.ga.us/ows-bin/owa/main_pack_fcl099.entry_form,,stub
Mattie Lively Elementary School,130063000290,Bulloch County Schools,Statesboro,GA,traditional,elementary,,(912)212-8760,,,,,,,,,,,,,https://educationdata.urban.org/api/v1/schools/ccd/directory/2023/?fips=13|https://nces.ed.gov/ccd/|https://app3.doe.k12.ga.us/ows-bin/owa/main_pack_fcl099.entry_form,,stub
Mill Creek Elementary School,130063002296,Bulloch County Schools,Statesboro,GA,traditional,elementary,,(912)212-8780,,,,,,,,,,,,,https://educationdata.urban.org/api/v1/schools/ccd/directory/2023/?fips=13|https://nces.ed.gov/ccd/|https://app3.doe.k12.ga.us/ows-bin/owa/main_pack_fcl099.entry_form,,stub
Nevils Elementary School,130063003549,Bulloch County Schools,Statesboro,GA,traditional,elementary,,(912)842-8320,,,,,,,,,,,,,https://educationdata.urban.org/api/v1/schools/ccd/directory/2023/?fips=13|https://nces.ed.gov/ccd/|https://app3.doe.k12.ga.us/ows-bin/owa/main_pack_fcl099.entry_form,,stub
Portal Elementary School,130063002298,Bulloch County Schools,Statesboro,GA,traditional,elementary,,(912)842-8340,,,,,,,,,,,,,https://educationdata.urban.org/api/v1/schools/ccd/directory/2023/?fips=13|https://nces.ed.gov/ccd/|https://app3.doe.k12.ga.us/ows-bin/owa/main_pack_fcl099.entry_form,,stub
Portal Middle/High School,130063000281,Bulloch County Schools,Statesboro,GA,traditional,high,,(912)842-8360,,,,,,,,,,,,,https://educationdata.urban.org/api/v1/schools/ccd/directory/2023/?fips=13|https://nces.ed.gov/ccd/|https://app3.doe.k12.ga.us/ows-bin/owa/main_pack_fcl099.entry_form,,stub
Sallie Zetterower Elementary School,130063000288,Bulloch County Schools,Statesboro,GA,traditional,elementary,,(912)212-8800,,,,,,,,,,,,,https://educationdata.urban.org/api/v1/schools/ccd/directory/2023/?fips=13|https://nces.ed.gov/ccd/|https://app3.doe.k12.ga.us/ows-bin/owa/main_pack_fcl099.entry_form,,stub
Southeast Bulloch High School,130063003550,Bulloch County Schools,Statesboro,GA,traditional,high,,(912)842-8440,,,,,,,,,,,,,https://educationdata.urban.org/api/v1/schools/ccd/directory/2023/?fips=13|https://nces.ed.gov/ccd/|https://app3.doe.k12.ga.us/ows-bin/owa/main_pack_fcl099.entry_form,,stub
Southeast Bulloch Middle School,130063002297,Bulloch County Schools,Statesboro,GA,traditional,middle,,(912)842-8400,,,,,,,,,,,,,https://educationdata.urban.org/api/v1/schools/ccd/directory/2023/?fips=13|https://nces.ed.gov/ccd/|https://app3.doe.k12.ga.us/ows-bin/owa/main_pack_fcl099.entry_form,,stub
Statesboro High School,130063000285,Bulloch County Schools,Statesboro,GA,traditional,high,,(912)212-8860,,,,,,,,,,,,,https://educationdata.urban.org/api/v1/schools/ccd/directory/2023/?fips=13|https://nces.ed.gov/ccd/|https://app3.doe.k12.ga.us/ows-bin/owa/main_pack_fcl099.entry_form,,stub
Stilson Elementary School,130063000283,Bulloch County Schools,Statesboro,GA,traditional,elementary,,(912)842-8480,,,,,,,,,,,,,https://educationdata.urban.org/api/v1/schools/ccd/directory/2023/?fips=13|https://nces.ed.gov/ccd/|https://app3.doe.k12.ga.us/ows-bin/owa/main_pack_fcl099.entry_form,,stub
William James Middle School,130063002236,Bulloch County Schools,Statesboro,GA,traditional,middle,,(912)212-8820,,,,,,,,,,,,,https://educationdata.urban.org/api/v1/schools/ccd/directory/2023/?fips=13|https://nces.ed.gov/ccd/|https://app3.doe.k12.ga.us/ows-bin/owa/main_pack_fcl099.entry_form,,stub
Blakeney Elementary,130066002817,Burke County Public Schools,Augusta,GA,traditional,elementary,,(706)554-2265,,,,,,,,,,,,,https://educationdata.urban.org/api/v1/schools/ccd/directory/2023/?fips=13|https://nces.ed.gov/ccd/|https://app3.doe.k12.ga.us/ows-bin/owa/main_pack_fcl099.entry_form,,stub
Burke County High School,130066001991,Burke County Public Schools,Augusta,GA,traditional,high,https://bchs.burke.k12.ga.us/,(706)554-6691,,Dr. Justin Durham,Principal,,,,,,,,,,https://educationdata.urban.org/api/v1/schools/ccd/directory/2023/?fips=13|https://nces.ed.gov/ccd/|https://app3.doe.k12.ga.us/ows-bin/owa/main_pack_fcl099.entry_form|https://bchs.burke.k12.ga.us/,2026-09-07,verified
Burke County Middle School,130066001990,Burke County Public Schools,Augusta,GA,traditional,middle,,(706)554-3532,,,,,,,,,,,,,https://educationdata.urban.org/api/v1/schools/ccd/directory/2023/?fips=13|https://nces.ed.gov/ccd/|https://app3.doe.k12.ga.us/ows-bin/owa/main_pack_fcl099.entry_form,,stub
S G A Elementary School,130066001992,Burke County Public Schools,Augusta,GA,traditional,elementary,,(912)569-4322,,,,,,,,,,,,,https://educationdata.urban.org/api/v1/schools/ccd/directory/2023/?fips=13|https://nces.ed.gov/ccd/|https://app3.doe.k12.ga.us/ows-bin/owa/main_pack_fcl099.entry_form,,stub
Waynesboro Primary School,130066000293,Burke County Public Schools,Augusta,GA,traditional,elementary,,(706)554-5125,,,,,,,,,,,,,https://educationdata.urban.org/api/v1/schools/ccd/directory/2023/?fips=13|https://nces.ed.gov/ccd/|https://app3.doe.k12.ga.us/ows-bin/owa/main_pack_fcl099.entry_form,,stub
Hampton L. Daughtry Elementary School,130069002819,Butts County School System,Atlanta,GA,traditional,elementary,,(770)504-2356,,,,,,,,,,,,,https://educationdata.urban.org/api/v1/schools/ccd/directory/2023/?fips=13|https://nces.ed.gov/ccd/|https://app3.doe.k12.ga.us/ows-bin/owa/main_pack_fcl099.entry_form,,stub
Henderson Middle School,130069002353,Butts County School System,Atlanta,GA,traditional,middle,,(770)504-2310,,,,,,,,,,,,,https://educationdata.urban.org/api/v1/schools/ccd/directory/2023/?fips=13|https://nces.ed.gov/ccd/|https://app3.doe.k12.ga.us/ows-bin/owa/main_pack_fcl099.entry_form,,stub
Jackson Elementary School,130069003846,Butts County School System,Atlanta,GA,traditional,elementary,,(770)775-9480,,,,,,,,,,,,,https://educationdata.urban.org/api/v1/schools/ccd/directory/2023/?fips=13|https://nces.ed.gov/ccd/|https://app3.doe.k12.ga.us/ows-bin/owa/main_pack_fcl099.entry_form,,stub
Jackson High School,130069000301,Butts County School System,Atlanta,GA,traditional,high,https://jhs.bcssk12.org/,(770)504-2340,,Desmond Foster,Principal,desmond.foster@bcssk12.org,(770)504-2340,,,,,,,,jhs.bcssk12.org/our-school/our-principal (Mr. Desmond Foster + mailto desmond.foster@bcssk12.org); 2025-2026 principal welcome letter,2026-09-07,verified
Stark Elementary School,130069003818,Butts County School System,Atlanta,GA,traditional,elementary,,(770)775-9470,,,,,,,,,,,,,https://educationdata.urban.org/api/v1/schools/ccd/directory/2023/?fips=13|https://nces.ed.gov/ccd/|https://app3.doe.k12.ga.us/ows-bin/owa/main_pack_fcl099.entry_form,,stub
Calhoun Early Learning Academy,130072004451,Calhoun City Schools,Calhoun,GA,traditional,elementary,,(706)602-6603,,,,,,,,,,,,,https://educationdata.urban.org/api/v1/schools/ccd/directory/2023/?fips=13|https://nces.ed.gov/ccd/|https://app3.doe.k12.ga.us/ows-bin/owa/main_pack_fcl099.entry_form,,stub
Calhoun Elementary School,130072002216,Calhoun City Schools,Calhoun,GA,traditional,middle,,(706)629-7130,,,,,,,,,,,,,https://educationdata.urban.org/api/v1/schools/ccd/directory/2023/?fips=13|https://nces.ed.gov/ccd/|https://app3.doe.k12.ga.us/ows-bin/owa/main_pack_fcl099.entry_form,,stub
Calhoun High School,130072000305,Calhoun City Schools,Calhoun,GA,traditional,high,,(706)629-9213,,,,,,,,,,,,,https://educationdata.urban.org/api/v1/schools/ccd/directory/2023/?fips=13|https://nces.ed.gov/ccd/|https://app3.doe.k12.ga.us/ows-bin/owa/main_pack_fcl099.entry_form,,stub
Calhoun Middle School,130072000307,Calhoun City Schools,Calhoun,GA,traditional,middle,,(706)629-3340,,,,,,,,,,,,,https://educationdata.urban.org/api/v1/schools/ccd/directory/2023/?fips=13|https://nces.ed.gov/ccd/|https://app3.doe.k12.ga.us/ows-bin/owa/main_pack_fcl099.entry_form,,stub
Calhoun Primary School,130072000306,Calhoun City Schools,Calhoun,GA,traditional,elementary,,(706)629-8323,,,,,,,,,,,,,https://educationdata.urban.org/api/v1/schools/ccd/directory/2023/?fips=13|https://nces.ed.gov/ccd/|https://app3.doe.k12.ga.us/ows-bin/owa/main_pack_fcl099.entry_form,,stub
Calhoun County Elementary School,130075000311,Calhoun County Schools,Rural SW Georgia,GA,traditional,elementary,,(229)545-7232,,,,,,,,,,,,,https://educationdata.urban.org/api/v1/schools/ccd/directory/2023/?fips=13|https://nces.ed.gov/ccd/|https://app3.doe.k12.ga.us/ows-bin/owa/main_pack_fcl099.entry_form,,stub
Calhoun County High School,130075004081,Calhoun County Schools,Rural SW Georgia,GA,traditional,high,,(229)310-2082,,,,,,,,,,,,,https://educationdata.urban.org/api/v1/schools/ccd/directory/2023/?fips=13|https://nces.ed.gov/ccd/|https://app3.doe.k12.ga.us/ows-bin/owa/main_pack_fcl099.entry_form,,stub
Calhoun County Middle School,130075004098,Calhoun County Schools,Rural SW Georgia,GA,traditional,middle,,(229)545-7232,,,,,,,,,,,,,https://educationdata.urban.org/api/v1/schools/ccd/directory/2023/?fips=13|https://nces.ed.gov/ccd/|https://app3.doe.k12.ga.us/ows-bin/owa/main_pack_fcl099.entry_form,,stub
Camden County High School,130078000315,Camden County Schools,Kingsland,GA,traditional,high,,(912)729-7318,,,,,,,,,,,,,https://educationdata.urban.org/api/v1/schools/ccd/directory/2023/?fips=13|https://nces.ed.gov/ccd/|https://app3.doe.k12.ga.us/ows-bin/owa/main_pack_fcl099.entry_form,,stub
Camden Middle School,130078001875,Camden County Schools,Kingsland,GA,traditional,middle,,(912)729-3113,,,,,,,,,,,,,https://educationdata.urban.org/api/v1/schools/ccd/directory/2023/?fips=13|https://nces.ed.gov/ccd/|https://app3.doe.k12.ga.us/ows-bin/owa/main_pack_fcl099.entry_form,,stub
Crooked River Elementary School,130078001969,Camden County Schools,Kingsland,GA,traditional,elementary,,(912)673-6995,,,,,,,,,,,,,https://educationdata.urban.org/api/v1/schools/ccd/directory/2023/?fips=13|https://nces.ed.gov/ccd/|https://app3.doe.k12.ga.us/ows-bin/owa/main_pack_fcl099.entry_form,,stub
David L Rainer Elementary School,130078000791,Camden County Schools,Kingsland,GA,traditional,elementary,,(912)729-9071,,,,,,,,,,,,,https://educationdata.urban.org/api/v1/schools/ccd/directory/2023/?fips=13|https://nces.ed.gov/ccd/|https://app3.doe.k12.ga.us/ows-bin/owa/main_pack_fcl099.entry_form,,stub
Kingsland Elementary School,130078000237,Camden County Schools,Kingsland,GA,traditional,elementary,,(912)729-5246,,,,,,,,,,,,,https://educationdata.urban.org/api/v1/schools/ccd/directory/2023/?fips=13|https://nces.ed.gov/ccd/|https://app3.doe.k12.ga.us/ows-bin/owa/main_pack_fcl099.entry_form,,stub
Mamie Lou Gross Elementary School,130078002355,Camden County Schools,Kingsland,GA,traditional,elementary,,(912)576-4800,,,,,,,,,,,,,https://educationdata.urban.org/api/v1/schools/ccd/directory/2023/?fips=13|https://nces.ed.gov/ccd/|https://app3.doe.k12.ga.us/ows-bin/owa/main_pack_fcl099.entry_form,,stub
Mary Lee Clark Elementary School,130078000794,Camden County Schools,Kingsland,GA,traditional,elementary,,(912)882-4373,,,,,,,,,,,,,https://educationdata.urban.org/api/v1/schools/ccd/directory/2023/?fips=13|https://nces.ed.gov/ccd/|https://app3.doe.k12.ga.us/ows-bin/owa/main_pack_fcl099.entry_form,,stub
Matilda Harris Elementary School,130078002063,Camden County Schools,Kingsland,GA,traditional,elementary,,(912)729-2940,,,,,,,,,,,,,https://educationdata.urban.org/api/v1/schools/ccd/directory/2023/?fips=13|https://nces.ed.gov/ccd/|https://app3.doe.k12.ga.us/ows-bin/owa/main_pack_fcl099.entry_form,,stub
Saint Marys Elementary School,130078000313,Camden County Schools,Kingsland,GA,traditional,elementary,,(912)882-4839,,,,,,,,,,,,,https://educationdata.urban.org/api/v1/schools/ccd/directory/2023/?fips=13|https://nces.ed.gov/ccd/|https://app3.doe.k12.ga.us/ows-bin/owa/main_pack_fcl099.entry_form,,stub
Saint Marys Middle School,130078003299,Camden County Schools,Kingsland,GA,traditional,middle,,(912)882-8626,,,,,,,,,,,,,https://educationdata.urban.org/api/v1/schools/ccd/directory/2023/?fips=13|https://nces.ed.gov/ccd/|https://app3.doe.k12.ga.us/ows-bin/owa/main_pack_fcl099.entry_form,,stub
Sugarmill Elementary,130078001941,Camden County Schools,Kingsland,GA,traditional,elementary,,(912)882-8191,,,,,,,,,,,,,https://educationdata.urban.org/api/v1/schools/ccd/directory/2023/?fips=13|https://nces.ed.gov/ccd/|https://app3.doe.k12.ga.us/ows-bin/owa/main_pack_fcl099.entry_form,,stub
Woodbine Elementary School,130078000236,Camden County Schools,Kingsland,GA,traditional,elementary,,(912)576-5245,,,,,,,,,,,,,https://educationdata.urban.org/api/v1/schools/ccd/directory/2023/?fips=13|https://nces.ed.gov/ccd/|https://app3.doe.k12.ga.us/ows-bin/owa/main_pack_fcl099.entry_form,,stub
Metter College and Career Academy,130081004361,Candler County Schools,Rural SE Georgia,GA,traditional,high,,(912)685-5713,,,,,,,,,,,,,https://educationdata.urban.org/api/v1/schools/ccd/directory/2023/?fips=13|https://nces.ed.gov/ccd/|https://app3.doe.k12.ga.us/ows-bin/owa/main_pack_fcl099.entry_form,,stub
Metter Elementary School,130081000316,Candler County Schools,Rural SE Georgia,GA,traditional,elementary,,(912)685-5050,,,,,,,,,,,,,https://educationdata.urban.org/api/v1/schools/ccd/directory/2023/?fips=13|https://nces.ed.gov/ccd/|https://app3.doe.k12.ga.us/ows-bin/owa/main_pack_fcl099.entry_form,,stub
Metter High School,130081000317,Candler County Schools,Rural SE Georgia,GA,traditional,high,,(912)685-2134,,,,,,,,,,,,,https://educationdata.urban.org/api/v1/schools/ccd/directory/2023/?fips=13|https://nces.ed.gov/ccd/|https://app3.doe.k12.ga.us/ows-bin/owa/main_pack_fcl099.entry_form,,stub
Metter Middle School,130081000318,Candler County Schools,Rural SE Georgia,GA,traditional,middle,,(912)685-5580,,,,,,,,,,,,,https://educationdata.urban.org/api/v1/schools/ccd/directory/2023/?fips=13|https://nces.ed.gov/ccd/|https://app3.doe.k12.ga.us/ows-bin/owa/main_pack_fcl099.entry_form,,stub
Bay Springs Middle School,130084002239,Carroll County Schools,Atlanta,GA,traditional,middle,,(770)459-2098,,,,,,,,,,,,,https://educationdata.urban.org/api/v1/schools/ccd/directory/2023/?fips=13|https://nces.ed.gov/ccd/|https://app3.doe.k12.ga.us/ows-bin/owa/main_pack_fcl099.entry_form,,stub
Bowdon Elementary School,130084000332,Carroll County Schools,Atlanta,GA,traditional,elementary,,(770)258-2161,,,,,,,,,,,,,https://educationdata.urban.org/api/v1/schools/ccd/directory/2023/?fips=13|https://nces.ed.gov/ccd/|https://app3.doe.k12.ga.us/ows-bin/owa/main_pack_fcl099.entry_form,,stub
Bowdon High School,130084000330,Carroll County Schools,Atlanta,GA,traditional,high,https://bhs.carrollcountyschools.com/,(770)258-5408,,Jeff Bryant,Principal,jeff.bryant@carrollcountyschools.com,(770)258-5408,,,,,,,,bhs.carrollcountyschools.com; GreatSchools school-leader email JEFF.BRYANT@CARROLLCOUNTYSCHOOLS.COM; Carroll 2022 BOE appointment (City Menus); BHS handbook firstname.lastname@carrollcountyschools.com,2026-09-07,verified
Bowdon Middle School,130084002356,Carroll County Schools,Atlanta,GA,traditional,middle,,(770)258-1778,,,,,,,,,,,,,https://educationdata.urban.org/api/v1/schools/ccd/directory/2023/?fips=13|https://nces.ed.gov/ccd/|https://app3.doe.k12.ga.us/ows-bin/owa/main_pack_fcl099.entry_form,,stub
Central Elementary School,130084000326,Carroll County Schools,Atlanta,GA,traditional,elementary,,(770)832-6466,,,,,,,,,,,,,https://educationdata.urban.org/api/v1/schools/ccd/directory/2023/?fips=13|https://nces.ed.gov/ccd/|https://app3.doe.k12.ga.us/ows-bin/owa/main_pack_fcl099.entry_form,,stub
Central High School,130084000331,Carroll County Schools,Atlanta,GA,traditional,high,https://chs.carrollcountyschools.com/,(770)834-3386,,Kelly G. Edwards,Principal,kelly.edwards@carrollcountyschools.com,(770)834-3386,,,,,,,,chs.carrollcountyschools.com/kelly-edwards; gacccentralha.schoolinsites.com/staff (Principal kelly.edwards@carrollcountyschools.com),2026-09-07,verified
Central Middle School,130084000321,Carroll County Schools,Atlanta,GA,traditional,middle,,(770)832-8114,,,,,,,,,,,,,https://educationdata.urban.org/api/v1/schools/ccd/directory/2023/?fips=13|https://nces.ed.gov/ccd/|https://app3.doe.k12.ga.us/ows-bin/owa/main_pack_fcl099.entry_form,,stub
Glanton-Hindsman Elementary,130084003303,Carroll County Schools,Atlanta,GA,traditional,elementary,,(770)459-4491,,,,,,,,,,,,,https://educationdata.urban.org/api/v1/schools/ccd/directory/2023/?fips=13|https://nces.ed.gov/ccd/|https://app3.doe.k12.ga.us/ows-bin/owa/main_pack_fcl099.entry_form,,stub
Ithica Elementary,130084003302,Carroll County Schools,Atlanta,GA,traditional,elementary,,(678)840-5101,,,,,,,,,,,,,https://educationdata.urban.org/api/v1/schools/ccd/directory/2023/?fips=13|https://nces.ed.gov/ccd/|https://app3.doe.k12.ga.us/ows-bin/owa/main_pack_fcl099.entry_form,,stub
KidsPeace,130084003483,Carroll County Schools,Atlanta,GA,traditional,other,,(770)437-7200,,,,,,,,,,,,,https://educationdata.urban.org/api/v1/schools/ccd/directory/2023/?fips=13|https://nces.ed.gov/ccd/|https://app3.doe.k12.ga.us/ows-bin/owa/main_pack_fcl099.entry_form,,stub
Mount Zion Elementary School,130084000319,Carroll County Schools,Atlanta,GA,traditional,elementary,,(770)832-8588,,,,,,,,,,,,,https://educationdata.urban.org/api/v1/schools/ccd/directory/2023/?fips=13|https://nces.ed.gov/ccd/|https://app3.doe.k12.ga.us/ows-bin/owa/main_pack_fcl099.entry_form,,stub
Mt. Zion High School,130084003582,Carroll County Schools,Atlanta,GA,traditional,high,https://mzh.carrollcountyschools.com/,(770)834-6654,,Connie Cook,Principal,connie.cook@carrollcountyschools.com,(770)834-6654,,,,,,,,mzh.carrollcountyschools.com/contactus (Principal Mrs. Connie Cook + connie.cook@carrollcountyschools.com),2026-09-07,verified
Mt. Zion Middle School,130084003562,Carroll County Schools,Atlanta,GA,traditional,middle,,(770)834-3389,,,,,,,,,,,,,https://educationdata.urban.org/api/v1/schools/ccd/directory/2023/?fips=13|https://nces.ed.gov/ccd/|https://app3.doe.k12.ga.us/ows-bin/owa/main_pack_fcl099.entry_form,,stub
Providence Elementary School,130084003982,Carroll County Schools,Atlanta,GA,traditional,elementary,,(770)562-3076,,,,,,,,,,,,,https://educationdata.urban.org/api/v1/schools/ccd/directory/2023/?fips=13|https://nces.ed.gov/ccd/|https://app3.doe.k12.ga.us/ows-bin/owa/main_pack_fcl099.entry_form,,stub
Roopville Elementary School,130084000328,Carroll County Schools,Atlanta,GA,traditional,elementary,,(770)854-4421,,,,,,,,,,,,,https://educationdata.urban.org/api/v1/schools/ccd/directory/2023/?fips=13|https://nces.ed.gov/ccd/|https://app3.doe.k12.ga.us/ows-bin/owa/main_pack_fcl099.entry_form,,stub
Sand Hill Elementary School,130084000325,Carroll County Schools,Atlanta,GA,traditional,elementary,,(770)832-8541,,,,,,,,,,,,,https://educationdata.urban.org/api/v1/schools/ccd/directory/2023/?fips=13|https://nces.ed.gov/ccd/|https://app3.doe.k12.ga.us/ows-bin/owa/main_pack_fcl099.entry_form,,stub
Sharp Creek Elementary School,130084002299,Carroll County Schools,Atlanta,GA,traditional,elementary,,(770)214-8848,,,,,,,,,,,,,https://educationdata.urban.org/api/v1/schools/ccd/directory/2023/?fips=13|https://nces.ed.gov/ccd/|https://app3.doe.k12.ga.us/ows-bin/owa/main_pack_fcl099.entry_form,,stub
Temple Elementary School,130084000320,Carroll County Schools,Atlanta,GA,traditional,elementary,,(770)562-3076,,,,,,,,,,,,,https://educationdata.urban.org/api/v1/schools/ccd/directory/2023/?fips=13|https://nces.ed.gov/ccd/|https://app3.doe.k12.ga.us/ows-bin/owa/main_pack_fcl099.entry_form,,stub
Temple High School,130084002097,Carroll County Schools,Atlanta,GA,traditional,high,https://ths.carrollcountyschools.com/,(770)562-3218,,Seth Rogers,Principal,,(770)562-3218,,,,,,,,Carroll County Schools 2023 leadership announcement (Seth Rogers named Temple High principal); LinkedIn lists current Principal Temple High; ths.carrollcountyschools.com,2026-09-07,verified
Temple Middle School,130084002452,Carroll County Schools,Atlanta,GA,traditional,middle,,(770)562-6001,,,,,,,,,,,,,https://educationdata.urban.org/api/v1/schools/ccd/directory/2023/?fips=13|https://nces.ed.gov/ccd/|https://app3.doe.k12.ga.us/ows-bin/owa/main_pack_fcl099.entry_form,,stub
Villa Rica Elementary School,130084002240,Carroll County Schools,Atlanta,GA,traditional,elementary,,(770)459-5762,,,,,,,,,,,,,https://educationdata.urban.org/api/v1/schools/ccd/directory/2023/?fips=13|https://nces.ed.gov/ccd/|https://app3.doe.k12.ga.us/ows-bin/owa/main_pack_fcl099.entry_form,,stub
Villa Rica High School,130084000324,Carroll County Schools,Atlanta,GA,traditional,high,https://www.carrollcountyschools.com/,(770)459-5185,,Rob Alford,Principal,,(770)459-5185,,,,,,,,carrollcountyschools.com/article/2756549 (Mar 2026 BOE: Rob Alford new VRHS principal for next year after Bedosky departure); Times-Georgian 2026-03-09,2026-09-07,verified
Villa Rica Middle,130084003301,Carroll County Schools,Atlanta,GA,traditional,middle,,(770)459-0407,,,,,,,,,,,,,https://educationdata.urban.org/api/v1/schools/ccd/directory/2023/?fips=13|https://nces.ed.gov/ccd/|https://app3.doe.k12.ga.us/ows-bin/owa/main_pack_fcl099.entry_form,,stub
Whitesburg Elementary School,130084000333,Carroll County Schools,Atlanta,GA,traditional,elementary,,(770)832-3875,,,,,,,,,,,,,https://educationdata.urban.org/api/v1/schools/ccd/directory/2023/?fips=13|https://nces.ed.gov/ccd/|https://app3.doe.k12.ga.us/ows-bin/owa/main_pack_fcl099.entry_form,,stub
Carrollton Elementary School,130087000088,Carrollton City Schools,Atlanta,GA,traditional,elementary,,(770)832-2120,,,,,,,,,,,,,https://educationdata.urban.org/api/v1/schools/ccd/directory/2023/?fips=13|https://nces.ed.gov/ccd/|https://app3.doe.k12.ga.us/ows-bin/owa/main_pack_fcl099.entry_form,,stub
Carrollton High School,130087000334,Carrollton City Schools,Atlanta,GA,traditional,high,https://chs.carrolltoncityschools.net/,(770)834-7726,,Dr. Eric Simmons,Principal,eric.simmons@carrolltoncityschools.net,(770)834-7726,,,,,,,,chs.carrolltoncityschools.net/about-us/chs-leadership (Dr. Eric Simmons Principal + mailto); carrolltoncityschools.net leadership updates announcing Simmons as CHS principal,2026-09-07,verified
Carrollton Middle School,130087000336,Carrollton City Schools,Atlanta,GA,traditional,middle,,(770)832-6535,,,,,,,,,,,,,https://educationdata.urban.org/api/v1/schools/ccd/directory/2023/?fips=13|https://nces.ed.gov/ccd/|https://app3.doe.k12.ga.us/ows-bin/owa/main_pack_fcl099.entry_form,,stub
Carrollton Upper Elementary,130087003474,Carrollton City Schools,Atlanta,GA,traditional,elementary,,(770)830-0997,,,,,,,,,,,,,https://educationdata.urban.org/api/v1/schools/ccd/directory/2023/?fips=13|https://nces.ed.gov/ccd/|https://app3.doe.k12.ga.us/ows-bin/owa/main_pack_fcl099.entry_form,,stub
Cartersville Elementary School,130090002098,Cartersville City Schools,Atlanta,GA,traditional,elementary,,(770)382-0983,,,,,,,,,,,,,https://educationdata.urban.org/api/v1/schools/ccd/directory/2023/?fips=13|https://nces.ed.gov/ccd/|https://app3.doe.k12.ga.us/ows-bin/owa/main_pack_fcl099.entry_form,,stub
Cartersville High School,130090000341,Cartersville City Schools,Atlanta,GA,traditional,high,https://chs.cartersvilleschools.org/,(770)382-3200,,Shelley Tierce,Principal,stierce@cartersvilleschools.org,(770)382-3200,,,,,,,,chs.cartersvilleschools.org/about-chs/nadministration (Shelley Tierce Principal); cartersvilleschools.org Title IX page mailto stierce@cartersvilleschools.org; CCS handbook lists Tierce as CHS Principal,2026-09-07,verified
Cartersville Middle School,130090000342,Cartersville City Schools,Atlanta,GA,traditional,middle,,(770)382-3666,,,,,,,,,,,,,https://educationdata.urban.org/api/v1/schools/ccd/directory/2023/?fips=13|https://nces.ed.gov/ccd/|https://app3.doe.k12.ga.us/ows-bin/owa/main_pack_fcl099.entry_form,,stub
Cartersville Primary School,130090000343,Cartersville City Schools,Atlanta,GA,traditional,elementary,,(770)382-1733,,,,,,,,,,,,,https://educationdata.urban.org/api/v1/schools/ccd/directory/2023/?fips=13|https://nces.ed.gov/ccd/|https://app3.doe.k12.ga.us/ows-bin/owa/main_pack_fcl099.entry_form,,stub
Battlefield Elementary School,130093000346,Catoosa County Schools,Chattanooga,GA,traditional,elementary,,(706)866-9183,,,,,,,,,,,,,https://educationdata.urban.org/api/v1/schools/ccd/directory/2023/?fips=13|https://nces.ed.gov/ccd/|https://app3.doe.k12.ga.us/ows-bin/owa/main_pack_fcl099.entry_form,,stub
Battlefield Primary,130093002496,Catoosa County Schools,Chattanooga,GA,traditional,elementary,,(706)861-5778,,,,,,,,,,,,,https://educationdata.urban.org/api/v1/schools/ccd/directory/2023/?fips=13|https://nces.ed.gov/ccd/|https://app3.doe.k12.ga.us/ows-bin/owa/main_pack_fcl099.entry_form,,stub
Boynton Elementary School,130093000845,Catoosa County Schools,Chattanooga,GA,traditional,elementary,,(706)866-1521,,,,,,,,,,,,,https://educationdata.urban.org/api/v1/schools/ccd/directory/2023/?fips=13|https://nces.ed.gov/ccd/|https://app3.doe.k12.ga.us/ows-bin/owa/main_pack_fcl099.entry_form,,stub
Cloud Springs Elementary School,130093000347,Catoosa County Schools,Chattanooga,GA,traditional,elementary,,(706)866-6640,,,,,,,,,,,,,https://educationdata.urban.org/api/v1/schools/ccd/directory/2023/?fips=13|https://nces.ed.gov/ccd/|https://app3.doe.k12.ga.us/ows-bin/owa/main_pack_fcl099.entry_form,,stub
Graysville Elementary School,130093000352,Catoosa County Schools,Chattanooga,GA,traditional,elementary,,(706)937-3147,,,,,,,,,,,,,https://educationdata.urban.org/api/v1/schools/ccd/directory/2023/?fips=13|https://nces.ed.gov/ccd/|https://app3.doe.k12.ga.us/ows-bin/owa/main_pack_fcl099.entry_form,,stub
Heritage High School,130093003688,Catoosa County Schools,Chattanooga,GA,traditional,high,https://hhs.catoosa.k12.ga.us/,(706)937-6464,,Matt Phillips,Principal,,(706) 937-6464,,,,,,,,https://cdnsm5-ss10.sharpschool.com/UserFiles/Servers/Server_19189528/File/Departments/Student%20Services/Handbooks/2025-2026%20Student%20Handbook.pdf|https://hhs.catoosa.k12.ga.us/news/what_s_new/welcome_back_generals|https://hhsgeneraljournal.com/15265/ourheritage/new-principal-matt-phillips-get-plugged-in-at-heritage/,2026-09-07,verified
Heritage Middle School,130093003305,Catoosa County Schools,Chattanooga,GA,traditional,middle,,(706)937-3568,,,,,,,,,,,,,https://educationdata.urban.org/api/v1/schools/ccd/directory/2023/?fips=13|https://nces.ed.gov/ccd/|https://app3.doe.k12.ga.us/ows-bin/owa/main_pack_fcl099.entry_form,,stub
Lakeview Middle School,130093000348,Catoosa County Schools,Chattanooga,GA,traditional,middle,,(706)866-1040,,,,,,,,,,,,,https://educationdata.urban.org/api/v1/schools/ccd/directory/2023/?fips=13|https://nces.ed.gov/ccd/|https://app3.doe.k12.ga.us/ows-bin/owa/main_pack_fcl099.entry_form,,stub
Lakeview-Fort Oglethorpe High School,130093000350,Catoosa County Schools,Chattanooga,GA,traditional,high,https://lfo.catoosa.k12.ga.us/,(706)866-0342,,Brad Langford,Principal,,(706) 866-0342,,,,,,,,https://lfo.catoosa.k12.ga.us/principal_s_message|https://cdnsm5-ss10.sharpschool.com/UserFiles/Servers/Server_19189528/File/Departments/Student%20Services/Handbooks/2025-2026%20Student%20Handbook.pdf,2026-09-07,verified
Ringgold Elementary School,130093000355,Catoosa County Schools,Chattanooga,GA,traditional,elementary,,(706)935-2912,,,,,,,,,,,,,https://educationdata.urban.org/api/v1/schools/ccd/directory/2023/?fips=13|https://nces.ed.gov/ccd/|https://app3.doe.k12.ga.us/ows-bin/owa/main_pack_fcl099.entry_form,,stub
Ringgold High School,130093000353,Catoosa County Schools,Chattanooga,GA,traditional,high,https://rhs.catoosa.k12.ga.us/,(706)935-2254,,J.R. Jones,Principal,,(706) 935-2254,,,,,,,,https://cdnsm5-ss10.sharpschool.com/UserFiles/Servers/Server_19189528/File/Departments/Student%20Services/Handbooks/2025-2026%20Student%20Handbook.pdf,2026-09-07,verified
Ringgold Middle School,130093000351,Catoosa County Schools,Chattanooga,GA,traditional,middle,,(706)935-3381,,,,,,,,,,,,,https://educationdata.urban.org/api/v1/schools/ccd/directory/2023/?fips=13|https://nces.ed.gov/ccd/|https://app3.doe.k12.ga.us/ows-bin/owa/main_pack_fcl099.entry_form,,stub
Ringgold Primary School,130093002300,Catoosa County Schools,Chattanooga,GA,traditional,elementary,,(706)937-5437,,,,,,,,,,,,,https://educationdata.urban.org/api/v1/schools/ccd/directory/2023/?fips=13|https://nces.ed.gov/ccd/|https://app3.doe.k12.ga.us/ows-bin/owa/main_pack_fcl099.entry_form,,stub
Tiger Creek Elementary School,130093001934,Catoosa County Schools,Chattanooga,GA,traditional,elementary,,(706)935-9890,,,,,,,,,,,,,https://educationdata.urban.org/api/v1/schools/ccd/directory/2023/?fips=13|https://nces.ed.gov/ccd/|https://app3.doe.k12.ga.us/ows-bin/owa/main_pack_fcl099.entry_form,,stub
West Side Elementary School,130093000349,Catoosa County Schools,Chattanooga,GA,traditional,elementary,,(706)866-9211,,,,,,,,,,,,,https://educationdata.urban.org/api/v1/schools/ccd/directory/2023/?fips=13|https://nces.ed.gov/ccd/|https://app3.doe.k12.ga.us/ows-bin/owa/main_pack_fcl099.entry_form,,stub
Woodstation Elementary School,130093003304,Catoosa County Schools,Chattanooga,GA,traditional,elementary,,(706)935-6700,,,,,,,,,,,,,https://educationdata.urban.org/api/v1/schools/ccd/directory/2023/?fips=13|https://nces.ed.gov/ccd/|https://app3.doe.k12.ga.us/ows-bin/owa/main_pack_fcl099.entry_form,,stub
Bethune Middle School,130099004016,Charlton County Schools,Rural SE Georgia,GA,traditional,middle,,(912)496-2360,,,,,,,,,,,,,https://educationdata.urban.org/api/v1/schools/ccd/directory/2023/?fips=13|https://nces.ed.gov/ccd/|https://app3.doe.k12.ga.us/ows-bin/owa/main_pack_fcl099.entry_form,,stub
Charlton County High School,130099000358,Charlton County Schools,Rural SE Georgia,GA,traditional,high,,(912)496-2501,,,,,,,,,,,,,https://educationdata.urban.org/api/v1/schools/ccd/directory/2023/?fips=13|https://nces.ed.gov/ccd/|https://app3.doe.k12.ga.us/ows-bin/owa/main_pack_fcl099.entry_form,,stub
Folkston Elementary School,130099002241,Charlton County Schools,Rural SE Georgia,GA,traditional,elementary,,(912)496-7369,,,,,,,,,,,,,https://educationdata.urban.org/api/v1/schools/ccd/directory/2023/?fips=13|https://nces.ed.gov/ccd/|https://app3.doe.k12.ga.us/ows-bin/owa/main_pack_fcl099.entry_form,,stub
St. George Elementary School,130099000359,Charlton County Schools,Rural SE Georgia,GA,traditional,elementary,,(912)843-2383,,,,,,,,,,,,,https://educationdata.urban.org/api/v1/schools/ccd/directory/2023/?fips=13|https://nces.ed.gov/ccd/|https://app3.doe.k12.ga.us/ows-bin/owa/main_pack_fcl099.entry_form,,stub
Chattahoochee County Education Center,130105000416,Chattahoochee County Schools,Columbus,GA,traditional,elementary,,(706)989-3648,,,,,,,,,,,,,https://educationdata.urban.org/api/v1/schools/ccd/directory/2023/?fips=13|https://nces.ed.gov/ccd/|https://app3.doe.k12.ga.us/ows-bin/owa/main_pack_fcl099.entry_form,,stub
Chattahoochee County High School,130105003525,Chattahoochee County Schools,Columbus,GA,traditional,high,https://www.chattco.org/o/ccmhs/,(706)989-3678,,Brian Seth Gorman,Principal,sgorman@chattco.org,(706) 989-3678,,,,,,,,https://educationdata.urban.org/api/v1/schools/ccd/directory/2023/?fips=13|https://nces.ed.gov/ccd/|https://app3.doe.k12.ga.us/ows-bin/owa/main_pack_fcl099.entry_form|https://www.chattco.org/o/ccmhs/staff|https://www.chattco.org/o/ccmhs/,2026-09-07,verified
Chattahoochee County Middle School,130105002358,Chattahoochee County Schools,Columbus,GA,traditional,middle,,(706)989-3678,,,,,,,,,,,,,https://educationdata.urban.org/api/v1/schools/ccd/directory/2023/?fips=13|https://nces.ed.gov/ccd/|https://app3.doe.k12.ga.us/ows-bin/owa/main_pack_fcl099.entry_form,,stub
Chattooga High School,130108000418,Chattooga County Schools,Summerville,GA,traditional,high,,(706)857-2402,,,,,,,,,,,,,https://educationdata.urban.org/api/v1/schools/ccd/directory/2023/?fips=13|https://nces.ed.gov/ccd/|https://app3.doe.k12.ga.us/ows-bin/owa/main_pack_fcl099.entry_form,,stub
Leroy Massey Elementary School,130108003307,Chattooga County Schools,Summerville,GA,traditional,elementary,,(706)857-6660,,,,,,,,,,,,,https://educationdata.urban.org/api/v1/schools/ccd/directory/2023/?fips=13|https://nces.ed.gov/ccd/|https://app3.doe.k12.ga.us/ows-bin/owa/main_pack_fcl099.entry_form,,stub
Lyerly Elementary School,130108000417,Chattooga County Schools,Summerville,GA,traditional,elementary,,(706)895-3323,,,,,,,,,,,,,https://educationdata.urban.org/api/v1/schools/ccd/directory/2023/?fips=13|https://nces.ed.gov/ccd/|https://app3.doe.k12.ga.us/ows-bin/owa/main_pack_fcl099.entry_form,,stub
Menlo Elementary School,130108000421,Chattooga County Schools,Summerville,GA,traditional,elementary,,(706)862-2323,,,,,,,,,,,,,https://educationdata.urban.org/api/v1/schools/ccd/directory/2023/?fips=13|https://nces.ed.gov/ccd/|https://app3.doe.k12.ga.us/ows-bin/owa/main_pack_fcl099.entry_form,,stub
Summerville Middle School,130108000422,Chattooga County Schools,Summerville,GA,traditional,middle,,(706)857-2444,,,,,,,,,,,,,https://educationdata.urban.org/api/v1/schools/ccd/directory/2023/?fips=13|https://nces.ed.gov/ccd/|https://app3.doe.k12.ga.us/ows-bin/owa/main_pack_fcl099.entry_form,,stub
Arnold Mill Elementary School,130111001443,Cherokee County School District,Atlanta,GA,traditional,elementary,,(770)721-6470,,,,,,,,,,,,,https://educationdata.urban.org/api/v1/schools/ccd/directory/2023/?fips=13|https://nces.ed.gov/ccd/|https://app3.doe.k12.ga.us/ows-bin/owa/main_pack_fcl099.entry_form,,stub
Avery Elementary School,130111003309,Cherokee County School District,Atlanta,GA,traditional,elementary,,(770)704-1343,,,,,,,,,,,,,https://educationdata.urban.org/api/v1/schools/ccd/directory/2023/?fips=13|https://nces.ed.gov/ccd/|https://app3.doe.k12.ga.us/ows-bin/owa/main_pack_fcl099.entry_form,,stub
Ball Ground Elementary School,130111000429,Cherokee County School District,Atlanta,GA,traditional,elementary,,(770)721-5900,,,,,,,,,,,,,https://educationdata.urban.org/api/v1/schools/ccd/directory/2023/?fips=13|https://nces.ed.gov/ccd/|https://app3.doe.k12.ga.us/ows-bin/owa/main_pack_fcl099.entry_form,,stub
Bascomb Elementary School,130111001105,Cherokee County School District,Atlanta,GA,traditional,elementary,,(770)721-6630,,,,,,,,,,,,,https://educationdata.urban.org/api/v1/schools/ccd/directory/2023/?fips=13|https://nces.ed.gov/ccd/|https://app3.doe.k12.ga.us/ows-bin/owa/main_pack_fcl099.entry_form,,stub
Boston Elementary School,130111002020,Cherokee County School District,Atlanta,GA,traditional,elementary,,(770)704-1400,,,,,,,,,,,,,https://educationdata.urban.org/api/v1/schools/ccd/directory/2023/?fips=13|https://nces.ed.gov/ccd/|https://app3.doe.k12.ga.us/ows-bin/owa/main_pack_fcl099.entry_form,,stub
Carmel Elementary School,130111002359,Cherokee County School District,Atlanta,GA,traditional,elementary,,(770)704-1184,,,,,,,,,,,,,https://educationdata.urban.org/api/v1/schools/ccd/directory/2023/?fips=13|https://nces.ed.gov/ccd/|https://app3.doe.k12.ga.us/ows-bin/owa/main_pack_fcl099.entry_form,,stub
Cherokee High School,130111000432,Cherokee County School District,Atlanta,GA,traditional,high,https://chs.cherokeek12.net/,(770)721-5300,,Andrew Hall,Principal,Andrew.Hall@cherokeek12.net,,,,,,,,,https://www.cherokeek12.net/schools|https://chs.cherokeek12.net/facultystaff|https://chs.cherokeek12.net/,2026-09-07,verified
Clark Creek Elementary School,130111004072,Cherokee County School District,Atlanta,GA,traditional,elementary,,(770)721-5800,,,,,,,,,,,,,https://educationdata.urban.org/api/v1/schools/ccd/directory/2023/?fips=13|https://nces.ed.gov/ccd/|https://app3.doe.k12.ga.us/ows-bin/owa/main_pack_fcl099.entry_form,,stub
Clayton Elementary School,130111000428,Cherokee County School District,Atlanta,GA,traditional,elementary,,(770)721-5860,,,,,,,,,,,,,https://educationdata.urban.org/api/v1/schools/ccd/directory/2023/?fips=13|https://nces.ed.gov/ccd/|https://app3.doe.k12.ga.us/ows-bin/owa/main_pack_fcl099.entry_form,,stub
Creekland Middle School,130111003312,Cherokee County School District,Atlanta,GA,traditional,middle,,(770)704-4460,,,,,,,,,,,,,https://educationdata.urban.org/api/v1/schools/ccd/directory/2023/?fips=13|https://nces.ed.gov/ccd/|https://app3.doe.k12.ga.us/ows-bin/owa/main_pack_fcl099.entry_form,,stub
Creekview High School,130111003308,Cherokee County School District,Atlanta,GA,traditional,high,https://cvhs.cherokeek12.net/,(770)704-4400,,Mark Vance,Principal,mark.vance@cherokeek12.net,,,,,,,,,https://www.cherokeek12.net/schools|https://cvhs.cherokeek12.net/facultystaff|https://cvhs.cherokeek12.net/,2026-09-07,verified
Dean Rusk Middle School,130111001970,Cherokee County School District,Atlanta,GA,traditional,middle,,(770)704-1135,,,,,,,,,,,,,https://educationdata.urban.org/api/v1/schools/ccd/directory/2023/?fips=13|https://nces.ed.gov/ccd/|https://app3.doe.k12.ga.us/ows-bin/owa/main_pack_fcl099.entry_form,,stub
E. T. Booth Middle School,130111001860,Cherokee County School District,Atlanta,GA,traditional,middle,,(770)721-5500,,,,,,,,,,,,,https://educationdata.urban.org/api/v1/schools/ccd/directory/2023/?fips=13|https://nces.ed.gov/ccd/|https://app3.doe.k12.ga.us/ows-bin/owa/main_pack_fcl099.entry_form,,stub
Etowah High School,130111000425,Cherokee County School District,Atlanta,GA,traditional,high,https://ehs.cherokeek12.net/,(770)721-3120,,Ken Nix,Principal,Ken.Nix@cherokeek12.net,,,,,,,,,https://www.cherokeek12.net/schools|https://ehs.cherokeek12.net/facultystaff|https://ehs.cherokeek12.net/,2026-09-07,verified
Free Home Elementary School,130111000438,Cherokee County School District,Atlanta,GA,traditional,elementary,,(770)721-5960,,,,,,,,,,,,,https://educationdata.urban.org/api/v1/schools/ccd/directory/2023/?fips=13|https://nces.ed.gov/ccd/|https://app3.doe.k12.ga.us/ows-bin/owa/main_pack_fcl099.entry_form,,stub
Freedom Middle School,130111003310,Cherokee County School District,Atlanta,GA,traditional,middle,,(770)704-1100,,,,,,,,,,,,,https://educationdata.urban.org/api/v1/schools/ccd/directory/2023/?fips=13|https://nces.ed.gov/ccd/|https://app3.doe.k12.ga.us/ows-bin/owa/main_pack_fcl099.entry_form,,stub
Hickory Flat Elementary School,130111000435,Cherokee County School District,Atlanta,GA,traditional,elementary,,(770)704-1444,,,,,,,,,,,,,https://educationdata.urban.org/api/v1/schools/ccd/directory/2023/?fips=13|https://nces.ed.gov/ccd/|https://app3.doe.k12.ga.us/ows-bin/owa/main_pack_fcl099.entry_form,,stub
Holly Springs Elementary School,130111002360,Cherokee County School District,Atlanta,GA,traditional,elementary,,(770)704-1420,,,,,,,,,,,,,https://educationdata.urban.org/api/v1/schools/ccd/directory/2023/?fips=13|https://nces.ed.gov/ccd/|https://app3.doe.k12.ga.us/ows-bin/owa/main_pack_fcl099.entry_form,,stub
iGrad Virtual Academy School,130111004416,Cherokee County School District,Atlanta,GA,traditional,high,https://igrad.cherokeek12.net/,(770)721-6680,,Adam Johnson,Principal,,,,,,,,,,https://www.cherokeek12.net/schools|https://igrad.cherokeek12.net/,2026-09-07,verified
Indian Knoll Elementary,130111004033,Cherokee County School District,Atlanta,GA,traditional,elementary,,(770)721-6600,,,,,,,,,,,,,https://educationdata.urban.org/api/v1/schools/ccd/directory/2023/?fips=13|https://nces.ed.gov/ccd/|https://app3.doe.k12.ga.us/ows-bin/owa/main_pack_fcl099.entry_form,,stub
J. Knox Elementary,130111003769,Cherokee County School District,Atlanta,GA,traditional,elementary,,(770)704-1265,,,,,,,,,,,,,https://educationdata.urban.org/api/v1/schools/ccd/directory/2023/?fips=13|https://nces.ed.gov/ccd/|https://app3.doe.k12.ga.us/ows-bin/owa/main_pack_fcl099.entry_form,,stub
Johnston Elementary School,130111001878,Cherokee County School District,Atlanta,GA,traditional,elementary,,(770)721-8461,,,,,,,,,,,,,https://educationdata.urban.org/api/v1/schools/ccd/directory/2023/?fips=13|https://nces.ed.gov/ccd/|https://app3.doe.k12.ga.us/ows-bin/owa/main_pack_fcl099.entry_form,,stub
Liberty Elementary School,130111002521,Cherokee County School District,Atlanta,GA,traditional,elementary,,(770)704-1300,,,,,,,,,,,,,https://educationdata.urban.org/api/v1/schools/ccd/directory/2023/?fips=13|https://nces.ed.gov/ccd/|https://app3.doe.k12.ga.us/ows-bin/owa/main_pack_fcl099.entry_form,,stub
Little River Elem.,130111003780,Cherokee County School District,Atlanta,GA,traditional,elementary,,(770)721-5940,,,,,,,,,,,,,https://educationdata.urban.org/api/v1/schools/ccd/directory/2023/?fips=13|https://nces.ed.gov/ccd/|https://app3.doe.k12.ga.us/ows-bin/owa/main_pack_fcl099.entry_form,,stub
Macedonia Elementary School,130111000431,Cherokee County School District,Atlanta,GA,traditional,elementary,,(770)704-1372,,,,,,,,,,,,,https://educationdata.urban.org/api/v1/schools/ccd/directory/2023/?fips=13|https://nces.ed.gov/ccd/|https://app3.doe.k12.ga.us/ows-bin/owa/main_pack_fcl099.entry_form,,stub
Mill Creek Middle School,130111003909,Cherokee County School District,Atlanta,GA,traditional,middle,,(770)721-6400,,,,,,,,,,,,,https://educationdata.urban.org/api/v1/schools/ccd/directory/2023/?fips=13|https://nces.ed.gov/ccd/|https://app3.doe.k12.ga.us/ows-bin/owa/main_pack_fcl099.entry_form,,stub
Mountain Road Elementary School,130111002066,Cherokee County School District,Atlanta,GA,traditional,elementary,,(770)721-8520,,,,,,,,,,,,,https://educationdata.urban.org/api/v1/schools/ccd/directory/2023/?fips=13|https://nces.ed.gov/ccd/|https://app3.doe.k12.ga.us/ows-bin/owa/main_pack_fcl099.entry_form,,stub
Oak Grove Elementary School,130111000437,Cherokee County School District,Atlanta,GA,traditional,elementary,,(770)721-8550,,,,,,,,,,,,,https://educationdata.urban.org/api/v1/schools/ccd/directory/2023/?fips=13|https://nces.ed.gov/ccd/|https://app3.doe.k12.ga.us/ows-bin/owa/main_pack_fcl099.entry_form,,stub
R. M. Moore Elementary School,130111002055,Cherokee County School District,Atlanta,GA,traditional,elementary,,(770)704-1212,,,,,,,,,,,,,https://educationdata.urban.org/api/v1/schools/ccd/directory/2023/?fips=13|https://nces.ed.gov/ccd/|https://app3.doe.k12.ga.us/ows-bin/owa/main_pack_fcl099.entry_form,,stub
River Ridge High School,130111004019,Cherokee County School District,Atlanta,GA,traditional,high,https://rrhs.cherokeek12.net/,(770)721-6500,,Justin Sanderson,Principal,Justin.Sanderson@cherokeek12.net,,,,,,,,,https://www.cherokeek12.net/schools|https://rrhs.cherokeek12.net/staff/administration|https://rrhs.cherokeek12.net/staff/staff-list|https://rrhs.cherokeek12.net/,2026-09-07,verified
Sequoyah High School,130111002100,Cherokee County School District,Atlanta,GA,traditional,high,https://shs.cherokeek12.net/,(770)721-3200,,Robert VanAlstyne,Principal,Robert.VanAlstyne@cherokeek12.net,,,,,,,,,https://www.cherokeek12.net/schools|https://shs.cherokeek12.net/facultystaff|https://shs.cherokeek12.net/,2026-09-07,verified
Sixes Elementary School,130111000114,Cherokee County School District,Atlanta,GA,traditional,elementary,,(770)721-5840,,,,,,,,,,,,,https://educationdata.urban.org/api/v1/schools/ccd/directory/2023/?fips=13|https://nces.ed.gov/ccd/|https://app3.doe.k12.ga.us/ows-bin/owa/main_pack_fcl099.entry_form,,stub
Teasley Middle School,130111001971,Cherokee County School District,Atlanta,GA,traditional,middle,,(770)721-5420,,,,,,,,,,,,,https://educationdata.urban.org/api/v1/schools/ccd/directory/2023/?fips=13|https://nces.ed.gov/ccd/|https://app3.doe.k12.ga.us/ows-bin/owa/main_pack_fcl099.entry_form,,stub
William G. Hasty- Sr. Elementary School,130111003526,Cherokee County School District,Atlanta,GA,traditional,elementary,,(770)721-6555,,,,,,,,,,,,,https://educationdata.urban.org/api/v1/schools/ccd/directory/2023/?fips=13|https://nces.ed.gov/ccd/|https://app3.doe.k12.ga.us/ows-bin/owa/main_pack_fcl099.entry_form,,stub
Woodstock Elementary School,130111000434,Cherokee County School District,Atlanta,GA,traditional,elementary,,(770)704-1320,,,,,,,,,,,,,https://educationdata.urban.org/api/v1/schools/ccd/directory/2023/?fips=13|https://nces.ed.gov/ccd/|https://app3.doe.k12.ga.us/ows-bin/owa/main_pack_fcl099.entry_form,,stub
Woodstock High School,130111001428,Cherokee County School District,Atlanta,GA,traditional,high,https://whs.cherokeek12.net/,(770)721-3000,,Charley Ingham,Principal,charley.ingham@cherokeek12.net,,,,,,,,,https://www.cherokeek12.net/schools|https://whs.cherokeek12.net/facultystaff|https://whs.cherokeek12.net/,2026-09-07,verified
Woodstock Middle School,130111001438,Cherokee County School District,Atlanta,GA,traditional,middle,,(770)721-3060,,,,,,,,,,,,,https://educationdata.urban.org/api/v1/schools/ccd/directory/2023/?fips=13|https://nces.ed.gov/ccd/|https://app3.doe.k12.ga.us/ows-bin/owa/main_pack_fcl099.entry_form,,stub
Chickamauga Elementary School,130114000441,Chickamauga City Schools,Chattanooga,GA,traditional,elementary,,(706)382-3100,,,,,,,,,,,,,https://educationdata.urban.org/api/v1/schools/ccd/directory/2023/?fips=13|https://nces.ed.gov/ccd/|https://app3.doe.k12.ga.us/ows-bin/owa/main_pack_fcl099.entry_form,,stub
Gordon Lee High School,130114002457,Chickamauga City Schools,Chattanooga,GA,traditional,high,https://glhs.glschools.org/,(706)382-3100,,Michael Langston,Principal,,(706) 382-3100,Debbie King; Kelyse Roth,,Julie Jones,,,,,https://glhs.glschools.org/student-parent-handbook,2026-09-07,verified
Gordon Lee Middle School,130114002456,Chickamauga City Schools,Chattanooga,GA,traditional,middle,,(706)382-3100,,,,,,,,,,,,,https://educationdata.urban.org/api/v1/schools/ccd/directory/2023/?fips=13|https://nces.ed.gov/ccd/|https://app3.doe.k12.ga.us/ows-bin/owa/main_pack_fcl099.entry_form,,stub
Beacon Hill Middle School,130168000796,City Schools of Decatur,Atlanta,GA,traditional,middle,,(404)370-4440,,,,,,,,,,,,,https://educationdata.urban.org/api/v1/schools/ccd/directory/2023/?fips=13|https://nces.ed.gov/ccd/|https://app3.doe.k12.ga.us/ows-bin/owa/main_pack_fcl099.entry_form,,stub
Clairemont Elementary School,130168000798,City Schools of Decatur,Atlanta,GA,traditional,elementary,,(404)370-4450,,,,,,,,,,,,,https://educationdata.urban.org/api/v1/schools/ccd/directory/2023/?fips=13|https://nces.ed.gov/ccd/|https://app3.doe.k12.ga.us/ows-bin/owa/main_pack_fcl099.entry_form,,stub
Decatur High School,130168000802,City Schools of Decatur,Atlanta,GA,traditional,high,https://dhs.csdecatur.net/,(404)370-4170,,Dr. Duane Sprull,Principal,dsprull@csdecatur.net,(404)370-4170,,,,,,,,"csdecatur.net Our Schools (Dr. Duane Sprull, Principal); dhs.csdecatur.net SLT members page mailto dsprull@csdecatur.net (Principal)",2026-09-07,verified
Fifth Avenue Upper Elementary School,130168000795,City Schools of Decatur,Atlanta,GA,traditional,elementary,,(404)370-4460,,,,,,,,,,,,,https://educationdata.urban.org/api/v1/schools/ccd/directory/2023/?fips=13|https://nces.ed.gov/ccd/|https://app3.doe.k12.ga.us/ows-bin/owa/main_pack_fcl099.entry_form,,stub
Glennwood Elementary School,130168004028,City Schools of Decatur,Atlanta,GA,traditional,elementary,,(404)370-4435,,,,,,,,,,,,,https://educationdata.urban.org/api/v1/schools/ccd/directory/2023/?fips=13|https://nces.ed.gov/ccd/|https://app3.doe.k12.ga.us/ows-bin/owa/main_pack_fcl099.entry_form,,stub
Oakhurst Elementary School,130168002618,City Schools of Decatur,Atlanta,GA,traditional,elementary,,(404)370-4470,,,,,,,,,,,,,https://educationdata.urban.org/api/v1/schools/ccd/directory/2023/?fips=13|https://nces.ed.gov/ccd/|https://app3.doe.k12.ga.us/ows-bin/owa/main_pack_fcl099.entry_form,,stub
Talley Street Upper Elementary School,130168004351,City Schools of Decatur,Atlanta,GA,traditional,elementary,,(404)377-1446,,,,,,,,,,,,,https://educationdata.urban.org/api/v1/schools/ccd/directory/2023/?fips=13|https://nces.ed.gov/ccd/|https://app3.doe.k12.ga.us/ows-bin/owa/main_pack_fcl099.entry_form,,stub
Westchester Elementary School,130168004156,City Schools of Decatur,Atlanta,GA,traditional,elementary,,(404)370-4400,,,,,,,,,,,,,https://educationdata.urban.org/api/v1/schools/ccd/directory/2023/?fips=13|https://nces.ed.gov/ccd/|https://app3.doe.k12.ga.us/ows-bin/owa/main_pack_fcl099.entry_form,,stub
Winnona Park Elementary School,130168000799,City Schools of Decatur,Atlanta,GA,traditional,elementary,,(404)370-4490,,,,,,,,,,,,,https://educationdata.urban.org/api/v1/schools/ccd/directory/2023/?fips=13|https://nces.ed.gov/ccd/|https://app3.doe.k12.ga.us/ows-bin/owa/main_pack_fcl099.entry_form,,stub
Barnett Shoals Elementary School,130117000446,Clarke County Schools,Athens,GA,traditional,elementary,,(706)357-5334,,,,,,,,,,,,,https://educationdata.urban.org/api/v1/schools/ccd/directory/2023/?fips=13|https://nces.ed.gov/ccd/|https://app3.doe.k12.ga.us/ows-bin/owa/main_pack_fcl099.entry_form,,stub
Barrow Elementary School,130117000458,Clarke County Schools,Athens,GA,traditional,elementary,,(706)543-2676,,,,,,,,,,,,,https://educationdata.urban.org/api/v1/schools/ccd/directory/2023/?fips=13|https://nces.ed.gov/ccd/|https://app3.doe.k12.ga.us/ows-bin/owa/main_pack_fcl099.entry_form,,stub
Bettye Henderson Holston Elementary School,130117000452,Clarke County Schools,Athens,GA,traditional,elementary,,(706)548-2261,,,,,,,,,,,,,https://educationdata.urban.org/api/v1/schools/ccd/directory/2023/?fips=13|https://nces.ed.gov/ccd/|https://app3.doe.k12.ga.us/ows-bin/owa/main_pack_fcl099.entry_form,,stub
Burney-Harris-Lyons Middle School,130117000456,Clarke County Schools,Athens,GA,traditional,middle,,(706)548-7208,,,,,,,,,,,,,https://educationdata.urban.org/api/v1/schools/ccd/directory/2023/?fips=13|https://nces.ed.gov/ccd/|https://app3.doe.k12.ga.us/ows-bin/owa/main_pack_fcl099.entry_form,,stub
Cedar Shoals High School,130117000453,Clarke County Schools,Athens,GA,traditional,high,https://www.clarke.k12.ga.us/o/csh,(706)546-5375,,Dr. Makeba Clark,Principal,,,,,,,,,,https://educationdata.urban.org/api/v1/schools/ccd/directory/2023/?fips=13|https://nces.ed.gov/ccd/|https://app3.doe.k12.ga.us/ows-bin/owa/main_pack_fcl099.entry_form|https://www.clarke.k12.ga.us/article/1593648|https://www.clarke.k12.ga.us/article/2919163|https://www.clarke.k12.ga.us/o/csh/article/2919164,2026-09-07,verified
Clarke Central High School,130117000449,Clarke County Schools,Athens,GA,traditional,high,https://www.clarke.k12.ga.us/o/cch,(706)357-5200,,Dr. Swade Huff,Principal,,,,,,,,,,https://educationdata.urban.org/api/v1/schools/ccd/directory/2023/?fips=13|https://nces.ed.gov/ccd/|https://app3.doe.k12.ga.us/ows-bin/owa/main_pack_fcl099.entry_form|https://www.clarke.k12.ga.us/article/2919163|https://www.clarke.k12.ga.us/o/cch/article/2919166,2026-09-07,verified
Clarke Middle School,130117000443,Clarke County Schools,Athens,GA,traditional,middle,,(706)543-6547,,,,,,,,,,,,,https://educationdata.urban.org/api/v1/schools/ccd/directory/2023/?fips=13|https://nces.ed.gov/ccd/|https://app3.doe.k12.ga.us/ows-bin/owa/main_pack_fcl099.entry_form,,stub
Classic City High School,130117002831,Clarke County Schools,Athens,GA,traditional,high,https://www.clarke.k12.ga.us/o/cchs/,(706)353-2323,,Jessie Draper,Director,,,,,,,,,,https://educationdata.urban.org/api/v1/schools/ccd/directory/2023/?fips=13|https://nces.ed.gov/ccd/|https://app3.doe.k12.ga.us/ows-bin/owa/main_pack_fcl099.entry_form|https://www.clarke.k12.ga.us/article/1593637|https://www.clarke.k12.ga.us/article/2919163,2026-09-07,verified
Cleveland Road Elementary School,130117002102,Clarke County Schools,Athens,GA,traditional,elementary,,(706)357-5333,,,,,,,,,,,,,https://educationdata.urban.org/api/v1/schools/ccd/directory/2023/?fips=13|https://nces.ed.gov/ccd/|https://app3.doe.k12.ga.us/ows-bin/owa/main_pack_fcl099.entry_form,,stub
Coile Middle School,130117001106,Clarke County Schools,Athens,GA,traditional,middle,,(706)357-5318,,,,,,,,,,,,,https://educationdata.urban.org/api/v1/schools/ccd/directory/2023/?fips=13|https://nces.ed.gov/ccd/|https://app3.doe.k12.ga.us/ows-bin/owa/main_pack_fcl099.entry_form,,stub
Fowler Drive Elementary School,130117000457,Clarke County Schools,Athens,GA,traditional,elementary,,(706)357-5330,,,,,,,,,,,,,https://educationdata.urban.org/api/v1/schools/ccd/directory/2023/?fips=13|https://nces.ed.gov/ccd/|https://app3.doe.k12.ga.us/ows-bin/owa/main_pack_fcl099.entry_form,,stub
Gaines Elementary School,130117000455,Clarke County Schools,Athens,GA,traditional,elementary,,(706)357-5333,,,,,,,,,,,,,https://educationdata.urban.org/api/v1/schools/ccd/directory/2023/?fips=13|https://nces.ed.gov/ccd/|https://app3.doe.k12.ga.us/ows-bin/owa/main_pack_fcl099.entry_form,,stub
Hilsman Middle School,130117000450,Clarke County Schools,Athens,GA,traditional,middle,,(706)548-7281,,,,,,,,,,,,,https://educationdata.urban.org/api/v1/schools/ccd/directory/2023/?fips=13|https://nces.ed.gov/ccd/|https://app3.doe.k12.ga.us/ows-bin/owa/main_pack_fcl099.entry_form,,stub
Howard B. Stroud Elementary School,130117002103,Clarke County Schools,Athens,GA,traditional,elementary,,(706)369-1893,,,,,,,,,,,,,https://educationdata.urban.org/api/v1/schools/ccd/directory/2023/?fips=13|https://nces.ed.gov/ccd/|https://app3.doe.k12.ga.us/ows-bin/owa/main_pack_fcl099.entry_form,,stub
Johnnie Lay Burks Elementary School,130117000451,Clarke County Schools,Athens,GA,traditional,elementary,,(706)543-1081,,,,,,,,,,,,,https://educationdata.urban.org/api/v1/schools/ccd/directory/2023/?fips=13|https://nces.ed.gov/ccd/|https://app3.doe.k12.ga.us/ows-bin/owa/main_pack_fcl099.entry_form,,stub
Judia Jackson Harris Elementary,130117003905,Clarke County Schools,Athens,GA,traditional,elementary,,(706)357-5203,,,,,,,,,,,,,https://educationdata.urban.org/api/v1/schools/ccd/directory/2023/?fips=13|https://nces.ed.gov/ccd/|https://app3.doe.k12.ga.us/ows-bin/owa/main_pack_fcl099.entry_form,,stub
Oglethorpe Avenue Elementary School,130117000454,Clarke County Schools,Athens,GA,traditional,elementary,,(706)549-0762,,,,,,,,,,,,,https://educationdata.urban.org/api/v1/schools/ccd/directory/2023/?fips=13|https://nces.ed.gov/ccd/|https://app3.doe.k12.ga.us/ows-bin/owa/main_pack_fcl099.entry_form,,stub
Timothy Elementary School,130117000444,Clarke County Schools,Athens,GA,traditional,elementary,,(706)549-0107,,,,,,,,,,,,,https://educationdata.urban.org/api/v1/schools/ccd/directory/2023/?fips=13|https://nces.ed.gov/ccd/|https://app3.doe.k12.ga.us/ows-bin/owa/main_pack_fcl099.entry_form,,stub
Whit Davis Road Elementary School,130117002104,Clarke County Schools,Athens,GA,traditional,elementary,,(706)369-1036,,,,,,,,,,,,,https://educationdata.urban.org/api/v1/schools/ccd/directory/2023/?fips=13|https://nces.ed.gov/ccd/|https://app3.doe.k12.ga.us/ows-bin/owa/main_pack_fcl099.entry_form,,stub
Whitehead Road Elementary School,130117000447,Clarke County Schools,Athens,GA,traditional,elementary,,(706)548-7296,,,,,,,,,,,,,https://educationdata.urban.org/api/v1/schools/ccd/directory/2023/?fips=13|https://nces.ed.gov/ccd/|https://app3.doe.k12.ga.us/ows-bin/owa/main_pack_fcl099.entry_form,,stub
Winterville Elementary School,130117000445,Clarke County Schools,Athens,GA,traditional,elementary,,(706)357-5222,,,,,,,,,,,,,https://educationdata.urban.org/api/v1/schools/ccd/directory/2023/?fips=13|https://nces.ed.gov/ccd/|https://app3.doe.k12.ga.us/ows-bin/owa/main_pack_fcl099.entry_form,,stub
Clay County Elementary,130120002834,Clay County Schools,Rural SW Georgia,GA,traditional,elementary,,(229)768-2234,,,,,,,,,,,,,https://educationdata.urban.org/api/v1/schools/ccd/directory/2023/?fips=13|https://nces.ed.gov/ccd/|https://app3.doe.k12.ga.us/ows-bin/owa/main_pack_fcl099.entry_form,,stub
Clay County Middle School,130120002833,Clay County Schools,Rural SW Georgia,GA,traditional,middle,,(229)768-2234,,,,,,,,,,,,,https://educationdata.urban.org/api/v1/schools/ccd/directory/2023/?fips=13|https://nces.ed.gov/ccd/|https://app3.doe.k12.ga.us/ows-bin/owa/main_pack_fcl099.entry_form,,stub
7 Pillars Career Academy,130123004364,Clayton County Public Schools,Atlanta,GA,traditional,middle,,(770)954-5306,,,,,,,,,,,,,https://educationdata.urban.org/api/v1/schools/ccd/directory/2023/?fips=13|https://nces.ed.gov/ccd/|https://app3.doe.k12.ga.us/ows-bin/owa/main_pack_fcl099.entry_form,,stub
Adamson Middle School,130123000480,Clayton County Public Schools,Atlanta,GA,traditional,middle,,(770)968-2925,,,,,,,,,,,,,https://educationdata.urban.org/api/v1/schools/ccd/directory/2023/?fips=13|https://nces.ed.gov/ccd/|https://app3.doe.k12.ga.us/ows-bin/owa/main_pack_fcl099.entry_form,,stub
Anderson Elementary School,130123000476,Clayton County Public Schools,Atlanta,GA,traditional,elementary,,(404)362-3820,,,,,,,,,,,,,https://educationdata.urban.org/api/v1/schools/ccd/directory/2023/?fips=13|https://nces.ed.gov/ccd/|https://app3.doe.k12.ga.us/ows-bin/owa/main_pack_fcl099.entry_form,,stub
Arnold Elementary School,130123000469,Clayton County Public Schools,Atlanta,GA,traditional,elementary,,(770)473-2800,,,,,,,,,,,,,https://educationdata.urban.org/api/v1/schools/ccd/directory/2023/?fips=13|https://nces.ed.gov/ccd/|https://app3.doe.k12.ga.us/ows-bin/owa/main_pack_fcl099.entry_form,,stub
Babb Middle School,130123000496,Clayton County Public Schools,Atlanta,GA,traditional,middle,,(404)362-3880,,,,,,,,,,,,,https://educationdata.urban.org/api/v1/schools/ccd/directory/2023/?fips=13|https://nces.ed.gov/ccd/|https://app3.doe.k12.ga.us/ows-bin/owa/main_pack_fcl099.entry_form,,stub
Brown Elementary School,130123000462,Clayton County Public Schools,Atlanta,GA,traditional,elementary,,(770)473-2785,,,,,,,,,,,,,https://educationdata.urban.org/api/v1/schools/ccd/directory/2023/?fips=13|https://nces.ed.gov/ccd/|https://app3.doe.k12.ga.us/ows-bin/owa/main_pack_fcl099.entry_form,,stub
Callaway Elementary School,130123002470,Clayton County Public Schools,Atlanta,GA,traditional,elementary,,(678)479-2600,,,,,,,,,,,,,https://educationdata.urban.org/api/v1/schools/ccd/directory/2023/?fips=13|https://nces.ed.gov/ccd/|https://app3.doe.k12.ga.us/ows-bin/owa/main_pack_fcl099.entry_form,,stub
Charles R. Drew High School,130123003855,Clayton County Public Schools,Atlanta,GA,traditional,high,https://315.clayton.k12.ga.us/,(770)473-2700,,Dr. Tangela Benjamin,Principal,tangela.benjamin@clayton.k12.ga.us,,,,,,,,,https://315.clayton.k12.ga.us/staff|https://315.clayton.k12.ga.us/staff/directory,2026-09-07,verified
Church Street Elementary School,130123000490,Clayton County Public Schools,Atlanta,GA,traditional,elementary,,(770)994-4000,,,,,,,,,,,,,https://educationdata.urban.org/api/v1/schools/ccd/directory/2023/?fips=13|https://nces.ed.gov/ccd/|https://app3.doe.k12.ga.us/ows-bin/owa/main_pack_fcl099.entry_form,,stub
East Clayton Elementary School,130123000475,Clayton County Public Schools,Atlanta,GA,traditional,elementary,,(404)362-3885,,,,,,,,,,,,,https://educationdata.urban.org/api/v1/schools/ccd/directory/2023/?fips=13|https://nces.ed.gov/ccd/|https://app3.doe.k12.ga.us/ows-bin/owa/main_pack_fcl099.entry_form,,stub
Eddie White Middle School,130123004022,Clayton County Public Schools,Atlanta,GA,traditional,middle,,(770)472-2441,,,,,,,,,,,,,https://educationdata.urban.org/api/v1/schools/ccd/directory/2023/?fips=13|https://nces.ed.gov/ccd/|https://app3.doe.k12.ga.us/ows-bin/owa/main_pack_fcl099.entry_form,,stub
Edmonds Elementary School,130123000485,Clayton County Public Schools,Atlanta,GA,traditional,elementary,,(404)362-3830,,,,,,,,,,,,,https://educationdata.urban.org/api/v1/schools/ccd/directory/2023/?fips=13|https://nces.ed.gov/ccd/|https://app3.doe.k12.ga.us/ows-bin/owa/main_pack_fcl099.entry_form,,stub
Elite Scholars Academy School,130123003896,Clayton County Public Schools,Atlanta,GA,traditional,high,https://099.clayton.k12.ga.us/,(770)472-2823,,Samuel West,Principal,samuel.west@clayton.k12.ga.us,,,,,,,,,https://099.clayton.k12.ga.us/staff|https://099.clayton.k12.ga.us/staff/administration,2026-09-07,verified
Forest Park High School,130123000474,Clayton County Public Schools,Atlanta,GA,traditional,high,https://001.clayton.k12.ga.us/,(404)362-3890,,Dr. Kim A. Dancy,Principal,kim.dancy@clayton.k12.ga.us,,,,,,,,,https://001.clayton.k12.ga.us/staff|https://001.clayton.k12.ga.us/staff/administration,2026-09-07,verified
Forest Park Middle School,130123000466,Clayton County Public Schools,Atlanta,GA,traditional,middle,,(770)472-2817,,,,,,,,,,,,,https://educationdata.urban.org/api/v1/schools/ccd/directory/2023/?fips=13|https://nces.ed.gov/ccd/|https://app3.doe.k12.ga.us/ows-bin/owa/main_pack_fcl099.entry_form,,stub
Fountain Elementary School,130123000497,Clayton County Public Schools,Atlanta,GA,traditional,elementary,,(404)362-3875,,,,,,,,,,,,,https://educationdata.urban.org/api/v1/schools/ccd/directory/2023/?fips=13|https://nces.ed.gov/ccd/|https://app3.doe.k12.ga.us/ows-bin/owa/main_pack_fcl099.entry_form,,stub
Harper Elementary School,130123002524,Clayton County Public Schools,Atlanta,GA,traditional,elementary,,(678)479-2654,,,,,,,,,,,,,https://educationdata.urban.org/api/v1/schools/ccd/directory/2023/?fips=13|https://nces.ed.gov/ccd/|https://app3.doe.k12.ga.us/ows-bin/owa/main_pack_fcl099.entry_form,,stub
Hawthorne Elementary School,130123002246,Clayton County Public Schools,Atlanta,GA,traditional,elementary,,(770)472-7669,,,,,,,,,,,,,https://educationdata.urban.org/api/v1/schools/ccd/directory/2023/?fips=13|https://nces.ed.gov/ccd/|https://app3.doe.k12.ga.us/ows-bin/owa/main_pack_fcl099.entry_form,,stub
Haynie Elementary School,130123000494,Clayton County Public Schools,Atlanta,GA,traditional,elementary,,(770)968-2905,,,,,,,,,,,,,https://educationdata.urban.org/api/v1/schools/ccd/directory/2023/?fips=13|https://nces.ed.gov/ccd/|https://app3.doe.k12.ga.us/ows-bin/owa/main_pack_fcl099.entry_form,,stub
Huie Elementary School,130123000484,Clayton County Public Schools,Atlanta,GA,traditional,elementary,,(404)362-3825,,,,,,,,,,,,,https://educationdata.urban.org/api/v1/schools/ccd/directory/2023/?fips=13|https://nces.ed.gov/ccd/|https://app3.doe.k12.ga.us/ows-bin/owa/main_pack_fcl099.entry_form,,stub
James Jackson Elementary School,130123002837,Clayton County Public Schools,Atlanta,GA,traditional,elementary,,(678)610-4401,,,,,,,,,,,,,https://educationdata.urban.org/api/v1/schools/ccd/directory/2023/?fips=13|https://nces.ed.gov/ccd/|https://app3.doe.k12.ga.us/ows-bin/owa/main_pack_fcl099.entry_form,,stub
Jonesboro High School,130123000473,Clayton County Public Schools,Atlanta,GA,traditional,high,https://002.clayton.k12.ga.us/,(770)473-2855,,Tenisha Bailey,Principal,tenisha.bailey@clayton.k12.ga.us,,,,,,,,,https://002.clayton.k12.ga.us/staff,2026-09-07,verified
Jonesboro Middle School,130123000465,Clayton County Public Schools,Atlanta,GA,traditional,middle,,(678)610-4331,,,,,,,,,,,,,https://educationdata.urban.org/api/v1/schools/ccd/directory/2023/?fips=13|https://nces.ed.gov/ccd/|https://app3.doe.k12.ga.us/ows-bin/owa/main_pack_fcl099.entry_form,,stub
Kay R Pace Elementary School of the Arts,130123004324,Clayton County Public Schools,Atlanta,GA,traditional,elementary,,(678)479-0101,,,,,,,,,,,,,https://educationdata.urban.org/api/v1/schools/ccd/directory/2023/?fips=13|https://nces.ed.gov/ccd/|https://app3.doe.k12.ga.us/ows-bin/owa/main_pack_fcl099.entry_form,,stub
Kemp Elementary School,130123001925,Clayton County Public Schools,Atlanta,GA,traditional,elementary,,(770)473-2870,,,,,,,,,,,,,https://educationdata.urban.org/api/v1/schools/ccd/directory/2023/?fips=13|https://nces.ed.gov/ccd/|https://app3.doe.k12.ga.us/ows-bin/owa/main_pack_fcl099.entry_form,,stub
Kemp Primary,130123003318,Clayton County Public Schools,Atlanta,GA,traditional,elementary,,(678)610-4300,,,,,,,,,,,,,https://educationdata.urban.org/api/v1/schools/ccd/directory/2023/?fips=13|https://nces.ed.gov/ccd/|https://app3.doe.k12.ga.us/ows-bin/owa/main_pack_fcl099.entry_form,,stub
Kendrick Middle School,130123002057,Clayton County Public Schools,Atlanta,GA,traditional,middle,,(770)472-8400,,,,,,,,,,,,,https://educationdata.urban.org/api/v1/schools/ccd/directory/2023/?fips=13|https://nces.ed.gov/ccd/|https://app3.doe.k12.ga.us/ows-bin/owa/main_pack_fcl099.entry_form,,stub
Kilpatrick Elementary School,130123000464,Clayton County Public Schools,Atlanta,GA,traditional,elementary,,(770)473-2790,,,,,,,,,,,,,https://educationdata.urban.org/api/v1/schools/ccd/directory/2023/?fips=13|https://nces.ed.gov/ccd/|https://app3.doe.k12.ga.us/ows-bin/owa/main_pack_fcl099.entry_form,,stub
Lake City Elementary School,130123000488,Clayton County Public Schools,Atlanta,GA,traditional,elementary,,(404)362-3855,,,,,,,,,,,,,https://educationdata.urban.org/api/v1/schools/ccd/directory/2023/?fips=13|https://nces.ed.gov/ccd/|https://app3.doe.k12.ga.us/ows-bin/owa/main_pack_fcl099.entry_form,,stub
Lake Ridge Elementary School,130123000812,Clayton County Public Schools,Atlanta,GA,traditional,elementary,,(770)907-5170,,,,,,,,,,,,,https://educationdata.urban.org/api/v1/schools/ccd/directory/2023/?fips=13|https://nces.ed.gov/ccd/|https://app3.doe.k12.ga.us/ows-bin/owa/main_pack_fcl099.entry_form,,stub
Lee Street Elementary School,130123000472,Clayton County Public Schools,Atlanta,GA,traditional,elementary,,(770)473-2815,,,,,,,,,,,,,https://educationdata.urban.org/api/v1/schools/ccd/directory/2023/?fips=13|https://nces.ed.gov/ccd/|https://app3.doe.k12.ga.us/ows-bin/owa/main_pack_fcl099.entry_form,,stub
Lovejoy High School,130123002067,Clayton County Public Schools,Atlanta,GA,traditional,high,https://006.clayton.k12.ga.us/,(770)473-2920,,Dr. Kelvin L. Griffin,Principal,,,,,,,,,,https://006.clayton.k12.ga.us/|https://006.clayton.k12.ga.us/about/principals-corner,2026-09-07,verified
M. D. Roberts Middle School,130123002304,Clayton County Public Schools,Atlanta,GA,traditional,middle,,(678)479-0100,,,,,,,,,,,,,https://educationdata.urban.org/api/v1/schools/ccd/directory/2023/?fips=13|https://nces.ed.gov/ccd/|https://app3.doe.k12.ga.us/ows-bin/owa/main_pack_fcl099.entry_form,,stub
Martha Ellen Stilwell School for the Performing Arts,130123004154,Clayton County Public Schools,Atlanta,GA,traditional,high,https://316.clayton.k12.ga.us/,(770)473-2785,,Brenda Ross-Wilson,Principal,brenda.ross-wilson@clayton.k12.ga.us,,,,,,,,,https://316.clayton.k12.ga.us/staff,2026-09-07,verified
Martin Luther King- Jr. Elementary School,130123002836,Clayton County Public Schools,Atlanta,GA,traditional,elementary,,(770)991-4651,,,,,,,,,,,,,https://educationdata.urban.org/api/v1/schools/ccd/directory/2023/?fips=13|https://nces.ed.gov/ccd/|https://app3.doe.k12.ga.us/ows-bin/owa/main_pack_fcl099.entry_form,,stub
Michelle Obama STEM Elementary Academy,130123004309,Clayton County Public Schools,Atlanta,GA,traditional,elementary,,(770)472-2850,,,,,,,,,,,,,https://educationdata.urban.org/api/v1/schools/ccd/directory/2023/?fips=13|https://nces.ed.gov/ccd/|https://app3.doe.k12.ga.us/ows-bin/owa/main_pack_fcl099.entry_form,,stub
Morrow Elementary School,130123000500,Clayton County Public Schools,Atlanta,GA,traditional,elementary,,(770)968-2900,,,,,,,,,,,,,https://educationdata.urban.org/api/v1/schools/ccd/directory/2023/?fips=13|https://nces.ed.gov/ccd/|https://app3.doe.k12.ga.us/ows-bin/owa/main_pack_fcl099.entry_form,,stub
Morrow High School,130123000487,Clayton County Public Schools,Atlanta,GA,traditional,high,https://003.clayton.k12.ga.us/,(770)473-3241,,Lawvigneaud Harrell,Principal,lawvigneaud.harrell@clayton.k12.ga.us,,,,,,,,,https://003.clayton.k12.ga.us/about/administration-team|https://003.clayton.k12.ga.us/about/meet-the-principal,2026-09-07,verified
Morrow Middle School,130123000492,Clayton County Public Schools,Atlanta,GA,traditional,middle,,(770)473-2700,,,,,,,,,,,,,https://educationdata.urban.org/api/v1/schools/ccd/directory/2023/?fips=13|https://nces.ed.gov/ccd/|https://app3.doe.k12.ga.us/ows-bin/owa/main_pack_fcl099.entry_form,,stub
Mount Zion Elementary School,130123000461,Clayton County Public Schools,Atlanta,GA,traditional,elementary,,(770)968-2935,,,,,,,,,,,,,https://educationdata.urban.org/api/v1/schools/ccd/directory/2023/?fips=13|https://nces.ed.gov/ccd/|https://app3.doe.k12.ga.us/ows-bin/owa/main_pack_fcl099.entry_form,,stub
Mount Zion High School,130123002068,Clayton County Public Schools,Atlanta,GA,traditional,high,https://007.clayton.k12.ga.us/,(770)473-2940,,Kimberly Grant,Principal,kimberly.grant@clayton.k12.ga.us,,,,,,,,,https://007.clayton.k12.ga.us/staff,2026-09-07,verified
Mount Zion Primary,130123003752,Clayton County Public Schools,Atlanta,GA,traditional,elementary,,(770)473-2700,,,,,,,,,,,,,https://educationdata.urban.org/api/v1/schools/ccd/directory/2023/?fips=13|https://nces.ed.gov/ccd/|https://app3.doe.k12.ga.us/ows-bin/owa/main_pack_fcl099.entry_form,,stub
Mundy's Mill High School,130123002523,Clayton County Public Schools,Atlanta,GA,traditional,high,https://311.clayton.k12.ga.us/,(678)817-3000,,Dr. Sheadric Barbra,Principal,sheadric.barbra@clayton.k12.ga.us,,,,,,,,,https://311.clayton.k12.ga.us/about/principals-corner|https://311.clayton.k12.ga.us/,2026-09-07,verified
Mundys Mill Middle School,130123000463,Clayton County Public Schools,Atlanta,GA,traditional,middle,,(770)473-2880,,,,,,,,,,,,,https://educationdata.urban.org/api/v1/schools/ccd/directory/2023/?fips=13|https://nces.ed.gov/ccd/|https://app3.doe.k12.ga.us/ows-bin/owa/main_pack_fcl099.entry_form,,stub
North Clayton High School,130123000467,Clayton County Public Schools,Atlanta,GA,traditional,high,https://004.clayton.k12.ga.us/,(770)994-4035,,James Scarborough,Principal,james.scarborough@clayton.k12.ga.us,,,,,,,,,https://004.clayton.k12.ga.us/|https://004.clayton.k12.ga.us/about/principals-corner,2026-09-07,verified
North Clayton Middle School,130123000495,Clayton County Public Schools,Atlanta,GA,traditional,middle,,(770)994-4025,,,,,,,,,,,,,https://educationdata.urban.org/api/v1/schools/ccd/directory/2023/?fips=13|https://nces.ed.gov/ccd/|https://app3.doe.k12.ga.us/ows-bin/owa/main_pack_fcl099.entry_form,,stub
Northcutt Elementary School,130123000471,Clayton County Public Schools,Atlanta,GA,traditional,elementary,,(770)994-4020,,,,,,,,,,,,,https://educationdata.urban.org/api/v1/schools/ccd/directory/2023/?fips=13|https://nces.ed.gov/ccd/|https://app3.doe.k12.ga.us/ows-bin/owa/main_pack_fcl099.entry_form,,stub
Oliver Elementary School,130123000479,Clayton County Public Schools,Atlanta,GA,traditional,elementary,,(770)994-4010,,,,,,,,,,,,,https://educationdata.urban.org/api/v1/schools/ccd/directory/2023/?fips=13|https://nces.ed.gov/ccd/|https://app3.doe.k12.ga.us/ows-bin/owa/main_pack_fcl099.entry_form,,stub
Perry Career Academy - Eula Wilburn Ponds Perry Center for,130123004279,Clayton County Public Schools,Atlanta,GA,traditional,high,https://312.clayton.k12.ga.us/,(770)515-7601,,Dr. Cynthia Smalls,Principal,cynthia.freeman-smalls@clayton.k12.ga.us,,,,,,,,,https://312.clayton.k12.ga.us/staff,2026-09-07,verified
Pointe South Elementary School,130123001861,Clayton County Public Schools,Atlanta,GA,traditional,elementary,,(770)473-2900,,,,,,,,,,,,,https://educationdata.urban.org/api/v1/schools/ccd/directory/2023/?fips=13|https://nces.ed.gov/ccd/|https://app3.doe.k12.ga.us/ows-bin/owa/main_pack_fcl099.entry_form,,stub
Pointe South Middle School,130123000478,Clayton County Public Schools,Atlanta,GA,traditional,middle,,(770)473-2890,,,,,,,,,,,,,https://educationdata.urban.org/api/v1/schools/ccd/directory/2023/?fips=13|https://nces.ed.gov/ccd/|https://app3.doe.k12.ga.us/ows-bin/owa/main_pack_fcl099.entry_form,,stub
Rex Mill Middle School,130123003319,Clayton County Public Schools,Atlanta,GA,traditional,middle,,(770)960-6559,,,,,,,,,,,,,https://educationdata.urban.org/api/v1/schools/ccd/directory/2023/?fips=13|https://nces.ed.gov/ccd/|https://app3.doe.k12.ga.us/ows-bin/owa/main_pack_fcl099.entry_form,,stub
River's Edge Elementary School,130123000811,Clayton County Public Schools,Atlanta,GA,traditional,elementary,,(770)460-2340,,,,,,,,,,,,,https://educationdata.urban.org/api/v1/schools/ccd/directory/2023/?fips=13|https://nces.ed.gov/ccd/|https://app3.doe.k12.ga.us/ows-bin/owa/main_pack_fcl099.entry_form,,stub
Riverdale Elementary School,130123000499,Clayton County Public Schools,Atlanta,GA,traditional,elementary,,(770)994-4015,,,,,,,,,,,,,https://educationdata.urban.org/api/v1/schools/ccd/directory/2023/?fips=13|https://nces.ed.gov/ccd/|https://app3.doe.k12.ga.us/ows-bin/owa/main_pack_fcl099.entry_form,,stub
Riverdale High School,130123000477,Clayton County Public Schools,Atlanta,GA,traditional,high,https://005.clayton.k12.ga.us/,(770)473-2905,,Sharon Wilson,Principal,sharon.wilson@clayton.k12.ga.us,,,,,,,,,https://005.clayton.k12.ga.us/staff,2026-09-07,verified
Riverdale Middle School,130123000491,Clayton County Public Schools,Atlanta,GA,traditional,middle,,(770)994-4045,,,,,,,,,,,,,https://educationdata.urban.org/api/v1/schools/ccd/directory/2023/?fips=13|https://nces.ed.gov/ccd/|https://app3.doe.k12.ga.us/ows-bin/owa/main_pack_fcl099.entry_form,,stub
Roberta T. Smith Elementary School,130123002305,Clayton County Public Schools,Atlanta,GA,traditional,elementary,,(770)960-5750,,,,,,,,,,,,,https://educationdata.urban.org/api/v1/schools/ccd/directory/2023/?fips=13|https://nces.ed.gov/ccd/|https://app3.doe.k12.ga.us/ows-bin/owa/main_pack_fcl099.entry_form,,stub
Sequoyah Middle School,130123003317,Clayton County Public Schools,Atlanta,GA,traditional,middle,,(770)515-7524,,,,,,,,,,,,,https://educationdata.urban.org/api/v1/schools/ccd/directory/2023/?fips=13|https://nces.ed.gov/ccd/|https://app3.doe.k12.ga.us/ows-bin/owa/main_pack_fcl099.entry_form,,stub
Suder Elementary School,130123000486,Clayton County Public Schools,Atlanta,GA,traditional,elementary,,(770)473-2820,,,,,,,,,,,,,https://educationdata.urban.org/api/v1/schools/ccd/directory/2023/?fips=13|https://nces.ed.gov/ccd/|https://app3.doe.k12.ga.us/ows-bin/owa/main_pack_fcl099.entry_form,,stub
Swint Elementary School,130123000481,Clayton County Public Schools,Atlanta,GA,traditional,elementary,,(770)473-2780,,,,,,,,,,,,,https://educationdata.urban.org/api/v1/schools/ccd/directory/2023/?fips=13|https://nces.ed.gov/ccd/|https://app3.doe.k12.ga.us/ows-bin/owa/main_pack_fcl099.entry_form,,stub
Tara Elementary School,130123000470,Clayton County Public Schools,Atlanta,GA,traditional,elementary,,(770)968-2915,,,,,,,,,,,,,https://educationdata.urban.org/api/v1/schools/ccd/directory/2023/?fips=13|https://nces.ed.gov/ccd/|https://app3.doe.k12.ga.us/ows-bin/owa/main_pack_fcl099.entry_form,,stub
Thurgood Marshall Elementary School,130123003316,Clayton County Public Schools,Atlanta,GA,traditional,elementary,,(404)675-8019,,,,,,,,,,,,,https://educationdata.urban.org/api/v1/schools/ccd/directory/2023/?fips=13|https://nces.ed.gov/ccd/|https://app3.doe.k12.ga.us/ows-bin/owa/main_pack_fcl099.entry_form,,stub
Unidos Dual Language School,130123003687,Clayton County Public Schools,Atlanta,GA,traditional,elementary,,(404)361-3494,,,,,,,,,,,,,https://educationdata.urban.org/api/v1/schools/ccd/directory/2023/?fips=13|https://nces.ed.gov/ccd/|https://app3.doe.k12.ga.us/ows-bin/owa/main_pack_fcl099.entry_form,,stub
Utopian Academy for the Arts Elementary School,130123004393,Clayton County Public Schools,Atlanta,GA,traditional,elementary,,(470)446-1070,,,,,,,,,,,,,https://educationdata.urban.org/api/v1/schools/ccd/directory/2023/?fips=13|https://nces.ed.gov/ccd/|https://app3.doe.k12.ga.us/ows-bin/owa/main_pack_fcl099.entry_form,,stub
Utopian Academy for the Arts High School,130123004452,Clayton County Public Schools,Atlanta,GA,traditional,high,https://utopianacademyforthearts.com/uafahighschool/,(470)446-1070,,Khadijah Turner,Principal,,,,,,,,,,https://www.clayton.k12.ga.us/departments/charter-school-petition-guidelines/ccps-charter-schools|https://utopianacademyforthearts.com/uafahighschool/,2026-09-07,verified
West Clayton Elementary School,130123000498,Clayton County Public Schools,Atlanta,GA,traditional,elementary,,(770)994-4005,,,,,,,,,,,,,https://educationdata.urban.org/api/v1/schools/ccd/directory/2023/?fips=13|https://nces.ed.gov/ccd/|https://app3.doe.k12.ga.us/ows-bin/owa/main_pack_fcl099.entry_form,,stub
William M. McGarrah Elementary School,130123000483,Clayton County Public Schools,Atlanta,GA,traditional,elementary,,(770)968-2910,,,,,,,,,,,,,https://educationdata.urban.org/api/v1/schools/ccd/directory/2023/?fips=13|https://nces.ed.gov/ccd/|https://app3.doe.k12.ga.us/ows-bin/owa/main_pack_fcl099.entry_form,,stub
Clinch County Elementary School,130126002362,Clinch County Schools,Rural SE Georgia,GA,traditional,elementary,,(912)487-5385,,,,,,,,,,,,,https://educationdata.urban.org/api/v1/schools/ccd/directory/2023/?fips=13|https://nces.ed.gov/ccd/|https://app3.doe.k12.ga.us/ows-bin/owa/main_pack_fcl099.entry_form,,stub
Clinch County High School,130126000504,Clinch County Schools,Rural SE Georgia,GA,traditional,high,,(912)487-5366,,,,,,,,,,,,,https://educationdata.urban.org/api/v1/schools/ccd/directory/2023/?fips=13|https://nces.ed.gov/ccd/|https://app3.doe.k12.ga.us/ows-bin/owa/main_pack_fcl099.entry_form,,stub
Clinch County Middle School,130126002106,Clinch County Schools,Rural SE Georgia,GA,traditional,middle,,(912)487-5385,,,,,,,,,,,,,https://educationdata.urban.org/api/v1/schools/ccd/directory/2023/?fips=13|https://nces.ed.gov/ccd/|https://app3.doe.k12.ga.us/ows-bin/owa/main_pack_fcl099.entry_form,,stub
Acworth Intermediate School,130129000539,Cobb County School District,Atlanta,GA,traditional,elementary,,(770)975-6600,,,,,,,,,,,,,https://educationdata.urban.org/api/v1/schools/ccd/directory/2023/?fips=13|https://nces.ed.gov/ccd/|https://app3.doe.k12.ga.us/ows-bin/owa/main_pack_fcl099.entry_form,,stub
Addison Elementary School,130129002022,Cobb County School District,Atlanta,GA,traditional,elementary,,(770)578-2700,,,,,,,,,,,,,https://educationdata.urban.org/api/v1/schools/ccd/directory/2023/?fips=13|https://nces.ed.gov/ccd/|https://app3.doe.k12.ga.us/ows-bin/owa/main_pack_fcl099.entry_form,,stub
Allatoona High School,130129003781,Cobb County School District,Atlanta,GA,traditional,high,https://www.cobbk12.org/allatoona/,(770)975-6503,,Dr. Landon Odom,Principal,Landon.Odom@cobbk12.org,,,,,,,,,https://educationdata.urban.org/api/v1/schools/ccd/directory/2023/?fips=13|https://nces.ed.gov/ccd/|https://app3.doe.k12.ga.us/ows-bin/owa/main_pack_fcl099.entry_form|https://www.cobbk12.org/allatoona,2026-09-07,verified
Argyle Elementary School,130129000528,Cobb County School District,Atlanta,GA,traditional,elementary,,(678)842-6800,,,,,,,,,,,,,https://educationdata.urban.org/api/v1/schools/ccd/directory/2023/?fips=13|https://nces.ed.gov/ccd/|https://app3.doe.k12.ga.us/ows-bin/owa/main_pack_fcl099.entry_form,,stub
Austell Elementary School,130129003529,Cobb County School District,Atlanta,GA,traditional,elementary,,(770)819-5804,,,,,,,,,,,,,https://educationdata.urban.org/api/v1/schools/ccd/directory/2023/?fips=13|https://nces.ed.gov/ccd/|https://app3.doe.k12.ga.us/ows-bin/owa/main_pack_fcl099.entry_form,,stub
Awtrey Middle School,130129000566,Cobb County School District,Atlanta,GA,traditional,middle,,(770)975-6615,,,,,,,,,,,,,https://educationdata.urban.org/api/v1/schools/ccd/directory/2023/?fips=13|https://nces.ed.gov/ccd/|https://app3.doe.k12.ga.us/ows-bin/owa/main_pack_fcl099.entry_form,,stub
Baker Elementary School,130129002021,Cobb County School District,Atlanta,GA,traditional,elementary,,(770)975-6629,,,,,,,,,,,,,https://educationdata.urban.org/api/v1/schools/ccd/directory/2023/?fips=13|https://nces.ed.gov/ccd/|https://app3.doe.k12.ga.us/ows-bin/owa/main_pack_fcl099.entry_form,,stub
Barber Middle School,130129003531,Cobb County School District,Atlanta,GA,traditional,middle,,(770)975-6764,,,,,,,,,,,,,https://educationdata.urban.org/api/v1/schools/ccd/directory/2023/?fips=13|https://nces.ed.gov/ccd/|https://app3.doe.k12.ga.us/ows-bin/owa/main_pack_fcl099.entry_form,,stub
Bells Ferry Elementary School,130129000556,Cobb County School District,Atlanta,GA,traditional,elementary,,(678)594-8950,,,,,,,,,,,,,https://educationdata.urban.org/api/v1/schools/ccd/directory/2023/?fips=13|https://nces.ed.gov/ccd/|https://app3.doe.k12.ga.us/ows-bin/owa/main_pack_fcl099.entry_form,,stub
Belmont Hills Elementary School,130129000538,Cobb County School District,Atlanta,GA,traditional,elementary,,(678)842-6810,,,,,,,,,,,,,https://educationdata.urban.org/api/v1/schools/ccd/directory/2023/?fips=13|https://nces.ed.gov/ccd/|https://app3.doe.k12.ga.us/ows-bin/owa/main_pack_fcl099.entry_form,,stub
Betty Gray Middle School,130129003795,Cobb County School District,Atlanta,GA,traditional,middle,,(770)819-2414,,,,,,,,,,,,,https://educationdata.urban.org/api/v1/schools/ccd/directory/2023/?fips=13|https://nces.ed.gov/ccd/|https://app3.doe.k12.ga.us/ows-bin/owa/main_pack_fcl099.entry_form,,stub
Big Shanty Elementary School,130129000527,Cobb County School District,Atlanta,GA,traditional,elementary,,(678)594-8023,,,,,,,,,,,,,https://educationdata.urban.org/api/v1/schools/ccd/directory/2023/?fips=13|https://nces.ed.gov/ccd/|https://app3.doe.k12.ga.us/ows-bin/owa/main_pack_fcl099.entry_form,,stub
Birney Elementary School,130129000514,Cobb County School District,Atlanta,GA,traditional,elementary,,(678)842-6824,,,,,,,,,,,,,https://educationdata.urban.org/api/v1/schools/ccd/directory/2023/?fips=13|https://nces.ed.gov/ccd/|https://app3.doe.k12.ga.us/ows-bin/owa/main_pack_fcl099.entry_form,,stub
Blackwell Elementary School,130129002249,Cobb County School District,Atlanta,GA,traditional,elementary,,(678)494-7600,,,,,,,,,,,,,https://educationdata.urban.org/api/v1/schools/ccd/directory/2023/?fips=13|https://nces.ed.gov/ccd/|https://app3.doe.k12.ga.us/ows-bin/owa/main_pack_fcl099.entry_form,,stub
Brumby Elementary School,130129000555,Cobb County School District,Atlanta,GA,traditional,elementary,,(770)916-7070,,,,,,,,,,,,,https://educationdata.urban.org/api/v1/schools/ccd/directory/2023/?fips=13|https://nces.ed.gov/ccd/|https://app3.doe.k12.ga.us/ows-bin/owa/main_pack_fcl099.entry_form,,stub
Bryant Elementary School,130129002158,Cobb County School District,Atlanta,GA,traditional,elementary,,(770)819-2402,,,,,,,,,,,,,https://educationdata.urban.org/api/v1/schools/ccd/directory/2023/?fips=13|https://nces.ed.gov/ccd/|https://app3.doe.k12.ga.us/ows-bin/owa/main_pack_fcl099.entry_form,,stub
Bullard Elementary School,130129002840,Cobb County School District,Atlanta,GA,traditional,elementary,,(678)594-8720,,,,,,,,,,,,,https://educationdata.urban.org/api/v1/schools/ccd/directory/2023/?fips=13|https://nces.ed.gov/ccd/|https://app3.doe.k12.ga.us/ows-bin/owa/main_pack_fcl099.entry_form,,stub
Campbell High School,130129000537,Cobb County School District,Atlanta,GA,traditional,high,https://www.cobbk12.org/campbellhs/,(678)842-6850,,Paul Gillihan,Principal,Paul.Gillihan@cobbk12.org,,,,,,,,,https://educationdata.urban.org/api/v1/schools/ccd/directory/2023/?fips=13|https://nces.ed.gov/ccd/|https://app3.doe.k12.ga.us/ows-bin/owa/main_pack_fcl099.entry_form|https://www.cobbk12.org/campbellhs,2026-09-07,verified
Campbell Middle School,130129002070,Cobb County School District,Atlanta,GA,traditional,middle,,(678)842-6873,,,,,,,,,,,,,https://educationdata.urban.org/api/v1/schools/ccd/directory/2023/?fips=13|https://nces.ed.gov/ccd/|https://app3.doe.k12.ga.us/ows-bin/owa/main_pack_fcl099.entry_form,,stub
Chalker Elementary School,130129002058,Cobb County School District,Atlanta,GA,traditional,elementary,,(678)494-7621,,,,,,,,,,,,,https://educationdata.urban.org/api/v1/schools/ccd/directory/2023/?fips=13|https://nces.ed.gov/ccd/|https://app3.doe.k12.ga.us/ows-bin/owa/main_pack_fcl099.entry_form,,stub
Cheatham Hill Elementary School,130129002138,Cobb County School District,Atlanta,GA,traditional,elementary,,(678)594-8034,,,,,,,,,,,,,https://educationdata.urban.org/api/v1/schools/ccd/directory/2023/?fips=13|https://nces.ed.gov/ccd/|https://app3.doe.k12.ga.us/ows-bin/owa/main_pack_fcl099.entry_form,,stub
City View Elementary School,130129000520,Cobb County School District,Atlanta,GA,traditional,elementary,,(770)819-2553,,,,,,,,,,,,,https://educationdata.urban.org/api/v1/schools/ccd/directory/2023/?fips=13|https://nces.ed.gov/ccd/|https://app3.doe.k12.ga.us/ows-bin/owa/main_pack_fcl099.entry_form,,stub
Clarkdale Elementary School,130129000526,Cobb County School District,Atlanta,GA,traditional,elementary,,(770)819-2422,,,,,,,,,,,,,https://educationdata.urban.org/api/v1/schools/ccd/directory/2023/?fips=13|https://nces.ed.gov/ccd/|https://app3.doe.k12.ga.us/ows-bin/owa/main_pack_fcl099.entry_form,,stub
Clay-Harmony Leland Elementary School,130129000572,Cobb County School District,Atlanta,GA,traditional,elementary,,(770)819-0736,,,,,,,,,,,,,https://educationdata.urban.org/api/v1/schools/ccd/directory/2023/?fips=13|https://nces.ed.gov/ccd/|https://app3.doe.k12.ga.us/ows-bin/owa/main_pack_fcl099.entry_form,,stub
Cobb Horizon High School,130129004303,Cobb County School District,Atlanta,GA,traditional,high,https://www.cobbk12.org/cobbhorizon/,(678)594-8240,,Dr. Andrea Jenkins-Mann,Principal,Andrea.Jenkins-Mann@cobbk12.org,,,,,,,,,https://educationdata.urban.org/api/v1/schools/ccd/directory/2023/?fips=13|https://nces.ed.gov/ccd/|https://app3.doe.k12.ga.us/ows-bin/owa/main_pack_fcl099.entry_form|https://www.cobbk12.org/cobbhorizon/|https://www.cobbk12.org/cobbhorizon/administration|https://www.cobbk12.org/cobbhorizon/hours-contact-information,2026-09-07,verified
Compton Elementary School,130129000567,Cobb County School District,Atlanta,GA,traditional,elementary,,(770)222-3700,,,,,,,,,,,,,https://educationdata.urban.org/api/v1/schools/ccd/directory/2023/?fips=13|https://nces.ed.gov/ccd/|https://app3.doe.k12.ga.us/ows-bin/owa/main_pack_fcl099.entry_form,,stub
Cooper Middle School,130129002475,Cobb County School District,Atlanta,GA,traditional,middle,,(770)819-2438,,,,,,,,,,,,,https://educationdata.urban.org/api/v1/schools/ccd/directory/2023/?fips=13|https://nces.ed.gov/ccd/|https://app3.doe.k12.ga.us/ows-bin/owa/main_pack_fcl099.entry_form,,stub
Daniell Middle School,130129000564,Cobb County School District,Atlanta,GA,traditional,middle,,(678)594-8048,,,,,,,,,,,,,https://educationdata.urban.org/api/v1/schools/ccd/directory/2023/?fips=13|https://nces.ed.gov/ccd/|https://app3.doe.k12.ga.us/ows-bin/owa/main_pack_fcl099.entry_form,,stub
Davis Elementary School,130129001995,Cobb County School District,Atlanta,GA,traditional,elementary,,(678)494-7636,,,,,,,,,,,,,https://educationdata.urban.org/api/v1/schools/ccd/directory/2023/?fips=13|https://nces.ed.gov/ccd/|https://app3.doe.k12.ga.us/ows-bin/owa/main_pack_fcl099.entry_form,,stub
Devereux Ackerman Academy,130129003679,Cobb County School District,Atlanta,GA,traditional,other,,(770)427-0147,,,,,,,,,,,,,https://educationdata.urban.org/api/v1/schools/ccd/directory/2023/?fips=13|https://nces.ed.gov/ccd/|https://app3.doe.k12.ga.us/ows-bin/owa/main_pack_fcl099.entry_form,,stub
Dickerson Middle School,130129001880,Cobb County School District,Atlanta,GA,traditional,middle,,(770)578-2710,,,,,,,,,,,,,https://educationdata.urban.org/api/v1/schools/ccd/directory/2023/?fips=13|https://nces.ed.gov/ccd/|https://app3.doe.k12.ga.us/ows-bin/owa/main_pack_fcl099.entry_form,,stub
Dodgen Middle School,130129000508,Cobb County School District,Atlanta,GA,traditional,middle,,(770)578-2726,,,,,,,,,,,,,https://educationdata.urban.org/api/v1/schools/ccd/directory/2023/?fips=13|https://nces.ed.gov/ccd/|https://app3.doe.k12.ga.us/ows-bin/owa/main_pack_fcl099.entry_form,,stub
Dowell Elementary School,130129002069,Cobb County School District,Atlanta,GA,traditional,elementary,,(678)594-8059,,,,,,,,,,,,,https://educationdata.urban.org/api/v1/schools/ccd/directory/2023/?fips=13|https://nces.ed.gov/ccd/|https://app3.doe.k12.ga.us/ows-bin/owa/main_pack_fcl099.entry_form,,stub
Due West Elementary School,130129000554,Cobb County School District,Atlanta,GA,traditional,elementary,,(678)594-8071,,,,,,,,,,,,,https://educationdata.urban.org/api/v1/schools/ccd/directory/2023/?fips=13|https://nces.ed.gov/ccd/|https://app3.doe.k12.ga.us/ows-bin/owa/main_pack_fcl099.entry_form,,stub
Durham Middle School,130129002248,Cobb County School District,Atlanta,GA,traditional,middle,,(770)975-6641,,,,,,,,,,,,,https://educationdata.urban.org/api/v1/schools/ccd/directory/2023/?fips=13|https://nces.ed.gov/ccd/|https://app3.doe.k12.ga.us/ows-bin/owa/main_pack_fcl099.entry_form,,stub
East Cobb Middle School,130129000536,Cobb County School District,Atlanta,GA,traditional,middle,,(770)578-2740,,,,,,,,,,,,,https://educationdata.urban.org/api/v1/schools/ccd/directory/2023/?fips=13|https://nces.ed.gov/ccd/|https://app3.doe.k12.ga.us/ows-bin/owa/main_pack_fcl099.entry_form,,stub
East Side Elementary School,130129000535,Cobb County School District,Atlanta,GA,traditional,elementary,,(770)578-7200,,,,,,,,,,,,,https://educationdata.urban.org/api/v1/schools/ccd/directory/2023/?fips=13|https://nces.ed.gov/ccd/|https://app3.doe.k12.ga.us/ows-bin/owa/main_pack_fcl099.entry_form,,stub
Eastvalley Elementary School,130129000547,Cobb County School District,Atlanta,GA,traditional,elementary,,(770)578-7214,,,,,,,,,,,,,https://educationdata.urban.org/api/v1/schools/ccd/directory/2023/?fips=13|https://nces.ed.gov/ccd/|https://app3.doe.k12.ga.us/ows-bin/owa/main_pack_fcl099.entry_form,,stub
Fair Oaks Elementary School,130129000573,Cobb County School District,Atlanta,GA,traditional,elementary,,(678)594-8080,,,,,,,,,,,,,https://educationdata.urban.org/api/v1/schools/ccd/directory/2023/?fips=13|https://nces.ed.gov/ccd/|https://app3.doe.k12.ga.us/ows-bin/owa/main_pack_fcl099.entry_form,,stub
Floyd Middle School,130129000553,Cobb County School District,Atlanta,GA,traditional,middle,,(770)819-2453,,,,,,,,,,,,,https://educationdata.urban.org/api/v1/schools/ccd/directory/2023/?fips=13|https://nces.ed.gov/ccd/|https://app3.doe.k12.ga.us/ows-bin/owa/main_pack_fcl099.entry_form,,stub
Ford Elementary School,130129002154,Cobb County School District,Atlanta,GA,traditional,elementary,,(678)594-8092,,,,,,,,,,,,,https://educationdata.urban.org/api/v1/schools/ccd/directory/2023/?fips=13|https://nces.ed.gov/ccd/|https://app3.doe.k12.ga.us/ows-bin/owa/main_pack_fcl099.entry_form,,stub
Frey Elementary School,130129001490,Cobb County School District,Atlanta,GA,traditional,elementary,,(770)975-6655,,,,,,,,,,,,,https://educationdata.urban.org/api/v1/schools/ccd/directory/2023/?fips=13|https://nces.ed.gov/ccd/|https://app3.doe.k12.ga.us/ows-bin/owa/main_pack_fcl099.entry_form,,stub
Garrett Middle School,130129000534,Cobb County School District,Atlanta,GA,traditional,middle,,(770)819-2466,,,,,,,,,,,,,https://educationdata.urban.org/api/v1/schools/ccd/directory/2023/?fips=13|https://nces.ed.gov/ccd/|https://app3.doe.k12.ga.us/ows-bin/owa/main_pack_fcl099.entry_form,,stub
Garrison Mill Elementary School,130129001935,Cobb County School District,Atlanta,GA,traditional,elementary,,(770)642-5600,,,,,,,,,,,,,https://educationdata.urban.org/api/v1/schools/ccd/directory/2023/?fips=13|https://nces.ed.gov/ccd/|https://app3.doe.k12.ga.us/ows-bin/owa/main_pack_fcl099.entry_form,,stub
Green Acres Elementary School,130129001491,Cobb County School District,Atlanta,GA,traditional,elementary,,(678)842-6905,,,,,,,,,,,,,https://educationdata.urban.org/api/v1/schools/ccd/directory/2023/?fips=13|https://nces.ed.gov/ccd/|https://app3.doe.k12.ga.us/ows-bin/owa/main_pack_fcl099.entry_form,,stub
Griffin Middle School,130129000518,Cobb County School District,Atlanta,GA,traditional,middle,,(678)842-6917,,,,,,,,,,,,,https://educationdata.urban.org/api/v1/schools/ccd/directory/2023/?fips=13|https://nces.ed.gov/ccd/|https://app3.doe.k12.ga.us/ows-bin/owa/main_pack_fcl099.entry_form,,stub
Harrison High School,130129002153,Cobb County School District,Atlanta,GA,traditional,high,https://www.cobbk12.org/harrison/,(678)594-8104,,Dr. Jeff Milton,Principal,Jeff.Milton@cobbk12.org,,,,,,,,,https://educationdata.urban.org/api/v1/schools/ccd/directory/2023/?fips=13|https://nces.ed.gov/ccd/|https://app3.doe.k12.ga.us/ows-bin/owa/main_pack_fcl099.entry_form|https://www.cobbk12.org/harrison,2026-09-07,verified
Hayes Elementary School,130129000240,Cobb County School District,Atlanta,GA,traditional,elementary,,(678)594-8127,,,,,,,,,,,,,https://educationdata.urban.org/api/v1/schools/ccd/directory/2023/?fips=13|https://nces.ed.gov/ccd/|https://app3.doe.k12.ga.us/ows-bin/owa/main_pack_fcl099.entry_form,,stub
Hendricks Elementary School,130129000517,Cobb County School District,Atlanta,GA,traditional,elementary,,(770)819-2387,,,,,,,,,,,,,https://educationdata.urban.org/api/v1/schools/ccd/directory/2023/?fips=13|https://nces.ed.gov/ccd/|https://app3.doe.k12.ga.us/ows-bin/owa/main_pack_fcl099.entry_form,,stub
Hightower Trail Middle School,130129000244,Cobb County School District,Atlanta,GA,traditional,middle,,(770)578-7225,,,,,,,,,,,,,https://educationdata.urban.org/api/v1/schools/ccd/directory/2023/?fips=13|https://nces.ed.gov/ccd/|https://app3.doe.k12.ga.us/ows-bin/owa/main_pack_fcl099.entry_form,,stub
Hillgrove High School,130129003649,Cobb County School District,Atlanta,GA,traditional,high,https://www.cobbk12.org/hillgrove/,(678)331-3961,hillgrove@cobbk12.org,Angela Stewart,Principal,angela.stewart@cobbk12.org,,,,,,,,,https://educationdata.urban.org/api/v1/schools/ccd/directory/2023/?fips=13|https://nces.ed.gov/ccd/|https://app3.doe.k12.ga.us/ows-bin/owa/main_pack_fcl099.entry_form|https://www.cobbk12.org/hillgrove,2026-09-07,verified
Hollydale Elementary School,130129000557,Cobb County School District,Atlanta,GA,traditional,elementary,,(678)594-8143,,,,,,,,,,,,,https://educationdata.urban.org/api/v1/schools/ccd/directory/2023/?fips=13|https://nces.ed.gov/ccd/|https://app3.doe.k12.ga.us/ows-bin/owa/main_pack_fcl099.entry_form,,stub
Keheley Elementary School,130129001972,Cobb County School District,Atlanta,GA,traditional,elementary,,(678)494-7836,,,,,,,,,,,,,https://educationdata.urban.org/api/v1/schools/ccd/directory/2023/?fips=13|https://nces.ed.gov/ccd/|https://app3.doe.k12.ga.us/ows-bin/owa/main_pack_fcl099.entry_form,,stub
Kell High School,130129002526,Cobb County School District,Atlanta,GA,traditional,high,https://www.cobbk12.org/kell/,(678)494-7844,,Dr. Peter Giles,Principal,Peter.Giles@cobbk12.org,,,,,,,,,https://educationdata.urban.org/api/v1/schools/ccd/directory/2023/?fips=13|https://nces.ed.gov/ccd/|https://app3.doe.k12.ga.us/ows-bin/owa/main_pack_fcl099.entry_form|https://www.cobbk12.org/kell,2026-09-07,verified
Kemp Elementary School,130129002527,Cobb County School District,Atlanta,GA,traditional,elementary,,(678)594-8158,,,,,,,,,,,,,https://educationdata.urban.org/api/v1/schools/ccd/directory/2023/?fips=13|https://nces.ed.gov/ccd/|https://app3.doe.k12.ga.us/ows-bin/owa/main_pack_fcl099.entry_form,,stub
Kennesaw Elementary School,130129000552,Cobb County School District,Atlanta,GA,traditional,elementary,,(678)594-8172,,,,,,,,,,,,,https://educationdata.urban.org/api/v1/schools/ccd/directory/2023/?fips=13|https://nces.ed.gov/ccd/|https://app3.doe.k12.ga.us/ows-bin/owa/main_pack_fcl099.entry_form,,stub
Kennesaw Mountain High School,130129002365,Cobb County School District,Atlanta,GA,traditional,high,https://www.cobbk12.org/kennesawmountain/,(678)594-8190,,Nathan Stark,Principal,nathan.stark@cobbk12.org,,,,,,,,,https://educationdata.urban.org/api/v1/schools/ccd/directory/2023/?fips=13|https://nces.ed.gov/ccd/|https://app3.doe.k12.ga.us/ows-bin/owa/main_pack_fcl099.entry_form|https://www.cobbk12.org/kennesawmountain/|https://www.cobbk12.org/kennesawmountain/administration,2026-09-07,verified
Kincaid Elementary School,130129000509,Cobb County School District,Atlanta,GA,traditional,elementary,,(770)578-7238,,,,,,,,,,,,,https://educationdata.urban.org/api/v1/schools/ccd/directory/2023/?fips=13|https://nces.ed.gov/ccd/|https://app3.doe.k12.ga.us/ows-bin/owa/main_pack_fcl099.entry_form,,stub
King Springs Elementary School,130129000523,Cobb County School District,Atlanta,GA,traditional,elementary,,(678)842-6944,,,,,,,,,,,,,https://educationdata.urban.org/api/v1/schools/ccd/directory/2023/?fips=13|https://nces.ed.gov/ccd/|https://app3.doe.k12.ga.us/ows-bin/owa/main_pack_fcl099.entry_form,,stub
LaBelle Elementary School,130129000571,Cobb County School District,Atlanta,GA,traditional,elementary,,(678)842-6955,,,,,,,,,,,,,https://educationdata.urban.org/api/v1/schools/ccd/directory/2023/?fips=13|https://nces.ed.gov/ccd/|https://app3.doe.k12.ga.us/ows-bin/owa/main_pack_fcl099.entry_form,,stub
Lassiter High School,130129001881,Cobb County School District,Atlanta,GA,traditional,high,https://www.cobbk12.org/lassiter/,(678)494-7863,lassiter@cobbk12.org,Dr. Chris Richie,Principal,Chris.Richie@cobbk12.org,,,,,,,,,https://educationdata.urban.org/api/v1/schools/ccd/directory/2023/?fips=13|https://nces.ed.gov/ccd/|https://app3.doe.k12.ga.us/ows-bin/owa/main_pack_fcl099.entry_form|https://www.cobbk12.org/lassiter,2026-09-07,verified
Lewis Elementary School,130129001973,Cobb County School District,Atlanta,GA,traditional,elementary,,(770)975-6673,,,,,,,,,,,,,https://educationdata.urban.org/api/v1/schools/ccd/directory/2023/?fips=13|https://nces.ed.gov/ccd/|https://app3.doe.k12.ga.us/ows-bin/owa/main_pack_fcl099.entry_form,,stub
Lindley Middle School,130129000561,Cobb County School District,Atlanta,GA,traditional,middle,,(770)819-2496,,,,,,,,,,,,,https://educationdata.urban.org/api/v1/schools/ccd/directory/2023/?fips=13|https://nces.ed.gov/ccd/|https://app3.doe.k12.ga.us/ows-bin/owa/main_pack_fcl099.entry_form,,stub
Lost Mountain Middle School,130129002250,Cobb County School District,Atlanta,GA,traditional,middle,,(678)594-8224,,,,,,,,,,,,,https://educationdata.urban.org/api/v1/schools/ccd/directory/2023/?fips=13|https://nces.ed.gov/ccd/|https://app3.doe.k12.ga.us/ows-bin/owa/main_pack_fcl099.entry_form,,stub
Lovinggood Middle School,130129003622,Cobb County School District,Atlanta,GA,traditional,middle,,(678)331-3015,,,,,,,,,,,,,https://educationdata.urban.org/api/v1/schools/ccd/directory/2023/?fips=13|https://nces.ed.gov/ccd/|https://app3.doe.k12.ga.us/ows-bin/owa/main_pack_fcl099.entry_form,,stub
Mableton Elementary School,130129000551,Cobb County School District,Atlanta,GA,traditional,elementary,,(770)819-2513,,,,,,,,,,,,,https://educationdata.urban.org/api/v1/schools/ccd/directory/2023/?fips=13|https://nces.ed.gov/ccd/|https://app3.doe.k12.ga.us/ows-bin/owa/main_pack_fcl099.entry_form,,stub
Mabry Middle School,130129000512,Cobb County School District,Atlanta,GA,traditional,middle,,(770)928-5546,,,,,,,,,,,,,https://educationdata.urban.org/api/v1/schools/ccd/directory/2023/?fips=13|https://nces.ed.gov/ccd/|https://app3.doe.k12.ga.us/ows-bin/owa/main_pack_fcl099.entry_form,,stub
McCall Primary School,130129003528,Cobb County School District,Atlanta,GA,traditional,elementary,,(770)975-6775,,,,,,,,,,,,,https://educationdata.urban.org/api/v1/schools/ccd/directory/2023/?fips=13|https://nces.ed.gov/ccd/|https://app3.doe.k12.ga.us/ows-bin/owa/main_pack_fcl099.entry_form,,stub
McCleskey Middle School,130129001926,Cobb County School District,Atlanta,GA,traditional,middle,,(770)928-5560,,,,,,,,,,,,,https://educationdata.urban.org/api/v1/schools/ccd/directory/2023/?fips=13|https://nces.ed.gov/ccd/|https://app3.doe.k12.ga.us/ows-bin/owa/main_pack_fcl099.entry_form,,stub
McClure Middle School,130129003632,Cobb County School District,Atlanta,GA,traditional,middle,,(678)331-8131,,,,,,,,,,,,,https://educationdata.urban.org/api/v1/schools/ccd/directory/2023/?fips=13|https://nces.ed.gov/ccd/|https://app3.doe.k12.ga.us/ows-bin/owa/main_pack_fcl099.entry_form,,stub
McEachern High School,130129000533,Cobb County School District,Atlanta,GA,traditional,high,https://www.cobbk12.org/mceachern/,(770)222-3710,mceachern@cobbk12.org,Krystal Wattley,Principal,Krystal.Wattley@cobbk12.org,,,,,,,,,https://educationdata.urban.org/api/v1/schools/ccd/directory/2023/?fips=13|https://nces.ed.gov/ccd/|https://app3.doe.k12.ga.us/ows-bin/owa/main_pack_fcl099.entry_form|https://www.cobbk12.org/mceachern,2026-09-07,verified
Milford Elementary School,130129001974,Cobb County School District,Atlanta,GA,traditional,elementary,,(678)842-6966,,,,,,,,,,,,,https://educationdata.urban.org/api/v1/schools/ccd/directory/2023/?fips=13|https://nces.ed.gov/ccd/|https://app3.doe.k12.ga.us/ows-bin/owa/main_pack_fcl099.entry_form,,stub
Mount Bethel Elementary School,130129000507,Cobb County School District,Atlanta,GA,traditional,elementary,,(770)578-7248,,,,,,,,,,,,,https://educationdata.urban.org/api/v1/schools/ccd/directory/2023/?fips=13|https://nces.ed.gov/ccd/|https://app3.doe.k12.ga.us/ows-bin/owa/main_pack_fcl099.entry_form,,stub
Mountain View Elementary School,130129000560,Cobb County School District,Atlanta,GA,traditional,elementary,,(770)578-7265,,,,,,,,,,,,,https://educationdata.urban.org/api/v1/schools/ccd/directory/2023/?fips=13|https://nces.ed.gov/ccd/|https://app3.doe.k12.ga.us/ows-bin/owa/main_pack_fcl099.entry_form,,stub
Murdock Elementary School,130129000544,Cobb County School District,Atlanta,GA,traditional,elementary,,(770)509-5071,,,,,,,,,,,,,https://educationdata.urban.org/api/v1/schools/ccd/directory/2023/?fips=13|https://nces.ed.gov/ccd/|https://app3.doe.k12.ga.us/ows-bin/owa/main_pack_fcl099.entry_form,,stub
Nicholson Elementary School,130129002109,Cobb County School District,Atlanta,GA,traditional,elementary,,(770)928-5573,,,,,,,,,,,,,https://educationdata.urban.org/api/v1/schools/ccd/directory/2023/?fips=13|https://nces.ed.gov/ccd/|https://app3.doe.k12.ga.us/ows-bin/owa/main_pack_fcl099.entry_form,,stub
Nickajack Elementary School,130129002247,Cobb County School District,Atlanta,GA,traditional,elementary,,(678)842-5814,,,,,,,,,,,,,https://educationdata.urban.org/api/v1/schools/ccd/directory/2023/?fips=13|https://nces.ed.gov/ccd/|https://app3.doe.k12.ga.us/ows-bin/owa/main_pack_fcl099.entry_form,,stub
North Cobb High School,130129000525,Cobb County School District,Atlanta,GA,traditional,high,https://www.cobbk12.org/northcobb/,(770)975-6685,,Dr. David Bell,Principal,David.Bell@cobbk12.org,,,,,,,,,https://educationdata.urban.org/api/v1/schools/ccd/directory/2023/?fips=13|https://nces.ed.gov/ccd/|https://app3.doe.k12.ga.us/ows-bin/owa/main_pack_fcl099.entry_form|https://www.cobbk12.org/northcobb,2026-09-07,verified
Norton Park Elementary School,130129000532,Cobb County School District,Atlanta,GA,traditional,elementary,,(678)842-5833,,,,,,,,,,,,,https://educationdata.urban.org/api/v1/schools/ccd/directory/2023/?fips=13|https://nces.ed.gov/ccd/|https://app3.doe.k12.ga.us/ows-bin/owa/main_pack_fcl099.entry_form,,stub
Osborne High School,130129000521,Cobb County School District,Atlanta,GA,traditional,high,https://www.cobbk12.org/osborne/,(770)437-5900,,Dr. Troy Jones,Principal,troy.jones@cobbk12.org,,,,,,,,,https://educationdata.urban.org/api/v1/schools/ccd/directory/2023/?fips=13|https://nces.ed.gov/ccd/|https://app3.doe.k12.ga.us/ows-bin/owa/main_pack_fcl099.entry_form|https://www.cobbk12.org/osborne/|https://www.cobbk12.org/osborne/administration,2026-09-07,verified
Palmer Middle School,130129002476,Cobb County School District,Atlanta,GA,traditional,middle,,(770)591-5020,,,,,,,,,,,,,https://educationdata.urban.org/api/v1/schools/ccd/directory/2023/?fips=13|https://nces.ed.gov/ccd/|https://app3.doe.k12.ga.us/ows-bin/owa/main_pack_fcl099.entry_form,,stub
Pearson Middle School,130129004420,Cobb County School District,Atlanta,GA,traditional,middle,,(770)429-6012,,,,,,,,,,,,,https://educationdata.urban.org/api/v1/schools/ccd/directory/2023/?fips=13|https://nces.ed.gov/ccd/|https://app3.doe.k12.ga.us/ows-bin/owa/main_pack_fcl099.entry_form,,stub
Pebblebrook High School,130129000559,Cobb County School District,Atlanta,GA,traditional,high,https://www.cobbk12.org/pebblebrook/,(770)819-2521,,Dr. Dana Giles,Principal,Dana.Giles@cobbk12.org,,,,,,,,,https://educationdata.urban.org/api/v1/schools/ccd/directory/2023/?fips=13|https://nces.ed.gov/ccd/|https://app3.doe.k12.ga.us/ows-bin/owa/main_pack_fcl099.entry_form|https://www.cobbk12.org/pebblebrook,2026-09-07,verified
Pickett's Mill Elementary School,130129003732,Cobb County School District,Atlanta,GA,traditional,elementary,,(770)975-7172,,,,,,,,,,,,,https://educationdata.urban.org/api/v1/schools/ccd/directory/2023/?fips=13|https://nces.ed.gov/ccd/|https://app3.doe.k12.ga.us/ows-bin/owa/main_pack_fcl099.entry_form,,stub
Pine Mountain Middle School,130129000511,Cobb County School District,Atlanta,GA,traditional,middle,,(678)594-8252,,,,,,,,,,,,,https://educationdata.urban.org/api/v1/schools/ccd/directory/2023/?fips=13|https://nces.ed.gov/ccd/|https://app3.doe.k12.ga.us/ows-bin/owa/main_pack_fcl099.entry_form,,stub
Pitner Elementary School,130129002841,Cobb County School District,Atlanta,GA,traditional,elementary,,(678)594-8320,,,,,,,,,,,,,https://educationdata.urban.org/api/v1/schools/ccd/directory/2023/?fips=13|https://nces.ed.gov/ccd/|https://app3.doe.k12.ga.us/ows-bin/owa/main_pack_fcl099.entry_form,,stub
Pope High School,130129001994,Cobb County School District,Atlanta,GA,traditional,high,https://www.cobbk12.org/pope/,(770)578-7900,,Dr. Matthew Bradford,Principal,matthew.bradford@cobbk12.org,,,,,,,,,https://educationdata.urban.org/api/v1/schools/ccd/directory/2023/?fips=13|https://nces.ed.gov/ccd/|https://app3.doe.k12.ga.us/ows-bin/owa/main_pack_fcl099.entry_form|https://www.cobbk12.org/pope/|https://www.cobbk12.org/pope/administration|https://www.cobbk12.org/pope/hours-contact-information,2026-09-07,verified
Powder Springs Elementary School,130129002024,Cobb County School District,Atlanta,GA,traditional,elementary,,(770)222-3746,,,,,,,,,,,,,https://educationdata.urban.org/api/v1/schools/ccd/directory/2023/?fips=13|https://nces.ed.gov/ccd/|https://app3.doe.k12.ga.us/ows-bin/owa/main_pack_fcl099.entry_form,,stub
Powers Ferry Elementary School,130129000531,Cobb County School District,Atlanta,GA,traditional,elementary,,(770)578-7936,,,,,,,,,,,,,https://educationdata.urban.org/api/v1/schools/ccd/directory/2023/?fips=13|https://nces.ed.gov/ccd/|https://app3.doe.k12.ga.us/ows-bin/owa/main_pack_fcl099.entry_form,,stub
Riverside Elementary School,130129003530,Cobb County School District,Atlanta,GA,traditional,elementary,,(770)819-5851,,,,,,,,,,,,,https://educationdata.urban.org/api/v1/schools/ccd/directory/2023/?fips=13|https://nces.ed.gov/ccd/|https://app3.doe.k12.ga.us/ows-bin/owa/main_pack_fcl099.entry_form,,stub
Rocky Mount Elementary School,130129000543,Cobb County School District,Atlanta,GA,traditional,elementary,,(770)591-5050,,,,,,,,,,,,,https://educationdata.urban.org/api/v1/schools/ccd/directory/2023/?fips=13|https://nces.ed.gov/ccd/|https://app3.doe.k12.ga.us/ows-bin/owa/main_pack_fcl099.entry_form,,stub
Russell Elementary School,130129000568,Cobb County School District,Atlanta,GA,traditional,elementary,,(770)437-5937,,,,,,,,,,,,,https://educationdata.urban.org/api/v1/schools/ccd/directory/2023/?fips=13|https://nces.ed.gov/ccd/|https://app3.doe.k12.ga.us/ows-bin/owa/main_pack_fcl099.entry_form,,stub
Sanders Elementary School,130129002150,Cobb County School District,Atlanta,GA,traditional,elementary,,(770)819-2568,,,,,,,,,,,,,https://educationdata.urban.org/api/v1/schools/ccd/directory/2023/?fips=13|https://nces.ed.gov/ccd/|https://app3.doe.k12.ga.us/ows-bin/owa/main_pack_fcl099.entry_form,,stub
Sedalia Park Elementary School,130129000548,Cobb County School District,Atlanta,GA,traditional,elementary,,(770)509-5162,,,,,,,,,,,,,https://educationdata.urban.org/api/v1/schools/ccd/directory/2023/?fips=13|https://nces.ed.gov/ccd/|https://app3.doe.k12.ga.us/ows-bin/owa/main_pack_fcl099.entry_form,,stub
Shallowford Falls Elementary School,130129002108,Cobb County School District,Atlanta,GA,traditional,elementary,,(770)642-5610,,,,,,,,,,,,,https://educationdata.urban.org/api/v1/schools/ccd/directory/2023/?fips=13|https://nces.ed.gov/ccd/|https://app3.doe.k12.ga.us/ows-bin/owa/main_pack_fcl099.entry_form,,stub
Simpson Middle School,130129002023,Cobb County School District,Atlanta,GA,traditional,middle,,(770)971-4711,,,,,,,,,,,,,https://educationdata.urban.org/api/v1/schools/ccd/directory/2023/?fips=13|https://nces.ed.gov/ccd/|https://app3.doe.k12.ga.us/ows-bin/owa/main_pack_fcl099.entry_form,,stub
Smitha Middle School,130129000242,Cobb County School District,Atlanta,GA,traditional,middle,,(678)594-8267,,,,,,,,,,,,,https://educationdata.urban.org/api/v1/schools/ccd/directory/2023/?fips=13|https://nces.ed.gov/ccd/|https://app3.doe.k12.ga.us/ows-bin/owa/main_pack_fcl099.entry_form,,stub
Smyrna Elementary School,130129004134,Cobb County School District,Atlanta,GA,traditional,elementary,,(678)842-6741,,,,,,,,,,,,,https://educationdata.urban.org/api/v1/schools/ccd/directory/2023/?fips=13|https://nces.ed.gov/ccd/|https://app3.doe.k12.ga.us/ows-bin/owa/main_pack_fcl099.entry_form,,stub
Sope Creek Elementary School,130129000540,Cobb County School District,Atlanta,GA,traditional,elementary,,(770)916-7085,,,,,,,,,,,,,https://educationdata.urban.org/api/v1/schools/ccd/directory/2023/?fips=13|https://nces.ed.gov/ccd/|https://app3.doe.k12.ga.us/ows-bin/owa/main_pack_fcl099.entry_form,,stub
South Cobb High School,130129000574,Cobb County School District,Atlanta,GA,traditional,high,https://www.cobbk12.org/southcobb/,(770)819-2611,southcobb@cobbk12.org,Dr. T.J. Perry,Principal,tommy.perry@cobbk12.org,,,,,,,,,https://educationdata.urban.org/api/v1/schools/ccd/directory/2023/?fips=13|https://nces.ed.gov/ccd/|https://app3.doe.k12.ga.us/ows-bin/owa/main_pack_fcl099.entry_form|https://www.cobbk12.org/southcobb/|https://www.cobbk12.org/southcobb/administration|https://www.cobbk12.org/southcobb/hours-contact-information,2026-09-07,verified
Sprayberry High School,130129000545,Cobb County School District,Atlanta,GA,traditional,high,https://www.cobbk12.org/sprayberry/,(770)578-3200,sprayberry@cobbk12.org,Dr. David Church,Principal,David.Church@cobbk12.org,,,,,,,,,https://educationdata.urban.org/api/v1/schools/ccd/directory/2023/?fips=13|https://nces.ed.gov/ccd/|https://app3.doe.k12.ga.us/ows-bin/owa/main_pack_fcl099.entry_form|https://www.cobbk12.org/sprayberry,2026-09-07,verified
Still Elementary School,130129000510,Cobb County School District,Atlanta,GA,traditional,elementary,,(678)594-8287,,,,,,,,,,,,,https://educationdata.urban.org/api/v1/schools/ccd/directory/2023/?fips=13|https://nces.ed.gov/ccd/|https://app3.doe.k12.ga.us/ows-bin/owa/main_pack_fcl099.entry_form,,stub
Tapp Middle School,130129000541,Cobb County School District,Atlanta,GA,traditional,middle,,(770)222-3758,,,,,,,,,,,,,https://educationdata.urban.org/api/v1/schools/ccd/directory/2023/?fips=13|https://nces.ed.gov/ccd/|https://app3.doe.k12.ga.us/ows-bin/owa/main_pack_fcl099.entry_form,,stub
Teasley Elementary School,130129000558,Cobb County School District,Atlanta,GA,traditional,elementary,,(770)437-5945,,,,,,,,,,,,,https://educationdata.urban.org/api/v1/schools/ccd/directory/2023/?fips=13|https://nces.ed.gov/ccd/|https://app3.doe.k12.ga.us/ows-bin/owa/main_pack_fcl099.entry_form,,stub
Timber Ridge Elementary School,130129002110,Cobb County School District,Atlanta,GA,traditional,elementary,,(770)642-5621,,,,,,,,,,,,,https://educationdata.urban.org/api/v1/schools/ccd/directory/2023/?fips=13|https://nces.ed.gov/ccd/|https://app3.doe.k12.ga.us/ows-bin/owa/main_pack_fcl099.entry_form,,stub
Tritt Elementary School,130129001882,Cobb County School District,Atlanta,GA,traditional,elementary,,(770)642-5630,,,,,,,,,,,,,https://educationdata.urban.org/api/v1/schools/ccd/directory/2023/?fips=13|https://nces.ed.gov/ccd/|https://app3.doe.k12.ga.us/ows-bin/owa/main_pack_fcl099.entry_form,,stub
Varner Elementary School,130129002107,Cobb County School District,Atlanta,GA,traditional,elementary,,(770)222-3775,,,,,,,,,,,,,https://educationdata.urban.org/api/v1/schools/ccd/directory/2023/?fips=13|https://nces.ed.gov/ccd/|https://app3.doe.k12.ga.us/ows-bin/owa/main_pack_fcl099.entry_form,,stub
Vaughan Elementary School,130129001479,Cobb County School District,Atlanta,GA,traditional,elementary,,(678)594-8298,,,,,,,,,,,,,https://educationdata.urban.org/api/v1/schools/ccd/directory/2023/?fips=13|https://nces.ed.gov/ccd/|https://app3.doe.k12.ga.us/ows-bin/owa/main_pack_fcl099.entry_form,,stub
Walton High School,130129000513,Cobb County School District,Atlanta,GA,traditional,high,https://www.cobbk12.org/walton/,(770)578-3225,walton@cobbk12.org,Dr. Stephanie Santoro,Principal,Stephanie.Santoro@cobbk12.org,,,,,,,,,https://educationdata.urban.org/api/v1/schools/ccd/directory/2023/?fips=13|https://nces.ed.gov/ccd/|https://app3.doe.k12.ga.us/ows-bin/owa/main_pack_fcl099.entry_form|https://www.cobbk12.org/walton,2026-09-07,verified
Wheeler High School,130129000529,Cobb County School District,Atlanta,GA,traditional,high,https://www.cobbk12.org/wheeler/,(770)578-3266,,Dr. Sara Fetterman,Principal,sara.fetterman@cobbk12.org,,,,,,,,,https://educationdata.urban.org/api/v1/schools/ccd/directory/2023/?fips=13|https://nces.ed.gov/ccd/|https://app3.doe.k12.ga.us/ows-bin/owa/main_pack_fcl099.entry_form|https://www.cobbk12.org/wheeler,2026-09-07,verified
Ambrose Elementary School,130135000578,Coffee County Schools,Douglas,GA,traditional,elementary,,(912)359-5500,,,,,,,,,,,,,https://educationdata.urban.org/api/v1/schools/ccd/directory/2023/?fips=13|https://nces.ed.gov/ccd/|https://app3.doe.k12.ga.us/ows-bin/owa/main_pack_fcl099.entry_form,,stub
Broxton-Mary Hayes Elementary,130135000576,Coffee County Schools,Douglas,GA,traditional,elementary,,(912)359-2391,,,,,,,,,,,,,https://educationdata.urban.org/api/v1/schools/ccd/directory/2023/?fips=13|https://nces.ed.gov/ccd/|https://app3.doe.k12.ga.us/ows-bin/owa/main_pack_fcl099.entry_form,,stub
Coffee County High School,130135000581,Coffee County Schools,Douglas,GA,traditional,high,,(912)384-2094,,,,,,,,,,,,,https://educationdata.urban.org/api/v1/schools/ccd/directory/2023/?fips=13|https://nces.ed.gov/ccd/|https://app3.doe.k12.ga.us/ows-bin/owa/main_pack_fcl099.entry_form,,stub
Coffee Middle School,130135003321,Coffee County Schools,Douglas,GA,traditional,middle,,(912)720-1011,,,,,,,,,,,,,https://educationdata.urban.org/api/v1/schools/ccd/directory/2023/?fips=13|https://nces.ed.gov/ccd/|https://app3.doe.k12.ga.us/ows-bin/owa/main_pack_fcl099.entry_form,,stub
Eastside Elementary School,130135001883,Coffee County Schools,Douglas,GA,traditional,elementary,,(912)384-3187,,,,,,,,,,,,,https://educationdata.urban.org/api/v1/schools/ccd/directory/2023/?fips=13|https://nces.ed.gov/ccd/|https://app3.doe.k12.ga.us/ows-bin/owa/main_pack_fcl099.entry_form,,stub
George Washington Carver Freshman Campus,130135003323,Coffee County Schools,Douglas,GA,traditional,high,,(912)384-1342,,,,,,,,,,,,,https://educationdata.urban.org/api/v1/schools/ccd/directory/2023/?fips=13|https://nces.ed.gov/ccd/|https://app3.doe.k12.ga.us/ows-bin/owa/main_pack_fcl099.entry_form,,stub
Indian Creek Elementary,130135002306,Coffee County Schools,Douglas,GA,traditional,elementary,,(912)393-1300,,,,,,,,,,,,,https://educationdata.urban.org/api/v1/schools/ccd/directory/2023/?fips=13|https://nces.ed.gov/ccd/|https://app3.doe.k12.ga.us/ows-bin/owa/main_pack_fcl099.entry_form,,stub
Nicholls Elementary School,130135000577,Coffee County Schools,Douglas,GA,traditional,elementary,,(912)345-2429,,,,,,,,,,,,,https://educationdata.urban.org/api/v1/schools/ccd/directory/2023/?fips=13|https://nces.ed.gov/ccd/|https://app3.doe.k12.ga.us/ows-bin/owa/main_pack_fcl099.entry_form,,stub
Satilla Elementary School,130135001884,Coffee County Schools,Douglas,GA,traditional,elementary,,(912)384-2602,,,,,,,,,,,,,https://educationdata.urban.org/api/v1/schools/ccd/directory/2023/?fips=13|https://nces.ed.gov/ccd/|https://app3.doe.k12.ga.us/ows-bin/owa/main_pack_fcl099.entry_form,,stub
West Green Elementary School,130135000582,Coffee County Schools,Douglas,GA,traditional,elementary,,(912)384-2032,,,,,,,,,,,,,https://educationdata.urban.org/api/v1/schools/ccd/directory/2023/?fips=13|https://nces.ed.gov/ccd/|https://app3.doe.k12.ga.us/ows-bin/owa/main_pack_fcl099.entry_form,,stub
Westside Elementary School,130135000579,Coffee County Schools,Douglas,GA,traditional,elementary,,(912)384-5506,,,,,,,,,,,,,https://educationdata.urban.org/api/v1/schools/ccd/directory/2023/?fips=13|https://nces.ed.gov/ccd/|https://app3.doe.k12.ga.us/ows-bin/owa/main_pack_fcl099.entry_form,,stub
Wiregrass Regional College and Career Academy,130135004131,Coffee County Schools,Douglas,GA,traditional,high,,(912)384-2086,,,,,,,,,,,,,https://educationdata.urban.org/api/v1/schools/ccd/directory/2023/?fips=13|https://nces.ed.gov/ccd/|https://app3.doe.k12.ga.us/ows-bin/owa/main_pack_fcl099.entry_form,,stub
CA Gray Junior High School,130138000588,Colquitt County Schools,Moultrie,GA,traditional,other,,(229)890-6189,,,,,,,,,,,,,https://educationdata.urban.org/api/v1/schools/ccd/directory/2023/?fips=13|https://nces.ed.gov/ccd/|https://app3.doe.k12.ga.us/ows-bin/owa/main_pack_fcl099.entry_form,,stub
Colquitt County High School,130138000591,Colquitt County Schools,Moultrie,GA,traditional,high,,(229)890-6141,,,,,,,,,,,,,https://educationdata.urban.org/api/v1/schools/ccd/directory/2023/?fips=13|https://nces.ed.gov/ccd/|https://app3.doe.k12.ga.us/ows-bin/owa/main_pack_fcl099.entry_form,,stub
Cox Elementary School,130138000598,Colquitt County Schools,Moultrie,GA,traditional,elementary,,(229)890-6190,,,,,,,,,,,,,https://educationdata.urban.org/api/v1/schools/ccd/directory/2023/?fips=13|https://nces.ed.gov/ccd/|https://app3.doe.k12.ga.us/ows-bin/owa/main_pack_fcl099.entry_form,,stub
Doerun Elementary School,130138000585,Colquitt County Schools,Moultrie,GA,traditional,elementary,,(229)782-5276,,,,,,,,,,,,,https://educationdata.urban.org/api/v1/schools/ccd/directory/2023/?fips=13|https://nces.ed.gov/ccd/|https://app3.doe.k12.ga.us/ows-bin/owa/main_pack_fcl099.entry_form,,stub
Funston Elementary School,130138000590,Colquitt County Schools,Moultrie,GA,traditional,elementary,,(229)941-2626,,,,,,,,,,,,,https://educationdata.urban.org/api/v1/schools/ccd/directory/2023/?fips=13|https://nces.ed.gov/ccd/|https://app3.doe.k12.ga.us/ows-bin/owa/main_pack_fcl099.entry_form,,stub
Hamilton Elementary School,130138000597,Colquitt County Schools,Moultrie,GA,traditional,elementary,,(229)941-5594,,,,,,,,,,,,,https://educationdata.urban.org/api/v1/schools/ccd/directory/2023/?fips=13|https://nces.ed.gov/ccd/|https://app3.doe.k12.ga.us/ows-bin/owa/main_pack_fcl099.entry_form,,stub
Norman Park Elementary School,130138000584,Colquitt County Schools,Moultrie,GA,traditional,elementary,,(229)769-3612,,,,,,,,,,,,,https://educationdata.urban.org/api/v1/schools/ccd/directory/2023/?fips=13|https://nces.ed.gov/ccd/|https://app3.doe.k12.ga.us/ows-bin/owa/main_pack_fcl099.entry_form,,stub
Odom Elementary School,130138001975,Colquitt County Schools,Moultrie,GA,traditional,elementary,,(229)324-3313,,,,,,,,,,,,,https://educationdata.urban.org/api/v1/schools/ccd/directory/2023/?fips=13|https://nces.ed.gov/ccd/|https://app3.doe.k12.ga.us/ows-bin/owa/main_pack_fcl099.entry_form,,stub
Okapilco Elementary School,130138000586,Colquitt County Schools,Moultrie,GA,traditional,elementary,,(229)890-6191,,,,,,,,,,,,,https://educationdata.urban.org/api/v1/schools/ccd/directory/2023/?fips=13|https://nces.ed.gov/ccd/|https://app3.doe.k12.ga.us/ows-bin/owa/main_pack_fcl099.entry_form,,stub
Stringfellow Elementary School,130138000589,Colquitt County Schools,Moultrie,GA,traditional,elementary,,(229)890-6187,,,,,,,,,,,,,https://educationdata.urban.org/api/v1/schools/ccd/directory/2023/?fips=13|https://nces.ed.gov/ccd/|https://app3.doe.k12.ga.us/ows-bin/owa/main_pack_fcl099.entry_form,,stub
Sunset Elementary School,130138000594,Colquitt County Schools,Moultrie,GA,traditional,elementary,,(229)890-6184,,,,,,,,,,,,,https://educationdata.urban.org/api/v1/schools/ccd/directory/2023/?fips=13|https://nces.ed.gov/ccd/|https://app3.doe.k12.ga.us/ows-bin/owa/main_pack_fcl099.entry_form,,stub
Willie J. Williams Middle School,130138000595,Colquitt County Schools,Moultrie,GA,traditional,middle,,(229)890-6183,,,,,,,,,,,,,https://educationdata.urban.org/api/v1/schools/ccd/directory/2023/?fips=13|https://nces.ed.gov/ccd/|https://app3.doe.k12.ga.us/ows-bin/owa/main_pack_fcl099.entry_form,,stub
Wright Elementary School,130138000587,Colquitt County Schools,Moultrie,GA,traditional,elementary,,(229)890-6186,,,,,,,,,,,,,https://educationdata.urban.org/api/v1/schools/ccd/directory/2023/?fips=13|https://nces.ed.gov/ccd/|https://app3.doe.k12.ga.us/ows-bin/owa/main_pack_fcl099.entry_form,,stub
Baker Place Elementary,130141004042,Columbia County School District,Augusta,GA,traditional,elementary,,(706)447-2115,,,,,,,,,,,,,https://educationdata.urban.org/api/v1/schools/ccd/directory/2023/?fips=13|https://nces.ed.gov/ccd/|https://app3.doe.k12.ga.us/ows-bin/owa/main_pack_fcl099.entry_form,,stub
Blue Ridge Elementary School,130141001997,Columbia County School District,Augusta,GA,traditional,elementary,,(706)868-0894,,,,,,,,,,,,,https://educationdata.urban.org/api/v1/schools/ccd/directory/2023/?fips=13|https://nces.ed.gov/ccd/|https://app3.doe.k12.ga.us/ows-bin/owa/main_pack_fcl099.entry_form,,stub
Brookwood Elementary School,130141002072,Columbia County School District,Augusta,GA,traditional,elementary,,(706)855-7538,,,,,,,,,,,,,https://educationdata.urban.org/api/v1/schools/ccd/directory/2023/?fips=13|https://nces.ed.gov/ccd/|https://app3.doe.k12.ga.us/ows-bin/owa/main_pack_fcl099.entry_form,,stub
Cedar Ridge Elementary School,130141003554,Columbia County School District,Augusta,GA,traditional,elementary,,(706)447-2100,,,,,,,,,,,,,https://educationdata.urban.org/api/v1/schools/ccd/directory/2023/?fips=13|https://nces.ed.gov/ccd/|https://app3.doe.k12.ga.us/ows-bin/owa/main_pack_fcl099.entry_form,,stub
Columbia Middle School,130141000607,Columbia County School District,Augusta,GA,traditional,middle,,(706)541-1252,,,,,,,,,,,,,https://educationdata.urban.org/api/v1/schools/ccd/directory/2023/?fips=13|https://nces.ed.gov/ccd/|https://app3.doe.k12.ga.us/ows-bin/owa/main_pack_fcl099.entry_form,,stub
Euchee Creek Elementary School,130141001506,Columbia County School District,Augusta,GA,traditional,elementary,,(706)556-4000,,,,,,,,,,,,,https://educationdata.urban.org/api/v1/schools/ccd/directory/2023/?fips=13|https://nces.ed.gov/ccd/|https://app3.doe.k12.ga.us/ows-bin/owa/main_pack_fcl099.entry_form,,stub
Evans Elementary School,130141001996,Columbia County School District,Augusta,GA,traditional,elementary,,(706)863-1202,,,,,,,,,,,,,https://educationdata.urban.org/api/v1/schools/ccd/directory/2023/?fips=13|https://nces.ed.gov/ccd/|https://app3.doe.k12.ga.us/ows-bin/owa/main_pack_fcl099.entry_form,,stub
Evans High School,130141000603,Columbia County School District,Augusta,GA,traditional,high,https://evanshs.ccboe.net/,(706)863-1198,,Wade White,Principal,,,,,,,,,,https://educationdata.urban.org/api/v1/schools/ccd/directory/2023/?fips=13|https://nces.ed.gov/ccd/|https://app3.doe.k12.ga.us/ows-bin/owa/main_pack_fcl099.entry_form|https://evanshs.ccboe.net/|https://evanshs.ccboe.net/apps/staff/,2026-09-07,verified
Evans Middle School,130141000601,Columbia County School District,Augusta,GA,traditional,middle,,(706)868-3689,,,,,,,,,,,,,https://educationdata.urban.org/api/v1/schools/ccd/directory/2023/?fips=13|https://nces.ed.gov/ccd/|https://app3.doe.k12.ga.us/ows-bin/owa/main_pack_fcl099.entry_form,,stub
Greenbrier Elementary School,130141001502,Columbia County School District,Augusta,GA,traditional,elementary,,(706)650-6060,,,,,,,,,,,,,https://educationdata.urban.org/api/v1/schools/ccd/directory/2023/?fips=13|https://nces.ed.gov/ccd/|https://app3.doe.k12.ga.us/ows-bin/owa/main_pack_fcl099.entry_form,,stub
Greenbrier High School,130141001501,Columbia County School District,Augusta,GA,traditional,high,https://greenbrierhs.ccboe.net/,(706)650-6040,,Dr. Michael Jones,Principal,,,,,,,,,,https://educationdata.urban.org/api/v1/schools/ccd/directory/2023/?fips=13|https://nces.ed.gov/ccd/|https://app3.doe.k12.ga.us/ows-bin/owa/main_pack_fcl099.entry_form|https://greenbrierhs.ccboe.net/,2026-09-07,verified
Greenbrier Middle School,130141002366,Columbia County School District,Augusta,GA,traditional,middle,,(706)650-6080,,,,,,,,,,,,,https://educationdata.urban.org/api/v1/schools/ccd/directory/2023/?fips=13|https://nces.ed.gov/ccd/|https://app3.doe.k12.ga.us/ows-bin/owa/main_pack_fcl099.entry_form,,stub
Grovetown Elementary School,130141000611,Columbia County School District,Augusta,GA,traditional,elementary,,(706)863-0800,,,,,,,,,,,,,https://educationdata.urban.org/api/v1/schools/ccd/directory/2023/?fips=13|https://nces.ed.gov/ccd/|https://app3.doe.k12.ga.us/ows-bin/owa/main_pack_fcl099.entry_form,,stub
Grovetown High School,130141003903,Columbia County School District,Augusta,GA,traditional,high,https://grovetownhs.ccboe.net/,(706)447-2102,,Andrew Young,Principal,,,,,,,,,,https://educationdata.urban.org/api/v1/schools/ccd/directory/2023/?fips=13|https://nces.ed.gov/ccd/|https://app3.doe.k12.ga.us/ows-bin/owa/main_pack_fcl099.entry_form|https://grovetownhs.ccboe.net/apps/staff/|https://grovetownhs.ccboe.net/,2026-09-07,verified
Grovetown Middle School,130141002528,Columbia County School District,Augusta,GA,traditional,middle,,(706)855-2514,,,,,,,,,,,,,https://educationdata.urban.org/api/v1/schools/ccd/directory/2023/?fips=13|https://nces.ed.gov/ccd/|https://app3.doe.k12.ga.us/ows-bin/owa/main_pack_fcl099.entry_form,,stub
Harlem High School,130141001885,Columbia County School District,Augusta,GA,traditional,high,https://harlemhs.ccboe.net/,(706)556-5980,,Maria Knight,Principal,,,,,,,,,,https://educationdata.urban.org/api/v1/schools/ccd/directory/2023/?fips=13|https://nces.ed.gov/ccd/|https://app3.doe.k12.ga.us/ows-bin/owa/main_pack_fcl099.entry_form|https://harlemhs.ccboe.net/apps/staff/|https://harlemhs.ccboe.net/,2026-09-07,verified
Harlem Middle School,130141001886,Columbia County School District,Augusta,GA,traditional,middle,,(706)556-5990,,,,,,,,,,,,,https://educationdata.urban.org/api/v1/schools/ccd/directory/2023/?fips=13|https://nces.ed.gov/ccd/|https://app3.doe.k12.ga.us/ows-bin/owa/main_pack_fcl099.entry_form,,stub
Lakeside High School,130141002025,Columbia County School District,Augusta,GA,traditional,high,https://lakesidehs.ccboe.net/,(706)863-0027,,Juliet King,Principal,,,,,,,,,,https://educationdata.urban.org/api/v1/schools/ccd/directory/2023/?fips=13|https://nces.ed.gov/ccd/|https://app3.doe.k12.ga.us/ows-bin/owa/main_pack_fcl099.entry_form|https://lakesidehs.ccboe.net/apps/staff/|https://lakesidehs.ccboe.net/,2026-09-07,verified
Lakeside Middle School,130141002073,Columbia County School District,Augusta,GA,traditional,middle,,(706)855-6900,,,,,,,,,,,,,https://educationdata.urban.org/api/v1/schools/ccd/directory/2023/?fips=13|https://nces.ed.gov/ccd/|https://app3.doe.k12.ga.us/ows-bin/owa/main_pack_fcl099.entry_form,,stub
Lewiston Elementary School,130141002848,Columbia County School District,Augusta,GA,traditional,elementary,,(706)650-6064,,,,,,,,,,,,,https://educationdata.urban.org/api/v1/schools/ccd/directory/2023/?fips=13|https://nces.ed.gov/ccd/|https://app3.doe.k12.ga.us/ows-bin/owa/main_pack_fcl099.entry_form,,stub
Martinez Elementary School,130141000606,Columbia County School District,Augusta,GA,traditional,elementary,,(706)863-8308,,,,,,,,,,,,,https://educationdata.urban.org/api/v1/schools/ccd/directory/2023/?fips=13|https://nces.ed.gov/ccd/|https://app3.doe.k12.ga.us/ows-bin/owa/main_pack_fcl099.entry_form,,stub
North Columbia Elementary School,130141000604,Columbia County School District,Augusta,GA,traditional,elementary,,(706)541-1158,,,,,,,,,,,,,https://educationdata.urban.org/api/v1/schools/ccd/directory/2023/?fips=13|https://nces.ed.gov/ccd/|https://app3.doe.k12.ga.us/ows-bin/owa/main_pack_fcl099.entry_form,,stub
North Harlem Elementary School,130141000602,Columbia County School District,Augusta,GA,traditional,elementary,,(706)556-5995,,,,,,,,,,,,,https://educationdata.urban.org/api/v1/schools/ccd/directory/2023/?fips=13|https://nces.ed.gov/ccd/|https://app3.doe.k12.ga.us/ows-bin/owa/main_pack_fcl099.entry_form,,stub
Parkway Elementary School,130141004246,Columbia County School District,Augusta,GA,traditional,elementary,,(706)868-2346,,,,,,,,,,,,,https://educationdata.urban.org/api/v1/schools/ccd/directory/2023/?fips=13|https://nces.ed.gov/ccd/|https://app3.doe.k12.ga.us/ows-bin/owa/main_pack_fcl099.entry_form,,stub
River Ridge Elementary,130141003325,Columbia County School District,Augusta,GA,traditional,elementary,,(706)447-1016,,,,,,,,,,,,,https://educationdata.urban.org/api/v1/schools/ccd/directory/2023/?fips=13|https://nces.ed.gov/ccd/|https://app3.doe.k12.ga.us/ows-bin/owa/main_pack_fcl099.entry_form,,stub
Riverside Elementary School,130141000248,Columbia County School District,Augusta,GA,traditional,elementary,,(706)868-3736,,,,,,,,,,,,,https://educationdata.urban.org/api/v1/schools/ccd/directory/2023/?fips=13|https://nces.ed.gov/ccd/|https://app3.doe.k12.ga.us/ows-bin/owa/main_pack_fcl099.entry_form,,stub
Riverside Middle School,130141000126,Columbia County School District,Augusta,GA,traditional,middle,,(706)868-3712,,,,,,,,,,,,,https://educationdata.urban.org/api/v1/schools/ccd/directory/2023/?fips=13|https://nces.ed.gov/ccd/|https://app3.doe.k12.ga.us/ows-bin/owa/main_pack_fcl099.entry_form,,stub
South Columbia Elementary School,130141000610,Columbia County School District,Augusta,GA,traditional,elementary,,(706)863-3220,,,,,,,,,,,,,https://educationdata.urban.org/api/v1/schools/ccd/directory/2023/?fips=13|https://nces.ed.gov/ccd/|https://app3.doe.k12.ga.us/ows-bin/owa/main_pack_fcl099.entry_form,,stub
Stallings Island Middle School,130141003694,Columbia County School District,Augusta,GA,traditional,middle,,(706)447-2106,,,,,,,,,,,,,https://educationdata.urban.org/api/v1/schools/ccd/directory/2023/?fips=13|https://nces.ed.gov/ccd/|https://app3.doe.k12.ga.us/ows-bin/owa/main_pack_fcl099.entry_form,,stub
Stevens Creek Elementary School,130141002161,Columbia County School District,Augusta,GA,traditional,elementary,,(706)868-3705,,,,,,,,,,,,,https://educationdata.urban.org/api/v1/schools/ccd/directory/2023/?fips=13|https://nces.ed.gov/ccd/|https://app3.doe.k12.ga.us/ows-bin/owa/main_pack_fcl099.entry_form,,stub
Commerce Elementary School,130144000621,Commerce City Schools,Jefferson,GA,traditional,elementary,,(706)335-1801,,,,,,,,,,,,,https://educationdata.urban.org/api/v1/schools/ccd/directory/2023/?fips=13|https://nces.ed.gov/ccd/|https://app3.doe.k12.ga.us/ows-bin/owa/main_pack_fcl099.entry_form,,stub
Commerce High School,130144000622,Commerce City Schools,Jefferson,GA,traditional,high,,(706)335-5942,,,,,,,,,,,,,https://educationdata.urban.org/api/v1/schools/ccd/directory/2023/?fips=13|https://nces.ed.gov/ccd/|https://app3.doe.k12.ga.us/ows-bin/owa/main_pack_fcl099.entry_form,,stub
Commerce Middle School,130144000623,Commerce City Schools,Jefferson,GA,traditional,middle,,(706)335-5594,,,,,,,,,,,,,https://educationdata.urban.org/api/v1/schools/ccd/directory/2023/?fips=13|https://nces.ed.gov/ccd/|https://app3.doe.k12.ga.us/ows-bin/owa/main_pack_fcl099.entry_form,,stub
Commerce Primary,130144003617,Commerce City Schools,Jefferson,GA,traditional,elementary,,(706)335-5587,,,,,,,,,,,,,https://educationdata.urban.org/api/v1/schools/ccd/directory/2023/?fips=13|https://nces.ed.gov/ccd/|https://app3.doe.k12.ga.us/ows-bin/owa/main_pack_fcl099.entry_form,,stub
Cook County Middle School,130147000628,Cook County Schools,Rural South Georgia,GA,traditional,middle,,(229)549-5999,,,,,,,,,,,,,https://educationdata.urban.org/api/v1/schools/ccd/directory/2023/?fips=13|https://nces.ed.gov/ccd/|https://app3.doe.k12.ga.us/ows-bin/owa/main_pack_fcl099.entry_form,,stub
Cook Elementary School,130147003327,Cook County Schools,Rural South Georgia,GA,traditional,elementary,,(229)549-6250,,,,,,,,,,,,,https://educationdata.urban.org/api/v1/schools/ccd/directory/2023/?fips=13|https://nces.ed.gov/ccd/|https://app3.doe.k12.ga.us/ows-bin/owa/main_pack_fcl099.entry_form,,stub
Cook High School,130147003900,Cook County Schools,Rural South Georgia,GA,traditional,high,,(229)896-2213,,,,,,,,,,,,,https://educationdata.urban.org/api/v1/schools/ccd/directory/2023/?fips=13|https://nces.ed.gov/ccd/|https://app3.doe.k12.ga.us/ows-bin/owa/main_pack_fcl099.entry_form,,stub
Cook Primary School,130147001107,Cook County Schools,Rural South Georgia,GA,traditional,elementary,,(229)549-7713,,,,,,,,,,,,,https://educationdata.urban.org/api/v1/schools/ccd/directory/2023/?fips=13|https://nces.ed.gov/ccd/|https://app3.doe.k12.ga.us/ows-bin/owa/main_pack_fcl099.entry_form,,stub
Arbor Springs Elementary,130150002307,Coweta County School System,Atlanta,GA,traditional,elementary,,(770)463-5903,,,,,,,,,,,,,https://educationdata.urban.org/api/v1/schools/ccd/directory/2023/?fips=13|https://nces.ed.gov/ccd/|https://app3.doe.k12.ga.us/ows-bin/owa/main_pack_fcl099.entry_form,,stub
Arnall Middle School,130150000825,Coweta County School System,Atlanta,GA,traditional,middle,,(770)254-2765,,,,,,,,,,,,,https://educationdata.urban.org/api/v1/schools/ccd/directory/2023/?fips=13|https://nces.ed.gov/ccd/|https://app3.doe.k12.ga.us/ows-bin/owa/main_pack_fcl099.entry_form,,stub
Arnco-Sargent Elementary School,130150000753,Coweta County School System,Atlanta,GA,traditional,elementary,,(770)254-2830,,,,,,,,,,,,,https://educationdata.urban.org/api/v1/schools/ccd/directory/2023/?fips=13|https://nces.ed.gov/ccd/|https://app3.doe.k12.ga.us/ows-bin/owa/main_pack_fcl099.entry_form,,stub
Atkinson Elementary School,130150000748,Coweta County School System,Atlanta,GA,traditional,elementary,,(770)254-2835,,,,,,,,,,,,,https://educationdata.urban.org/api/v1/schools/ccd/directory/2023/?fips=13|https://nces.ed.gov/ccd/|https://app3.doe.k12.ga.us/ows-bin/owa/main_pack_fcl099.entry_form,,stub
Blake Bass Middle School,130150004423,Coweta County School System,Atlanta,GA,traditional,middle,,(770)254-2600,,,,,,,,,,,,,https://educationdata.urban.org/api/v1/schools/ccd/directory/2023/?fips=13|https://nces.ed.gov/ccd/|https://app3.doe.k12.ga.us/ows-bin/owa/main_pack_fcl099.entry_form,,stub
Brooks Elementary,130150003881,Coweta County School System,Atlanta,GA,traditional,elementary,,(770)683-0013,,,,,,,,,,,,,https://educationdata.urban.org/api/v1/schools/ccd/directory/2023/?fips=13|https://nces.ed.gov/ccd/|https://app3.doe.k12.ga.us/ows-bin/owa/main_pack_fcl099.entry_form,,stub
Canongate Elementary School,130150000208,Coweta County School System,Atlanta,GA,traditional,elementary,,(770)463-8010,,,,,,,,,,,,,https://educationdata.urban.org/api/v1/schools/ccd/directory/2023/?fips=13|https://nces.ed.gov/ccd/|https://app3.doe.k12.ga.us/ows-bin/owa/main_pack_fcl099.entry_form,,stub
East Coweta High School,130150002028,Coweta County School System,Atlanta,GA,traditional,high,https://echs.cowetaschools.net/,(770)254-2850,,Stefanie Easterwood,Principal,,(770)254-2850,,,,,,,,echs.cowetaschools.net/en-US/staff (Stefanie Easterwood Principal); Newnan Times-Herald 2026-04-24 Easterwood named East Coweta principal,2026-09-07,verified
East Coweta Middle School,130150002027,Coweta County School System,Atlanta,GA,traditional,middle,,(770)599-6607,,,,,,,,,,,,,https://educationdata.urban.org/api/v1/schools/ccd/directory/2023/?fips=13|https://nces.ed.gov/ccd/|https://app3.doe.k12.ga.us/ows-bin/owa/main_pack_fcl099.entry_form,,stub
Eastside Elementary School,130150000747,Coweta County School System,Atlanta,GA,traditional,elementary,,(770)599-6621,,,,,,,,,,,,,https://educationdata.urban.org/api/v1/schools/ccd/directory/2023/?fips=13|https://nces.ed.gov/ccd/|https://app3.doe.k12.ga.us/ows-bin/owa/main_pack_fcl099.entry_form,,stub
Elm Street Elementary School,130150000762,Coweta County School System,Atlanta,GA,traditional,elementary,,(770)254-2865,,,,,,,,,,,,,https://educationdata.urban.org/api/v1/schools/ccd/directory/2023/?fips=13|https://nces.ed.gov/ccd/|https://app3.doe.k12.ga.us/ows-bin/owa/main_pack_fcl099.entry_form,,stub
Evans Middle School,130150000750,Coweta County School System,Atlanta,GA,traditional,middle,,(770)254-2780,,,,,,,,,,,,,https://educationdata.urban.org/api/v1/schools/ccd/directory/2023/?fips=13|https://nces.ed.gov/ccd/|https://app3.doe.k12.ga.us/ows-bin/owa/main_pack_fcl099.entry_form,,stub
Glanton Elementary,130150003329,Coweta County School System,Atlanta,GA,traditional,elementary,,(770)583-2873,,,,,,,,,,,,,https://educationdata.urban.org/api/v1/schools/ccd/directory/2023/?fips=13|https://nces.ed.gov/ccd/|https://app3.doe.k12.ga.us/ows-bin/owa/main_pack_fcl099.entry_form,,stub
Jefferson Parkway Elementary School,130150000816,Coweta County School System,Atlanta,GA,traditional,elementary,,(770)254-2771,,,,,,,,,,,,,https://educationdata.urban.org/api/v1/schools/ccd/directory/2023/?fips=13|https://nces.ed.gov/ccd/|https://app3.doe.k12.ga.us/ows-bin/owa/main_pack_fcl099.entry_form,,stub
Lee Middle School,130150003328,Coweta County School System,Atlanta,GA,traditional,middle,,(770)251-1547,,,,,,,,,,,,,https://educationdata.urban.org/api/v1/schools/ccd/directory/2023/?fips=13|https://nces.ed.gov/ccd/|https://app3.doe.k12.ga.us/ows-bin/owa/main_pack_fcl099.entry_form,,stub
Madras Middle School,130150002252,Coweta County School System,Atlanta,GA,traditional,middle,,(770)254-2744,,,,,,,,,,,,,https://educationdata.urban.org/api/v1/schools/ccd/directory/2023/?fips=13|https://nces.ed.gov/ccd/|https://app3.doe.k12.ga.us/ows-bin/owa/main_pack_fcl099.entry_form,,stub
Moreland Elementary School,130150000760,Coweta County School System,Atlanta,GA,traditional,elementary,,(770)254-2875,,,,,,,,,,,,,https://educationdata.urban.org/api/v1/schools/ccd/directory/2023/?fips=13|https://nces.ed.gov/ccd/|https://app3.doe.k12.ga.us/ows-bin/owa/main_pack_fcl099.entry_form,,stub
Newnan Crossing Elementary School,130150002162,Coweta County School System,Atlanta,GA,traditional,elementary,,(770)254-2872,,,,,,,,,,,,,https://educationdata.urban.org/api/v1/schools/ccd/directory/2023/?fips=13|https://nces.ed.gov/ccd/|https://app3.doe.k12.ga.us/ows-bin/owa/main_pack_fcl099.entry_form,,stub
Newnan High School,130150000754,Coweta County School System,Atlanta,GA,traditional,high,https://nhs.cowetaschools.net/,(770)254-2880,,Jamie Glover,Principal,,(770)254-2880,,,,,,,,nhs.cowetaschools.net/en-US/staff (Jamie Glover Principal); Newnan Times-Herald (Jamie Glover named Newnan High principal after Kemp promotion),2026-09-07,verified
Northgate High School,130150001108,Coweta County School System,Atlanta,GA,traditional,high,https://nghs.cowetaschools.net/,(770)463-5585,,Dr. Ashley Wilkes,Principal,ashley.wilkes@cowetaschools.net,(770)463-5585,,,,,,,,nghs.cowetaschools.net/en-US/administration-928070c2 (Dr. Ashley Wilkes Principal ashley.wilkes@cowetaschools.net),2026-09-07,verified
Northside Elementary School,130150000761,Coweta County School System,Atlanta,GA,traditional,elementary,,(770)254-2890,,,,,,,,,,,,,https://educationdata.urban.org/api/v1/schools/ccd/directory/2023/?fips=13|https://nces.ed.gov/ccd/|https://app3.doe.k12.ga.us/ows-bin/owa/main_pack_fcl099.entry_form,,stub
Poplar Road Elementary School,130150002251,Coweta County School System,Atlanta,GA,traditional,elementary,,(770)254-2740,,,,,,,,,,,,,https://educationdata.urban.org/api/v1/schools/ccd/directory/2023/?fips=13|https://nces.ed.gov/ccd/|https://app3.doe.k12.ga.us/ows-bin/owa/main_pack_fcl099.entry_form,,stub
Ruth Hill Elementary School,130150000751,Coweta County School System,Atlanta,GA,traditional,elementary,,(770)254-2895,,,,,,,,,,,,,https://educationdata.urban.org/api/v1/schools/ccd/directory/2023/?fips=13|https://nces.ed.gov/ccd/|https://app3.doe.k12.ga.us/ows-bin/owa/main_pack_fcl099.entry_form,,stub
Smokey Road Middle School,130150002367,Coweta County School System,Atlanta,GA,traditional,middle,,(770)254-2840,,,,,,,,,,,,,https://educationdata.urban.org/api/v1/schools/ccd/directory/2023/?fips=13|https://nces.ed.gov/ccd/|https://app3.doe.k12.ga.us/ows-bin/owa/main_pack_fcl099.entry_form,,stub
Thomas Crossroads Elementary School,130150000818,Coweta County School System,Atlanta,GA,traditional,elementary,,(770)254-2751,,,,,,,,,,,,,https://educationdata.urban.org/api/v1/schools/ccd/directory/2023/?fips=13|https://nces.ed.gov/ccd/|https://app3.doe.k12.ga.us/ows-bin/owa/main_pack_fcl099.entry_form,,stub
Welch Elementary School,130150003637,Coweta County School System,Atlanta,GA,traditional,elementary,,(770)254-2597,,,,,,,,,,,,,https://educationdata.urban.org/api/v1/schools/ccd/directory/2023/?fips=13|https://nces.ed.gov/ccd/|https://app3.doe.k12.ga.us/ows-bin/owa/main_pack_fcl099.entry_form,,stub
Western Elementary School,130150000755,Coweta County School System,Atlanta,GA,traditional,elementary,,(770)254-2790,,,,,,,,,,,,,https://educationdata.urban.org/api/v1/schools/ccd/directory/2023/?fips=13|https://nces.ed.gov/ccd/|https://app3.doe.k12.ga.us/ows-bin/owa/main_pack_fcl099.entry_form,,stub
White Oak Elementary School,130150002026,Coweta County School System,Atlanta,GA,traditional,elementary,,(770)254-2860,,,,,,,,,,,,,https://educationdata.urban.org/api/v1/schools/ccd/directory/2023/?fips=13|https://nces.ed.gov/ccd/|https://app3.doe.k12.ga.us/ows-bin/owa/main_pack_fcl099.entry_form,,stub
Willis Road Elementary,130150002531,Coweta County School System,Atlanta,GA,traditional,elementary,,(770)304-7995,,,,,,,,,,,,,https://educationdata.urban.org/api/v1/schools/ccd/directory/2023/?fips=13|https://nces.ed.gov/ccd/|https://app3.doe.k12.ga.us/ows-bin/owa/main_pack_fcl099.entry_form,,stub
Crawford County Elementary,130153000766,Crawford County Schools,Macon,GA,traditional,elementary,,(478)836-3171,,,,,,,,,,,,,https://educationdata.urban.org/api/v1/schools/ccd/directory/2023/?fips=13|https://nces.ed.gov/ccd/|https://app3.doe.k12.ga.us/ows-bin/owa/main_pack_fcl099.entry_form,,stub
Crawford County High School,130153000080,Crawford County Schools,Macon,GA,traditional,high,https://mhs.crawfordschools.org/,(478)836-3126,,Lainee Hudson,Principal,elaine.hudson@crawfordschools.org,,,,,,,,,https://educationdata.urban.org/api/v1/schools/ccd/directory/2023/?fips=13|https://nces.ed.gov/ccd/|https://app3.doe.k12.ga.us/ows-bin/owa/main_pack_fcl099.entry_form|https://mhs.crawfordschools.org/o/ccmhs/page/principal|https://www.crawfordschools.org/article/2923202,2026-09-07,verified
Crawford County Middle School,130153002151,Crawford County Schools,Macon,GA,traditional,middle,,(478)836-3181,,,,,,,,,,,,,https://educationdata.urban.org/api/v1/schools/ccd/directory/2023/?fips=13|https://nces.ed.gov/ccd/|https://app3.doe.k12.ga.us/ows-bin/owa/main_pack_fcl099.entry_form,,stub
Crawford County Primary School,130153004439,Crawford County Schools,Macon,GA,traditional,elementary,,(478)836-3131,,,,,,,,,,,,,https://educationdata.urban.org/api/v1/schools/ccd/directory/2023/?fips=13|https://nces.ed.gov/ccd/|https://app3.doe.k12.ga.us/ows-bin/owa/main_pack_fcl099.entry_form,,stub
Crisp County Elementary School,130156000771,Crisp County Schools,Cordele,GA,traditional,elementary,,(229)276-3420,,,,,,,,,,,,,https://educationdata.urban.org/api/v1/schools/ccd/directory/2023/?fips=13|https://nces.ed.gov/ccd/|https://app3.doe.k12.ga.us/ows-bin/owa/main_pack_fcl099.entry_form,,stub
Crisp County High School,130156000769,Crisp County Schools,Cordele,GA,traditional,high,,(229)276-3430,,,,,,,,,,,,,https://educationdata.urban.org/api/v1/schools/ccd/directory/2023/?fips=13|https://nces.ed.gov/ccd/|https://app3.doe.k12.ga.us/ows-bin/owa/main_pack_fcl099.entry_form,,stub
Crisp County Middle School,130156001508,Crisp County Schools,Cordele,GA,traditional,middle,,(229)276-3460,,,,,,,,,,,,,https://educationdata.urban.org/api/v1/schools/ccd/directory/2023/?fips=13|https://nces.ed.gov/ccd/|https://app3.doe.k12.ga.us/ows-bin/owa/main_pack_fcl099.entry_form,,stub
Crisp County Pre-K,130156000772,Crisp County Schools,Cordele,GA,traditional,elementary,,(229)276-3410,,,,,,,,,,,,,https://educationdata.urban.org/api/v1/schools/ccd/directory/2023/?fips=13|https://nces.ed.gov/ccd/|https://app3.doe.k12.ga.us/ows-bin/owa/main_pack_fcl099.entry_form,,stub
Crisp County Primary School,130156004157,Crisp County Schools,Cordele,GA,traditional,elementary,,(229)276-3450,,,,,,,,,,,,,https://educationdata.urban.org/api/v1/schools/ccd/directory/2023/?fips=13|https://nces.ed.gov/ccd/|https://app3.doe.k12.ga.us/ows-bin/owa/main_pack_fcl099.entry_form,,stub
Dade County High School,130159000775,Dade County Schools,Chattanooga,GA,traditional,high,https://dchs.dadecountyschools.org/,(706)657-7517,,Brent Cooper,Principal,brentcooper@dadecs.org,(706) 657-7517,,,,,,,,https://dchs.dadecountyschools.org/our-school/our-school/principal|https://dchs.dadecountyschools.org/our-school/contact-us|https://www.dadecountyschools.org/our-district/contact-us,2026-09-07,verified
Dade Elementary School,130159000868,Dade County Schools,Chattanooga,GA,traditional,elementary,,(706)657-8253,,,,,,,,,,,,,https://educationdata.urban.org/api/v1/schools/ccd/directory/2023/?fips=13|https://nces.ed.gov/ccd/|https://app3.doe.k12.ga.us/ows-bin/owa/main_pack_fcl099.entry_form,,stub
Dade Middle School,130159000777,Dade County Schools,Chattanooga,GA,traditional,middle,,(706)657-6491,,,,,,,,,,,,,https://educationdata.urban.org/api/v1/schools/ccd/directory/2023/?fips=13|https://nces.ed.gov/ccd/|https://app3.doe.k12.ga.us/ows-bin/owa/main_pack_fcl099.entry_form,,stub
Davis Elementary School,130159000778,Dade County Schools,Chattanooga,GA,traditional,elementary,,(706)657-6300,,,,,,,,,,,,,https://educationdata.urban.org/api/v1/schools/ccd/directory/2023/?fips=13|https://nces.ed.gov/ccd/|https://app3.doe.k12.ga.us/ows-bin/owa/main_pack_fcl099.entry_form,,stub
Blue Ridge Elementary School,130162003476,Dalton Public Schools,Dalton,GA,traditional,elementary,,(706)260-2700,,,,,,,,,,,,,https://educationdata.urban.org/api/v1/schools/ccd/directory/2023/?fips=13|https://nces.ed.gov/ccd/|https://app3.doe.k12.ga.us/ows-bin/owa/main_pack_fcl099.entry_form,,stub
Brookwood Elementary School,130162000783,Dalton Public Schools,Dalton,GA,traditional,elementary,,(706)278-9202,,,,,,,,,,,,,https://educationdata.urban.org/api/v1/schools/ccd/directory/2023/?fips=13|https://nces.ed.gov/ccd/|https://app3.doe.k12.ga.us/ows-bin/owa/main_pack_fcl099.entry_form,,stub
City Park Elementary School,130162002460,Dalton Public Schools,Dalton,GA,traditional,elementary,,(706)278-8859,,,,,,,,,,,,,https://educationdata.urban.org/api/v1/schools/ccd/directory/2023/?fips=13|https://nces.ed.gov/ccd/|https://app3.doe.k12.ga.us/ows-bin/owa/main_pack_fcl099.entry_form,,stub
Dalton High School,130162000786,Dalton Public Schools,Dalton,GA,traditional,high,,(706)278-8757,,,,,,,,,,,,,https://educationdata.urban.org/api/v1/schools/ccd/directory/2023/?fips=13|https://nces.ed.gov/ccd/|https://app3.doe.k12.ga.us/ows-bin/owa/main_pack_fcl099.entry_form,,stub
Dalton Jr. High School,130162004419,Dalton Public Schools,Dalton,GA,traditional,other,,(706)876-4650,,,,,,,,,,,,,https://educationdata.urban.org/api/v1/schools/ccd/directory/2023/?fips=13|https://nces.ed.gov/ccd/|https://app3.doe.k12.ga.us/ows-bin/owa/main_pack_fcl099.entry_form,,stub
Hammond Creek Middle School,130162004421,Dalton Public Schools,Dalton,GA,traditional,middle,,(706)876-4660,,,,,,,,,,,,,https://educationdata.urban.org/api/v1/schools/ccd/directory/2023/?fips=13|https://nces.ed.gov/ccd/|https://app3.doe.k12.ga.us/ows-bin/owa/main_pack_fcl099.entry_form,,stub
Park Creek Elementary School,130162002458,Dalton Public Schools,Dalton,GA,traditional,elementary,,(706)428-7700,,,,,,,,,,,,,https://educationdata.urban.org/api/v1/schools/ccd/directory/2023/?fips=13|https://nces.ed.gov/ccd/|https://app3.doe.k12.ga.us/ows-bin/owa/main_pack_fcl099.entry_form,,stub
Roan Elementary School,130162000782,Dalton Public Schools,Dalton,GA,traditional,elementary,,(706)226-3225,,,,,,,,,,,,,https://educationdata.urban.org/api/v1/schools/ccd/directory/2023/?fips=13|https://nces.ed.gov/ccd/|https://app3.doe.k12.ga.us/ows-bin/owa/main_pack_fcl099.entry_form,,stub
The Dalton Academy,130162004422,Dalton Public Schools,Dalton,GA,traditional,high,,(706)876-4700,,,,,,,,,,,,,https://educationdata.urban.org/api/v1/schools/ccd/directory/2023/?fips=13|https://nces.ed.gov/ccd/|https://app3.doe.k12.ga.us/ows-bin/owa/main_pack_fcl099.entry_form,,stub
Westwood Elementary School,130162000788,Dalton Public Schools,Dalton,GA,traditional,elementary,,(706)278-2809,,,,,,,,,,,,,https://educationdata.urban.org/api/v1/schools/ccd/directory/2023/?fips=13|https://nces.ed.gov/ccd/|https://app3.doe.k12.ga.us/ows-bin/owa/main_pack_fcl099.entry_form,,stub
Black's Mill Elementary School,130165002254,Dawson County School System,Atlanta,GA,traditional,elementary,,(706)216-3300,,,,,,,,,,,,,https://educationdata.urban.org/api/v1/schools/ccd/directory/2023/?fips=13|https://nces.ed.gov/ccd/|https://app3.doe.k12.ga.us/ows-bin/owa/main_pack_fcl099.entry_form,,stub
Dawson County High School,130165002253,Dawson County School System,Atlanta,GA,traditional,high,https://dchs.dawsoncountyschools.org/,(706)265-6555,,Michael Negley,Principal,,(706)265-6555,,,,,,,,"dchs.dawsoncountyschools.org/our-school/faculty_and_staff FY2025-2026 Administrators (Negley, Michael PRINCIPAL); A Message from Principal Michael Negley page",2026-09-07,verified
Dawson County Junior High,130165003623,Dawson County School System,Atlanta,GA,traditional,other,,(706)265-3246,,,,,,,,,,,,,https://educationdata.urban.org/api/v1/schools/ccd/directory/2023/?fips=13|https://nces.ed.gov/ccd/|https://app3.doe.k12.ga.us/ows-bin/owa/main_pack_fcl099.entry_form,,stub
Dawson County Middle School,130165001952,Dawson County School System,Atlanta,GA,traditional,middle,,(706)216-4849,,,,,,,,,,,,,https://educationdata.urban.org/api/v1/schools/ccd/directory/2023/?fips=13|https://nces.ed.gov/ccd/|https://app3.doe.k12.ga.us/ows-bin/owa/main_pack_fcl099.entry_form,,stub
Kilough Elementary School,130165002536,Dawson County School System,Atlanta,GA,traditional,elementary,,(706)216-8595,,,,,,,,,,,,,https://educationdata.urban.org/api/v1/schools/ccd/directory/2023/?fips=13|https://nces.ed.gov/ccd/|https://app3.doe.k12.ga.us/ows-bin/owa/main_pack_fcl099.entry_form,,stub
Riverview Elementary School,130165004005,Dawson County School System,Atlanta,GA,traditional,elementary,,(706)265-3246,,,,,,,,,,,,,https://educationdata.urban.org/api/v1/schools/ccd/directory/2023/?fips=13|https://nces.ed.gov/ccd/|https://app3.doe.k12.ga.us/ows-bin/owa/main_pack_fcl099.entry_form,,stub
Robinson Elementary School,130165002030,Dawson County School System,Atlanta,GA,traditional,elementary,,(706)265-6544,,,,,,,,,,,,,https://educationdata.urban.org/api/v1/schools/ccd/directory/2023/?fips=13|https://nces.ed.gov/ccd/|https://app3.doe.k12.ga.us/ows-bin/owa/main_pack_fcl099.entry_form,,stub
Bainbridge High School,130171000612,Decatur County Schools,Bainbridge,GA,traditional,high,,(229)248-2230,,,,,,,,,,,,,https://educationdata.urban.org/api/v1/schools/ccd/directory/2023/?fips=13|https://nces.ed.gov/ccd/|https://app3.doe.k12.ga.us/ows-bin/owa/main_pack_fcl099.entry_form,,stub
Bainbridge Middle School,130171000614,Decatur County Schools,Bainbridge,GA,traditional,middle,,(229)248-2206,,,,,,,,,,,,,https://educationdata.urban.org/api/v1/schools/ccd/directory/2023/?fips=13|https://nces.ed.gov/ccd/|https://app3.doe.k12.ga.us/ows-bin/owa/main_pack_fcl099.entry_form,,stub
Hutto Elementary School,130171000613,Decatur County Schools,Bainbridge,GA,traditional,elementary,,(229)248-2224,,,,,,,,,,,,,https://educationdata.urban.org/api/v1/schools/ccd/directory/2023/?fips=13|https://nces.ed.gov/ccd/|https://app3.doe.k12.ga.us/ows-bin/owa/main_pack_fcl099.entry_form,,stub
Jones-Wheat Primary School,130171000619,Decatur County Schools,Bainbridge,GA,traditional,elementary,,(229)248-2218,,,,,,,,,,,,,https://educationdata.urban.org/api/v1/schools/ccd/directory/2023/?fips=13|https://nces.ed.gov/ccd/|https://app3.doe.k12.ga.us/ows-bin/owa/main_pack_fcl099.entry_form,,stub
New Beginning Learning Center,130171004170,Decatur County Schools,Bainbridge,GA,traditional,high,,(229)243-6827,,,,,,,,,,,,,https://educationdata.urban.org/api/v1/schools/ccd/directory/2023/?fips=13|https://nces.ed.gov/ccd/|https://app3.doe.k12.ga.us/ows-bin/owa/main_pack_fcl099.entry_form,,stub
West Bainbridge Primary School,130171000617,Decatur County Schools,Bainbridge,GA,traditional,elementary,,(229)248-2821,,,,,,,,,,,,,https://educationdata.urban.org/api/v1/schools/ccd/directory/2023/?fips=13|https://nces.ed.gov/ccd/|https://app3.doe.k12.ga.us/ows-bin/owa/main_pack_fcl099.entry_form,,stub
Allgood Elementary School,130174000667,DeKalb County School District,Atlanta,GA,traditional,elementary,,(678)676-5102,,,,,,,,,,,,,https://educationdata.urban.org/api/v1/schools/ccd/directory/2023/?fips=13|https://nces.ed.gov/ccd/|https://app3.doe.k12.ga.us/ows-bin/owa/main_pack_fcl099.entry_form,,stub
Arabia Mountain High School - Academy of Engineering- Medic,130174003915,DeKalb County School District,Atlanta,GA,traditional,high,https://arabiamtnhs.dekalb.k12.ga.us/,(678)875-3602,,Tanya Mason,Principal,TANYA_J_MASON@dekalbschoolsga.org,,,,,,,,,https://educationdata.urban.org/api/v1/schools/ccd/directory/2023/?fips=13|https://nces.ed.gov/ccd/|https://app3.doe.k12.ga.us/ows-bin/owa/main_pack_fcl099.entry_form|https://arabiamtnhs.dekalb.k12.ga.us/Administration.aspx|https://arabiamtnhs.dekalb.k12.ga.us/Staff.aspx,2026-09-07,verified
Ashford Park Elementary School,130174000729,DeKalb County School District,Atlanta,GA,traditional,elementary,,(678)676-6702,,,,,,,,,,,,,https://educationdata.urban.org/api/v1/schools/ccd/directory/2023/?fips=13|https://nces.ed.gov/ccd/|https://app3.doe.k12.ga.us/ows-bin/owa/main_pack_fcl099.entry_form,,stub
Austin Elementary School,130174000637,DeKalb County School District,Atlanta,GA,traditional,elementary,,(678)874-8102,,,,,,,,,,,,,https://educationdata.urban.org/api/v1/schools/ccd/directory/2023/?fips=13|https://nces.ed.gov/ccd/|https://app3.doe.k12.ga.us/ows-bin/owa/main_pack_fcl099.entry_form,,stub
Avondale Elementary School,130174000694,DeKalb County School District,Atlanta,GA,traditional,elementary,,(678)676-5202,,,,,,,,,,,,,https://educationdata.urban.org/api/v1/schools/ccd/directory/2023/?fips=13|https://nces.ed.gov/ccd/|https://app3.doe.k12.ga.us/ows-bin/owa/main_pack_fcl099.entry_form,,stub
Barack H. Obama Elementary Magnet School of Technology,130174004248,DeKalb County School District,Atlanta,GA,traditional,elementary,,(678)874-4402,,,,,,,,,,,,,https://educationdata.urban.org/api/v1/schools/ccd/directory/2023/?fips=13|https://nces.ed.gov/ccd/|https://app3.doe.k12.ga.us/ows-bin/owa/main_pack_fcl099.entry_form,,stub
Bob Mathis Elementary School,130174000640,DeKalb County School District,Atlanta,GA,traditional,elementary,,(678)874-5802,,,,,,,,,,,,,https://educationdata.urban.org/api/v1/schools/ccd/directory/2023/?fips=13|https://nces.ed.gov/ccd/|https://app3.doe.k12.ga.us/ows-bin/owa/main_pack_fcl099.entry_form,,stub
Briar Vista Elementary School,130174000710,DeKalb County School District,Atlanta,GA,traditional,elementary,,(678)874-5902,,,,,,,,,,,,,https://educationdata.urban.org/api/v1/schools/ccd/directory/2023/?fips=13|https://nces.ed.gov/ccd/|https://app3.doe.k12.ga.us/ows-bin/owa/main_pack_fcl099.entry_form,,stub
Briarlake Elementary School,130174000728,DeKalb County School District,Atlanta,GA,traditional,elementary,,(678)874-2502,,,,,,,,,,,,,https://educationdata.urban.org/api/v1/schools/ccd/directory/2023/?fips=13|https://nces.ed.gov/ccd/|https://app3.doe.k12.ga.us/ows-bin/owa/main_pack_fcl099.entry_form,,stub
Brockett Elementary School,130174000654,DeKalb County School District,Atlanta,GA,traditional,elementary,,(678)874-2602,,,,,,,,,,,,,https://educationdata.urban.org/api/v1/schools/ccd/directory/2023/?fips=13|https://nces.ed.gov/ccd/|https://app3.doe.k12.ga.us/ows-bin/owa/main_pack_fcl099.entry_form,,stub
Browns Mill Elementary School,130174002112,DeKalb County School District,Atlanta,GA,traditional,elementary,,(678)676-8302,,,,,,,,,,,,,https://educationdata.urban.org/api/v1/schools/ccd/directory/2023/?fips=13|https://nces.ed.gov/ccd/|https://app3.doe.k12.ga.us/ows-bin/owa/main_pack_fcl099.entry_form,,stub
Canby Lane Elementary School,130174000727,DeKalb County School District,Atlanta,GA,traditional,elementary,,(678)874-0602,,,,,,,,,,,,,https://educationdata.urban.org/api/v1/schools/ccd/directory/2023/?fips=13|https://nces.ed.gov/ccd/|https://app3.doe.k12.ga.us/ows-bin/owa/main_pack_fcl099.entry_form,,stub
Cary Reynolds Elementary School,130174000734,DeKalb County School District,Atlanta,GA,traditional,elementary,,(678)676-6802,,,,,,,,,,,,,https://educationdata.urban.org/api/v1/schools/ccd/directory/2023/?fips=13|https://nces.ed.gov/ccd/|https://app3.doe.k12.ga.us/ows-bin/owa/main_pack_fcl099.entry_form,,stub
Cedar Grove Elementary School,130174000645,DeKalb County School District,Atlanta,GA,traditional,elementary,,(678)874-3902,,,,,,,,,,,,,https://educationdata.urban.org/api/v1/schools/ccd/directory/2023/?fips=13|https://nces.ed.gov/ccd/|https://app3.doe.k12.ga.us/ows-bin/owa/main_pack_fcl099.entry_form,,stub
Cedar Grove High School,130174000639,DeKalb County School District,Atlanta,GA,traditional,high,https://www.cedargrovehs.dekalb.k12.ga.us/,(678)874-4002,,Dr. Reginald Griffin,Principal,Reginald_J_Griffin@dekalbschoolsga.org,(678) 874-4160,,,,,,,,https://educationdata.urban.org/api/v1/schools/ccd/directory/2023/?fips=13|https://nces.ed.gov/ccd/|https://app3.doe.k12.ga.us/ows-bin/owa/main_pack_fcl099.entry_form|https://www.cedargrovehs.dekalb.k12.ga.us/Administration.aspx|https://www.cedargrovehs.dekalb.k12.ga.us/Staff.aspx,2026-09-07,verified
Cedar Grove Middle School,130174002310,DeKalb County School District,Atlanta,GA,traditional,middle,,(678)874-4202,,,,,,,,,,,,,https://educationdata.urban.org/api/v1/schools/ccd/directory/2023/?fips=13|https://nces.ed.gov/ccd/|https://app3.doe.k12.ga.us/ows-bin/owa/main_pack_fcl099.entry_form,,stub
Chamblee High School,130174000692,DeKalb County School District,Atlanta,GA,traditional,high,https://www.chambleehs.dekalb.k12.ga.us/,(678)676-6902,,Gail Barnes,Principal (HS),gail_barnes@dekalbschoolsga.org,,,,,,,,,https://educationdata.urban.org/api/v1/schools/ccd/directory/2023/?fips=13|https://nces.ed.gov/ccd/|https://app3.doe.k12.ga.us/ows-bin/owa/main_pack_fcl099.entry_form|https://www.chambleehs.dekalb.k12.ga.us/Administration.aspx|https://www.chambleehs.dekalb.k12.ga.us/Staff.aspx,2026-09-07,verified
Chamblee Middle School,130174003336,DeKalb County School District,Atlanta,GA,traditional,middle,,(678)874-8202,,,,,,,,,,,,,https://educationdata.urban.org/api/v1/schools/ccd/directory/2023/?fips=13|https://nces.ed.gov/ccd/|https://app3.doe.k12.ga.us/ows-bin/owa/main_pack_fcl099.entry_form,,stub
Chapel Hill Elementary School,130174000653,DeKalb County School District,Atlanta,GA,traditional,elementary,,(678)676-8402,,,,,,,,,,,,,https://educationdata.urban.org/api/v1/schools/ccd/directory/2023/?fips=13|https://nces.ed.gov/ccd/|https://app3.doe.k12.ga.us/ows-bin/owa/main_pack_fcl099.entry_form,,stub
Chapel Hill Middle School,130174000083,DeKalb County School District,Atlanta,GA,traditional,middle,,(678)676-8502,,,,,,,,,,,,,https://educationdata.urban.org/api/v1/schools/ccd/directory/2023/?fips=13|https://nces.ed.gov/ccd/|https://app3.doe.k12.ga.us/ows-bin/owa/main_pack_fcl099.entry_form,,stub
Chesnut Elementary School,130174000724,DeKalb County School District,Atlanta,GA,traditional,elementary,,(678)676-7102,,,,,,,,,,,,,https://educationdata.urban.org/api/v1/schools/ccd/directory/2023/?fips=13|https://nces.ed.gov/ccd/|https://app3.doe.k12.ga.us/ows-bin/owa/main_pack_fcl099.entry_form,,stub
Clarkston High School,130174000708,DeKalb County School District,Atlanta,GA,traditional,high,https://www.clarkstonhs.dekalb.k12.ga.us/,(678)676-5302,,Shavonne Charles,Principal,shavonne_charles@dekalbschoolsga.org,,,,,,,,,https://educationdata.urban.org/api/v1/schools/ccd/directory/2023/?fips=13|https://nces.ed.gov/ccd/|https://app3.doe.k12.ga.us/ows-bin/owa/main_pack_fcl099.entry_form|https://www.clarkstonhs.dekalb.k12.ga.us/Administration.aspx|https://www.clarkstonhs.dekalb.k12.ga.us/Staff.aspx,2026-09-07,verified
Columbia Elementary School,130174000652,DeKalb County School District,Atlanta,GA,traditional,elementary,,(678)874-0702,,,,,,,,,,,,,https://educationdata.urban.org/api/v1/schools/ccd/directory/2023/?fips=13|https://nces.ed.gov/ccd/|https://app3.doe.k12.ga.us/ows-bin/owa/main_pack_fcl099.entry_form,,stub
Columbia High School,130174000666,DeKalb County School District,Atlanta,GA,traditional,high,https://columbiahs.dekalb.k12.ga.us/,(678)874-0802,,Pammy Darden,Principal,pammy_darden@dekalbschoolsga.org,,,,,,,,,https://educationdata.urban.org/api/v1/schools/ccd/directory/2023/?fips=13|https://nces.ed.gov/ccd/|https://app3.doe.k12.ga.us/ows-bin/owa/main_pack_fcl099.entry_form|https://columbiahs.dekalb.k12.ga.us/Administration.aspx|https://columbiahs.dekalb.k12.ga.us/Staff.aspx,2026-09-07,verified
Columbia Middle School,130174002480,DeKalb County School District,Atlanta,GA,traditional,middle,,(678)875-0502,,,,,,,,,,,,,https://educationdata.urban.org/api/v1/schools/ccd/directory/2023/?fips=13|https://nces.ed.gov/ccd/|https://app3.doe.k12.ga.us/ows-bin/owa/main_pack_fcl099.entry_form,,stub
Coralwood Education Center,130174000635,DeKalb County School District,Atlanta,GA,traditional,elementary,,(678)874-6002,,,,,,,,,,,,,https://educationdata.urban.org/api/v1/schools/ccd/directory/2023/?fips=13|https://nces.ed.gov/ccd/|https://app3.doe.k12.ga.us/ows-bin/owa/main_pack_fcl099.entry_form,,stub
Cross Keys High School,130174000707,DeKalb County School District,Atlanta,GA,traditional,high,https://crosskeyshs.dekalb.k12.ga.us/,(678)874-6102,,Roberta Gibson,Principal,roberta_gibson@dekalbschoolsga.org,,,,,,,,,https://educationdata.urban.org/api/v1/schools/ccd/directory/2023/?fips=13|https://nces.ed.gov/ccd/|https://app3.doe.k12.ga.us/ows-bin/owa/main_pack_fcl099.entry_form|https://crosskeyshs.dekalb.k12.ga.us/Administration.aspx|https://crosskeyshs.dekalb.k12.ga.us/Staff.aspx,2026-09-07,verified
DeKalb Agriculture Technology and Environment School,130174003955,DeKalb County School District,Atlanta,GA,traditional,elementary,,(770)484-5865,,,,,,,,,,,,,https://educationdata.urban.org/api/v1/schools/ccd/directory/2023/?fips=13|https://nces.ed.gov/ccd/|https://app3.doe.k12.ga.us/ows-bin/owa/main_pack_fcl099.entry_form,,stub
DeKalb Alternative School,130174002313,DeKalb County School District,Atlanta,GA,traditional,other,,(678)676-2302,,,,,,,,,,,,,https://educationdata.urban.org/api/v1/schools/ccd/directory/2023/?fips=13|https://nces.ed.gov/ccd/|https://app3.doe.k12.ga.us/ows-bin/owa/main_pack_fcl099.entry_form,,stub
Dekalb Early College Academy,130174003708,DeKalb County School District,Atlanta,GA,traditional,high,https://www.deca.dekalb.k12.ga.us/,(678)676-0221,,Edward Conner,Principal,Edward_L_Conner@dekalbschoolsga.org,,,,,,,,,https://educationdata.urban.org/api/v1/schools/ccd/directory/2023/?fips=13|https://nces.ed.gov/ccd/|https://app3.doe.k12.ga.us/ows-bin/owa/main_pack_fcl099.entry_form|https://www.deca.dekalb.k12.ga.us/Administration.aspx|https://www.deca.dekalb.k12.ga.us/Staff.aspx,2026-09-07,verified
DeKalb Elementary School of the Arts,130174000656,DeKalb County School District,Atlanta,GA,traditional,elementary,,(678)874-1302,,,,,,,,,,,,,https://educationdata.urban.org/api/v1/schools/ccd/directory/2023/?fips=13|https://nces.ed.gov/ccd/|https://app3.doe.k12.ga.us/ows-bin/owa/main_pack_fcl099.entry_form,,stub
DeKalb PATH Academy Charter School,130174003339,DeKalb County School District,Atlanta,GA,traditional,middle,,(404)846-3242,,,,,,,,,,,,,https://educationdata.urban.org/api/v1/schools/ccd/directory/2023/?fips=13|https://nces.ed.gov/ccd/|https://app3.doe.k12.ga.us/ows-bin/owa/main_pack_fcl099.entry_form,,stub
DeKalb Preparatory Academy Charter,130174004071,DeKalb County School District,Atlanta,GA,traditional,elementary,,(404)492-5061,,,,,,,,,,,,,https://educationdata.urban.org/api/v1/schools/ccd/directory/2023/?fips=13|https://nces.ed.gov/ccd/|https://app3.doe.k12.ga.us/ows-bin/owa/main_pack_fcl099.entry_form,,stub
DeKalb School of the Arts,130174003884,DeKalb County School District,Atlanta,GA,traditional,high,https://dsa.dekalb.k12.ga.us/,(678)676-2502,,Keith Jones,Principal,keith_a_jones@dekalbschoolsga.org,,,,,,,,,https://educationdata.urban.org/api/v1/schools/ccd/directory/2023/?fips=13|https://nces.ed.gov/ccd/|https://app3.doe.k12.ga.us/ows-bin/owa/main_pack_fcl099.entry_form|https://dsa.dekalb.k12.ga.us/Administration.aspx|https://dsa.dekalb.k12.ga.us/Staff.aspx,2026-09-07,verified
Doraville United Elementary School,130174004403,DeKalb County School District,Atlanta,GA,traditional,elementary,,(404)202-0093,,,,,,,,,,,,,https://educationdata.urban.org/api/v1/schools/ccd/directory/2023/?fips=13|https://nces.ed.gov/ccd/|https://app3.doe.k12.ga.us/ows-bin/owa/main_pack_fcl099.entry_form,,stub
Dresden Elementary School,130174000651,DeKalb County School District,Atlanta,GA,traditional,elementary,,(678)676-7202,,,,,,,,,,,,,https://educationdata.urban.org/api/v1/schools/ccd/directory/2023/?fips=13|https://nces.ed.gov/ccd/|https://app3.doe.k12.ga.us/ows-bin/owa/main_pack_fcl099.entry_form,,stub
Druid Hills High School,130174000665,DeKalb County School District,Atlanta,GA,traditional,high,https://druidhillshs.dekalb.k12.ga.us/,(678)874-6302,,Michael Costa,Principal,michael_costa@dekalbschoolsga.org,,,,,,,,,https://educationdata.urban.org/api/v1/schools/ccd/directory/2023/?fips=13|https://nces.ed.gov/ccd/|https://app3.doe.k12.ga.us/ows-bin/owa/main_pack_fcl099.entry_form|https://druidhillshs.dekalb.k12.ga.us/Administration.aspx|https://druidhillshs.dekalb.k12.ga.us/Staff.aspx,2026-09-07,verified
Druid Hills Middle School,130174001589,DeKalb County School District,Atlanta,GA,traditional,middle,,(678)874-7602,,,,,,,,,,,,,https://educationdata.urban.org/api/v1/schools/ccd/directory/2023/?fips=13|https://nces.ed.gov/ccd/|https://app3.doe.k12.ga.us/ows-bin/owa/main_pack_fcl099.entry_form,,stub
Dunaire Elementary School,130174000726,DeKalb County School District,Atlanta,GA,traditional,elementary,,(678)676-5502,,,,,,,,,,,,,https://educationdata.urban.org/api/v1/schools/ccd/directory/2023/?fips=13|https://nces.ed.gov/ccd/|https://app3.doe.k12.ga.us/ows-bin/owa/main_pack_fcl099.entry_form,,stub
Dunwoody Elementary School,130174003914,DeKalb County School District,Atlanta,GA,traditional,elementary,,(678)875-4002,,,,,,,,,,,,,https://educationdata.urban.org/api/v1/schools/ccd/directory/2023/?fips=13|https://nces.ed.gov/ccd/|https://app3.doe.k12.ga.us/ows-bin/owa/main_pack_fcl099.entry_form,,stub
Dunwoody High School,130174000690,DeKalb County School District,Atlanta,GA,traditional,high,https://www.dunwoodyhs.dekalb.k12.ga.us/,(678)874-8502,,Tom Bass,Principal,thomas_bass@dekalbschoolsga.org,,,,,,,,,https://educationdata.urban.org/api/v1/schools/ccd/directory/2023/?fips=13|https://nces.ed.gov/ccd/|https://app3.doe.k12.ga.us/ows-bin/owa/main_pack_fcl099.entry_form|https://www.dunwoodyhs.dekalb.k12.ga.us/Administration.aspx|https://www.dunwoodyhs.dekalb.k12.ga.us/Staff.aspx,2026-09-07,verified
East DeKalb Special Education Center,130174002642,DeKalb County School District,Atlanta,GA,traditional,other,,(678)676-1890,,,,,,,,,,,,,https://educationdata.urban.org/api/v1/schools/ccd/directory/2023/?fips=13|https://nces.ed.gov/ccd/|https://app3.doe.k12.ga.us/ows-bin/owa/main_pack_fcl099.entry_form,,stub
Edward L. Bouie- Sr. Elementary School,130174001531,DeKalb County School District,Atlanta,GA,traditional,elementary,,(678)676-8202,,,,,,,,,,,,,https://educationdata.urban.org/api/v1/schools/ccd/directory/2023/?fips=13|https://nces.ed.gov/ccd/|https://app3.doe.k12.ga.us/ows-bin/owa/main_pack_fcl099.entry_form,,stub
Eldridge L. Miller Elementary School,130174001862,DeKalb County School District,Atlanta,GA,traditional,elementary,,(678)676-3302,,,,,,,,,,,,,https://educationdata.urban.org/api/v1/schools/ccd/directory/2023/?fips=13|https://nces.ed.gov/ccd/|https://app3.doe.k12.ga.us/ows-bin/owa/main_pack_fcl099.entry_form,,stub
Elizabeth Andrews High School,130174003921,DeKalb County School District,Atlanta,GA,traditional,high,https://www.andrewshs.dekalb.k12.ga.us/,(678)676-2602,,Dr. Angelia Major,"Principal, HS",angelia_major@dekalbschoolsga.org,,,,,,,,,https://educationdata.urban.org/api/v1/schools/ccd/directory/2023/?fips=13|https://nces.ed.gov/ccd/|https://app3.doe.k12.ga.us/ows-bin/owa/main_pack_fcl099.entry_form|https://www.andrewshs.dekalb.k12.ga.us/Administration.aspx|https://www.andrewshs.dekalb.k12.ga.us/Staff.aspx,2026-09-07,verified
Evansdale Elementary School,130174000650,DeKalb County School District,Atlanta,GA,traditional,elementary,,(678)874-2702,,,,,,,,,,,,,https://educationdata.urban.org/api/v1/schools/ccd/directory/2023/?fips=13|https://nces.ed.gov/ccd/|https://app3.doe.k12.ga.us/ows-bin/owa/main_pack_fcl099.entry_form,,stub
Fairington Elementary School,130174000642,DeKalb County School District,Atlanta,GA,traditional,elementary,,(678)676-8702,,,,,,,,,,,,,https://educationdata.urban.org/api/v1/schools/ccd/directory/2023/?fips=13|https://nces.ed.gov/ccd/|https://app3.doe.k12.ga.us/ows-bin/owa/main_pack_fcl099.entry_form,,stub
Fernbank Elementary School,130174000664,DeKalb County School District,Atlanta,GA,traditional,elementary,,(678)874-9302,,,,,,,,,,,,,https://educationdata.urban.org/api/v1/schools/ccd/directory/2023/?fips=13|https://nces.ed.gov/ccd/|https://app3.doe.k12.ga.us/ows-bin/owa/main_pack_fcl099.entry_form,,stub
Flat Rock Elementary School,130174003634,DeKalb County School District,Atlanta,GA,traditional,elementary,,(678)875-3202,,,,,,,,,,,,,https://educationdata.urban.org/api/v1/schools/ccd/directory/2023/?fips=13|https://nces.ed.gov/ccd/|https://app3.doe.k12.ga.us/ows-bin/owa/main_pack_fcl099.entry_form,,stub
Flat Shoals Elementary School,130174000725,DeKalb County School District,Atlanta,GA,traditional,elementary,,(678)874-4602,,,,,,,,,,,,,https://educationdata.urban.org/api/v1/schools/ccd/directory/2023/?fips=13|https://nces.ed.gov/ccd/|https://app3.doe.k12.ga.us/ows-bin/owa/main_pack_fcl099.entry_form,,stub
Freedom Middle School,130174002370,DeKalb County School District,Atlanta,GA,traditional,middle,,(678)874-8702,,,,,,,,,,,,,https://educationdata.urban.org/api/v1/schools/ccd/directory/2023/?fips=13|https://nces.ed.gov/ccd/|https://app3.doe.k12.ga.us/ows-bin/owa/main_pack_fcl099.entry_form,,stub
GLOBE Academy Charter School I,130174004142,DeKalb County School District,Atlanta,GA,traditional,elementary,,(404)867-6183,,,,,,,,,,,,,https://educationdata.urban.org/api/v1/schools/ccd/directory/2023/?fips=13|https://nces.ed.gov/ccd/|https://app3.doe.k12.ga.us/ows-bin/owa/main_pack_fcl099.entry_form,,stub
Hambrick Elementary School,130174000723,DeKalb County School District,Atlanta,GA,traditional,elementary,,(678)676-5602,,,,,,,,,,,,,https://educationdata.urban.org/api/v1/schools/ccd/directory/2023/?fips=13|https://nces.ed.gov/ccd/|https://app3.doe.k12.ga.us/ows-bin/owa/main_pack_fcl099.entry_form,,stub
Hawthorne Elementary School,130174000688,DeKalb County School District,Atlanta,GA,traditional,elementary,,(678)874-2802,,,,,,,,,,,,,https://educationdata.urban.org/api/v1/schools/ccd/directory/2023/?fips=13|https://nces.ed.gov/ccd/|https://app3.doe.k12.ga.us/ows-bin/owa/main_pack_fcl099.entry_form,,stub
Henderson Middle School,130174001586,DeKalb County School District,Atlanta,GA,traditional,middle,,(678)874-2902,,,,,,,,,,,,,https://educationdata.urban.org/api/v1/schools/ccd/directory/2023/?fips=13|https://nces.ed.gov/ccd/|https://app3.doe.k12.ga.us/ows-bin/owa/main_pack_fcl099.entry_form,,stub
Henderson Mill Elementary School,130174000741,DeKalb County School District,Atlanta,GA,traditional,elementary,,(678)874-3102,,,,,,,,,,,,,https://educationdata.urban.org/api/v1/schools/ccd/directory/2023/?fips=13|https://nces.ed.gov/ccd/|https://app3.doe.k12.ga.us/ows-bin/owa/main_pack_fcl099.entry_form,,stub
Hightower Elementary School,130174000704,DeKalb County School District,Atlanta,GA,traditional,elementary,,(678)676-7302,,,,,,,,,,,,,https://educationdata.urban.org/api/v1/schools/ccd/directory/2023/?fips=13|https://nces.ed.gov/ccd/|https://app3.doe.k12.ga.us/ows-bin/owa/main_pack_fcl099.entry_form,,stub
Huntley Hills Elementary School,130174000687,DeKalb County School District,Atlanta,GA,traditional,elementary,,(678)676-7402,,,,,,,,,,,,,https://educationdata.urban.org/api/v1/schools/ccd/directory/2023/?fips=13|https://nces.ed.gov/ccd/|https://app3.doe.k12.ga.us/ows-bin/owa/main_pack_fcl099.entry_form,,stub
Idlewood Elementary School,130174000678,DeKalb County School District,Atlanta,GA,traditional,elementary,,(678)874-3202,,,,,,,,,,,,,https://educationdata.urban.org/api/v1/schools/ccd/directory/2023/?fips=13|https://nces.ed.gov/ccd/|https://app3.doe.k12.ga.us/ows-bin/owa/main_pack_fcl099.entry_form,,stub
Indian Creek Elementary School,130174000740,DeKalb County School District,Atlanta,GA,traditional,elementary,,(678)676-5702,,,,,,,,,,,,,https://educationdata.urban.org/api/v1/schools/ccd/directory/2023/?fips=13|https://nces.ed.gov/ccd/|https://app3.doe.k12.ga.us/ows-bin/owa/main_pack_fcl099.entry_form,,stub
International Community School,130174002538,DeKalb County School District,Atlanta,GA,traditional,elementary,,(404)499-8969,,,,,,,,,,,,,https://educationdata.urban.org/api/v1/schools/ccd/directory/2023/?fips=13|https://nces.ed.gov/ccd/|https://app3.doe.k12.ga.us/ows-bin/owa/main_pack_fcl099.entry_form,,stub
John Robert Lewis Elementary School,130174004362,DeKalb County School District,Atlanta,GA,traditional,elementary,,(678)874-1502,,,,,,,,,,,,,https://educationdata.urban.org/api/v1/schools/ccd/directory/2023/?fips=13|https://nces.ed.gov/ccd/|https://app3.doe.k12.ga.us/ows-bin/owa/main_pack_fcl099.entry_form,,stub
Jolly Elementary School,130174000722,DeKalb County School District,Atlanta,GA,traditional,elementary,,(678)676-5802,,,,,,,,,,,,,https://educationdata.urban.org/api/v1/schools/ccd/directory/2023/?fips=13|https://nces.ed.gov/ccd/|https://app3.doe.k12.ga.us/ows-bin/owa/main_pack_fcl099.entry_form,,stub
Kelley Lake Elementary School,130174000703,DeKalb County School District,Atlanta,GA,traditional,elementary,,(678)874-4802,,,,,,,,,,,,,https://educationdata.urban.org/api/v1/schools/ccd/directory/2023/?fips=13|https://nces.ed.gov/ccd/|https://app3.doe.k12.ga.us/ows-bin/owa/main_pack_fcl099.entry_form,,stub
Kingsley Elementary School,130174000684,DeKalb County School District,Atlanta,GA,traditional,elementary,,(678)874-8902,,,,,,,,,,,,,https://educationdata.urban.org/api/v1/schools/ccd/directory/2023/?fips=13|https://nces.ed.gov/ccd/|https://app3.doe.k12.ga.us/ows-bin/owa/main_pack_fcl099.entry_form,,stub
Kittredge Magnet School,130174001999,DeKalb County School District,Atlanta,GA,traditional,middle,,(678)874-6602,,,,,,,,,,,,,https://educationdata.urban.org/api/v1/schools/ccd/directory/2023/?fips=13|https://nces.ed.gov/ccd/|https://app3.doe.k12.ga.us/ows-bin/owa/main_pack_fcl099.entry_form,,stub
Lakeside High School,130174000721,DeKalb County School District,Atlanta,GA,traditional,high,https://www.lakesidehs.dekalb.k12.ga.us/,(678)874-6702,,Dr. Susan Stoddard,Principal,susan_stoddard@dekalbschoolsga.org,(678) 874-6749,,,,,,,,https://educationdata.urban.org/api/v1/schools/ccd/directory/2023/?fips=13|https://nces.ed.gov/ccd/|https://app3.doe.k12.ga.us/ows-bin/owa/main_pack_fcl099.entry_form|https://www.lakesidehs.dekalb.k12.ga.us/Administration.aspx|https://www.lakesidehs.dekalb.k12.ga.us/Staff.aspx,2026-09-07,verified
Laurel Ridge Elementary School,130174000700,DeKalb County School District,Atlanta,GA,traditional,elementary,,(678)874-6902,,,,,,,,,,,,,https://educationdata.urban.org/api/v1/schools/ccd/directory/2023/?fips=13|https://nces.ed.gov/ccd/|https://app3.doe.k12.ga.us/ows-bin/owa/main_pack_fcl099.entry_form,,stub
Leadership Preparatory Academy,130174004006,DeKalb County School District,Atlanta,GA,traditional,elementary,,(404)656-3103,,,,,,,,,,,,,https://educationdata.urban.org/api/v1/schools/ccd/directory/2023/?fips=13|https://nces.ed.gov/ccd/|https://app3.doe.k12.ga.us/ows-bin/owa/main_pack_fcl099.entry_form,,stub
Lithonia High School,130174002537,DeKalb County School District,Atlanta,GA,traditional,high,https://www.lithoniahs.dekalb.k12.ga.us/,(678)676-2902,,Dr. Mulanta Wilkins,Principal,mulanta_clark@dekalbschoolsga.org,,,,,,,,,https://educationdata.urban.org/api/v1/schools/ccd/directory/2023/?fips=13|https://nces.ed.gov/ccd/|https://app3.doe.k12.ga.us/ows-bin/owa/main_pack_fcl099.entry_form|https://www.lithoniahs.dekalb.k12.ga.us/Administration.aspx|https://www.lithoniahs.dekalb.k12.ga.us/Staff.aspx,2026-09-07,verified
Lithonia Middle School,130174002858,DeKalb County School District,Atlanta,GA,traditional,middle,,(678)875-0702,,,,,,,,,,,,,https://educationdata.urban.org/api/v1/schools/ccd/directory/2023/?fips=13|https://nces.ed.gov/ccd/|https://app3.doe.k12.ga.us/ows-bin/owa/main_pack_fcl099.entry_form,,stub
Livsey Elementary School,130174000677,DeKalb County School District,Atlanta,GA,traditional,elementary,,(678)874-3302,,,,,,,,,,,,,https://educationdata.urban.org/api/v1/schools/ccd/directory/2023/?fips=13|https://nces.ed.gov/ccd/|https://app3.doe.k12.ga.us/ows-bin/owa/main_pack_fcl099.entry_form,,stub
Marbut Elementary School,130174001521,DeKalb County School District,Atlanta,GA,traditional,elementary,,(678)676-8802,,,,,,,,,,,,,https://educationdata.urban.org/api/v1/schools/ccd/directory/2023/?fips=13|https://nces.ed.gov/ccd/|https://app3.doe.k12.ga.us/ows-bin/owa/main_pack_fcl099.entry_form,,stub
Margaret Harris Comprehensive School,130174003868,DeKalb County School District,Atlanta,GA,traditional,other,,(678)874-7002,,,,,,,,,,,,,https://educationdata.urban.org/api/v1/schools/ccd/directory/2023/?fips=13|https://nces.ed.gov/ccd/|https://app3.doe.k12.ga.us/ows-bin/owa/main_pack_fcl099.entry_form,,stub
Martin Luther King- Jr. High School,130174002479,DeKalb County School District,Atlanta,GA,traditional,high,https://www.mlkinghs.dekalb.k12.ga.us/,(678)874-5402,,Michael Alexander,Principal,michael_alexander@dekalbschoolsga.org,,,,,,,,,https://educationdata.urban.org/api/v1/schools/ccd/directory/2023/?fips=13|https://nces.ed.gov/ccd/|https://app3.doe.k12.ga.us/ows-bin/owa/main_pack_fcl099.entry_form|https://www.mlkinghs.dekalb.k12.ga.us/Administration.aspx|https://www.mlkinghs.dekalb.k12.ga.us/Staff.aspx,2026-09-07,verified
Mary McLeod Bethune Middle School,130174002482,DeKalb County School District,Atlanta,GA,traditional,middle,,(678)875-0302,,,,,,,,,,,,,https://educationdata.urban.org/api/v1/schools/ccd/directory/2023/?fips=13|https://nces.ed.gov/ccd/|https://app3.doe.k12.ga.us/ows-bin/owa/main_pack_fcl099.entry_form,,stub
McLendon Elementary School,130174000738,DeKalb County School District,Atlanta,GA,traditional,elementary,,(678)676-5902,,,,,,,,,,,,,https://educationdata.urban.org/api/v1/schools/ccd/directory/2023/?fips=13|https://nces.ed.gov/ccd/|https://app3.doe.k12.ga.us/ows-bin/owa/main_pack_fcl099.entry_form,,stub
McNair High School,130174000712,DeKalb County School District,Atlanta,GA,traditional,high,https://www.mcnairhs.dekalb.k12.ga.us/,(678)874-4902,,Harold Walker,Principal,Harold_Walker@dekalbschoolsga.org,,,,,,,,,https://educationdata.urban.org/api/v1/schools/ccd/directory/2023/?fips=13|https://nces.ed.gov/ccd/|https://app3.doe.k12.ga.us/ows-bin/owa/main_pack_fcl099.entry_form|https://www.mcnairhs.dekalb.k12.ga.us/Administration.aspx|https://www.mcnairhs.dekalb.k12.ga.us/Staff.aspx,2026-09-07,verified
McNair Middle School,130174000649,DeKalb County School District,Atlanta,GA,traditional,middle,,(678)874-5102,,,,,,,,,,,,,https://educationdata.urban.org/api/v1/schools/ccd/directory/2023/?fips=13|https://nces.ed.gov/ccd/|https://app3.doe.k12.ga.us/ows-bin/owa/main_pack_fcl099.entry_form,,stub
Midvale Elementary School,130174000737,DeKalb County School District,Atlanta,GA,traditional,elementary,,(678)874-3402,,,,,,,,,,,,,https://educationdata.urban.org/api/v1/schools/ccd/directory/2023/?fips=13|https://nces.ed.gov/ccd/|https://app3.doe.k12.ga.us/ows-bin/owa/main_pack_fcl099.entry_form,,stub
Miller Grove High School,130174003332,DeKalb County School District,Atlanta,GA,traditional,high,https://www.millergrovehs.dekalb.k12.ga.us/,(678)875-1102,,John April,Principal (HS),John_April@dekalbschoolsga.org,,,,,,,,,https://educationdata.urban.org/api/v1/schools/ccd/directory/2023/?fips=13|https://nces.ed.gov/ccd/|https://app3.doe.k12.ga.us/ows-bin/owa/main_pack_fcl099.entry_form|https://www.millergrovehs.dekalb.k12.ga.us/Administration.aspx|https://www.millergrovehs.dekalb.k12.ga.us/Staff.aspx,2026-09-07,verified
Miller Grove Middle School,130174001568,DeKalb County School District,Atlanta,GA,traditional,middle,,(678)676-8902,,,,,,,,,,,,,https://educationdata.urban.org/api/v1/schools/ccd/directory/2023/?fips=13|https://nces.ed.gov/ccd/|https://app3.doe.k12.ga.us/ows-bin/owa/main_pack_fcl099.entry_form,,stub
Montclair Elementary School,130174000702,DeKalb County School District,Atlanta,GA,traditional,elementary,,(678)874-7302,,,,,,,,,,,,,https://educationdata.urban.org/api/v1/schools/ccd/directory/2023/?fips=13|https://nces.ed.gov/ccd/|https://app3.doe.k12.ga.us/ows-bin/owa/main_pack_fcl099.entry_form,,stub
Montgomery Elementary School,130174000682,DeKalb County School District,Atlanta,GA,traditional,elementary,,(678)676-7502,,,,,,,,,,,,,https://educationdata.urban.org/api/v1/schools/ccd/directory/2023/?fips=13|https://nces.ed.gov/ccd/|https://app3.doe.k12.ga.us/ows-bin/owa/main_pack_fcl099.entry_form,,stub
Murphey Candler Elementary School,130174000709,DeKalb County School District,Atlanta,GA,traditional,elementary,,(678)676-9102,,,,,,,,,,,,,https://educationdata.urban.org/api/v1/schools/ccd/directory/2023/?fips=13|https://nces.ed.gov/ccd/|https://app3.doe.k12.ga.us/ows-bin/owa/main_pack_fcl099.entry_form,,stub
Museum School Avondale Estates,130174004039,DeKalb County School District,Atlanta,GA,traditional,elementary,,(404)292-9760,,,,,,,,,,,,,https://educationdata.urban.org/api/v1/schools/ccd/directory/2023/?fips=13|https://nces.ed.gov/ccd/|https://app3.doe.k12.ga.us/ows-bin/owa/main_pack_fcl099.entry_form,,stub
Narvie Harris Elementary School,130174002308,DeKalb County School District,Atlanta,GA,traditional,elementary,,(678)676-9202,,,,,,,,,,,,,https://educationdata.urban.org/api/v1/schools/ccd/directory/2023/?fips=13|https://nces.ed.gov/ccd/|https://app3.doe.k12.ga.us/ows-bin/owa/main_pack_fcl099.entry_form,,stub
Oak Grove Elementary School,130174000714,DeKalb County School District,Atlanta,GA,traditional,elementary,,(678)874-7402,,,,,,,,,,,,,https://educationdata.urban.org/api/v1/schools/ccd/directory/2023/?fips=13|https://nces.ed.gov/ccd/|https://app3.doe.k12.ga.us/ows-bin/owa/main_pack_fcl099.entry_form,,stub
Oak View Elementary,130174003334,DeKalb County School District,Atlanta,GA,traditional,elementary,,(678)875-1302,,,,,,,,,,,,,https://educationdata.urban.org/api/v1/schools/ccd/directory/2023/?fips=13|https://nces.ed.gov/ccd/|https://app3.doe.k12.ga.us/ows-bin/owa/main_pack_fcl099.entry_form,,stub
Oakcliff Elementary School,130174000701,DeKalb County School District,Atlanta,GA,traditional,elementary,,(678)676-3102,,,,,,,,,,,,,https://educationdata.urban.org/api/v1/schools/ccd/directory/2023/?fips=13|https://nces.ed.gov/ccd/|https://app3.doe.k12.ga.us/ows-bin/owa/main_pack_fcl099.entry_form,,stub
Panola Way Elementary School,130174001998,DeKalb County School District,Atlanta,GA,traditional,elementary,,(678)676-9302,,,,,,,,,,,,,https://educationdata.urban.org/api/v1/schools/ccd/directory/2023/?fips=13|https://nces.ed.gov/ccd/|https://app3.doe.k12.ga.us/ows-bin/owa/main_pack_fcl099.entry_form,,stub
Peachcrest Elementary School,130174004199,DeKalb County School District,Atlanta,GA,traditional,elementary,,(678)874-1402,,,,,,,,,,,,,https://educationdata.urban.org/api/v1/schools/ccd/directory/2023/?fips=13|https://nces.ed.gov/ccd/|https://app3.doe.k12.ga.us/ows-bin/owa/main_pack_fcl099.entry_form,,stub
Peachtree Middle School,130174002031,DeKalb County School District,Atlanta,GA,traditional,middle,,(678)676-7702,,,,,,,,,,,,,https://educationdata.urban.org/api/v1/schools/ccd/directory/2023/?fips=13|https://nces.ed.gov/ccd/|https://app3.doe.k12.ga.us/ows-bin/owa/main_pack_fcl099.entry_form,,stub
Pine Ridge Elementary School,130174002074,DeKalb County School District,Atlanta,GA,traditional,elementary,,(678)676-3402,,,,,,,,,,,,,https://educationdata.urban.org/api/v1/schools/ccd/directory/2023/?fips=13|https://nces.ed.gov/ccd/|https://app3.doe.k12.ga.us/ows-bin/owa/main_pack_fcl099.entry_form,,stub
Pleasantdale Elementary School,130174000718,DeKalb County School District,Atlanta,GA,traditional,elementary,,(678)874-3502,,,,,,,,,,,,,https://educationdata.urban.org/api/v1/schools/ccd/directory/2023/?fips=13|https://nces.ed.gov/ccd/|https://app3.doe.k12.ga.us/ows-bin/owa/main_pack_fcl099.entry_form,,stub
Princeton Elementary School,130174003665,DeKalb County School District,Atlanta,GA,traditional,elementary,,(678)875-3002,,,,,,,,,,,,,https://educationdata.urban.org/api/v1/schools/ccd/directory/2023/?fips=13|https://nces.ed.gov/ccd/|https://app3.doe.k12.ga.us/ows-bin/owa/main_pack_fcl099.entry_form,,stub
Rainbow Elementary School,130174000699,DeKalb County School District,Atlanta,GA,traditional,elementary,,(678)874-1702,,,,,,,,,,,,,https://educationdata.urban.org/api/v1/schools/ccd/directory/2023/?fips=13|https://nces.ed.gov/ccd/|https://app3.doe.k12.ga.us/ows-bin/owa/main_pack_fcl099.entry_form,,stub
Redan Elementary School,130174000681,DeKalb County School District,Atlanta,GA,traditional,elementary,,(678)676-3502,,,,,,,,,,,,,https://educationdata.urban.org/api/v1/schools/ccd/directory/2023/?fips=13|https://nces.ed.gov/ccd/|https://app3.doe.k12.ga.us/ows-bin/owa/main_pack_fcl099.entry_form,,stub
Redan High School,130174000636,DeKalb County School District,Atlanta,GA,traditional,high,https://www.redanhs.dekalb.k12.ga.us/,(678)676-3602,,Dr. Tuqwon C. Taylor,Principal,Tuqwan_Taylor@dekalbschoolsga.org,(678) 676-3603,,,,,,,,https://educationdata.urban.org/api/v1/schools/ccd/directory/2023/?fips=13|https://nces.ed.gov/ccd/|https://app3.doe.k12.ga.us/ows-bin/owa/main_pack_fcl099.entry_form|https://www.redanhs.dekalb.k12.ga.us/Administration.aspx|https://www.redanhs.dekalb.k12.ga.us/Staff.aspx,2026-09-07,verified
Redan Middle School,130174002859,DeKalb County School District,Atlanta,GA,traditional,middle,,(678)874-7902,,,,,,,,,,,,,https://educationdata.urban.org/api/v1/schools/ccd/directory/2023/?fips=13|https://nces.ed.gov/ccd/|https://app3.doe.k12.ga.us/ows-bin/owa/main_pack_fcl099.entry_form,,stub
Robert Shaw Theme School,130174002256,DeKalb County School District,Atlanta,GA,traditional,elementary,,(678)676-6002,,,,,,,,,,,,,https://educationdata.urban.org/api/v1/schools/ccd/directory/2023/?fips=13|https://nces.ed.gov/ccd/|https://app3.doe.k12.ga.us/ows-bin/owa/main_pack_fcl099.entry_form,,stub
Rock Chapel Elementary School,130174000717,DeKalb County School District,Atlanta,GA,traditional,elementary,,(678)676-3802,,,,,,,,,,,,,https://educationdata.urban.org/api/v1/schools/ccd/directory/2023/?fips=13|https://nces.ed.gov/ccd/|https://app3.doe.k12.ga.us/ows-bin/owa/main_pack_fcl099.entry_form,,stub
Rockbridge Elementary School,130174000646,DeKalb County School District,Atlanta,GA,traditional,elementary,,(678)676-6102,,,,,,,,,,,,,https://educationdata.urban.org/api/v1/schools/ccd/directory/2023/?fips=13|https://nces.ed.gov/ccd/|https://app3.doe.k12.ga.us/ows-bin/owa/main_pack_fcl099.entry_form,,stub
Ronald E McNair Discover Learning Academy Elementary School,130174003766,DeKalb County School District,Atlanta,GA,traditional,elementary,,(678)874-3402,,,,,,,,,,,,,https://educationdata.urban.org/api/v1/schools/ccd/directory/2023/?fips=13|https://nces.ed.gov/ccd/|https://app3.doe.k12.ga.us/ows-bin/owa/main_pack_fcl099.entry_form,,stub
Rowland Elementary School,130174000698,DeKalb County School District,Atlanta,GA,traditional,elementary,,(678)676-6202,,,,,,,,,,,,,https://educationdata.urban.org/api/v1/schools/ccd/directory/2023/?fips=13|https://nces.ed.gov/ccd/|https://app3.doe.k12.ga.us/ows-bin/owa/main_pack_fcl099.entry_form,,stub
Sagamore Hills Elementary School,130174000680,DeKalb County School District,Atlanta,GA,traditional,elementary,,(678)874-7502,,,,,,,,,,,,,https://educationdata.urban.org/api/v1/schools/ccd/directory/2023/?fips=13|https://nces.ed.gov/ccd/|https://app3.doe.k12.ga.us/ows-bin/owa/main_pack_fcl099.entry_form,,stub
Salem Middle School,130174000222,DeKalb County School District,Atlanta,GA,traditional,middle,,(678)676-9402,,,,,,,,,,,,,https://educationdata.urban.org/api/v1/schools/ccd/directory/2023/?fips=13|https://nces.ed.gov/ccd/|https://app3.doe.k12.ga.us/ows-bin/owa/main_pack_fcl099.entry_form,,stub
Sequoyah Middle School,130174000672,DeKalb County School District,Atlanta,GA,traditional,middle,,(678)676-7902,,,,,,,,,,,,,https://educationdata.urban.org/api/v1/schools/ccd/directory/2023/?fips=13|https://nces.ed.gov/ccd/|https://app3.doe.k12.ga.us/ows-bin/owa/main_pack_fcl099.entry_form,,stub
Shadow Rock Elementary School,130174000162,DeKalb County School District,Atlanta,GA,traditional,elementary,,(678)676-3902,,,,,,,,,,,,,https://educationdata.urban.org/api/v1/schools/ccd/directory/2023/?fips=13|https://nces.ed.gov/ccd/|https://app3.doe.k12.ga.us/ows-bin/owa/main_pack_fcl099.entry_form,,stub
Smoke Rise Elementary School,130174000715,DeKalb County School District,Atlanta,GA,traditional,elementary,,(678)874-3602,,,,,,,,,,,,,https://educationdata.urban.org/api/v1/schools/ccd/directory/2023/?fips=13|https://nces.ed.gov/ccd/|https://app3.doe.k12.ga.us/ows-bin/owa/main_pack_fcl099.entry_form,,stub
Snapfinger Elementary School,130174000696,DeKalb County School District,Atlanta,GA,traditional,elementary,,(678)874-1802,,,,,,,,,,,,,https://educationdata.urban.org/api/v1/schools/ccd/directory/2023/?fips=13|https://nces.ed.gov/ccd/|https://app3.doe.k12.ga.us/ows-bin/owa/main_pack_fcl099.entry_form,,stub
Southwest DeKalb High School,130174000679,DeKalb County School District,Atlanta,GA,traditional,high,https://www.swdekalbhs.dekalb.k12.ga.us/,(678)874-1902,,Brandon Thompson,Principal High School,brandon_thompson@dekalbschoolsga.org,,,,,,,,,https://educationdata.urban.org/api/v1/schools/ccd/directory/2023/?fips=13|https://nces.ed.gov/ccd/|https://app3.doe.k12.ga.us/ows-bin/owa/main_pack_fcl099.entry_form|https://www.swdekalbhs.dekalb.k12.ga.us/Administration.aspx|https://www.swdekalbhs.dekalb.k12.ga.us/Staff.aspx,2026-09-07,verified
Stephenson High School,130174001553,DeKalb County School District,Atlanta,GA,traditional,high,https://www.stephensonhs.dekalb.k12.ga.us/,(678)676-4202,,Kalisha Sackey,Principal,Kalisha_Sackey@dekalbschoolsga.org,,,,,,,,,https://educationdata.urban.org/api/v1/schools/ccd/directory/2023/?fips=13|https://nces.ed.gov/ccd/|https://app3.doe.k12.ga.us/ows-bin/owa/main_pack_fcl099.entry_form|https://www.stephensonhs.dekalb.k12.ga.us/Administration.aspx|https://www.stephensonhs.dekalb.k12.ga.us/Staff.aspx,2026-09-07,verified
Stephenson Middle School,130174001547,DeKalb County School District,Atlanta,GA,traditional,middle,,(678)676-4402,,,,,,,,,,,,,https://educationdata.urban.org/api/v1/schools/ccd/directory/2023/?fips=13|https://nces.ed.gov/ccd/|https://app3.doe.k12.ga.us/ows-bin/owa/main_pack_fcl099.entry_form,,stub
Stone Mill Elementary School,130174000662,DeKalb County School District,Atlanta,GA,traditional,elementary,,(678)676-4602,,,,,,,,,,,,,https://educationdata.urban.org/api/v1/schools/ccd/directory/2023/?fips=13|https://nces.ed.gov/ccd/|https://app3.doe.k12.ga.us/ows-bin/owa/main_pack_fcl099.entry_form,,stub
Stone Mountain Elementary School,130174000732,DeKalb County School District,Atlanta,GA,traditional,elementary,,(678)676-4702,,,,,,,,,,,,,https://educationdata.urban.org/api/v1/schools/ccd/directory/2023/?fips=13|https://nces.ed.gov/ccd/|https://app3.doe.k12.ga.us/ows-bin/owa/main_pack_fcl099.entry_form,,stub
Stone Mountain High School,130174000644,DeKalb County School District,Atlanta,GA,traditional,high,https://www.stonemountainhs.dekalb.k12.ga.us/,(678)676-6302,,Rickey Wright,Principal,rickey_l_wright@dekalbschoolsga.org,,,,,,,,,https://educationdata.urban.org/api/v1/schools/ccd/directory/2023/?fips=13|https://nces.ed.gov/ccd/|https://app3.doe.k12.ga.us/ows-bin/owa/main_pack_fcl099.entry_form|https://www.stonemountainhs.dekalb.k12.ga.us/Administration.aspx|https://www.stonemountainhs.dekalb.k12.ga.us/Staff.aspx,2026-09-07,verified
Stone Mountain Middle School,130174003337,DeKalb County School District,Atlanta,GA,traditional,middle,,(678)676-4802,,,,,,,,,,,,,https://educationdata.urban.org/api/v1/schools/ccd/directory/2023/?fips=13|https://nces.ed.gov/ccd/|https://app3.doe.k12.ga.us/ows-bin/owa/main_pack_fcl099.entry_form,,stub
Stoneview Elementary School,130174000695,DeKalb County School District,Atlanta,GA,traditional,elementary,,(678)676-3202,,,,,,,,,,,,,https://educationdata.urban.org/api/v1/schools/ccd/directory/2023/?fips=13|https://nces.ed.gov/ccd/|https://app3.doe.k12.ga.us/ows-bin/owa/main_pack_fcl099.entry_form,,stub
Tapestry Public Charter School,130174004159,DeKalb County School District,Atlanta,GA,traditional,high,,(678)676-1200,,,,,,,,,,,,,https://educationdata.urban.org/api/v1/schools/ccd/directory/2023/?fips=13|https://nces.ed.gov/ccd/|https://app3.doe.k12.ga.us/ows-bin/owa/main_pack_fcl099.entry_form,,stub
The Champion Middle Theme School,130174003643,DeKalb County School District,Atlanta,GA,traditional,middle,,(678)504-4302,,,,,,,,,,,,,https://educationdata.urban.org/api/v1/schools/ccd/directory/2023/?fips=13|https://nces.ed.gov/ccd/|https://app3.doe.k12.ga.us/ows-bin/owa/main_pack_fcl099.entry_form,,stub
Toney Elementary School,130174000713,DeKalb County School District,Atlanta,GA,traditional,elementary,,(678)874-2102,,,,,,,,,,,,,https://educationdata.urban.org/api/v1/schools/ccd/directory/2023/?fips=13|https://nces.ed.gov/ccd/|https://app3.doe.k12.ga.us/ows-bin/owa/main_pack_fcl099.entry_form,,stub
Towers High School,130174000686,DeKalb County School District,Atlanta,GA,traditional,high,https://www.towershs.dekalb.k12.ga.us/,(678)874-2202,,Stacey Barlow,Principal,stacey_barlow@dekalbschoolsga.org,,,,,,,,,https://educationdata.urban.org/api/v1/schools/ccd/directory/2023/?fips=13|https://nces.ed.gov/ccd/|https://app3.doe.k12.ga.us/ows-bin/owa/main_pack_fcl099.entry_form|https://www.towershs.dekalb.k12.ga.us/Administration.aspx|https://www.towershs.dekalb.k12.ga.us/Staff.aspx,2026-09-07,verified
Tucker High School,130174000669,DeKalb County School District,Atlanta,GA,traditional,high,https://tuckerhs.dekalb.k12.ga.us/,(678)874-3702,,Dr. Eric Parker,Principal,eric_parker@dekalbschoolsga.org,,,,,,,,,https://educationdata.urban.org/api/v1/schools/ccd/directory/2023/?fips=13|https://nces.ed.gov/ccd/|https://app3.doe.k12.ga.us/ows-bin/owa/main_pack_fcl099.entry_form|https://tuckerhs.dekalb.k12.ga.us/Administration.aspx|https://tuckerhs.dekalb.k12.ga.us/Staff.aspx,2026-09-07,verified
Tucker Middle School,130174003338,DeKalb County School District,Atlanta,GA,traditional,middle,,(678)875-0902,,,,,,,,,,,,,https://educationdata.urban.org/api/v1/schools/ccd/directory/2023/?fips=13|https://nces.ed.gov/ccd/|https://app3.doe.k12.ga.us/ows-bin/owa/main_pack_fcl099.entry_form,,stub
UHS of Laurel Heights,130174003613,DeKalb County School District,Atlanta,GA,traditional,other,,(404)888-7876,,,,,,,,,,,,,https://educationdata.urban.org/api/v1/schools/ccd/directory/2023/?fips=13|https://nces.ed.gov/ccd/|https://app3.doe.k12.ga.us/ows-bin/owa/main_pack_fcl099.entry_form,,stub
Vanderlyn Elementary School,130174000638,DeKalb County School District,Atlanta,GA,traditional,elementary,,(678)874-9002,,,,,,,,,,,,,https://educationdata.urban.org/api/v1/schools/ccd/directory/2023/?fips=13|https://nces.ed.gov/ccd/|https://app3.doe.k12.ga.us/ows-bin/owa/main_pack_fcl099.entry_form,,stub
Wadsworth Magnet School for High Achievers,130174003750,DeKalb County School District,Atlanta,GA,traditional,middle,,(678)874-2402,,,,,,,,,,,,,https://educationdata.urban.org/api/v1/schools/ccd/directory/2023/?fips=13|https://nces.ed.gov/ccd/|https://app3.doe.k12.ga.us/ows-bin/owa/main_pack_fcl099.entry_form,,stub
Woodridge Elementary School,130174000660,DeKalb County School District,Atlanta,GA,traditional,elementary,,(678)874-0202,,,,,,,,,,,,,https://educationdata.urban.org/api/v1/schools/ccd/directory/2023/?fips=13|https://nces.ed.gov/ccd/|https://app3.doe.k12.ga.us/ows-bin/owa/main_pack_fcl099.entry_form,,stub
Woodward Elementary School,130174000668,DeKalb County School District,Atlanta,GA,traditional,elementary,,(678)874-7802,,,,,,,,,,,,,https://educationdata.urban.org/api/v1/schools/ccd/directory/2023/?fips=13|https://nces.ed.gov/ccd/|https://app3.doe.k12.ga.us/ows-bin/owa/main_pack_fcl099.entry_form,,stub
Wynbrooke Elementary School,130174002478,DeKalb County School District,Atlanta,GA,traditional,elementary,,(678)676-5002,,,,,,,,,,,,,https://educationdata.urban.org/api/v1/schools/ccd/directory/2023/?fips=13|https://nces.ed.gov/ccd/|https://app3.doe.k12.ga.us/ows-bin/owa/main_pack_fcl099.entry_form,,stub
DAC (Dodge County Achievement Center),130177004186,Dodge County Schools,Rural Middle Georgia,GA,traditional,high,,(478)374-4756,,,,,,,,,,,,,https://educationdata.urban.org/api/v1/schools/ccd/directory/2023/?fips=13|https://nces.ed.gov/ccd/|https://app3.doe.k12.ga.us/ows-bin/owa/main_pack_fcl099.entry_form,,stub
Dodge County Elementary School,130177004658,Dodge County Schools,Rural Middle Georgia,GA,traditional,elementary,,(478)374-6690,,,,,,,,,,,,,https://educationdata.urban.org/api/v1/schools/ccd/directory/2023/?fips=13|https://nces.ed.gov/ccd/|https://app3.doe.k12.ga.us/ows-bin/owa/main_pack_fcl099.entry_form,,stub
Dodge County High School,130177003340,Dodge County Schools,Rural Middle Georgia,GA,traditional,high,,(478)374-7711,,,,,,,,,,,,,https://educationdata.urban.org/api/v1/schools/ccd/directory/2023/?fips=13|https://nces.ed.gov/ccd/|https://app3.doe.k12.ga.us/ows-bin/owa/main_pack_fcl099.entry_form,,stub
Dodge County Middle School,130177000803,Dodge County Schools,Rural Middle Georgia,GA,traditional,middle,,(478)374-6492,,,,,,,,,,,,,https://educationdata.urban.org/api/v1/schools/ccd/directory/2023/?fips=13|https://nces.ed.gov/ccd/|https://app3.doe.k12.ga.us/ows-bin/owa/main_pack_fcl099.entry_form,,stub
Dodge County Primary School,130177004679,Dodge County Schools,Rural Middle Georgia,GA,traditional,elementary,,(478)374-6691,,,,,,,,,,,,,https://educationdata.urban.org/api/v1/schools/ccd/directory/2023/?fips=13|https://nces.ed.gov/ccd/|https://app3.doe.k12.ga.us/ows-bin/owa/main_pack_fcl099.entry_form,,stub
Dooly County Elementary School,130180002862,Dooly County Schools,Rural Middle Georgia,GA,traditional,elementary,,(229)645-3421,,,,,,,,,,,,,https://educationdata.urban.org/api/v1/schools/ccd/directory/2023/?fips=13|https://nces.ed.gov/ccd/|https://app3.doe.k12.ga.us/ows-bin/owa/main_pack_fcl099.entry_form,,stub
Dooly County High School,130180001889,Dooly County Schools,Rural Middle Georgia,GA,traditional,high,,(229)268-8181,,,,,,,,,,,,,https://educationdata.urban.org/api/v1/schools/ccd/directory/2023/?fips=13|https://nces.ed.gov/ccd/|https://app3.doe.k12.ga.us/ows-bin/owa/main_pack_fcl099.entry_form,,stub
Dooly County Middle School,130180002075,Dooly County Schools,Rural Middle Georgia,GA,traditional,middle,,(229)645-3421,,,,,,,,,,,,,https://educationdata.urban.org/api/v1/schools/ccd/directory/2023/?fips=13|https://nces.ed.gov/ccd/|https://app3.doe.k12.ga.us/ows-bin/owa/main_pack_fcl099.entry_form,,stub
Dooly County Prep Academy,130180004286,Dooly County Schools,Rural Middle Georgia,GA,traditional,high,,(229)268-7751,,,,,,,,,,,,,https://educationdata.urban.org/api/v1/schools/ccd/directory/2023/?fips=13|https://nces.ed.gov/ccd/|https://app3.doe.k12.ga.us/ows-bin/owa/main_pack_fcl099.entry_form,,stub
Albany Middle School,130183000833,Dougherty County Schools,Albany,GA,traditional,middle,,(229)431-3325,,,,,,,,,,,,,https://educationdata.urban.org/api/v1/schools/ccd/directory/2023/?fips=13|https://nces.ed.gov/ccd/|https://app3.doe.k12.ga.us/ows-bin/owa/main_pack_fcl099.entry_form,,stub
Alice Coachman Elementary School,130183002315,Dougherty County Schools,Albany,GA,traditional,elementary,,(229)431-3488,,,,,,,,,,,,,https://educationdata.urban.org/api/v1/schools/ccd/directory/2023/?fips=13|https://nces.ed.gov/ccd/|https://app3.doe.k12.ga.us/ows-bin/owa/main_pack_fcl099.entry_form,,stub
Dougherty Comprehensive High School,130183000832,Dougherty County Schools,Albany,GA,traditional,high,https://www.docoschools.org/o/dchs,(229)431-3310,,Lakisha Bobbitt,Principal,lakisha.bobbitt@docoschools.org,(229) 431-3310,,,,,,,,https://educationdata.urban.org/api/v1/schools/ccd/directory/2023/?fips=13|https://nces.ed.gov/ccd/|https://app3.doe.k12.ga.us/ows-bin/owa/main_pack_fcl099.entry_form|https://www.docoschools.org/o/dchs/page/contact-us|https://www.docoschools.org/article/2319926,2026-09-07,verified
International Studies Elementary Charter School,130183000837,Dougherty County Schools,Albany,GA,traditional,elementary,,(229)431-3384,,,,,,,,,,,,,https://educationdata.urban.org/api/v1/schools/ccd/directory/2023/?fips=13|https://nces.ed.gov/ccd/|https://app3.doe.k12.ga.us/ows-bin/owa/main_pack_fcl099.entry_form,,stub
Lake Park Elementary School,130183000843,Dougherty County Schools,Albany,GA,traditional,elementary,,(229)431-3370,,,,,,,,,,,,,https://educationdata.urban.org/api/v1/schools/ccd/directory/2023/?fips=13|https://nces.ed.gov/ccd/|https://app3.doe.k12.ga.us/ows-bin/owa/main_pack_fcl099.entry_form,,stub
Lamar Reese School of the Arts,130183002314,Dougherty County Schools,Albany,GA,traditional,elementary,,(229)431-3495,,,,,,,,,,,,,https://educationdata.urban.org/api/v1/schools/ccd/directory/2023/?fips=13|https://nces.ed.gov/ccd/|https://app3.doe.k12.ga.us/ows-bin/owa/main_pack_fcl099.entry_form,,stub
Lincoln Elementary Magnet School,130183003344,Dougherty County Schools,Albany,GA,traditional,elementary,,(229)431-3373,,,,,,,,,,,,,https://educationdata.urban.org/api/v1/schools/ccd/directory/2023/?fips=13|https://nces.ed.gov/ccd/|https://app3.doe.k12.ga.us/ows-bin/owa/main_pack_fcl099.entry_form,,stub
Live Oak Elementary School,130183003341,Dougherty County Schools,Albany,GA,traditional,elementary,,(229)431-1209,,,,,,,,,,,,,https://educationdata.urban.org/api/v1/schools/ccd/directory/2023/?fips=13|https://nces.ed.gov/ccd/|https://app3.doe.k12.ga.us/ows-bin/owa/main_pack_fcl099.entry_form,,stub
Martin Luther King- Jr. Elementary School,130183002316,Dougherty County Schools,Albany,GA,traditional,elementary,,(229)438-3502,,,,,,,,,,,,,https://educationdata.urban.org/api/v1/schools/ccd/directory/2023/?fips=13|https://nces.ed.gov/ccd/|https://app3.doe.k12.ga.us/ows-bin/owa/main_pack_fcl099.entry_form,,stub
Merry Acres Middle School,130183000842,Dougherty County Schools,Albany,GA,traditional,middle,,(229)431-3338,,,,,,,,,,,,,https://educationdata.urban.org/api/v1/schools/ccd/directory/2023/?fips=13|https://nces.ed.gov/ccd/|https://app3.doe.k12.ga.us/ows-bin/owa/main_pack_fcl099.entry_form,,stub
Monroe High School,130183000824,Dougherty County Schools,Albany,GA,traditional,high,https://www.docoschools.org/o/mchs,(229)431-3316,,Lawanna Johnson,Principal,lawanna.johnson@docoschools.org,(229) 431-3316,,,,,,,,https://educationdata.urban.org/api/v1/schools/ccd/directory/2023/?fips=13|https://nces.ed.gov/ccd/|https://app3.doe.k12.ga.us/ows-bin/owa/main_pack_fcl099.entry_form|https://www.docoschools.org/o/mchs/page/contact-us/|https://www.docoschools.org/o/mchs/staff,2026-09-07,verified
Morningside Elementary School,130183000829,Dougherty County Schools,Albany,GA,traditional,elementary,,(229)431-3387,,,,,,,,,,,,,https://educationdata.urban.org/api/v1/schools/ccd/directory/2023/?fips=13|https://nces.ed.gov/ccd/|https://app3.doe.k12.ga.us/ows-bin/owa/main_pack_fcl099.entry_form,,stub
Northside Elementary School,130183000848,Dougherty County Schools,Albany,GA,traditional,elementary,,(229)431-3390,,,,,,,,,,,,,https://educationdata.urban.org/api/v1/schools/ccd/directory/2023/?fips=13|https://nces.ed.gov/ccd/|https://app3.doe.k12.ga.us/ows-bin/owa/main_pack_fcl099.entry_form,,stub
Radium Springs Elementary School,130183000836,Dougherty County Schools,Albany,GA,traditional,elementary,,(229)431-3395,,,,,,,,,,,,,https://educationdata.urban.org/api/v1/schools/ccd/directory/2023/?fips=13|https://nces.ed.gov/ccd/|https://app3.doe.k12.ga.us/ows-bin/owa/main_pack_fcl099.entry_form,,stub
Radium Springs Middle School,130183003343,Dougherty County Schools,Albany,GA,traditional,middle,,(229)431-3346,,,,,,,,,,,,,https://educationdata.urban.org/api/v1/schools/ccd/directory/2023/?fips=13|https://nces.ed.gov/ccd/|https://app3.doe.k12.ga.us/ows-bin/owa/main_pack_fcl099.entry_form,,stub
Robert A. Cross Middle Magnet,130183002546,Dougherty County Schools,Albany,GA,traditional,middle,,(229)431-3362,,,,,,,,,,,,,https://educationdata.urban.org/api/v1/schools/ccd/directory/2023/?fips=13|https://nces.ed.gov/ccd/|https://app3.doe.k12.ga.us/ows-bin/owa/main_pack_fcl099.entry_form,,stub
Robert H Harvey Elementary School,130183003342,Dougherty County Schools,Albany,GA,traditional,elementary,,(229)431-3367,,,,,,,,,,,,,https://educationdata.urban.org/api/v1/schools/ccd/directory/2023/?fips=13|https://nces.ed.gov/ccd/|https://app3.doe.k12.ga.us/ows-bin/owa/main_pack_fcl099.entry_form,,stub
Sherwood Acres Elementary School,130183000840,Dougherty County Schools,Albany,GA,traditional,elementary,,(229)431-3397,,,,,,,,,,,,,https://educationdata.urban.org/api/v1/schools/ccd/directory/2023/?fips=13|https://nces.ed.gov/ccd/|https://app3.doe.k12.ga.us/ows-bin/owa/main_pack_fcl099.entry_form,,stub
South Georgia Regional Achievement Center- The Phoenix,130183004407,Dougherty County Schools,Albany,GA,traditional,high,,(229)431-1218,,,,,,,,,,,,,https://educationdata.urban.org/api/v1/schools/ccd/directory/2023/?fips=13|https://nces.ed.gov/ccd/|https://app3.doe.k12.ga.us/ows-bin/owa/main_pack_fcl099.entry_form,,stub
Turner Elementary School,130183000846,Dougherty County Schools,Albany,GA,traditional,elementary,,(229)431-3406,,,,,,,,,,,,,https://educationdata.urban.org/api/v1/schools/ccd/directory/2023/?fips=13|https://nces.ed.gov/ccd/|https://app3.doe.k12.ga.us/ows-bin/owa/main_pack_fcl099.entry_form,,stub
West Town Elementary School,130183000834,Dougherty County Schools,Albany,GA,traditional,elementary,,(229)431-3409,,,,,,,,,,,,,https://educationdata.urban.org/api/v1/schools/ccd/directory/2023/?fips=13|https://nces.ed.gov/ccd/|https://app3.doe.k12.ga.us/ows-bin/owa/main_pack_fcl099.entry_form,,stub
Westover High School,130183000839,Dougherty County Schools,Albany,GA,traditional,high,https://www.docoschools.org/o/wchs,(229)431-3320,,William Chunn,Principal,wchunn@docoschools.org,(229) 431-3320,,,,,,,,https://educationdata.urban.org/api/v1/schools/ccd/directory/2023/?fips=13|https://nces.ed.gov/ccd/|https://app3.doe.k12.ga.us/ows-bin/owa/main_pack_fcl099.entry_form|https://www.docoschools.org/o/wchs/page/contact-us|https://www.docoschools.org/article/2425364,2026-09-07,verified
Alexander High School,130186001976,Douglas County School System,Atlanta,GA,traditional,high,https://ahs.dcssga.org/,(770)651-6000,,Lora McAdams,Principal,Lora.McAdams@dcssga.org,(770)651-6000,,,,,,,,ahs.dcssga.org/page/administration (Lora McAdams Principal; Lora.McAdams@dcssga.org); DCSS PAGE Meritorious Award live feed names McAdams AHS principal,2026-09-07,verified
Annette Winn Elementary School,130186000860,Douglas County School System,Atlanta,GA,traditional,elementary,,(770)651-3100,,,,,,,,,,,,,https://educationdata.urban.org/api/v1/schools/ccd/directory/2023/?fips=13|https://nces.ed.gov/ccd/|https://app3.doe.k12.ga.us/ows-bin/owa/main_pack_fcl099.entry_form,,stub
Arbor Station Elementary School,130186000855,Douglas County School System,Atlanta,GA,traditional,elementary,,(770)651-3000,,,,,,,,,,,,,https://educationdata.urban.org/api/v1/schools/ccd/directory/2023/?fips=13|https://nces.ed.gov/ccd/|https://app3.doe.k12.ga.us/ows-bin/owa/main_pack_fcl099.entry_form,,stub
Beulah Elementary School,130186000858,Douglas County School System,Atlanta,GA,traditional,elementary,,(770)651-3300,,,,,,,,,,,,,https://educationdata.urban.org/api/v1/schools/ccd/directory/2023/?fips=13|https://nces.ed.gov/ccd/|https://app3.doe.k12.ga.us/ows-bin/owa/main_pack_fcl099.entry_form,,stub
Bill Arp Elementary School,130186003346,Douglas County School System,Atlanta,GA,traditional,elementary,,(770)651-3200,,,,,,,,,,,,,https://educationdata.urban.org/api/v1/schools/ccd/directory/2023/?fips=13|https://nces.ed.gov/ccd/|https://app3.doe.k12.ga.us/ows-bin/owa/main_pack_fcl099.entry_form,,stub
Bright Star Elementary School,130186002156,Douglas County School System,Atlanta,GA,traditional,elementary,,(770)651-3400,,,,,,,,,,,,,https://educationdata.urban.org/api/v1/schools/ccd/directory/2023/?fips=13|https://nces.ed.gov/ccd/|https://app3.doe.k12.ga.us/ows-bin/owa/main_pack_fcl099.entry_form,,stub
Brighten Academy,130186003670,Douglas County School System,Atlanta,GA,traditional,elementary,,(770)615-3680,,,,,,,,,,,,,https://educationdata.urban.org/api/v1/schools/ccd/directory/2023/?fips=13|https://nces.ed.gov/ccd/|https://app3.doe.k12.ga.us/ows-bin/owa/main_pack_fcl099.entry_form,,stub
Burnett Elementary School,130186002159,Douglas County School System,Atlanta,GA,traditional,elementary,,(770)651-3500,,,,,,,,,,,,,https://educationdata.urban.org/api/v1/schools/ccd/directory/2023/?fips=13|https://nces.ed.gov/ccd/|https://app3.doe.k12.ga.us/ows-bin/owa/main_pack_fcl099.entry_form,,stub
Chapel Hill Elementary School,130186003628,Douglas County School System,Atlanta,GA,traditional,elementary,,(770)651-3600,,,,,,,,,,,,,https://educationdata.urban.org/api/v1/schools/ccd/directory/2023/?fips=13|https://nces.ed.gov/ccd/|https://app3.doe.k12.ga.us/ows-bin/owa/main_pack_fcl099.entry_form,,stub
Chapel Hill High School,130186002317,Douglas County School System,Atlanta,GA,traditional,high,https://chhs.dcssga.org/,(770)651-6200,,Melisha Plummer,Principal,Melisha.Plummer@dcssga.org,(770)651-6200,,,,,,,,chhs.dcssga.org/o/chhs/staff (Melisha Plummer Principal Admin 770-651-6308); staff directory email Melisha.Plummer@dcssga.org,2026-09-07,verified
Chapel Hill Middle School,130186000865,Douglas County School System,Atlanta,GA,traditional,middle,,(770)651-5000,,,,,,,,,,,,,https://educationdata.urban.org/api/v1/schools/ccd/directory/2023/?fips=13|https://nces.ed.gov/ccd/|https://app3.doe.k12.ga.us/ows-bin/owa/main_pack_fcl099.entry_form,,stub
Chestnut Log Middle School,130186002000,Douglas County School System,Atlanta,GA,traditional,middle,,(770)651-5100,,,,,,,,,,,,,https://educationdata.urban.org/api/v1/schools/ccd/directory/2023/?fips=13|https://nces.ed.gov/ccd/|https://app3.doe.k12.ga.us/ows-bin/owa/main_pack_fcl099.entry_form,,stub
Dorsett Shoals Elementary School,130186001927,Douglas County School System,Atlanta,GA,traditional,elementary,,(770)651-3700,,,,,,,,,,,,,https://educationdata.urban.org/api/v1/schools/ccd/directory/2023/?fips=13|https://nces.ed.gov/ccd/|https://app3.doe.k12.ga.us/ows-bin/owa/main_pack_fcl099.entry_form,,stub
Douglas County High School,130186000864,Douglas County School System,Atlanta,GA,traditional,high,https://dchs.dcssga.org/,(770)651-6500,,Michal Sims,Principal,,(770)651-6500,,,,,,,,dcssga.org/article/2839387 (Michal Sims named Principal of Douglas County High School effective 2026-2027),2026-09-07,verified
Eastside Elementary School,130186002160,Douglas County School System,Atlanta,GA,traditional,elementary,,(770)651-3800,,,,,,,,,,,,,https://educationdata.urban.org/api/v1/schools/ccd/directory/2023/?fips=13|https://nces.ed.gov/ccd/|https://app3.doe.k12.ga.us/ows-bin/owa/main_pack_fcl099.entry_form,,stub
Factory Shoals Elementary School,130186002032,Douglas County School System,Atlanta,GA,traditional,elementary,,(770)651-3900,,,,,,,,,,,,,https://educationdata.urban.org/api/v1/schools/ccd/directory/2023/?fips=13|https://nces.ed.gov/ccd/|https://app3.doe.k12.ga.us/ows-bin/owa/main_pack_fcl099.entry_form,,stub
Factory Shoals Middle School,130186003557,Douglas County School System,Atlanta,GA,traditional,middle,,(770)651-5800,,,,,,,,,,,,,https://educationdata.urban.org/api/v1/schools/ccd/directory/2023/?fips=13|https://nces.ed.gov/ccd/|https://app3.doe.k12.ga.us/ows-bin/owa/main_pack_fcl099.entry_form,,stub
Fairplay Middle School,130186000851,Douglas County School System,Atlanta,GA,traditional,middle,,(770)651-5300,,,,,,,,,,,,,https://educationdata.urban.org/api/v1/schools/ccd/directory/2023/?fips=13|https://nces.ed.gov/ccd/|https://app3.doe.k12.ga.us/ows-bin/owa/main_pack_fcl099.entry_form,,stub
Holly Springs Elementary School,130186002318,Douglas County School System,Atlanta,GA,traditional,elementary,,(770)651-4000,,,,,,,,,,,,,https://educationdata.urban.org/api/v1/schools/ccd/directory/2023/?fips=13|https://nces.ed.gov/ccd/|https://app3.doe.k12.ga.us/ows-bin/owa/main_pack_fcl099.entry_form,,stub
Lithia Springs Comprehensive High School,130186000853,Douglas County School System,Atlanta,GA,traditional,high,https://lshs.dcssga.org/,(770)651-6700,,Felicia Jones,Principal,,(770)651-6700,,,,,,,,lshs.dcssga.org/o/lshs/staff (Felicia Jones Principal Admin); dcssga.org article New Principals 2023-2024 (Felicia Jones LSHS),2026-09-07,verified
Lithia Springs Elementary School,130186000866,Douglas County School System,Atlanta,GA,traditional,elementary,,(770)651-4100,,,,,,,,,,,,,https://educationdata.urban.org/api/v1/schools/ccd/directory/2023/?fips=13|https://nces.ed.gov/ccd/|https://app3.doe.k12.ga.us/ows-bin/owa/main_pack_fcl099.entry_form,,stub
Mason Creek Elementary School,130186003911,Douglas County School System,Atlanta,GA,traditional,elementary,,(770)651-4900,,,,,,,,,,,,,https://educationdata.urban.org/api/v1/schools/ccd/directory/2023/?fips=13|https://nces.ed.gov/ccd/|https://app3.doe.k12.ga.us/ows-bin/owa/main_pack_fcl099.entry_form,,stub
Mason Creek Middle School,130186003890,Douglas County School System,Atlanta,GA,traditional,middle,,(770)651-2500,,,,,,,,,,,,,https://educationdata.urban.org/api/v1/schools/ccd/directory/2023/?fips=13|https://nces.ed.gov/ccd/|https://app3.doe.k12.ga.us/ows-bin/owa/main_pack_fcl099.entry_form,,stub
Mirror Lake Elementary School,130186002549,Douglas County School System,Atlanta,GA,traditional,elementary,,(770)651-4300,,,,,,,,,,,,,https://educationdata.urban.org/api/v1/schools/ccd/directory/2023/?fips=13|https://nces.ed.gov/ccd/|https://app3.doe.k12.ga.us/ows-bin/owa/main_pack_fcl099.entry_form,,stub
Mount Carmel Elementary School,130186000863,Douglas County School System,Atlanta,GA,traditional,elementary,,(770)651-4200,,,,,,,,,,,,,https://educationdata.urban.org/api/v1/schools/ccd/directory/2023/?fips=13|https://nces.ed.gov/ccd/|https://app3.doe.k12.ga.us/ows-bin/owa/main_pack_fcl099.entry_form,,stub
New Manchester Elementary School,130186002548,Douglas County School System,Atlanta,GA,traditional,elementary,,(770)651-4400,,,,,,,,,,,,,https://educationdata.urban.org/api/v1/schools/ccd/directory/2023/?fips=13|https://nces.ed.gov/ccd/|https://app3.doe.k12.ga.us/ows-bin/owa/main_pack_fcl099.entry_form,,stub
New Manchester High School,130186004034,Douglas County School System,Atlanta,GA,traditional,high,https://nmhs.dcssga.org/,(770)651-2700,,Casey Bethel,Principal,,(770)651-2700,,,,,,,,nmhs.dcssga.org/staff (Casey Bethel Principal Admin),2026-09-07,verified
North Douglas Elementary School,130186003345,Douglas County School System,Atlanta,GA,traditional,elementary,,(770)651-4800,,,,,,,,,,,,,https://educationdata.urban.org/api/v1/schools/ccd/directory/2023/?fips=13|https://nces.ed.gov/ccd/|https://app3.doe.k12.ga.us/ows-bin/owa/main_pack_fcl099.entry_form,,stub
South Douglas Elementary School,130186000062,Douglas County School System,Atlanta,GA,traditional,elementary,,(770)651-4500,,,,,,,,,,,,,https://educationdata.urban.org/api/v1/schools/ccd/directory/2023/?fips=13|https://nces.ed.gov/ccd/|https://app3.doe.k12.ga.us/ows-bin/owa/main_pack_fcl099.entry_form,,stub
Stewart Middle School,130186000861,Douglas County School System,Atlanta,GA,traditional,middle,,(770)651-5400,,,,,,,,,,,,,https://educationdata.urban.org/api/v1/schools/ccd/directory/2023/?fips=13|https://nces.ed.gov/ccd/|https://app3.doe.k12.ga.us/ows-bin/owa/main_pack_fcl099.entry_form,,stub
Sweetwater Elementary School,130186002157,Douglas County School System,Atlanta,GA,traditional,elementary,,(770)651-4600,,,,,,,,,,,,,https://educationdata.urban.org/api/v1/schools/ccd/directory/2023/?fips=13|https://nces.ed.gov/ccd/|https://app3.doe.k12.ga.us/ows-bin/owa/main_pack_fcl099.entry_form,,stub
Turner Middle School,130186000856,Douglas County School System,Atlanta,GA,traditional,middle,,(770)651-5500,,,,,,,,,,,,,https://educationdata.urban.org/api/v1/schools/ccd/directory/2023/?fips=13|https://nces.ed.gov/ccd/|https://app3.doe.k12.ga.us/ows-bin/owa/main_pack_fcl099.entry_form,,stub
Winston Elementary School,130186000859,Douglas County School System,Atlanta,GA,traditional,elementary,,(770)651-4700,,,,,,,,,,,,,https://educationdata.urban.org/api/v1/schools/ccd/directory/2023/?fips=13|https://nces.ed.gov/ccd/|https://app3.doe.k12.ga.us/ows-bin/owa/main_pack_fcl099.entry_form,,stub
Yeager Middle School,130186002547,Douglas County School System,Atlanta,GA,traditional,middle,,(770)651-5600,,,,,,,,,,,,,https://educationdata.urban.org/api/v1/schools/ccd/directory/2023/?fips=13|https://nces.ed.gov/ccd/|https://app3.doe.k12.ga.us/ows-bin/owa/main_pack_fcl099.entry_form,,stub
Youth Villages at Inner Harbour,130186003689,Douglas County School System,Atlanta,GA,traditional,other,,(770)942-2391,,,,,,,,,,,,,https://educationdata.urban.org/api/v1/schools/ccd/directory/2023/?fips=13|https://nces.ed.gov/ccd/|https://app3.doe.k12.ga.us/ows-bin/owa/main_pack_fcl099.entry_form,,stub
Dublin High School,130187000873,Dublin City Schools,Dublin,GA,traditional,high,,(478)353-8040,,,,,,,,,,,,,https://educationdata.urban.org/api/v1/schools/ccd/directory/2023/?fips=13|https://nces.ed.gov/ccd/|https://app3.doe.k12.ga.us/ows-bin/owa/main_pack_fcl099.entry_form,,stub
Dublin Middle School,130187000869,Dublin City Schools,Dublin,GA,traditional,middle,,(478)353-8130,,,,,,,,,,,,,https://educationdata.urban.org/api/v1/schools/ccd/directory/2023/?fips=13|https://nces.ed.gov/ccd/|https://app3.doe.k12.ga.us/ows-bin/owa/main_pack_fcl099.entry_form,,stub
Hillcrest Elementary,130187004061,Dublin City Schools,Dublin,GA,traditional,elementary,,(478)353-8200,,,,,,,,,,,,,https://educationdata.urban.org/api/v1/schools/ccd/directory/2023/?fips=13|https://nces.ed.gov/ccd/|https://app3.doe.k12.ga.us/ows-bin/owa/main_pack_fcl099.entry_form,,stub
Moore Street Facility,130187004050,Dublin City Schools,Dublin,GA,traditional,high,,(478)353-8400,,,,,,,,,,,,,https://educationdata.urban.org/api/v1/schools/ccd/directory/2023/?fips=13|https://nces.ed.gov/ccd/|https://app3.doe.k12.ga.us/ows-bin/owa/main_pack_fcl099.entry_form,,stub
Susie Dasher,130187002217,Dublin City Schools,Dublin,GA,traditional,elementary,,(478)353-8250,,,,,,,,,,,,,https://educationdata.urban.org/api/v1/schools/ccd/directory/2023/?fips=13|https://nces.ed.gov/ccd/|https://app3.doe.k12.ga.us/ows-bin/owa/main_pack_fcl099.entry_form,,stub
Early County Elementary School,130192000252,Early County Schools,Rural SW Georgia,GA,traditional,elementary,,(229)723-4101,,,,,,,,,,,,,https://educationdata.urban.org/api/v1/schools/ccd/directory/2023/?fips=13|https://nces.ed.gov/ccd/|https://app3.doe.k12.ga.us/ows-bin/owa/main_pack_fcl099.entry_form,,stub
Early County High School,130192000884,Early County Schools,Rural SW Georgia,GA,traditional,high,,(229)723-3006,,,,,,,,,,,,,https://educationdata.urban.org/api/v1/schools/ccd/directory/2023/?fips=13|https://nces.ed.gov/ccd/|https://app3.doe.k12.ga.us/ows-bin/owa/main_pack_fcl099.entry_form,,stub
Early County Middle School,130192002163,Early County Schools,Rural SW Georgia,GA,traditional,middle,,(229)723-3746,,,,,,,,,,,,,https://educationdata.urban.org/api/v1/schools/ccd/directory/2023/?fips=13|https://nces.ed.gov/ccd/|https://app3.doe.k12.ga.us/ows-bin/owa/main_pack_fcl099.entry_form,,stub
Echols County Elementary/Middle School,130195003976,Echols County Schools,Valdosta,GA,traditional,elementary,,(229)559-5413,,,,,,,,,,,,,https://educationdata.urban.org/api/v1/schools/ccd/directory/2023/?fips=13|https://nces.ed.gov/ccd/|https://app3.doe.k12.ga.us/ows-bin/owa/main_pack_fcl099.entry_form,,stub
Echols County High School,130195000886,Echols County Schools,Valdosta,GA,traditional,high,,(229)559-5413,,,,,,,,,,,,,https://educationdata.urban.org/api/v1/schools/ccd/directory/2023/?fips=13|https://nces.ed.gov/ccd/|https://app3.doe.k12.ga.us/ows-bin/owa/main_pack_fcl099.entry_form,,stub
Blandford Elementary School,130198003348,Effingham County Schools,Savannah,GA,traditional,elementary,,(912)826-4200,,,,,,,,,,,,,https://educationdata.urban.org/api/v1/schools/ccd/directory/2023/?fips=13|https://nces.ed.gov/ccd/|https://app3.doe.k12.ga.us/ows-bin/owa/main_pack_fcl099.entry_form,,stub
Ebenezer Elementary School,130198001170,Effingham County Schools,Savannah,GA,traditional,elementary,,(912)754-5522,,,,,,,,,,,,,https://educationdata.urban.org/api/v1/schools/ccd/directory/2023/?fips=13|https://nces.ed.gov/ccd/|https://app3.doe.k12.ga.us/ows-bin/owa/main_pack_fcl099.entry_form,,stub
Ebenezer Middle School,130198002550,Effingham County Schools,Savannah,GA,traditional,middle,,(912)754-7757,,,,,,,,,,,,,https://educationdata.urban.org/api/v1/schools/ccd/directory/2023/?fips=13|https://nces.ed.gov/ccd/|https://app3.doe.k12.ga.us/ows-bin/owa/main_pack_fcl099.entry_form,,stub
Effingham County High School,130198000890,Effingham County Schools,Savannah,GA,traditional,high,https://echs.effinghamschools.com/,(912)754-6404,,Greg Manior,Principal,gmanior@effingham.k12.ga.us,,,,,,,,,https://educationdata.urban.org/api/v1/schools/ccd/directory/2023/?fips=13|https://nces.ed.gov/ccd/|https://app3.doe.k12.ga.us/ows-bin/owa/main_pack_fcl099.entry_form|https://echs.effinghamschools.com/departments/administration|https://echs.effinghamschools.com/,2026-09-07,verified
Effingham County Middle School,130198000888,Effingham County Schools,Savannah,GA,traditional,middle,,(912)772-7001,,,,,,,,,,,,,https://educationdata.urban.org/api/v1/schools/ccd/directory/2023/?fips=13|https://nces.ed.gov/ccd/|https://app3.doe.k12.ga.us/ows-bin/owa/main_pack_fcl099.entry_form,,stub
Guyton Elementary School,130198000889,Effingham County Schools,Savannah,GA,traditional,elementary,,(912)772-3384,,,,,,,,,,,,,https://educationdata.urban.org/api/v1/schools/ccd/directory/2023/?fips=13|https://nces.ed.gov/ccd/|https://app3.doe.k12.ga.us/ows-bin/owa/main_pack_fcl099.entry_form,,stub
Marlow Elementary School,130198000887,Effingham County Schools,Savannah,GA,traditional,elementary,,(912)728-3262,,,,,,,,,,,,,https://educationdata.urban.org/api/v1/schools/ccd/directory/2023/?fips=13|https://nces.ed.gov/ccd/|https://app3.doe.k12.ga.us/ows-bin/owa/main_pack_fcl099.entry_form,,stub
Rincon Elementary School,130198000892,Effingham County Schools,Savannah,GA,traditional,elementary,,(912)826-5523,,,,,,,,,,,,,https://educationdata.urban.org/api/v1/schools/ccd/directory/2023/?fips=13|https://nces.ed.gov/ccd/|https://app3.doe.k12.ga.us/ows-bin/owa/main_pack_fcl099.entry_form,,stub
Sand Hill Elementary School,130198001141,Effingham County Schools,Savannah,GA,traditional,elementary,,(912)728-5112,,,,,,,,,,,,,https://educationdata.urban.org/api/v1/schools/ccd/directory/2023/?fips=13|https://nces.ed.gov/ccd/|https://app3.doe.k12.ga.us/ows-bin/owa/main_pack_fcl099.entry_form,,stub
South Effingham Elementary School,130198001954,Effingham County Schools,Savannah,GA,traditional,elementary,,(912)728-3801,,,,,,,,,,,,,https://educationdata.urban.org/api/v1/schools/ccd/directory/2023/?fips=13|https://nces.ed.gov/ccd/|https://app3.doe.k12.ga.us/ows-bin/owa/main_pack_fcl099.entry_form,,stub
South Effingham High School,130198001594,Effingham County Schools,Savannah,GA,traditional,high,https://sehs.effinghamschools.com/,(912)728-7511,,Michael Ward,Principal,,,,,,,,,,https://educationdata.urban.org/api/v1/schools/ccd/directory/2023/?fips=13|https://nces.ed.gov/ccd/|https://app3.doe.k12.ga.us/ows-bin/owa/main_pack_fcl099.entry_form|https://sehs.effinghamschools.com/departments/administration|https://sehs.effinghamschools.com/,2026-09-07,verified
South Effingham Middle School,130198001597,Effingham County Schools,Savannah,GA,traditional,middle,,(912)728-7500,,,,,,,,,,,,,https://educationdata.urban.org/api/v1/schools/ccd/directory/2023/?fips=13|https://nces.ed.gov/ccd/|https://app3.doe.k12.ga.us/ows-bin/owa/main_pack_fcl099.entry_form,,stub
Springfield Elementary School,130198000891,Effingham County Schools,Savannah,GA,traditional,elementary,,(912)754-3326,,,,,,,,,,,,,https://educationdata.urban.org/api/v1/schools/ccd/directory/2023/?fips=13|https://nces.ed.gov/ccd/|https://app3.doe.k12.ga.us/ows-bin/owa/main_pack_fcl099.entry_form,,stub
Elbert County Elementary School,130201004097,Elbert County School District,Rural East Georgia,GA,traditional,elementary,,(706)213-4600,,,,,,,,,,,,,https://educationdata.urban.org/api/v1/schools/ccd/directory/2023/?fips=13|https://nces.ed.gov/ccd/|https://app3.doe.k12.ga.us/ows-bin/owa/main_pack_fcl099.entry_form,,stub
Elbert County High School,130201000894,Elbert County School District,Rural East Georgia,GA,traditional,high,,(706)213-4100,,,,,,,,,,,,,https://educationdata.urban.org/api/v1/schools/ccd/directory/2023/?fips=13|https://nces.ed.gov/ccd/|https://app3.doe.k12.ga.us/ows-bin/owa/main_pack_fcl099.entry_form,,stub
Elbert County Middle School,130201002871,Elbert County School District,Rural East Georgia,GA,traditional,middle,,(706)213-4200,,,,,,,,,,,,,https://educationdata.urban.org/api/v1/schools/ccd/directory/2023/?fips=13|https://nces.ed.gov/ccd/|https://app3.doe.k12.ga.us/ows-bin/owa/main_pack_fcl099.entry_form,,stub
Elbert County Primary School,130201004100,Elbert County School District,Rural East Georgia,GA,traditional,elementary,,(706)213-4700,,,,,,,,,,,,,https://educationdata.urban.org/api/v1/schools/ccd/directory/2023/?fips=13|https://nces.ed.gov/ccd/|https://app3.doe.k12.ga.us/ows-bin/owa/main_pack_fcl099.entry_form,,stub
Paul J. Blackwell Learning Center,130201004085,Elbert County School District,Rural East Georgia,GA,traditional,elementary,,(706)213-4400,,,,,,,,,,,,,https://educationdata.urban.org/api/v1/schools/ccd/directory/2023/?fips=13|https://nces.ed.gov/ccd/|https://app3.doe.k12.ga.us/ows-bin/owa/main_pack_fcl099.entry_form,,stub
Emanuel County Institute,130204000905,Emanuel County Schools,Rural SE Georgia,GA,traditional,high,,(478)763-2673,,,,,,,,,,,,,https://educationdata.urban.org/api/v1/schools/ccd/directory/2023/?fips=13|https://nces.ed.gov/ccd/|https://app3.doe.k12.ga.us/ows-bin/owa/main_pack_fcl099.entry_form,,stub
Swainsboro Elementary School,130204002164,Emanuel County Schools,Rural SE Georgia,GA,traditional,elementary,,(478)237-7266,,,,,,,,,,,,,https://educationdata.urban.org/api/v1/schools/ccd/directory/2023/?fips=13|https://nces.ed.gov/ccd/|https://app3.doe.k12.ga.us/ows-bin/owa/main_pack_fcl099.entry_form,,stub
Swainsboro High School,130204002033,Emanuel County Schools,Rural SE Georgia,GA,traditional,high,,(478)237-2267,,,,,,,,,,,,,https://educationdata.urban.org/api/v1/schools/ccd/directory/2023/?fips=13|https://nces.ed.gov/ccd/|https://app3.doe.k12.ga.us/ows-bin/owa/main_pack_fcl099.entry_form,,stub
Swainsboro Middle School,130204002034,Emanuel County Schools,Rural SE Georgia,GA,traditional,middle,,(478)237-8047,,,,,,,,,,,,,https://educationdata.urban.org/api/v1/schools/ccd/directory/2023/?fips=13|https://nces.ed.gov/ccd/|https://app3.doe.k12.ga.us/ows-bin/owa/main_pack_fcl099.entry_form,,stub
Swainsboro Primary School,130204000906,Emanuel County Schools,Rural SE Georgia,GA,traditional,elementary,,(478)237-8302,,,,,,,,,,,,,https://educationdata.urban.org/api/v1/schools/ccd/directory/2023/?fips=13|https://nces.ed.gov/ccd/|https://app3.doe.k12.ga.us/ows-bin/owa/main_pack_fcl099.entry_form,,stub
Twin City Elementary School,130204000908,Emanuel County Schools,Rural SE Georgia,GA,traditional,elementary,,(478)763-2253,,,,,,,,,,,,,https://educationdata.urban.org/api/v1/schools/ccd/directory/2023/?fips=13|https://nces.ed.gov/ccd/|https://app3.doe.k12.ga.us/ows-bin/owa/main_pack_fcl099.entry_form,,stub
Claxton Elementary School,130207002257,Evans County Schools,Statesboro,GA,traditional,elementary,,(912)739-2714,,,,,,,,,,,,,https://educationdata.urban.org/api/v1/schools/ccd/directory/2023/?fips=13|https://nces.ed.gov/ccd/|https://app3.doe.k12.ga.us/ows-bin/owa/main_pack_fcl099.entry_form,,stub
Claxton High School,130207000909,Evans County Schools,Statesboro,GA,traditional,high,,(912)739-5221,,,,,,,,,,,,,https://educationdata.urban.org/api/v1/schools/ccd/directory/2023/?fips=13|https://nces.ed.gov/ccd/|https://app3.doe.k12.ga.us/ows-bin/owa/main_pack_fcl099.entry_form,,stub
Claxton Middle School,130207000911,Evans County Schools,Statesboro,GA,traditional,middle,,(912)739-3646,,,,,,,,,,,,,https://educationdata.urban.org/api/v1/schools/ccd/directory/2023/?fips=13|https://nces.ed.gov/ccd/|https://app3.doe.k12.ga.us/ows-bin/owa/main_pack_fcl099.entry_form,,stub
Second Chance,130207004287,Evans County Schools,Statesboro,GA,traditional,high,,(912)739-3993,,,,,,,,,,,,,https://educationdata.urban.org/api/v1/schools/ccd/directory/2023/?fips=13|https://nces.ed.gov/ccd/|https://app3.doe.k12.ga.us/ows-bin/owa/main_pack_fcl099.entry_form,,stub
Blue Ridge Elementary School,130210000916,Fannin County Schools,Rural North Georgia,GA,traditional,elementary,,(706)632-5772,,,,,,,,,,,,,https://educationdata.urban.org/api/v1/schools/ccd/directory/2023/?fips=13|https://nces.ed.gov/ccd/|https://app3.doe.k12.ga.us/ows-bin/owa/main_pack_fcl099.entry_form,,stub
East Fannin Elementary School,130210000255,Fannin County Schools,Rural North Georgia,GA,traditional,elementary,,(706)374-6418,,,,,,,,,,,,,https://educationdata.urban.org/api/v1/schools/ccd/directory/2023/?fips=13|https://nces.ed.gov/ccd/|https://app3.doe.k12.ga.us/ows-bin/owa/main_pack_fcl099.entry_form,,stub
Fannin County High School,130210000912,Fannin County Schools,Rural North Georgia,GA,traditional,high,,(706)632-2081,,,,,,,,,,,,,https://educationdata.urban.org/api/v1/schools/ccd/directory/2023/?fips=13|https://nces.ed.gov/ccd/|https://app3.doe.k12.ga.us/ows-bin/owa/main_pack_fcl099.entry_form,,stub
Fannin County Middle School,130210000067,Fannin County Schools,Rural North Georgia,GA,traditional,middle,,(706)632-6100,,,,,,,,,,,,,https://educationdata.urban.org/api/v1/schools/ccd/directory/2023/?fips=13|https://nces.ed.gov/ccd/|https://app3.doe.k12.ga.us/ows-bin/owa/main_pack_fcl099.entry_form,,stub
West Fannin Elementary School,130210000156,Fannin County Schools,Rural North Georgia,GA,traditional,elementary,,(706)492-3644,,,,,,,,,,,,,https://educationdata.urban.org/api/v1/schools/ccd/directory/2023/?fips=13|https://nces.ed.gov/ccd/|https://app3.doe.k12.ga.us/ows-bin/owa/main_pack_fcl099.entry_form,,stub
Bennett's Mill Middle School,130213003638,Fayette County Public Schools,Atlanta,GA,traditional,middle,,(770)716-3982,,,,,,,,,,,,,https://educationdata.urban.org/api/v1/schools/ccd/directory/2023/?fips=13|https://nces.ed.gov/ccd/|https://app3.doe.k12.ga.us/ows-bin/owa/main_pack_fcl099.entry_form,,stub
Braelinn Elementary School,130213002115,Fayette County Public Schools,Atlanta,GA,traditional,elementary,,(770)631-5410,,,,,,,,,,,,,https://educationdata.urban.org/api/v1/schools/ccd/directory/2023/?fips=13|https://nces.ed.gov/ccd/|https://app3.doe.k12.ga.us/ows-bin/owa/main_pack_fcl099.entry_form,,stub
Cleveland Elementary School,130213002554,Fayette County Public Schools,Atlanta,GA,traditional,elementary,,(770)716-3905,,,,,,,,,,,,,https://educationdata.urban.org/api/v1/schools/ccd/directory/2023/?fips=13|https://nces.ed.gov/ccd/|https://app3.doe.k12.ga.us/ows-bin/owa/main_pack_fcl099.entry_form,,stub
Crabapple Lane Elementary School,130213002876,Fayette County Public Schools,Atlanta,GA,traditional,elementary,,(770)487-5425,,,,,,,,,,,,,https://educationdata.urban.org/api/v1/schools/ccd/directory/2023/?fips=13|https://nces.ed.gov/ccd/|https://app3.doe.k12.ga.us/ows-bin/owa/main_pack_fcl099.entry_form,,stub
Fayette County High School,130213002168,Fayette County Public Schools,Atlanta,GA,traditional,high,https://fchs.fcboe.org/,(770)460-3540,,Andrea Cherry-Lee,Principal,cherry-lee.andrea@fcboe.org,(770)460-3540,,,,,,,,fchs.fcboe.org/faculty-staff/all-faculty-staff (Andrea Cherry-Lee Principal); faculty/staff directory email cherry-lee.andrea@fcboe.org; fchs.fcboe.org/about-us/principals-message,2026-09-07,verified
Fayetteville Elementary School,130213002485,Fayette County Public Schools,Atlanta,GA,traditional,elementary,,(770)460-3560,,,,,,,,,,,,,https://educationdata.urban.org/api/v1/schools/ccd/directory/2023/?fips=13|https://nces.ed.gov/ccd/|https://app3.doe.k12.ga.us/ows-bin/owa/main_pack_fcl099.entry_form,,stub
Flat Rock Middle School,130213002118,Fayette County Public Schools,Atlanta,GA,traditional,middle,,(770)969-2830,,,,,,,,,,,,,https://educationdata.urban.org/api/v1/schools/ccd/directory/2023/?fips=13|https://nces.ed.gov/ccd/|https://app3.doe.k12.ga.us/ows-bin/owa/main_pack_fcl099.entry_form,,stub
Huddleston Elementary School,130213000920,Fayette County Public Schools,Atlanta,GA,traditional,elementary,,(770)631-3255,,,,,,,,,,,,,https://educationdata.urban.org/api/v1/schools/ccd/directory/2023/?fips=13|https://nces.ed.gov/ccd/|https://app3.doe.k12.ga.us/ows-bin/owa/main_pack_fcl099.entry_form,,stub
Inman Elementary,130213003802,Fayette County Public Schools,Atlanta,GA,traditional,elementary,,(770)460-3565,,,,,,,,,,,,,https://educationdata.urban.org/api/v1/schools/ccd/directory/2023/?fips=13|https://nces.ed.gov/ccd/|https://app3.doe.k12.ga.us/ows-bin/owa/main_pack_fcl099.entry_form,,stub
J.C. Booth Middle School,130213000925,Fayette County Public Schools,Atlanta,GA,traditional,middle,,(770)631-3240,,,,,,,,,,,,,https://educationdata.urban.org/api/v1/schools/ccd/directory/2023/?fips=13|https://nces.ed.gov/ccd/|https://app3.doe.k12.ga.us/ows-bin/owa/main_pack_fcl099.entry_form,,stub
Kedron Elementary School,130213001174,Fayette County Public Schools,Atlanta,GA,traditional,elementary,,(770)486-2700,,,,,,,,,,,,,https://educationdata.urban.org/api/v1/schools/ccd/directory/2023/?fips=13|https://nces.ed.gov/ccd/|https://app3.doe.k12.ga.us/ows-bin/owa/main_pack_fcl099.entry_form,,stub
McIntosh High School,130213001892,Fayette County Public Schools,Atlanta,GA,traditional,high,https://mhs.fcboe.org/,(770)631-3232,,Amy Hammock,Principal,Hammock.Amy@fcboe.org,(770)631-3232,,,,,,,,mhs.fcboe.org/faculty-staff/administration (Mrs. Amy Hammock Principal; Email Hammock.Amy@fcboe.org),2026-09-07,verified
North Fayette Elementary School,130213001893,Fayette County Public Schools,Atlanta,GA,traditional,elementary,,(770)460-3570,,,,,,,,,,,,,https://educationdata.urban.org/api/v1/schools/ccd/directory/2023/?fips=13|https://nces.ed.gov/ccd/|https://app3.doe.k12.ga.us/ows-bin/owa/main_pack_fcl099.entry_form,,stub
Oak Grove Elementary School,130213001955,Fayette County Public Schools,Atlanta,GA,traditional,elementary,,(770)631-3260,,,,,,,,,,,,,https://educationdata.urban.org/api/v1/schools/ccd/directory/2023/?fips=13|https://nces.ed.gov/ccd/|https://app3.doe.k12.ga.us/ows-bin/owa/main_pack_fcl099.entry_form,,stub
Peachtree City Elementary School,130213000923,Fayette County Public Schools,Atlanta,GA,traditional,elementary,,(770)631-3250,,,,,,,,,,,,,https://educationdata.urban.org/api/v1/schools/ccd/directory/2023/?fips=13|https://nces.ed.gov/ccd/|https://app3.doe.k12.ga.us/ows-bin/owa/main_pack_fcl099.entry_form,,stub
Peeples Elementary School,130213002258,Fayette County Public Schools,Atlanta,GA,traditional,elementary,,(770)486-2734,,,,,,,,,,,,,https://educationdata.urban.org/api/v1/schools/ccd/directory/2023/?fips=13|https://nces.ed.gov/ccd/|https://app3.doe.k12.ga.us/ows-bin/owa/main_pack_fcl099.entry_form,,stub
Rising Starr Middle School,130213002166,Fayette County Public Schools,Atlanta,GA,traditional,middle,,(770)486-2721,,,,,,,,,,,,,https://educationdata.urban.org/api/v1/schools/ccd/directory/2023/?fips=13|https://nces.ed.gov/ccd/|https://app3.doe.k12.ga.us/ows-bin/owa/main_pack_fcl099.entry_form,,stub
Robert J. Burch Elementary School,130213002116,Fayette County Public Schools,Atlanta,GA,traditional,elementary,,(770)969-2820,,,,,,,,,,,,,https://educationdata.urban.org/api/v1/schools/ccd/directory/2023/?fips=13|https://nces.ed.gov/ccd/|https://app3.doe.k12.ga.us/ows-bin/owa/main_pack_fcl099.entry_form,,stub
Sandy Creek High School,130213002167,Fayette County Public Schools,Atlanta,GA,traditional,high,https://schs.fcboe.org/,(770)969-2840,,Tosha Oliver,Principal,oliver.tosha@fcboe.org,(770)969-2840,,,,,,,,schs.fcboe.org/faculty-staff/administration (Tosha Oliver Principal; oliver.tosha@fcboe.org),2026-09-07,verified
Sara Harp Minter Elementary School,130213002555,Fayette County Public Schools,Atlanta,GA,traditional,elementary,,(770)716-3910,,,,,,,,,,,,,https://educationdata.urban.org/api/v1/schools/ccd/directory/2023/?fips=13|https://nces.ed.gov/ccd/|https://app3.doe.k12.ga.us/ows-bin/owa/main_pack_fcl099.entry_form,,stub
Spring Hill Elementary School,130213001235,Fayette County Public Schools,Atlanta,GA,traditional,elementary,,(770)460-3432,,,,,,,,,,,,,https://educationdata.urban.org/api/v1/schools/ccd/directory/2023/?fips=13|https://nces.ed.gov/ccd/|https://app3.doe.k12.ga.us/ows-bin/owa/main_pack_fcl099.entry_form,,stub
Starrs Mill High School,130213002165,Fayette County Public Schools,Atlanta,GA,traditional,high,https://smhs.fcboe.org/,(770)486-2710,,Jamie Voorhies,Principal,voorhies.jamie@fcboe.org,(770)486-2710,,,,,,,,smhs.fcboe.org/faculty-staff/administration (Jamie Voorhies Principal; voorhies.jamie@fcboe.org),2026-09-07,verified
Whitewater High School,130213002877,Fayette County Public Schools,Atlanta,GA,traditional,high,https://whs.fcboe.org/,(770)460-3935,,Krystin Hall,Principal,hall.krystin@fcboe.org,(770)460-3935,,,,,,,,whs.fcboe.org/faculty-staff/administration (Krystin Hall Principal hall.krystin@fcboe.org); whs.fcboe.org/about-us/principals-message,2026-09-07,verified
Whitewater Middle School,130213002117,Fayette County Public Schools,Atlanta,GA,traditional,middle,,(770)460-3450,,,,,,,,,,,,,https://educationdata.urban.org/api/v1/schools/ccd/directory/2023/?fips=13|https://nces.ed.gov/ccd/|https://app3.doe.k12.ga.us/ows-bin/owa/main_pack_fcl099.entry_form,,stub
Alto Park Elementary School,130219000949,Floyd County Schools,Rome,GA,traditional,elementary,,(706)236-1892,,,,,,,,,,,,,https://educationdata.urban.org/api/v1/schools/ccd/directory/2023/?fips=13|https://nces.ed.gov/ccd/|https://app3.doe.k12.ga.us/ows-bin/owa/main_pack_fcl099.entry_form,,stub
Armuchee Elementary School,130219004442,Floyd County Schools,Rome,GA,traditional,elementary,,(706)802-6758,,,,,,,,,,,,,https://educationdata.urban.org/api/v1/schools/ccd/directory/2023/?fips=13|https://nces.ed.gov/ccd/|https://app3.doe.k12.ga.us/ows-bin/owa/main_pack_fcl099.entry_form,,stub
Armuchee High School,130219002375,Floyd County Schools,Rome,GA,traditional,high,https://ahs.floydboe.net/,(706)236-1888,,Joseph Pethel,Principal,,(706) 236-1886,,,,,,,,https://ahs.floydboe.net/about-us/principal-welcome,2026-09-07,verified
Armuchee Primary School,130219000882,Floyd County Schools,Rome,GA,traditional,elementary,,(706)802-6758,,,,,,,,,,,,,https://educationdata.urban.org/api/v1/schools/ccd/directory/2023/?fips=13|https://nces.ed.gov/ccd/|https://app3.doe.k12.ga.us/ows-bin/owa/main_pack_fcl099.entry_form,,stub
Coosa High School,130219000937,Floyd County Schools,Rome,GA,traditional,high,https://chs.floydboe.net/,(706)236-1870,,Kristen Martin,Principal,,(706) 236-1870,,,,,,,,https://chs.floydboe.net/about-us/administration,2026-09-07,verified
Coosa Middle School,130219000940,Floyd County Schools,Rome,GA,traditional,middle,,(706)236-1856,,,,,,,,,,,,,https://educationdata.urban.org/api/v1/schools/ccd/directory/2023/?fips=13|https://nces.ed.gov/ccd/|https://app3.doe.k12.ga.us/ows-bin/owa/main_pack_fcl099.entry_form,,stub
Garden Lakes Elementary School,130219000945,Floyd County Schools,Rome,GA,traditional,elementary,,(706)236-1865,,,,,,,,,,,,,https://educationdata.urban.org/api/v1/schools/ccd/directory/2023/?fips=13|https://nces.ed.gov/ccd/|https://app3.doe.k12.ga.us/ows-bin/owa/main_pack_fcl099.entry_form,,stub
Johnson Elementary,130219000939,Floyd County Schools,Rome,GA,traditional,elementary,,(706)236-1830,,,,,,,,,,,,,https://educationdata.urban.org/api/v1/schools/ccd/directory/2023/?fips=13|https://nces.ed.gov/ccd/|https://app3.doe.k12.ga.us/ows-bin/owa/main_pack_fcl099.entry_form,,stub
Model Elementary School,130219000943,Floyd County Schools,Rome,GA,traditional,elementary,,(706)236-1827,,,,,,,,,,,,,https://educationdata.urban.org/api/v1/schools/ccd/directory/2023/?fips=13|https://nces.ed.gov/ccd/|https://app3.doe.k12.ga.us/ows-bin/owa/main_pack_fcl099.entry_form,,stub
Model High,130219002373,Floyd County Schools,Rome,GA,traditional,high,https://sites.google.com/floydboe.net/welcometomodelhighschool/administration,(706)236-1895,,Kevin Strickland,Principal,,(706) 236-1895,,,,,,,,https://sites.google.com/floydboe.net/welcometomodelhighschool/administration,2026-09-07,verified
Model Middle School,130219002372,Floyd County Schools,Rome,GA,traditional,middle,,(706)290-8150,,,,,,,,,,,,,https://educationdata.urban.org/api/v1/schools/ccd/directory/2023/?fips=13|https://nces.ed.gov/ccd/|https://app3.doe.k12.ga.us/ows-bin/owa/main_pack_fcl099.entry_form,,stub
Pepperell Elementary,130219002260,Floyd County Schools,Rome,GA,traditional,elementary,,(706)290-8527,,,,,,,,,,,,,https://educationdata.urban.org/api/v1/schools/ccd/directory/2023/?fips=13|https://nces.ed.gov/ccd/|https://app3.doe.k12.ga.us/ows-bin/owa/main_pack_fcl099.entry_form,,stub
Pepperell High School,130219003351,Floyd County Schools,Rome,GA,traditional,high,https://phs.floydboe.net/,(706)236-1844,,Judson Cox,Principal,,(706) 236-1844,,,,,,,,https://phs.floydboe.net/about-us/administration|https://phs.floydboe.net/about-us/staff-directory,2026-09-07,verified
Pepperell Middle School,130219000934,Floyd County Schools,Rome,GA,traditional,middle,,(706)236-1849,,,,,,,,,,,,,https://educationdata.urban.org/api/v1/schools/ccd/directory/2023/?fips=13|https://nces.ed.gov/ccd/|https://app3.doe.k12.ga.us/ows-bin/owa/main_pack_fcl099.entry_form,,stub
Pepperell Primary,130219000938,Floyd County Schools,Rome,GA,traditional,elementary,,(706)236-1835,,,,,,,,,,,,,https://educationdata.urban.org/api/v1/schools/ccd/directory/2023/?fips=13|https://nces.ed.gov/ccd/|https://app3.doe.k12.ga.us/ows-bin/owa/main_pack_fcl099.entry_form,,stub
Alliance Academy for Innovation,130222004320,Forsyth County Schools,Atlanta,GA,traditional,high,https://alliance.forsyth.k12.ga.us/,(470)695-7823,,Karl Mercer,Principal,KMercer@forsyth.k12.ga.us,,,,,,,,,https://www.forsyth.k12.ga.us/schools/high/hs-administrators|https://alliance.forsyth.k12.ga.us/our-school/staff-directory|https://alliance.forsyth.k12.ga.us/,2026-09-07,verified
Big Creek Elementary School,130222000954,Forsyth County Schools,Atlanta,GA,traditional,elementary,,(770)887-4584,,,,,,,,,,,,,https://educationdata.urban.org/api/v1/schools/ccd/directory/2023/?fips=13|https://nces.ed.gov/ccd/|https://app3.doe.k12.ga.us/ows-bin/owa/main_pack_fcl099.entry_form,,stub
Brandywine Elementary School,130222004233,Forsyth County Schools,Atlanta,GA,traditional,elementary,,(770)667-2585,,,,,,,,,,,,,https://educationdata.urban.org/api/v1/schools/ccd/directory/2023/?fips=13|https://nces.ed.gov/ccd/|https://app3.doe.k12.ga.us/ows-bin/owa/main_pack_fcl099.entry_form,,stub
Brookwood Elementary,130222003923,Forsyth County Schools,Atlanta,GA,traditional,elementary,,(678)965-5060,,,,,,,,,,,,,https://educationdata.urban.org/api/v1/schools/ccd/directory/2023/?fips=13|https://nces.ed.gov/ccd/|https://app3.doe.k12.ga.us/ows-bin/owa/main_pack_fcl099.entry_form,,stub
Chattahoochee Elementary School,130222000268,Forsyth County Schools,Atlanta,GA,traditional,elementary,,(770)781-2240,,,,,,,,,,,,,https://educationdata.urban.org/api/v1/schools/ccd/directory/2023/?fips=13|https://nces.ed.gov/ccd/|https://app3.doe.k12.ga.us/ows-bin/owa/main_pack_fcl099.entry_form,,stub
Chestatee Elementary,130222002881,Forsyth County Schools,Atlanta,GA,traditional,elementary,,(770)887-2341,,,,,,,,,,,,,https://educationdata.urban.org/api/v1/schools/ccd/directory/2023/?fips=13|https://nces.ed.gov/ccd/|https://app3.doe.k12.ga.us/ows-bin/owa/main_pack_fcl099.entry_form,,stub
Coal Mountain Elementary School,130222001895,Forsyth County Schools,Atlanta,GA,traditional,elementary,,(770)887-7705,,,,,,,,,,,,,https://educationdata.urban.org/api/v1/schools/ccd/directory/2023/?fips=13|https://nces.ed.gov/ccd/|https://app3.doe.k12.ga.us/ows-bin/owa/main_pack_fcl099.entry_form,,stub
Cumming Elementary School,130222000957,Forsyth County Schools,Atlanta,GA,traditional,elementary,,(770)887-7749,,,,,,,,,,,,,https://educationdata.urban.org/api/v1/schools/ccd/directory/2023/?fips=13|https://nces.ed.gov/ccd/|https://app3.doe.k12.ga.us/ows-bin/owa/main_pack_fcl099.entry_form,,stub
Daves Creek Elementary School,130222001610,Forsyth County Schools,Atlanta,GA,traditional,elementary,,(770)888-1222,,,,,,,,,,,,,https://educationdata.urban.org/api/v1/schools/ccd/directory/2023/?fips=13|https://nces.ed.gov/ccd/|https://app3.doe.k12.ga.us/ows-bin/owa/main_pack_fcl099.entry_form,,stub
Denmark High School,130222004314,Forsyth County Schools,Atlanta,GA,traditional,high,https://dhs.forsyth.k12.ga.us/,(470)533-2521,,Kim Oliver,Principal,koliver@forsyth.k12.ga.us,,,,,,,,,https://www.forsyth.k12.ga.us/schools/high/hs-administrators|https://dhs.forsyth.k12.ga.us/our-school/staff-directory|https://dhs.forsyth.k12.ga.us/,2026-09-07,verified
DeSana Middle School,130222004228,Forsyth County Schools,Atlanta,GA,traditional,middle,,(770)667-2591,,,,,,,,,,,,,https://educationdata.urban.org/api/v1/schools/ccd/directory/2023/?fips=13|https://nces.ed.gov/ccd/|https://app3.doe.k12.ga.us/ows-bin/owa/main_pack_fcl099.entry_form,,stub
East Forsyth High School,130222004418,Forsyth County Schools,Atlanta,GA,traditional,high,https://efhs.forsyth.k12.ga.us/,(770)888-1235,,Kacey Martin,Principal,kmartin@forsyth.k12.ga.us,,,,,,,,,https://www.forsyth.k12.ga.us/schools/high/hs-administrators|https://efhs.forsyth.k12.ga.us/our-school/administration|https://efhs.forsyth.k12.ga.us/,2026-09-07,verified
Forsyth Central High School,130222000956,Forsyth County Schools,Atlanta,GA,traditional,high,https://fchs.forsyth.k12.ga.us/,(770)887-8151,,Tracey Winkler,Principal,twinkler@forsyth.k12.ga.us,,,,,,,,,https://www.forsyth.k12.ga.us/schools/high/hs-administrators|https://fchs.forsyth.k12.ga.us/our-school/administration|https://fchs.forsyth.k12.ga.us/,2026-09-07,verified
George W. Whitlow Elementary,130222003853,Forsyth County Schools,Atlanta,GA,traditional,elementary,,(678)965-5090,,,,,,,,,,,,,https://educationdata.urban.org/api/v1/schools/ccd/directory/2023/?fips=13|https://nces.ed.gov/ccd/|https://app3.doe.k12.ga.us/ows-bin/owa/main_pack_fcl099.entry_form,,stub
Haw Creek Elementary,130222003825,Forsyth County Schools,Atlanta,GA,traditional,elementary,,(678)965-5070,,,,,,,,,,,,,https://educationdata.urban.org/api/v1/schools/ccd/directory/2023/?fips=13|https://nces.ed.gov/ccd/|https://app3.doe.k12.ga.us/ows-bin/owa/main_pack_fcl099.entry_form,,stub
Hendricks Middle School,130222004417,Forsyth County Schools,Atlanta,GA,traditional,middle,,(678)965-5038,,,,,,,,,,,,,https://educationdata.urban.org/api/v1/schools/ccd/directory/2023/?fips=13|https://nces.ed.gov/ccd/|https://app3.doe.k12.ga.us/ows-bin/owa/main_pack_fcl099.entry_form,,stub
Johns Creek Elementary,130222003685,Forsyth County Schools,Atlanta,GA,traditional,elementary,,(678)965-5041,,,,,,,,,,,,,https://educationdata.urban.org/api/v1/schools/ccd/directory/2023/?fips=13|https://nces.ed.gov/ccd/|https://app3.doe.k12.ga.us/ows-bin/owa/main_pack_fcl099.entry_form,,stub
Kelly Mill Elementary,130222004084,Forsyth County Schools,Atlanta,GA,traditional,elementary,,(678)965-4953,,,,,,,,,,,,,https://educationdata.urban.org/api/v1/schools/ccd/directory/2023/?fips=13|https://nces.ed.gov/ccd/|https://app3.doe.k12.ga.us/ows-bin/owa/main_pack_fcl099.entry_form,,stub
Lakeside Middle School,130222003858,Forsyth County Schools,Atlanta,GA,traditional,middle,,(678)455-7311,,,,,,,,,,,,,https://educationdata.urban.org/api/v1/schools/ccd/directory/2023/?fips=13|https://nces.ed.gov/ccd/|https://app3.doe.k12.ga.us/ows-bin/owa/main_pack_fcl099.entry_form,,stub
Lambert High School,130222003954,Forsyth County Schools,Atlanta,GA,traditional,high,https://lhs.forsyth.k12.ga.us/,(678)965-5050,,Amanda Thrower,Principal,athrower@forsyth.k12.ga.us,,,,,,,,,https://www.forsyth.k12.ga.us/schools/high/hs-administrators|https://lhs.forsyth.k12.ga.us/our-school/administration|https://lhs.forsyth.k12.ga.us/our-school/staff-directory|https://lhs.forsyth.k12.ga.us/,2026-09-07,verified
Liberty Middle School,130222002559,Forsyth County Schools,Atlanta,GA,traditional,middle,,(770)781-4889,,,,,,,,,,,,,https://educationdata.urban.org/api/v1/schools/ccd/directory/2023/?fips=13|https://nces.ed.gov/ccd/|https://app3.doe.k12.ga.us/ows-bin/owa/main_pack_fcl099.entry_form,,stub
Little Mill Middle School,130222003355,Forsyth County Schools,Atlanta,GA,traditional,middle,,(678)965-5000,,,,,,,,,,,,,https://educationdata.urban.org/api/v1/schools/ccd/directory/2023/?fips=13|https://nces.ed.gov/ccd/|https://app3.doe.k12.ga.us/ows-bin/owa/main_pack_fcl099.entry_form,,stub
Mashburn Elementary School,130222000955,Forsyth County Schools,Atlanta,GA,traditional,elementary,,(770)889-1630,,,,,,,,,,,,,https://educationdata.urban.org/api/v1/schools/ccd/directory/2023/?fips=13|https://nces.ed.gov/ccd/|https://app3.doe.k12.ga.us/ows-bin/owa/main_pack_fcl099.entry_form,,stub
Matt Elementary School,130222002487,Forsyth County Schools,Atlanta,GA,traditional,elementary,,(678)455-4500,,,,,,,,,,,,,https://educationdata.urban.org/api/v1/schools/ccd/directory/2023/?fips=13|https://nces.ed.gov/ccd/|https://app3.doe.k12.ga.us/ows-bin/owa/main_pack_fcl099.entry_form,,stub
Midway Elementary School,130222000953,Forsyth County Schools,Atlanta,GA,traditional,elementary,,(770)475-6670,,,,,,,,,,,,,https://educationdata.urban.org/api/v1/schools/ccd/directory/2023/?fips=13|https://nces.ed.gov/ccd/|https://app3.doe.k12.ga.us/ows-bin/owa/main_pack_fcl099.entry_form,,stub
New Hope Elementary School,130222004436,Forsyth County Schools,Atlanta,GA,traditional,elementary,,(678)965-5101,,,,,,,,,,,,,https://educationdata.urban.org/api/v1/schools/ccd/directory/2023/?fips=13|https://nces.ed.gov/ccd/|https://app3.doe.k12.ga.us/ows-bin/owa/main_pack_fcl099.entry_form,,stub
North Forsyth High School,130222000893,Forsyth County Schools,Atlanta,GA,traditional,high,https://nfhs.forsyth.k12.ga.us/,(770)781-6637,,Carrie MacAllaster,Principal,cmacallaster@forsyth.k12.ga.us,,,,,,,,,https://www.forsyth.k12.ga.us/schools/high/hs-administrators|https://nfhs.forsyth.k12.ga.us/our-school/staff-directory|https://nfhs.forsyth.k12.ga.us/,2026-09-07,verified
North Forsyth Middle School,130222002178,Forsyth County Schools,Atlanta,GA,traditional,middle,,(770)889-0743,,,,,,,,,,,,,https://educationdata.urban.org/api/v1/schools/ccd/directory/2023/?fips=13|https://nces.ed.gov/ccd/|https://app3.doe.k12.ga.us/ows-bin/owa/main_pack_fcl099.entry_form,,stub
Otwell Middle School,130222000951,Forsyth County Schools,Atlanta,GA,traditional,middle,,(770)887-5248,,,,,,,,,,,,,https://educationdata.urban.org/api/v1/schools/ccd/directory/2023/?fips=13|https://nces.ed.gov/ccd/|https://app3.doe.k12.ga.us/ows-bin/owa/main_pack_fcl099.entry_form,,stub
Piney Grove Middle School,130222003357,Forsyth County Schools,Atlanta,GA,traditional,middle,,(678)965-5010,,,,,,,,,,,,,https://educationdata.urban.org/api/v1/schools/ccd/directory/2023/?fips=13|https://nces.ed.gov/ccd/|https://app3.doe.k12.ga.us/ows-bin/owa/main_pack_fcl099.entry_form,,stub
Poole's Mill Elementary,130222004400,Forsyth County Schools,Atlanta,GA,traditional,elementary,,(770)888-1285,,,,,,,,,,,,,https://educationdata.urban.org/api/v1/schools/ccd/directory/2023/?fips=13|https://nces.ed.gov/ccd/|https://app3.doe.k12.ga.us/ows-bin/owa/main_pack_fcl099.entry_form,,stub
Riverwatch Middle School,130222003352,Forsyth County Schools,Atlanta,GA,traditional,middle,,(678)455-7311,,,,,,,,,,,,,https://educationdata.urban.org/api/v1/schools/ccd/directory/2023/?fips=13|https://nces.ed.gov/ccd/|https://app3.doe.k12.ga.us/ows-bin/owa/main_pack_fcl099.entry_form,,stub
Sawnee Elementary School,130222002173,Forsyth County Schools,Atlanta,GA,traditional,elementary,,(770)887-6161,,,,,,,,,,,,,https://educationdata.urban.org/api/v1/schools/ccd/directory/2023/?fips=13|https://nces.ed.gov/ccd/|https://app3.doe.k12.ga.us/ows-bin/owa/main_pack_fcl099.entry_form,,stub
Settles Bridge Elementary School,130222002320,Forsyth County Schools,Atlanta,GA,traditional,elementary,,(770)887-1883,,,,,,,,,,,,,https://educationdata.urban.org/api/v1/schools/ccd/directory/2023/?fips=13|https://nces.ed.gov/ccd/|https://app3.doe.k12.ga.us/ows-bin/owa/main_pack_fcl099.entry_form,,stub
Sharon Elementary School,130222002880,Forsyth County Schools,Atlanta,GA,traditional,elementary,,(770)888-7511,,,,,,,,,,,,,https://educationdata.urban.org/api/v1/schools/ccd/directory/2023/?fips=13|https://nces.ed.gov/ccd/|https://app3.doe.k12.ga.us/ows-bin/owa/main_pack_fcl099.entry_form,,stub
Shiloh Point Elementary,130222003353,Forsyth County Schools,Atlanta,GA,traditional,elementary,,(678)341-6481,,,,,,,,,,,,,https://educationdata.urban.org/api/v1/schools/ccd/directory/2023/?fips=13|https://nces.ed.gov/ccd/|https://app3.doe.k12.ga.us/ows-bin/owa/main_pack_fcl099.entry_form,,stub
Silver City Elementary School,130222003356,Forsyth County Schools,Atlanta,GA,traditional,elementary,,(678)965-5020,,,,,,,,,,,,,https://educationdata.urban.org/api/v1/schools/ccd/directory/2023/?fips=13|https://nces.ed.gov/ccd/|https://app3.doe.k12.ga.us/ows-bin/owa/main_pack_fcl099.entry_form,,stub
South Forsyth High School,130222001897,Forsyth County Schools,Atlanta,GA,traditional,high,https://sfhs.forsyth.k12.ga.us/,(770)781-2264,,Pam Bibik,Principal,pbibik@forsyth.k12.ga.us,,,,,,,,,https://www.forsyth.k12.ga.us/schools/high/hs-administrators|https://sfhs.forsyth.k12.ga.us/our-school/admin|https://sfhs.forsyth.k12.ga.us/,2026-09-07,verified
South Forsyth Middle School,130222002262,Forsyth County Schools,Atlanta,GA,traditional,middle,,(770)888-3170,,,,,,,,,,,,,https://educationdata.urban.org/api/v1/schools/ccd/directory/2023/?fips=13|https://nces.ed.gov/ccd/|https://app3.doe.k12.ga.us/ows-bin/owa/main_pack_fcl099.entry_form,,stub
Vickery Creek Elementary School,130222002169,Forsyth County Schools,Atlanta,GA,traditional,elementary,,(770)346-0040,,,,,,,,,,,,,https://educationdata.urban.org/api/v1/schools/ccd/directory/2023/?fips=13|https://nces.ed.gov/ccd/|https://app3.doe.k12.ga.us/ows-bin/owa/main_pack_fcl099.entry_form,,stub
Vickery Creek Middle School,130222002261,Forsyth County Schools,Atlanta,GA,traditional,middle,,(770)667-2580,,,,,,,,,,,,,https://educationdata.urban.org/api/v1/schools/ccd/directory/2023/?fips=13|https://nces.ed.gov/ccd/|https://app3.doe.k12.ga.us/ows-bin/owa/main_pack_fcl099.entry_form,,stub
West Forsyth High School,130222003354,Forsyth County Schools,Atlanta,GA,traditional,high,https://wfhs.forsyth.k12.ga.us/,(770)888-3470,,Aaron Archambeau,Principal,aarchambeau@forsyth.k12.ga.us,,,,,,,,,https://www.forsyth.k12.ga.us/schools/high/hs-administrators|https://wfhs.forsyth.k12.ga.us/our-school/administration|https://wfhs.forsyth.k12.ga.us/,2026-09-07,verified
Carnesville Elementary School,130225003359,Franklin County School System,Rural NE Georgia,GA,traditional,elementary,,(706)384-7326,,,,,,,,,,,,,https://educationdata.urban.org/api/v1/schools/ccd/directory/2023/?fips=13|https://nces.ed.gov/ccd/|https://app3.doe.k12.ga.us/ows-bin/owa/main_pack_fcl099.entry_form,,stub
Franklin County High School,130225000961,Franklin County School System,Rural NE Georgia,GA,traditional,high,,(706)384-4525,,,,,,,,,,,,,https://educationdata.urban.org/api/v1/schools/ccd/directory/2023/?fips=13|https://nces.ed.gov/ccd/|https://app3.doe.k12.ga.us/ows-bin/owa/main_pack_fcl099.entry_form,,stub
Franklin County Middle School,130225003358,Franklin County School System,Rural NE Georgia,GA,traditional,middle,,(706)384-4581,,,,,,,,,,,,,https://educationdata.urban.org/api/v1/schools/ccd/directory/2023/?fips=13|https://nces.ed.gov/ccd/|https://app3.doe.k12.ga.us/ows-bin/owa/main_pack_fcl099.entry_form,,stub
Lavonia Elementary School,130225000964,Franklin County School System,Rural NE Georgia,GA,traditional,elementary,,(706)356-8209,,,,,,,,,,,,,https://educationdata.urban.org/api/v1/schools/ccd/directory/2023/?fips=13|https://nces.ed.gov/ccd/|https://app3.doe.k12.ga.us/ows-bin/owa/main_pack_fcl099.entry_form,,stub
Royston Elementary School,130225000963,Franklin County School System,Rural NE Georgia,GA,traditional,elementary,,(706)245-9252,,,,,,,,,,,,,https://educationdata.urban.org/api/v1/schools/ccd/directory/2023/?fips=13|https://nces.ed.gov/ccd/|https://app3.doe.k12.ga.us/ows-bin/owa/main_pack_fcl099.entry_form,,stub
Abbotts Hill Elementary School,130228002378,Fulton County Schools,Atlanta,GA,traditional,elementary,,(470)254-2860,,,,,,,,,,,,,https://educationdata.urban.org/api/v1/schools/ccd/directory/2023/?fips=13|https://nces.ed.gov/ccd/|https://app3.doe.k12.ga.us/ows-bin/owa/main_pack_fcl099.entry_form,,stub
Alpharetta Elementary School,130228000974,Fulton County Schools,Atlanta,GA,traditional,elementary,,(470)254-7015,,,,,,,,,,,,,https://educationdata.urban.org/api/v1/schools/ccd/directory/2023/?fips=13|https://nces.ed.gov/ccd/|https://app3.doe.k12.ga.us/ows-bin/owa/main_pack_fcl099.entry_form,,stub
Alpharetta High School,130228003364,Fulton County Schools,Atlanta,GA,traditional,high,https://alpharettahs.fultonschools.org/,(470)254-7640,,Mike Scheifflee,Principal,Scheifflee@fultonschools.org,,,,,,,,,https://educationdata.urban.org/api/v1/schools/ccd/directory/2023/?fips=13|https://nces.ed.gov/ccd/|https://app3.doe.k12.ga.us/ows-bin/owa/main_pack_fcl099.entry_form|https://alpharettahs.fultonschools.org/our-school/school-administration,2026-09-07,verified
Amana Academy School,130228003535,Fulton County Schools,Atlanta,GA,traditional,elementary,,(678)624-0989,,,,,,,,,,,,,https://educationdata.urban.org/api/v1/schools/ccd/directory/2023/?fips=13|https://nces.ed.gov/ccd/|https://app3.doe.k12.ga.us/ows-bin/owa/main_pack_fcl099.entry_form,,stub
Asa Hilliard Elementary School,130228001036,Fulton County Schools,Atlanta,GA,traditional,elementary,,(470)254-8050,,,,,,,,,,,,,https://educationdata.urban.org/api/v1/schools/ccd/directory/2023/?fips=13|https://nces.ed.gov/ccd/|https://app3.doe.k12.ga.us/ows-bin/owa/main_pack_fcl099.entry_form,,stub
Autrey Mill Middle School,130228002886,Fulton County Schools,Atlanta,GA,traditional,middle,,(470)254-7622,,,,,,,,,,,,,https://educationdata.urban.org/api/v1/schools/ccd/directory/2023/?fips=13|https://nces.ed.gov/ccd/|https://app3.doe.k12.ga.us/ows-bin/owa/main_pack_fcl099.entry_form,,stub
Banneker High School,130228000967,Fulton County Schools,Atlanta,GA,traditional,high,https://banneker.fultonschools.org/,(470)254-3410,,Vincent Golden,Principal,goldenv1@fultonschools.org,,,,,,,,,https://educationdata.urban.org/api/v1/schools/ccd/directory/2023/?fips=13|https://nces.ed.gov/ccd/|https://app3.doe.k12.ga.us/ows-bin/owa/main_pack_fcl099.entry_form|https://banneker.fultonschools.org/,2026-09-07,verified
Barnwell Elementary School,130228001979,Fulton County Schools,Atlanta,GA,traditional,elementary,,(470)254-4960,,,,,,,,,,,,,https://educationdata.urban.org/api/v1/schools/ccd/directory/2023/?fips=13|https://nces.ed.gov/ccd/|https://app3.doe.k12.ga.us/ows-bin/owa/main_pack_fcl099.entry_form,,stub
Bear Creek Middle School,130228002121,Fulton County Schools,Atlanta,GA,traditional,middle,,(470)254-6080,,,,,,,,,,,,,https://educationdata.urban.org/api/v1/schools/ccd/directory/2023/?fips=13|https://nces.ed.gov/ccd/|https://app3.doe.k12.ga.us/ows-bin/owa/main_pack_fcl099.entry_form,,stub
Bethune Elementary School,130228001006,Fulton County Schools,Atlanta,GA,traditional,elementary,,(470)254-7940,,,,,,,,,,,,,https://educationdata.urban.org/api/v1/schools/ccd/directory/2023/?fips=13|https://nces.ed.gov/ccd/|https://app3.doe.k12.ga.us/ows-bin/owa/main_pack_fcl099.entry_form,,stub
Birmingham Falls Elementary School,130228003874,Fulton County Schools,Atlanta,GA,traditional,elementary,,(470)254-2820,,,,,,,,,,,,,https://educationdata.urban.org/api/v1/schools/ccd/directory/2023/?fips=13|https://nces.ed.gov/ccd/|https://app3.doe.k12.ga.us/ows-bin/owa/main_pack_fcl099.entry_form,,stub
Brookview Elementary School,130228000997,Fulton County Schools,Atlanta,GA,traditional,elementary,,(470)254-8020,,,,,,,,,,,,,https://educationdata.urban.org/api/v1/schools/ccd/directory/2023/?fips=13|https://nces.ed.gov/ccd/|https://app3.doe.k12.ga.us/ows-bin/owa/main_pack_fcl099.entry_form,,stub
Cambridge High School,130228004099,Fulton County Schools,Atlanta,GA,traditional,high,https://cambridge.fultonschools.org/,(470)254-2883,,Ashley Agans,Principal,Agans@fultonschools.org,,,,,,,,,https://educationdata.urban.org/api/v1/schools/ccd/directory/2023/?fips=13|https://nces.ed.gov/ccd/|https://app3.doe.k12.ga.us/ows-bin/owa/main_pack_fcl099.entry_form|https://cambridge.fultonschools.org/staff|https://cambridge.fultonschools.org/staff/administration,2026-09-07,verified
Camp Creek Middle School,130228001956,Fulton County Schools,Atlanta,GA,traditional,middle,,(470)254-8030,,,,,,,,,,,,,https://educationdata.urban.org/api/v1/schools/ccd/directory/2023/?fips=13|https://nces.ed.gov/ccd/|https://app3.doe.k12.ga.us/ows-bin/owa/main_pack_fcl099.entry_form,,stub
Campbell Elementary School,130228000998,Fulton County Schools,Atlanta,GA,traditional,elementary,,(470)254-3430,,,,,,,,,,,,,https://educationdata.urban.org/api/v1/schools/ccd/directory/2023/?fips=13|https://nces.ed.gov/ccd/|https://app3.doe.k12.ga.us/ows-bin/owa/main_pack_fcl099.entry_form,,stub
Centennial High School,130228002181,Fulton County Schools,Atlanta,GA,traditional,high,https://centennial.fultonschools.org/,(470)254-4230,,Dr. Opie Blackwell,Principal,BlackwellO@fultonschools.org,,,,,,,,,https://educationdata.urban.org/api/v1/schools/ccd/directory/2023/?fips=13|https://nces.ed.gov/ccd/|https://app3.doe.k12.ga.us/ows-bin/owa/main_pack_fcl099.entry_form|https://centennial.fultonschools.org/staff|https://centennial.fultonschools.org/staff/our-administration,2026-09-07,verified
Chattahoochee High School,130228002172,Fulton County Schools,Atlanta,GA,traditional,high,https://chattahoochee.fultonschools.org/,(470)254-7600,,Dr. Mike Todd,Principal,toddm@fultonschools.org,(470) 254-7550,,,,,,,,https://educationdata.urban.org/api/v1/schools/ccd/directory/2023/?fips=13|https://nces.ed.gov/ccd/|https://app3.doe.k12.ga.us/ows-bin/owa/main_pack_fcl099.entry_form|https://chattahoochee.fultonschools.org/staff/chs-administration|https://resources.finalsite.net/images/v1757013207/fultonschoolsorg/fhamydiskzxdya3hv7lx/CHS-25-26StudentHandbookFINAL.pdf,2026-09-07,verified
Chattahoochee Hills Charter School,130228004147,Fulton County Schools,Atlanta,GA,traditional,elementary,,(678)466-7285,,,,,,,,,,,,,https://educationdata.urban.org/api/v1/schools/ccd/directory/2023/?fips=13|https://nces.ed.gov/ccd/|https://app3.doe.k12.ga.us/ows-bin/owa/main_pack_fcl099.entry_form,,stub
Cliftondale Elementary School,130228003940,Fulton County Schools,Atlanta,GA,traditional,elementary,,(470)254-4070,,,,,,,,,,,,,https://educationdata.urban.org/api/v1/schools/ccd/directory/2023/?fips=13|https://nces.ed.gov/ccd/|https://app3.doe.k12.ga.us/ows-bin/owa/main_pack_fcl099.entry_form,,stub
Cogburn Woods Elementary School,130228003365,Fulton County Schools,Atlanta,GA,traditional,elementary,,(470)254-2845,,,,,,,,,,,,,https://educationdata.urban.org/api/v1/schools/ccd/directory/2023/?fips=13|https://nces.ed.gov/ccd/|https://app3.doe.k12.ga.us/ows-bin/owa/main_pack_fcl099.entry_form,,stub
College Park Elementary,130228004201,Fulton County Schools,Atlanta,GA,traditional,elementary,,(470)254-8040,,,,,,,,,,,,,https://educationdata.urban.org/api/v1/schools/ccd/directory/2023/?fips=13|https://nces.ed.gov/ccd/|https://app3.doe.k12.ga.us/ows-bin/owa/main_pack_fcl099.entry_form,,stub
Conley Hills Elementary School,130228000217,Fulton County Schools,Atlanta,GA,traditional,elementary,,(470)254-8170,,,,,,,,,,,,,https://educationdata.urban.org/api/v1/schools/ccd/directory/2023/?fips=13|https://nces.ed.gov/ccd/|https://app3.doe.k12.ga.us/ows-bin/owa/main_pack_fcl099.entry_form,,stub
Crabapple Crossing Elementary School,130228000035,Fulton County Schools,Atlanta,GA,traditional,elementary,,(470)254-7055,,,,,,,,,,,,,https://educationdata.urban.org/api/v1/schools/ccd/directory/2023/?fips=13|https://nces.ed.gov/ccd/|https://app3.doe.k12.ga.us/ows-bin/owa/main_pack_fcl099.entry_form,,stub
Crabapple Middle School,130228001928,Fulton County Schools,Atlanta,GA,traditional,middle,,(470)254-4520,,,,,,,,,,,,,https://educationdata.urban.org/api/v1/schools/ccd/directory/2023/?fips=13|https://nces.ed.gov/ccd/|https://app3.doe.k12.ga.us/ows-bin/owa/main_pack_fcl099.entry_form,,stub
Creek View Elementary School,130228002489,Fulton County Schools,Atlanta,GA,traditional,elementary,,(470)254-2932,,,,,,,,,,,,,https://educationdata.urban.org/api/v1/schools/ccd/directory/2023/?fips=13|https://nces.ed.gov/ccd/|https://app3.doe.k12.ga.us/ows-bin/owa/main_pack_fcl099.entry_form,,stub
Creekside High School,130228002120,Fulton County Schools,Atlanta,GA,traditional,high,https://creekside.fultonschools.org/,(470)254-4300,,Dr. Terrell A. Awak,Principal,awakt@fultonschools.org,,,,,,,,,https://educationdata.urban.org/api/v1/schools/ccd/directory/2023/?fips=13|https://nces.ed.gov/ccd/|https://app3.doe.k12.ga.us/ows-bin/owa/main_pack_fcl099.entry_form|https://creekside.fultonschools.org/staff|https://creekside.fultonschools.org/staff/administration,2026-09-07,verified
Dolvin Elementary School,130228000965,Fulton County Schools,Atlanta,GA,traditional,elementary,,(470)254-7020,,,,,,,,,,,,,https://educationdata.urban.org/api/v1/schools/ccd/directory/2023/?fips=13|https://nces.ed.gov/ccd/|https://app3.doe.k12.ga.us/ows-bin/owa/main_pack_fcl099.entry_form,,stub
Dunwoody Springs Elementary School,130228002380,Fulton County Schools,Atlanta,GA,traditional,elementary,,(470)254-4060,,,,,,,,,,,,,https://educationdata.urban.org/api/v1/schools/ccd/directory/2023/?fips=13|https://nces.ed.gov/ccd/|https://app3.doe.k12.ga.us/ows-bin/owa/main_pack_fcl099.entry_form,,stub
E. C. West Elementary School,130228001043,Fulton County Schools,Atlanta,GA,traditional,elementary,,(470)254-3460,,,,,,,,,,,,,https://educationdata.urban.org/api/v1/schools/ccd/directory/2023/?fips=13|https://nces.ed.gov/ccd/|https://app3.doe.k12.ga.us/ows-bin/owa/main_pack_fcl099.entry_form,,stub
Elkins Pointe Middle School,130228002492,Fulton County Schools,Atlanta,GA,traditional,middle,,(470)254-2892,,,,,,,,,,,,,https://educationdata.urban.org/api/v1/schools/ccd/directory/2023/?fips=13|https://nces.ed.gov/ccd/|https://app3.doe.k12.ga.us/ows-bin/owa/main_pack_fcl099.entry_form,,stub
Feldwood Elementary School,130228004002,Fulton County Schools,Atlanta,GA,traditional,elementary,,(470)254-2001,,,,,,,,,,,,,https://educationdata.urban.org/api/v1/schools/ccd/directory/2023/?fips=13|https://nces.ed.gov/ccd/|https://app3.doe.k12.ga.us/ows-bin/owa/main_pack_fcl099.entry_form,,stub
Findley Oaks Elementary School,130228000948,Fulton County Schools,Atlanta,GA,traditional,elementary,,(470)254-3800,,,,,,,,,,,,,https://educationdata.urban.org/api/v1/schools/ccd/directory/2023/?fips=13|https://nces.ed.gov/ccd/|https://app3.doe.k12.ga.us/ows-bin/owa/main_pack_fcl099.entry_form,,stub
Fulton Academy of Science and Technology,130228004259,Fulton County Schools,Atlanta,GA,traditional,elementary,,(678)321-1100,,,,,,,,,,,,,https://educationdata.urban.org/api/v1/schools/ccd/directory/2023/?fips=13|https://nces.ed.gov/ccd/|https://app3.doe.k12.ga.us/ows-bin/owa/main_pack_fcl099.entry_form,,stub
Fulton Academy of Virtual Excellence,130228004409,Fulton County Schools,Atlanta,GA,traditional,other,,(470)254-4578,,,,,,,,,,,,,https://educationdata.urban.org/api/v1/schools/ccd/directory/2023/?fips=13|https://nces.ed.gov/ccd/|https://app3.doe.k12.ga.us/ows-bin/owa/main_pack_fcl099.entry_form,,stub
Georgia Baptist Children's Home and Family Ministries,130228003651,Fulton County Schools,Atlanta,GA,traditional,other,,(678)231-5997,,,,,,,,,,,,,https://educationdata.urban.org/api/v1/schools/ccd/directory/2023/?fips=13|https://nces.ed.gov/ccd/|https://app3.doe.k12.ga.us/ows-bin/owa/main_pack_fcl099.entry_form,,stub
Global Impact Academy,130228004411,Fulton County Schools,Atlanta,GA,traditional,high,https://globalimpactacademy.fultonschools.org/,(470)254-3900,,Johnathan Hall,Principal,,,,,,,,,,https://educationdata.urban.org/api/v1/schools/ccd/directory/2023/?fips=13|https://nces.ed.gov/ccd/|https://app3.doe.k12.ga.us/ows-bin/owa/main_pack_fcl099.entry_form|https://globalimpactacademy.fultonschools.org/our-school/administration|https://globalimpactacademy.fultonschools.org/staff,2026-09-07,verified
Gullatt Elementary School,130228000969,Fulton County Schools,Atlanta,GA,traditional,elementary,,(770)969-3425,,,,,,,,,,,,,https://educationdata.urban.org/api/v1/schools/ccd/directory/2023/?fips=13|https://nces.ed.gov/ccd/|https://app3.doe.k12.ga.us/ows-bin/owa/main_pack_fcl099.entry_form,,stub
Hamilton E. Holmes Elementary,130228002887,Fulton County Schools,Atlanta,GA,traditional,elementary,,(470)254-3092,,,,,,,,,,,,,https://educationdata.urban.org/api/v1/schools/ccd/directory/2023/?fips=13|https://nces.ed.gov/ccd/|https://app3.doe.k12.ga.us/ows-bin/owa/main_pack_fcl099.entry_form,,stub
Hapeville Charter Career Academy,130228004045,Fulton County Schools,Atlanta,GA,traditional,high,https://www.hapevillecharter.org/,(404)766-0101,,Aranya Knox,Principal,aknox@hapevillecharter.org,,,,,,,,,https://educationdata.urban.org/api/v1/schools/ccd/directory/2023/?fips=13|https://nces.ed.gov/ccd/|https://app3.doe.k12.ga.us/ows-bin/owa/main_pack_fcl099.entry_form|https://www.hapevillecharter.org/|https://www.fultonschools.org/all-departments/information-technology/strategy-data-intelligence/charter-schools/our-charter-schools,2026-09-07,verified
Hapeville Elementary School,130228002170,Fulton County Schools,Atlanta,GA,traditional,elementary,,(470)254-8220,,,,,,,,,,,,,https://educationdata.urban.org/api/v1/schools/ccd/directory/2023/?fips=13|https://nces.ed.gov/ccd/|https://app3.doe.k12.ga.us/ows-bin/owa/main_pack_fcl099.entry_form,,stub
Haynes Bridge Middle School,130228001929,Fulton County Schools,Atlanta,GA,traditional,middle,,(470)254-7030,,,,,,,,,,,,,https://educationdata.urban.org/api/v1/schools/ccd/directory/2023/?fips=13|https://nces.ed.gov/ccd/|https://app3.doe.k12.ga.us/ows-bin/owa/main_pack_fcl099.entry_form,,stub
Heards Ferry Elementary School,130228002001,Fulton County Schools,Atlanta,GA,traditional,elementary,,(470)254-6190,,,,,,,,,,,,,https://educationdata.urban.org/api/v1/schools/ccd/directory/2023/?fips=13|https://nces.ed.gov/ccd/|https://app3.doe.k12.ga.us/ows-bin/owa/main_pack_fcl099.entry_form,,stub
Hembree Springs Elementary School,130228002490,Fulton County Schools,Atlanta,GA,traditional,elementary,,(470)254-2902,,,,,,,,,,,,,https://educationdata.urban.org/api/v1/schools/ccd/directory/2023/?fips=13|https://nces.ed.gov/ccd/|https://app3.doe.k12.ga.us/ows-bin/owa/main_pack_fcl099.entry_form,,stub
Heritage Elementary School,130228002379,Fulton County Schools,Atlanta,GA,traditional,elementary,,(470)254-8144,,,,,,,,,,,,,https://educationdata.urban.org/api/v1/schools/ccd/directory/2023/?fips=13|https://nces.ed.gov/ccd/|https://app3.doe.k12.ga.us/ows-bin/owa/main_pack_fcl099.entry_form,,stub
High Point Elementary School,130228001026,Fulton County Schools,Atlanta,GA,traditional,elementary,,(470)254-7716,,,,,,,,,,,,,https://educationdata.urban.org/api/v1/schools/ccd/directory/2023/?fips=13|https://nces.ed.gov/ccd/|https://app3.doe.k12.ga.us/ows-bin/owa/main_pack_fcl099.entry_form,,stub
Hillside Elementary School,130228002491,Fulton County Schools,Atlanta,GA,traditional,elementary,,(470)254-6362,,,,,,,,,,,,,https://educationdata.urban.org/api/v1/schools/ccd/directory/2023/?fips=13|https://nces.ed.gov/ccd/|https://app3.doe.k12.ga.us/ows-bin/owa/main_pack_fcl099.entry_form,,stub
Holcomb Bridge Middle School,130228001930,Fulton County Schools,Atlanta,GA,traditional,middle,,(470)254-5280,,,,,,,,,,,,,https://educationdata.urban.org/api/v1/schools/ccd/directory/2023/?fips=13|https://nces.ed.gov/ccd/|https://app3.doe.k12.ga.us/ows-bin/owa/main_pack_fcl099.entry_form,,stub
Hopewell Middle School,130228003360,Fulton County Schools,Atlanta,GA,traditional,middle,,(470)254-3240,,,,,,,,,,,,,https://educationdata.urban.org/api/v1/schools/ccd/directory/2023/?fips=13|https://nces.ed.gov/ccd/|https://app3.doe.k12.ga.us/ows-bin/owa/main_pack_fcl099.entry_form,,stub
Independence High School,130228001958,Fulton County Schools,Atlanta,GA,traditional,high,,(470)254-6339,,,,,,,,,,,,,https://educationdata.urban.org/api/v1/schools/ccd/directory/2023/?fips=13|https://nces.ed.gov/ccd/|https://app3.doe.k12.ga.us/ows-bin/owa/main_pack_fcl099.entry_form,,stub
Innovation Academy,130228004408,Fulton County Schools,Atlanta,GA,traditional,high,https://fcsinnovationacademy.fultonschools.org/,(470)254-5365,,Scott Kent,Principal,KentS@fultonschools.org,,,,,,,,,https://educationdata.urban.org/api/v1/schools/ccd/directory/2023/?fips=13|https://nces.ed.gov/ccd/|https://app3.doe.k12.ga.us/ows-bin/owa/main_pack_fcl099.entry_form|https://fcsinnovationacademy.fultonschools.org/our-school/administration|https://fcsinnovationacademy.fultonschools.org/staff/who-to-contact,2026-09-07,verified
Ison Springs Elementary School,130228003842,Fulton County Schools,Atlanta,GA,traditional,elementary,,(470)254-4020,,,,,,,,,,,,,https://educationdata.urban.org/api/v1/schools/ccd/directory/2023/?fips=13|https://nces.ed.gov/ccd/|https://app3.doe.k12.ga.us/ows-bin/owa/main_pack_fcl099.entry_form,,stub
Jackson Elementary School,130228000968,Fulton County Schools,Atlanta,GA,traditional,elementary,,(770)594-5290,,,,,,,,,,,,,https://educationdata.urban.org/api/v1/schools/ccd/directory/2023/?fips=13|https://nces.ed.gov/ccd/|https://app3.doe.k12.ga.us/ows-bin/owa/main_pack_fcl099.entry_form,,stub
Johns Creek High School,130228003935,Fulton County Schools,Atlanta,GA,traditional,high,https://johnscreek.fultonschools.org/,(470)254-2138,,Chris Shearer,Principal,Shearer@fultonschools.org,,,,,,,,,https://educationdata.urban.org/api/v1/schools/ccd/directory/2023/?fips=13|https://nces.ed.gov/ccd/|https://app3.doe.k12.ga.us/ows-bin/owa/main_pack_fcl099.entry_form|https://resources.finalsite.net/images/v1760119209/fultonschoolsorg/mknuuexzmvgm3zkbxjpq/JCHS25-26StudentHandbook.pdf|https://johnscreek.fultonschools.org/,2026-09-07,verified
KIPP South Fulton Academy School,130228002885,Fulton County Schools,Atlanta,GA,traditional,middle,,(678)278-0160,,,,,,,,,,,,,https://educationdata.urban.org/api/v1/schools/ccd/directory/2023/?fips=13|https://nces.ed.gov/ccd/|https://app3.doe.k12.ga.us/ows-bin/owa/main_pack_fcl099.entry_form,,stub
Lake Forest Elementary,130228003816,Fulton County Schools,Atlanta,GA,traditional,elementary,,(470)254-8740,,,,,,,,,,,,,https://educationdata.urban.org/api/v1/schools/ccd/directory/2023/?fips=13|https://nces.ed.gov/ccd/|https://app3.doe.k12.ga.us/ows-bin/owa/main_pack_fcl099.entry_form,,stub
Lake Windward Elementary School,130228002078,Fulton County Schools,Atlanta,GA,traditional,elementary,,(470)254-7050,,,,,,,,,,,,,https://educationdata.urban.org/api/v1/schools/ccd/directory/2023/?fips=13|https://nces.ed.gov/ccd/|https://app3.doe.k12.ga.us/ows-bin/owa/main_pack_fcl099.entry_form,,stub
Langston Hughes High School,130228003913,Fulton County Schools,Atlanta,GA,traditional,high,https://langstonhughes.fultonschools.org/,(470)254-3620,,Dr. Darrell Stephens,Principal,stephensd12@fultonschools.org,,,,,,,,,https://educationdata.urban.org/api/v1/schools/ccd/directory/2023/?fips=13|https://nces.ed.gov/ccd/|https://app3.doe.k12.ga.us/ows-bin/owa/main_pack_fcl099.entry_form|https://langstonhughes.fultonschools.org/our-school/school-governance-council|https://news.fultonschools.org/details/~board/new-hires-promotions/post/darrell-stephens-congratulations,2026-09-07,verified
Lee Elementary School,130228000991,Fulton County Schools,Atlanta,GA,traditional,elementary,,(470)254-8025,,,,,,,,,,,,,https://educationdata.urban.org/api/v1/schools/ccd/directory/2023/?fips=13|https://nces.ed.gov/ccd/|https://app3.doe.k12.ga.us/ows-bin/owa/main_pack_fcl099.entry_form,,stub
Liberty Point Elementary School,130228002561,Fulton County Schools,Atlanta,GA,traditional,elementary,,(470)254-3510,,,,,,,,,,,,,https://educationdata.urban.org/api/v1/schools/ccd/directory/2023/?fips=13|https://nces.ed.gov/ccd/|https://app3.doe.k12.ga.us/ows-bin/owa/main_pack_fcl099.entry_form,,stub
Main Street Charter Academy,130228003990,Fulton County Schools,Atlanta,GA,traditional,elementary,,(404)668-0261,,,,,,,,,,,,,https://educationdata.urban.org/api/v1/schools/ccd/directory/2023/?fips=13|https://nces.ed.gov/ccd/|https://app3.doe.k12.ga.us/ows-bin/owa/main_pack_fcl099.entry_form,,stub
Manning Oaks Elementary School,130228002265,Fulton County Schools,Atlanta,GA,traditional,elementary,,(470)254-2912,,,,,,,,,,,,,https://educationdata.urban.org/api/v1/schools/ccd/directory/2023/?fips=13|https://nces.ed.gov/ccd/|https://app3.doe.k12.ga.us/ows-bin/owa/main_pack_fcl099.entry_form,,stub
McNair Middle School,130228002035,Fulton County Schools,Atlanta,GA,traditional,middle,,(470)254-4160,,,,,,,,,,,,,https://educationdata.urban.org/api/v1/schools/ccd/directory/2023/?fips=13|https://nces.ed.gov/ccd/|https://app3.doe.k12.ga.us/ows-bin/owa/main_pack_fcl099.entry_form,,stub
Medlock Bridge Elementary School,130228002122,Fulton County Schools,Atlanta,GA,traditional,elementary,,(470)254-2980,,,,,,,,,,,,,https://educationdata.urban.org/api/v1/schools/ccd/directory/2023/?fips=13|https://nces.ed.gov/ccd/|https://app3.doe.k12.ga.us/ows-bin/owa/main_pack_fcl099.entry_form,,stub
Milton High School,130228001005,Fulton County Schools,Atlanta,GA,traditional,high,https://milton.fultonschools.org/,(470)254-7000,,Brian Jones,Principal,JonesBC@fultonschools.org,,,,,,,,,https://educationdata.urban.org/api/v1/schools/ccd/directory/2023/?fips=13|https://nces.ed.gov/ccd/|https://app3.doe.k12.ga.us/ows-bin/owa/main_pack_fcl099.entry_form|https://milton.fultonschools.org/our-school/administration|https://milton.fultonschools.org/staff,2026-09-07,verified
Mimosa Elementary School,130228001025,Fulton County Schools,Atlanta,GA,traditional,elementary,,(470)254-4540,,,,,,,,,,,,,https://educationdata.urban.org/api/v1/schools/ccd/directory/2023/?fips=13|https://nces.ed.gov/ccd/|https://app3.doe.k12.ga.us/ows-bin/owa/main_pack_fcl099.entry_form,,stub
Mountain Park Elementary School,130228000976,Fulton County Schools,Atlanta,GA,traditional,elementary,,(470)254-4530,,,,,,,,,,,,,https://educationdata.urban.org/api/v1/schools/ccd/directory/2023/?fips=13|https://nces.ed.gov/ccd/|https://app3.doe.k12.ga.us/ows-bin/owa/main_pack_fcl099.entry_form,,stub
New Prospect Elementary School,130228000927,Fulton County Schools,Atlanta,GA,traditional,elementary,,(470)254-2800,,,,,,,,,,,,,https://educationdata.urban.org/api/v1/schools/ccd/directory/2023/?fips=13|https://nces.ed.gov/ccd/|https://app3.doe.k12.ga.us/ows-bin/owa/main_pack_fcl099.entry_form,,stub
Nolan Elementary School,130228000970,Fulton County Schools,Atlanta,GA,traditional,elementary,,(470)254-7950,,,,,,,,,,,,,https://educationdata.urban.org/api/v1/schools/ccd/directory/2023/?fips=13|https://nces.ed.gov/ccd/|https://app3.doe.k12.ga.us/ows-bin/owa/main_pack_fcl099.entry_form,,stub
North Springs High School,130228001024,Fulton County Schools,Atlanta,GA,traditional,high,https://northsprings.fultonschools.org/,(470)254-2490,,Scott Hanson,Principal,,,,,,,,,,https://educationdata.urban.org/api/v1/schools/ccd/directory/2023/?fips=13|https://nces.ed.gov/ccd/|https://app3.doe.k12.ga.us/ows-bin/owa/main_pack_fcl099.entry_form|https://northsprings.fultonschools.org/our-school/from-the-principal|https://northsprings.fultonschools.org/staff,2026-09-07,verified
Northview High School,130228002560,Fulton County Schools,Atlanta,GA,traditional,high,https://northview.fultonschools.org/,(470)254-3828,,Martin Neuhaus,Principal,neuhausm@fultonschools.org,,,,,,,,,https://educationdata.urban.org/api/v1/schools/ccd/directory/2023/?fips=13|https://nces.ed.gov/ccd/|https://app3.doe.k12.ga.us/ows-bin/owa/main_pack_fcl099.entry_form|https://northview.fultonschools.org/our-school/principals-message|https://northview.fultonschools.org/our-school/overview,2026-09-07,verified
Northwestern Middle School,130228001631,Fulton County Schools,Atlanta,GA,traditional,middle,,(470)254-2870,,,,,,,,,,,,,https://educationdata.urban.org/api/v1/schools/ccd/directory/2023/?fips=13|https://nces.ed.gov/ccd/|https://app3.doe.k12.ga.us/ows-bin/owa/main_pack_fcl099.entry_form,,stub
Northwood Elementary School,130228001615,Fulton County Schools,Atlanta,GA,traditional,elementary,,(470)254-6390,,,,,,,,,,,,,https://educationdata.urban.org/api/v1/schools/ccd/directory/2023/?fips=13|https://nces.ed.gov/ccd/|https://app3.doe.k12.ga.us/ows-bin/owa/main_pack_fcl099.entry_form,,stub
Oakley Elementary School,130228003561,Fulton County Schools,Atlanta,GA,traditional,elementary,,(770)774-4057,,,,,,,,,,,,,https://educationdata.urban.org/api/v1/schools/ccd/directory/2023/?fips=13|https://nces.ed.gov/ccd/|https://app3.doe.k12.ga.us/ows-bin/owa/main_pack_fcl099.entry_form,,stub
Ocee Elementary School,130228002382,Fulton County Schools,Atlanta,GA,traditional,elementary,,(470)254-2960,,,,,,,,,,,,,https://educationdata.urban.org/api/v1/schools/ccd/directory/2023/?fips=13|https://nces.ed.gov/ccd/|https://app3.doe.k12.ga.us/ows-bin/owa/main_pack_fcl099.entry_form,,stub
Palmetto Elementary School,130228001013,Fulton County Schools,Atlanta,GA,traditional,elementary,,(470)254-6100,,,,,,,,,,,,,https://educationdata.urban.org/api/v1/schools/ccd/directory/2023/?fips=13|https://nces.ed.gov/ccd/|https://app3.doe.k12.ga.us/ows-bin/owa/main_pack_fcl099.entry_form,,stub
Parklane Elementary School,130228000988,Fulton County Schools,Atlanta,GA,traditional,elementary,,(470)254-8070,,,,,,,,,,,,,https://educationdata.urban.org/api/v1/schools/ccd/directory/2023/?fips=13|https://nces.ed.gov/ccd/|https://app3.doe.k12.ga.us/ows-bin/owa/main_pack_fcl099.entry_form,,stub
Paul D. West Middle School,130228002564,Fulton County Schools,Atlanta,GA,traditional,middle,,(470)254-8130,,,,,,,,,,,,,https://educationdata.urban.org/api/v1/schools/ccd/directory/2023/?fips=13|https://nces.ed.gov/ccd/|https://app3.doe.k12.ga.us/ows-bin/owa/main_pack_fcl099.entry_form,,stub
Randolph Elementary School,130228000986,Fulton County Schools,Atlanta,GA,traditional,elementary,,(404)346-6520,,,,,,,,,,,,,https://educationdata.urban.org/api/v1/schools/ccd/directory/2023/?fips=13|https://nces.ed.gov/ccd/|https://app3.doe.k12.ga.us/ows-bin/owa/main_pack_fcl099.entry_form,,stub
Renaissance ES,130228003363,Fulton County Schools,Atlanta,GA,traditional,elementary,,(470)254-4320,,,,,,,,,,,,,https://educationdata.urban.org/api/v1/schools/ccd/directory/2023/?fips=13|https://nces.ed.gov/ccd/|https://app3.doe.k12.ga.us/ows-bin/owa/main_pack_fcl099.entry_form,,stub
Renaissance Middle School,130228003563,Fulton County Schools,Atlanta,GA,traditional,middle,,(470)254-4330,,,,,,,,,,,,,https://educationdata.urban.org/api/v1/schools/ccd/directory/2023/?fips=13|https://nces.ed.gov/ccd/|https://app3.doe.k12.ga.us/ows-bin/owa/main_pack_fcl099.entry_form,,stub
Ridgeview Charter School,130228001957,Fulton County Schools,Atlanta,GA,traditional,middle,,(470)254-7710,,,,,,,,,,,,,https://educationdata.urban.org/api/v1/schools/ccd/directory/2023/?fips=13|https://nces.ed.gov/ccd/|https://app3.doe.k12.ga.us/ows-bin/owa/main_pack_fcl099.entry_form,,stub
River Eves Elementary School,130228001623,Fulton County Schools,Atlanta,GA,traditional,elementary,,(470)254-4550,,,,,,,,,,,,,https://educationdata.urban.org/api/v1/schools/ccd/directory/2023/?fips=13|https://nces.ed.gov/ccd/|https://app3.doe.k12.ga.us/ows-bin/owa/main_pack_fcl099.entry_form,,stub
River Trail Middle School,130228002493,Fulton County Schools,Atlanta,GA,traditional,middle,,(470)254-3860,,,,,,,,,,,,,https://educationdata.urban.org/api/v1/schools/ccd/directory/2023/?fips=13|https://nces.ed.gov/ccd/|https://app3.doe.k12.ga.us/ows-bin/owa/main_pack_fcl099.entry_form,,stub
Riverwood International Charter School,130228000987,Fulton County Schools,Atlanta,GA,traditional,high,https://riverwood.fultonschools.org/,(470)254-1980,,Kindra Smith,Principal,,,,,,,,,,https://educationdata.urban.org/api/v1/schools/ccd/directory/2023/?fips=13|https://nces.ed.gov/ccd/|https://app3.doe.k12.ga.us/ows-bin/owa/main_pack_fcl099.entry_form|https://riverwood.fultonschools.org/staff/administration|https://riverwood.fultonschools.org/our-school/principal-information,2026-09-07,verified
Roswell High School,130228002119,Fulton County Schools,Atlanta,GA,traditional,high,https://roswell.fultonschools.org/,(470)254-4500,,Dr. Rako Morrissey,Principal,morrisseyr1@fultonschools.org,,,,,,,,,https://educationdata.urban.org/api/v1/schools/ccd/directory/2023/?fips=13|https://nces.ed.gov/ccd/|https://app3.doe.k12.ga.us/ows-bin/owa/main_pack_fcl099.entry_form|https://roswell.fultonschools.org/staff/administration/mrs-miley|https://roswell.fultonschools.org/,2026-09-07,verified
Roswell North Elementary School,130228000978,Fulton County Schools,Atlanta,GA,traditional,elementary,,(470)254-6320,,,,,,,,,,,,,https://educationdata.urban.org/api/v1/schools/ccd/directory/2023/?fips=13|https://nces.ed.gov/ccd/|https://app3.doe.k12.ga.us/ows-bin/owa/main_pack_fcl099.entry_form,,stub
S. L. Lewis Elementary School,130228000971,Fulton County Schools,Atlanta,GA,traditional,elementary,,(470)254-3450,,,,,,,,,,,,,https://educationdata.urban.org/api/v1/schools/ccd/directory/2023/?fips=13|https://nces.ed.gov/ccd/|https://app3.doe.k12.ga.us/ows-bin/owa/main_pack_fcl099.entry_form,,stub
Sandtown Middle School,130228003368,Fulton County Schools,Atlanta,GA,traditional,middle,,(470)254-6500,,,,,,,,,,,,,https://educationdata.urban.org/api/v1/schools/ccd/directory/2023/?fips=13|https://nces.ed.gov/ccd/|https://app3.doe.k12.ga.us/ows-bin/owa/main_pack_fcl099.entry_form,,stub
Sandy Springs Middle School,130228000975,Fulton County Schools,Atlanta,GA,traditional,middle,,(470)254-4970,,,,,,,,,,,,,https://educationdata.urban.org/api/v1/schools/ccd/directory/2023/?fips=13|https://nces.ed.gov/ccd/|https://app3.doe.k12.ga.us/ows-bin/owa/main_pack_fcl099.entry_form,,stub
Shakerag Elementary School,130228002190,Fulton County Schools,Atlanta,GA,traditional,elementary,,(470)254-3880,,,,,,,,,,,,,https://educationdata.urban.org/api/v1/schools/ccd/directory/2023/?fips=13|https://nces.ed.gov/ccd/|https://app3.doe.k12.ga.us/ows-bin/owa/main_pack_fcl099.entry_form,,stub
Skyview High School,130228004225,Fulton County Schools,Atlanta,GA,traditional,high,https://www.skyviewhighschool.com/,(404)418-8812,,Shelley Leger,Principal,,,,,,,,,,https://educationdata.urban.org/api/v1/schools/ccd/directory/2023/?fips=13|https://nces.ed.gov/ccd/|https://app3.doe.k12.ga.us/ows-bin/owa/main_pack_fcl099.entry_form|https://www.fultonschools.org/all-departments/information-technology/strategy-data-intelligence/charter-schools/our-charter-schools,2026-09-07,verified
Spalding Drive Elementary,130228001032,Fulton County Schools,Atlanta,GA,traditional,elementary,,(470)254-5880,,,,,,,,,,,,,https://educationdata.urban.org/api/v1/schools/ccd/directory/2023/?fips=13|https://nces.ed.gov/ccd/|https://app3.doe.k12.ga.us/ows-bin/owa/main_pack_fcl099.entry_form,,stub
State Bridge Crossing Elementary School,130228001620,Fulton County Schools,Atlanta,GA,traditional,elementary,,(470)254-3850,,,,,,,,,,,,,https://educationdata.urban.org/api/v1/schools/ccd/directory/2023/?fips=13|https://nces.ed.gov/ccd/|https://app3.doe.k12.ga.us/ows-bin/owa/main_pack_fcl099.entry_form,,stub
Stonewall Tell Elementary School,130228002264,Fulton County Schools,Atlanta,GA,traditional,elementary,,(470)254-3500,,,,,,,,,,,,,https://educationdata.urban.org/api/v1/schools/ccd/directory/2023/?fips=13|https://nces.ed.gov/ccd/|https://app3.doe.k12.ga.us/ows-bin/owa/main_pack_fcl099.entry_form,,stub
Summit Hill Elementary,130228002321,Fulton County Schools,Atlanta,GA,traditional,elementary,,(470)254-2830,,,,,,,,,,,,,https://educationdata.urban.org/api/v1/schools/ccd/directory/2023/?fips=13|https://nces.ed.gov/ccd/|https://app3.doe.k12.ga.us/ows-bin/owa/main_pack_fcl099.entry_form,,stub
Sweet Apple Elementary School,130228002189,Fulton County Schools,Atlanta,GA,traditional,elementary,,(470)254-3310,,,,,,,,,,,,,https://educationdata.urban.org/api/v1/schools/ccd/directory/2023/?fips=13|https://nces.ed.gov/ccd/|https://app3.doe.k12.ga.us/ows-bin/owa/main_pack_fcl099.entry_form,,stub
Taylor Road Middle School,130228002123,Fulton County Schools,Atlanta,GA,traditional,middle,,(470)254-7090,,,,,,,,,,,,,https://educationdata.urban.org/api/v1/schools/ccd/directory/2023/?fips=13|https://nces.ed.gov/ccd/|https://app3.doe.k12.ga.us/ows-bin/owa/main_pack_fcl099.entry_form,,stub
Tri-Cities High School,130228002124,Fulton County Schools,Atlanta,GA,traditional,high,https://tricities.fultonschools.org/,(470)254-8200,,Amanda Williams-Gorham,Principal,,,,,,,,,,https://educationdata.urban.org/api/v1/schools/ccd/directory/2023/?fips=13|https://nces.ed.gov/ccd/|https://app3.doe.k12.ga.us/ows-bin/owa/main_pack_fcl099.entry_form|https://tricities.fultonschools.org/our-school/school-governance-council,2026-09-07,verified
Vickery Mill Elementary,130228004243,Fulton County Schools,Atlanta,GA,traditional,elementary,,(470)254-2400,,,,,,,,,,,,,https://educationdata.urban.org/api/v1/schools/ccd/directory/2023/?fips=13|https://nces.ed.gov/ccd/|https://app3.doe.k12.ga.us/ows-bin/owa/main_pack_fcl099.entry_form,,stub
Webb Bridge Middle School,130228001627,Fulton County Schools,Atlanta,GA,traditional,middle,,(470)254-2940,,,,,,,,,,,,,https://educationdata.urban.org/api/v1/schools/ccd/directory/2023/?fips=13|https://nces.ed.gov/ccd/|https://app3.doe.k12.ga.us/ows-bin/owa/main_pack_fcl099.entry_form,,stub
Wellspring Living,130228004261,Fulton County Schools,Atlanta,GA,traditional,high,https://wellspringliving.org/services/hope-academy/,(678)246-9998,,Charlotte Davis,Director of Education,,,,,,,,,,https://educationdata.urban.org/api/v1/schools/ccd/directory/2023/?fips=13|https://nces.ed.gov/ccd/|https://app3.doe.k12.ga.us/ows-bin/owa/main_pack_fcl099.entry_form|https://wellspringliving.org/about-us/our-leadership/|https://wellspringliving.org/services/hope-academy/,2026-09-07,verified
Westlake High School,130228001031,Fulton County Schools,Atlanta,GA,traditional,high,https://westlake.fultonschools.org/,(470)254-6400,,Miranda Freeman,Principal,FreemanM@fultonschools.org,,,,,,,,,https://educationdata.urban.org/api/v1/schools/ccd/directory/2023/?fips=13|https://nces.ed.gov/ccd/|https://app3.doe.k12.ga.us/ows-bin/owa/main_pack_fcl099.entry_form|https://westlake.fultonschools.org/our-school/principals-message|https://westlake.fultonschools.org/our-school/school-governance-council/sgc-overview,2026-09-07,verified
Wilson Creek Elementary School,130228003367,Fulton County Schools,Atlanta,GA,traditional,elementary,,(470)254-3811,,,,,,,,,,,,,https://educationdata.urban.org/api/v1/schools/ccd/directory/2023/?fips=13|https://nces.ed.gov/ccd/|https://app3.doe.k12.ga.us/ows-bin/owa/main_pack_fcl099.entry_form,,stub
Wolf Creek Elementary,130228004247,Fulton County Schools,Atlanta,GA,traditional,elementary,,(470)254-2760,,,,,,,,,,,,,https://educationdata.urban.org/api/v1/schools/ccd/directory/2023/?fips=13|https://nces.ed.gov/ccd/|https://app3.doe.k12.ga.us/ows-bin/owa/main_pack_fcl099.entry_form,,stub
Woodland Elementary School,130228001015,Fulton County Schools,Atlanta,GA,traditional,elementary,,(470)254-5890,,,,,,,,,,,,,https://educationdata.urban.org/api/v1/schools/ccd/directory/2023/?fips=13|https://nces.ed.gov/ccd/|https://app3.doe.k12.ga.us/ows-bin/owa/main_pack_fcl099.entry_form,,stub
Woodland Middle School,130228002036,Fulton County Schools,Atlanta,GA,traditional,middle,,(470)254-2182,,,,,,,,,,,,,https://educationdata.urban.org/api/v1/schools/ccd/directory/2023/?fips=13|https://nces.ed.gov/ccd/|https://app3.doe.k12.ga.us/ows-bin/owa/main_pack_fcl099.entry_form,,stub
Centennial Arts Academy,130231000037,Gainesville City Schools,Gainesville,GA,traditional,elementary,,(770)287-2044,,,,,,,,,,,,,https://educationdata.urban.org/api/v1/schools/ccd/directory/2023/?fips=13|https://nces.ed.gov/ccd/|https://app3.doe.k12.ga.us/ows-bin/owa/main_pack_fcl099.entry_form,,stub
Enota Multiple Intelligences Academy,130231001044,Gainesville City Schools,Gainesville,GA,traditional,elementary,,(770)532-7711,,,,,,,,,,,,,https://educationdata.urban.org/api/v1/schools/ccd/directory/2023/?fips=13|https://nces.ed.gov/ccd/|https://app3.doe.k12.ga.us/ows-bin/owa/main_pack_fcl099.entry_form,,stub
Fair Street International Academy,130231001046,Gainesville City Schools,Gainesville,GA,traditional,elementary,,(770)536-5295,,,,,,,,,,,,,https://educationdata.urban.org/api/v1/schools/ccd/directory/2023/?fips=13|https://nces.ed.gov/ccd/|https://app3.doe.k12.ga.us/ows-bin/owa/main_pack_fcl099.entry_form,,stub
Gainesville Exploration Academy,130231003049,Gainesville City Schools,Gainesville,GA,traditional,elementary,,(770)287-1223,,,,,,,,,,,,,https://educationdata.urban.org/api/v1/schools/ccd/directory/2023/?fips=13|https://nces.ed.gov/ccd/|https://app3.doe.k12.ga.us/ows-bin/owa/main_pack_fcl099.entry_form,,stub
Gainesville High School,130231001048,Gainesville City Schools,Gainesville,GA,traditional,high,https://ghsweb.gcssk12.net/,(770)536-4441,,David Wagner,Principal,david.wagner@gcssk12.net,,,,,,,,,https://educationdata.urban.org/api/v1/schools/ccd/directory/2023/?fips=13|https://nces.ed.gov/ccd/|https://app3.doe.k12.ga.us/ows-bin/owa/main_pack_fcl099.entry_form|https://ghsweb.gcssk12.net/about-us/administration|https://ghsweb.gcssk12.net/about-us/staff-directory,2026-09-07,verified
Gainesville Middle School East,130231003897,Gainesville City Schools,Gainesville,GA,traditional,middle,,(770)534-4237,,,,,,,,,,,,,https://educationdata.urban.org/api/v1/schools/ccd/directory/2023/?fips=13|https://nces.ed.gov/ccd/|https://app3.doe.k12.ga.us/ows-bin/owa/main_pack_fcl099.entry_form,,stub
Gainesville Middle School West,130231003619,Gainesville City Schools,Gainesville,GA,traditional,middle,,(770)532-6250,,,,,,,,,,,,,https://educationdata.urban.org/api/v1/schools/ccd/directory/2023/?fips=13|https://nces.ed.gov/ccd/|https://app3.doe.k12.ga.us/ows-bin/owa/main_pack_fcl099.entry_form,,stub
Mundy Mill Arts Academy,130231004284,Gainesville City Schools,Gainesville,GA,traditional,elementary,,(770)534-0671,,,,,,,,,,,,,https://educationdata.urban.org/api/v1/schools/ccd/directory/2023/?fips=13|https://nces.ed.gov/ccd/|https://app3.doe.k12.ga.us/ows-bin/owa/main_pack_fcl099.entry_form,,stub
New Holland Knowledge Academy,130231003048,Gainesville City Schools,Gainesville,GA,traditional,elementary,,(770)287-1095,,,,,,,,,,,,,https://educationdata.urban.org/api/v1/schools/ccd/directory/2023/?fips=13|https://nces.ed.gov/ccd/|https://app3.doe.k12.ga.us/ows-bin/owa/main_pack_fcl099.entry_form,,stub
Clear Creek Elementary School,130234004093,Gilmer County Schools,Rural North Georgia,GA,traditional,elementary,,(706)276-5010,,,,,,,,,,,,,https://educationdata.urban.org/api/v1/schools/ccd/directory/2023/?fips=13|https://nces.ed.gov/ccd/|https://app3.doe.k12.ga.us/ows-bin/owa/main_pack_fcl099.entry_form,,stub
Clear Creek Middle School,130234003371,Gilmer County Schools,Rural North Georgia,GA,traditional,middle,,(706)276-5150,,,,,,,,,,,,,https://educationdata.urban.org/api/v1/schools/ccd/directory/2023/?fips=13|https://nces.ed.gov/ccd/|https://app3.doe.k12.ga.us/ows-bin/owa/main_pack_fcl099.entry_form,,stub
Ellijay Elementary School,130234001054,Gilmer County Schools,Rural North Georgia,GA,traditional,elementary,,(706)276-5020,,,,,,,,,,,,,https://educationdata.urban.org/api/v1/schools/ccd/directory/2023/?fips=13|https://nces.ed.gov/ccd/|https://app3.doe.k12.ga.us/ows-bin/owa/main_pack_fcl099.entry_form,,stub
Gilmer High School,130234001053,Gilmer County Schools,Rural North Georgia,GA,traditional,high,,(706)276-5080,,,,,,,,,,,,,https://educationdata.urban.org/api/v1/schools/ccd/directory/2023/?fips=13|https://nces.ed.gov/ccd/|https://app3.doe.k12.ga.us/ows-bin/owa/main_pack_fcl099.entry_form,,stub
Mountain View Elementary,130234002565,Gilmer County Schools,Rural North Georgia,GA,traditional,elementary,,(706)276-5100,,,,,,,,,,,,,https://educationdata.urban.org/api/v1/schools/ccd/directory/2023/?fips=13|https://nces.ed.gov/ccd/|https://app3.doe.k12.ga.us/ows-bin/owa/main_pack_fcl099.entry_form,,stub
Glascock County Elementary School,130237004318,Glascock County School System,Rural Middle Georgia,GA,traditional,elementary,,(706)598-2121,,,,,,,,,,,,,https://educationdata.urban.org/api/v1/schools/ccd/directory/2023/?fips=13|https://nces.ed.gov/ccd/|https://app3.doe.k12.ga.us/ows-bin/owa/main_pack_fcl099.entry_form,,stub
Glascock County Middle/High School,130237001055,Glascock County School System,Rural Middle Georgia,GA,traditional,high,,(706)598-2121,,,,,,,,,,,,,https://educationdata.urban.org/api/v1/schools/ccd/directory/2023/?fips=13|https://nces.ed.gov/ccd/|https://app3.doe.k12.ga.us/ows-bin/owa/main_pack_fcl099.entry_form,,stub
Altama Elementary School,130240001061,Glynn County Schools,Brunswick,GA,traditional,elementary,,(912)264-3563,,,,,,,,,,,,,https://educationdata.urban.org/api/v1/schools/ccd/directory/2023/?fips=13|https://nces.ed.gov/ccd/|https://app3.doe.k12.ga.us/ows-bin/owa/main_pack_fcl099.entry_form,,stub
Brunswick High School,130240001068,Glynn County Schools,Brunswick,GA,traditional,high,https://bhs.glynn.k12.ga.us/,(912)267-4200,,Slade Turner,Principal,sturner@glynn.k12.ga.us,(912) 267-4200,,,,,,,,https://bhs.glynn.k12.ga.us/262905_3|https://www.glynn.k12.ga.us/schools|https://www.glynn.k12.ga.us/anchoredinsupport,2026-09-07,verified
Burroughs-Molette Elementary School,130240001067,Glynn County Schools,Brunswick,GA,traditional,elementary,,(912)267-4130,,,,,,,,,,,,,https://educationdata.urban.org/api/v1/schools/ccd/directory/2023/?fips=13|https://nces.ed.gov/ccd/|https://app3.doe.k12.ga.us/ows-bin/owa/main_pack_fcl099.entry_form,,stub
Glyndale Elementary School,130240001056,Glynn County Schools,Brunswick,GA,traditional,elementary,,(912)264-8740,,,,,,,,,,,,,https://educationdata.urban.org/api/v1/schools/ccd/directory/2023/?fips=13|https://nces.ed.gov/ccd/|https://app3.doe.k12.ga.us/ows-bin/owa/main_pack_fcl099.entry_form,,stub
Glynn Academy,130240001065,Glynn County Schools,Brunswick,GA,traditional,high,https://ga.glynn.k12.ga.us/,(912)267-4210,,Matthew Blackstone,Principal,sblackst@glynn.k12.ga.us,(912) 267-4210,,,,,,,,https://ga.glynn.k12.ga.us/178760_3|https://www.glynn.k12.ga.us/schools|https://www.glynn.k12.ga.us/anchoredinsupport,2026-09-07,verified
Glynn Middle,130240001064,Glynn County Schools,Brunswick,GA,traditional,middle,,(912)267-4150,,,,,,,,,,,,,https://educationdata.urban.org/api/v1/schools/ccd/directory/2023/?fips=13|https://nces.ed.gov/ccd/|https://app3.doe.k12.ga.us/ows-bin/owa/main_pack_fcl099.entry_form,,stub
Golden Isles Elementary School,130240002080,Glynn County Schools,Brunswick,GA,traditional,elementary,,(912)264-6822,,,,,,,,,,,,,https://educationdata.urban.org/api/v1/schools/ccd/directory/2023/?fips=13|https://nces.ed.gov/ccd/|https://app3.doe.k12.ga.us/ows-bin/owa/main_pack_fcl099.entry_form,,stub
Goodyear Elementary School,130240001063,Glynn County Schools,Brunswick,GA,traditional,elementary,,(912)267-4170,,,,,,,,,,,,,https://educationdata.urban.org/api/v1/schools/ccd/directory/2023/?fips=13|https://nces.ed.gov/ccd/|https://app3.doe.k12.ga.us/ows-bin/owa/main_pack_fcl099.entry_form,,stub
Greer Elementary School,130240002192,Glynn County Schools,Brunswick,GA,traditional,elementary,,(912)267-4135,,,,,,,,,,,,,https://educationdata.urban.org/api/v1/schools/ccd/directory/2023/?fips=13|https://nces.ed.gov/ccd/|https://app3.doe.k12.ga.us/ows-bin/owa/main_pack_fcl099.entry_form,,stub
Jane Macon Middle,130240001058,Glynn County Schools,Brunswick,GA,traditional,middle,,(912)265-3337,,,,,,,,,,,,,https://educationdata.urban.org/api/v1/schools/ccd/directory/2023/?fips=13|https://nces.ed.gov/ccd/|https://app3.doe.k12.ga.us/ows-bin/owa/main_pack_fcl099.entry_form,,stub
Morningstar Treatment Services- Inc. Youth Estate,130240003697,Glynn County Schools,Brunswick,GA,traditional,other,,(912)267-3700,,,,,,,,,,,,,https://educationdata.urban.org/api/v1/schools/ccd/directory/2023/?fips=13|https://nces.ed.gov/ccd/|https://app3.doe.k12.ga.us/ows-bin/owa/main_pack_fcl099.entry_form,,stub
Needwood Middle School,130240002266,Glynn County Schools,Brunswick,GA,traditional,middle,,(912)261-4488,,,,,,,,,,,,,https://educationdata.urban.org/api/v1/schools/ccd/directory/2023/?fips=13|https://nces.ed.gov/ccd/|https://app3.doe.k12.ga.us/ows-bin/owa/main_pack_fcl099.entry_form,,stub
Oglethorpe Point Elementary School,130240000950,Glynn County Schools,Brunswick,GA,traditional,elementary,,(912)638-6200,,,,,,,,,,,,,https://educationdata.urban.org/api/v1/schools/ccd/directory/2023/?fips=13|https://nces.ed.gov/ccd/|https://app3.doe.k12.ga.us/ows-bin/owa/main_pack_fcl099.entry_form,,stub
Risley Middle School,130240004076,Glynn County Schools,Brunswick,GA,traditional,middle,,(912)267-4100,,,,,,,,,,,,,https://educationdata.urban.org/api/v1/schools/ccd/directory/2023/?fips=13|https://nces.ed.gov/ccd/|https://app3.doe.k12.ga.us/ows-bin/owa/main_pack_fcl099.entry_form,,stub
Satilla Marsh Elementary School,130240002191,Glynn County Schools,Brunswick,GA,traditional,elementary,,(912)265-3675,,,,,,,,,,,,,https://educationdata.urban.org/api/v1/schools/ccd/directory/2023/?fips=13|https://nces.ed.gov/ccd/|https://app3.doe.k12.ga.us/ows-bin/owa/main_pack_fcl099.entry_form,,stub
St. Simons Elementary School,130240001059,Glynn County Schools,Brunswick,GA,traditional,elementary,,(912)638-2851,,,,,,,,,,,,,https://educationdata.urban.org/api/v1/schools/ccd/directory/2023/?fips=13|https://nces.ed.gov/ccd/|https://app3.doe.k12.ga.us/ows-bin/owa/main_pack_fcl099.entry_form,,stub
Sterling Elementary School,130240003372,Glynn County Schools,Brunswick,GA,traditional,elementary,,(912)279-1509,,,,,,,,,,,,,https://educationdata.urban.org/api/v1/schools/ccd/directory/2023/?fips=13|https://nces.ed.gov/ccd/|https://app3.doe.k12.ga.us/ows-bin/owa/main_pack_fcl099.entry_form,,stub
Ashworth Middle School,130243002175,Gordon County Schools,Calhoun,GA,traditional,middle,,(706)625-9545,,,,,,,,,,,,,https://educationdata.urban.org/api/v1/schools/ccd/directory/2023/?fips=13|https://nces.ed.gov/ccd/|https://app3.doe.k12.ga.us/ows-bin/owa/main_pack_fcl099.entry_form,,stub
Belwood Elementary School,130243001072,Gordon County Schools,Calhoun,GA,traditional,elementary,,(706)629-9547,,,,,,,,,,,,,https://educationdata.urban.org/api/v1/schools/ccd/directory/2023/?fips=13|https://nces.ed.gov/ccd/|https://app3.doe.k12.ga.us/ows-bin/owa/main_pack_fcl099.entry_form,,stub
Fairmount Elementary School,130243001071,Gordon County Schools,Calhoun,GA,traditional,elementary,,(706)337-5321,,,,,,,,,,,,,https://educationdata.urban.org/api/v1/schools/ccd/directory/2023/?fips=13|https://nces.ed.gov/ccd/|https://app3.doe.k12.ga.us/ows-bin/owa/main_pack_fcl099.entry_form,,stub
Gordon Central High School,130243001959,Gordon County Schools,Calhoun,GA,traditional,high,,(706)629-7391,,,,,,,,,,,,,https://educationdata.urban.org/api/v1/schools/ccd/directory/2023/?fips=13|https://nces.ed.gov/ccd/|https://app3.doe.k12.ga.us/ows-bin/owa/main_pack_fcl099.entry_form,,stub
Red Bud Elementary School,130243002081,Gordon County Schools,Calhoun,GA,traditional,elementary,,(706)625-2111,,,,,,,,,,,,,https://educationdata.urban.org/api/v1/schools/ccd/directory/2023/?fips=13|https://nces.ed.gov/ccd/|https://app3.doe.k12.ga.us/ows-bin/owa/main_pack_fcl099.entry_form,,stub
Red Bud Middle School,130243004118,Gordon County Schools,Calhoun,GA,traditional,middle,,(706)879-5261,,,,,,,,,,,,,https://educationdata.urban.org/api/v1/schools/ccd/directory/2023/?fips=13|https://nces.ed.gov/ccd/|https://app3.doe.k12.ga.us/ows-bin/owa/main_pack_fcl099.entry_form,,stub
Sonoraville Elementary,130243003877,Gordon County Schools,Calhoun,GA,traditional,elementary,,(706)879-5302,,,,,,,,,,,,,https://educationdata.urban.org/api/v1/schools/ccd/directory/2023/?fips=13|https://nces.ed.gov/ccd/|https://app3.doe.k12.ga.us/ows-bin/owa/main_pack_fcl099.entry_form,,stub
Sonoraville High School,130243003374,Gordon County Schools,Calhoun,GA,traditional,high,,(706)602-0320,,,,,,,,,,,,,https://educationdata.urban.org/api/v1/schools/ccd/directory/2023/?fips=13|https://nces.ed.gov/ccd/|https://app3.doe.k12.ga.us/ows-bin/owa/main_pack_fcl099.entry_form,,stub
Swain Elementary School,130243001075,Gordon County Schools,Calhoun,GA,traditional,elementary,,(706)629-0141,,,,,,,,,,,,,https://educationdata.urban.org/api/v1/schools/ccd/directory/2023/?fips=13|https://nces.ed.gov/ccd/|https://app3.doe.k12.ga.us/ows-bin/owa/main_pack_fcl099.entry_form,,stub
Tolbert Elementary School,130243001077,Gordon County Schools,Calhoun,GA,traditional,elementary,,(706)629-4404,,,,,,,,,,,,,https://educationdata.urban.org/api/v1/schools/ccd/directory/2023/?fips=13|https://nces.ed.gov/ccd/|https://app3.doe.k12.ga.us/ows-bin/owa/main_pack_fcl099.entry_form,,stub
Cairo High School,130246001083,Grady County Schools,Thomasville,GA,traditional,high,,(229)377-2222,,,,,,,,,,,,,https://educationdata.urban.org/api/v1/schools/ccd/directory/2023/?fips=13|https://nces.ed.gov/ccd/|https://app3.doe.k12.ga.us/ows-bin/owa/main_pack_fcl099.entry_form,,stub
Eastside Elementary School,130246001936,Grady County Schools,Thomasville,GA,traditional,elementary,,(229)377-8441,,,,,,,,,,,,,https://educationdata.urban.org/api/v1/schools/ccd/directory/2023/?fips=13|https://nces.ed.gov/ccd/|https://app3.doe.k12.ga.us/ows-bin/owa/main_pack_fcl099.entry_form,,stub
Northside Elementary School,130246001081,Grady County Schools,Thomasville,GA,traditional,elementary,,(229)377-2422,,,,,,,,,,,,,https://educationdata.urban.org/api/v1/schools/ccd/directory/2023/?fips=13|https://nces.ed.gov/ccd/|https://app3.doe.k12.ga.us/ows-bin/owa/main_pack_fcl099.entry_form,,stub
Shiver Elementary School,130246001079,Grady County Schools,Thomasville,GA,traditional,elementary,,(229)377-2325,,,,,,,,,,,,,https://educationdata.urban.org/api/v1/schools/ccd/directory/2023/?fips=13|https://nces.ed.gov/ccd/|https://app3.doe.k12.ga.us/ows-bin/owa/main_pack_fcl099.entry_form,,stub
Southside Elementary School,130246001080,Grady County Schools,Thomasville,GA,traditional,elementary,,(229)377-3723,,,,,,,,,,,,,https://educationdata.urban.org/api/v1/schools/ccd/directory/2023/?fips=13|https://nces.ed.gov/ccd/|https://app3.doe.k12.ga.us/ows-bin/owa/main_pack_fcl099.entry_form,,stub
Washington Middle School,130246001084,Grady County Schools,Thomasville,GA,traditional,middle,,(229)377-2106,,,,,,,,,,,,,https://educationdata.urban.org/api/v1/schools/ccd/directory/2023/?fips=13|https://nces.ed.gov/ccd/|https://app3.doe.k12.ga.us/ows-bin/owa/main_pack_fcl099.entry_form,,stub
Whigham Elementary School,130246001082,Grady County Schools,Thomasville,GA,traditional,elementary,,(229)307-1714,,,,,,,,,,,,,https://educationdata.urban.org/api/v1/schools/ccd/directory/2023/?fips=13|https://nces.ed.gov/ccd/|https://app3.doe.k12.ga.us/ows-bin/owa/main_pack_fcl099.entry_form,,stub
Anita White Carson Middle School,130249002383,Greene County Schools,Rural Middle Georgia,GA,traditional,middle,,(706)453-3308,,,,,,,,,,,,,https://educationdata.urban.org/api/v1/schools/ccd/directory/2023/?fips=13|https://nces.ed.gov/ccd/|https://app3.doe.k12.ga.us/ows-bin/owa/main_pack_fcl099.entry_form,,stub
Greene County High School,130249002386,Greene County Schools,Rural Middle Georgia,GA,traditional,high,,(706)453-2271,,,,,,,,,,,,,https://educationdata.urban.org/api/v1/schools/ccd/directory/2023/?fips=13|https://nces.ed.gov/ccd/|https://app3.doe.k12.ga.us/ows-bin/owa/main_pack_fcl099.entry_form,,stub
Greene County Primary School,130249002384,Greene County Schools,Rural Middle Georgia,GA,traditional,elementary,,(706)486-4117,,,,,,,,,,,,,https://educationdata.urban.org/api/v1/schools/ccd/directory/2023/?fips=13|https://nces.ed.gov/ccd/|https://app3.doe.k12.ga.us/ows-bin/owa/main_pack_fcl099.entry_form,,stub
LAKE OCONEE CHARTER,130249003570,Greene County Schools,Rural Middle Georgia,GA,traditional,elementary,,(706)454-1562,,,,,,,,,,,,,https://educationdata.urban.org/api/v1/schools/ccd/directory/2023/?fips=13|https://nces.ed.gov/ccd/|https://app3.doe.k12.ga.us/ows-bin/owa/main_pack_fcl099.entry_form,,stub
Lake Oconee Charter High School,130249004341,Greene County Schools,Rural Middle Georgia,GA,traditional,high,,(706)454-1562,,,,,,,,,,,,,https://educationdata.urban.org/api/v1/schools/ccd/directory/2023/?fips=13|https://nces.ed.gov/ccd/|https://app3.doe.k12.ga.us/ows-bin/owa/main_pack_fcl099.entry_form,,stub
Anne Street Elementary School,130252001099,Griffin-Spalding County School System,Atlanta,GA,traditional,elementary,,(770)229-3746,,,,,,,,,,,,,https://educationdata.urban.org/api/v1/schools/ccd/directory/2023/?fips=13|https://nces.ed.gov/ccd/|https://app3.doe.k12.ga.us/ows-bin/owa/main_pack_fcl099.entry_form,,stub
Atkinson Elementary School,130252001102,Griffin-Spalding County School System,Atlanta,GA,traditional,elementary,,(770)229-3715,,,,,,,,,,,,,https://educationdata.urban.org/api/v1/schools/ccd/directory/2023/?fips=13|https://nces.ed.gov/ccd/|https://app3.doe.k12.ga.us/ows-bin/owa/main_pack_fcl099.entry_form,,stub
AZ Kelsey Academy,130252003588,Griffin-Spalding County School System,Atlanta,GA,traditional,high,https://www.gscs.org/,(770)229-4365,,Brandon Thompson,Principal,brandon.thompson@gscs.org,(770)229-4365,,,,,,,,Griffin Daily News (Thompson named A.Z. Kelsey Academy principal); GreatSchools school-leader email BRANDON.THOMPSON@GSCS.ORG,2026-09-07,verified
Beaverbrook Elementary School,130252001101,Griffin-Spalding County School System,Atlanta,GA,traditional,elementary,,(770)229-3750,,,,,,,,,,,,,https://educationdata.urban.org/api/v1/schools/ccd/directory/2023/?fips=13|https://nces.ed.gov/ccd/|https://app3.doe.k12.ga.us/ows-bin/owa/main_pack_fcl099.entry_form,,stub
Carver Road Middle School,130252003448,Griffin-Spalding County School System,Atlanta,GA,traditional,middle,,(770)229-3739,,,,,,,,,,,,,https://educationdata.urban.org/api/v1/schools/ccd/directory/2023/?fips=13|https://nces.ed.gov/ccd/|https://app3.doe.k12.ga.us/ows-bin/owa/main_pack_fcl099.entry_form,,stub
Cowan Road Elementary School,130252002194,Griffin-Spalding County School System,Atlanta,GA,traditional,elementary,,(770)229-3790,,,,,,,,,,,,,https://educationdata.urban.org/api/v1/schools/ccd/directory/2023/?fips=13|https://nces.ed.gov/ccd/|https://app3.doe.k12.ga.us/ows-bin/owa/main_pack_fcl099.entry_form,,stub
Cowan Road Middle School,130252002430,Griffin-Spalding County School System,Atlanta,GA,traditional,middle,,(770)229-3722,,,,,,,,,,,,,https://educationdata.urban.org/api/v1/schools/ccd/directory/2023/?fips=13|https://nces.ed.gov/ccd/|https://app3.doe.k12.ga.us/ows-bin/owa/main_pack_fcl099.entry_form,,stub
Crescent Road Elementary School,130252001100,Griffin-Spalding County School System,Atlanta,GA,traditional,elementary,,(770)229-3719,,,,,,,,,,,,,https://educationdata.urban.org/api/v1/schools/ccd/directory/2023/?fips=13|https://nces.ed.gov/ccd/|https://app3.doe.k12.ga.us/ows-bin/owa/main_pack_fcl099.entry_form,,stub
Futral Road Elementary School,130252002281,Griffin-Spalding County School System,Atlanta,GA,traditional,elementary,,(770)229-3735,,,,,,,,,,,,,https://educationdata.urban.org/api/v1/schools/ccd/directory/2023/?fips=13|https://nces.ed.gov/ccd/|https://app3.doe.k12.ga.us/ows-bin/owa/main_pack_fcl099.entry_form,,stub
Griffin High School,130252001092,Griffin-Spalding County School System,Atlanta,GA,traditional,high,https://www.griffinhighschool.org/,(770)229-3752,,Naja Douglas,Principal,,(770)229-3752,,,,,,,,griffinhighschool.org/staff (Naja Douglas Principal Administrators); Griffin Daily News BOE appointed Douglas Griffin High principal,2026-09-07,verified
Jackson Road Elementary School,130252001098,Griffin-Spalding County School System,Atlanta,GA,traditional,elementary,,(770)229-3717,,,,,,,,,,,,,https://educationdata.urban.org/api/v1/schools/ccd/directory/2023/?fips=13|https://nces.ed.gov/ccd/|https://app3.doe.k12.ga.us/ows-bin/owa/main_pack_fcl099.entry_form,,stub
Jordan Hill Road Elementary School,130252001049,Griffin-Spalding County School System,Atlanta,GA,traditional,elementary,,(770)229-3777,,,,,,,,,,,,,https://educationdata.urban.org/api/v1/schools/ccd/directory/2023/?fips=13|https://nces.ed.gov/ccd/|https://app3.doe.k12.ga.us/ows-bin/owa/main_pack_fcl099.entry_form,,stub
Kennedy Road Middle School,130252003449,Griffin-Spalding County School System,Atlanta,GA,traditional,middle,,(770)229-3760,,,,,,,,,,,,,https://educationdata.urban.org/api/v1/schools/ccd/directory/2023/?fips=13|https://nces.ed.gov/ccd/|https://app3.doe.k12.ga.us/ows-bin/owa/main_pack_fcl099.entry_form,,stub
Moore Elementary School,130252001089,Griffin-Spalding County School System,Atlanta,GA,traditional,elementary,,(770)229-3756,,,,,,,,,,,,,https://educationdata.urban.org/api/v1/schools/ccd/directory/2023/?fips=13|https://nces.ed.gov/ccd/|https://app3.doe.k12.ga.us/ows-bin/owa/main_pack_fcl099.entry_form,,stub
Moreland Road Elementary,130252003447,Griffin-Spalding County School System,Atlanta,GA,traditional,elementary,,(770)229-3755,,,,,,,,,,,,,https://educationdata.urban.org/api/v1/schools/ccd/directory/2023/?fips=13|https://nces.ed.gov/ccd/|https://app3.doe.k12.ga.us/ows-bin/owa/main_pack_fcl099.entry_form,,stub
Orrs Elementary School,130252001093,Griffin-Spalding County School System,Atlanta,GA,traditional,elementary,,(770)229-3743,,,,,,,,,,,,,https://educationdata.urban.org/api/v1/schools/ccd/directory/2023/?fips=13|https://nces.ed.gov/ccd/|https://app3.doe.k12.ga.us/ows-bin/owa/main_pack_fcl099.entry_form,,stub
Rehoboth Road Middle School,130252003951,Griffin-Spalding County School System,Atlanta,GA,traditional,middle,,(770)229-3727,,,,,,,,,,,,,https://educationdata.urban.org/api/v1/schools/ccd/directory/2023/?fips=13|https://nces.ed.gov/ccd/|https://app3.doe.k12.ga.us/ows-bin/owa/main_pack_fcl099.entry_form,,stub
Spalding High School,130252002429,Griffin-Spalding County School System,Atlanta,GA,traditional,high,https://www.spaldingjags.org/,(770)229-3775,,Dr. Rodney McBride,Principal,,(770)229-3775,,,,,,,,spaldingjags.org/o/shs/page/principals-page (Dr. McBride); Griffin Daily News 2026-04-02 BOE: Rodney McBride next Spalding High principal for 2026-27,2026-09-07,verified
Alcova Elementary School,130255003395,Gwinnett County Public Schools,Atlanta,GA,traditional,elementary,,(678)376-8500,,,,,,,,,,,,,https://educationdata.urban.org/api/v1/schools/ccd/directory/2023/?fips=13|https://nces.ed.gov/ccd/|https://app3.doe.k12.ga.us/ows-bin/owa/main_pack_fcl099.entry_form,,stub
Alford Elementary,130255002904,Gwinnett County Public Schools,Atlanta,GA,traditional,elementary,,(678)924-5300,,,,,,,,,,,,,https://educationdata.urban.org/api/v1/schools/ccd/directory/2023/?fips=13|https://nces.ed.gov/ccd/|https://app3.doe.k12.ga.us/ows-bin/owa/main_pack_fcl099.entry_form,,stub
Anderson-Livsey Elementary School,130255004003,Gwinnett County Public Schools,Atlanta,GA,traditional,elementary,,(678)344-2082,,,,,,,,,,,,,https://educationdata.urban.org/api/v1/schools/ccd/directory/2023/?fips=13|https://nces.ed.gov/ccd/|https://app3.doe.k12.ga.us/ows-bin/owa/main_pack_fcl099.entry_form,,stub
Annistown Elementary School,130255001901,Gwinnett County Public Schools,Atlanta,GA,traditional,elementary,,(770)979-2950,,,,,,,,,,,,,https://educationdata.urban.org/api/v1/schools/ccd/directory/2023/?fips=13|https://nces.ed.gov/ccd/|https://app3.doe.k12.ga.us/ows-bin/owa/main_pack_fcl099.entry_form,,stub
Arcado Elementary School,130255001902,Gwinnett County Public Schools,Atlanta,GA,traditional,elementary,,(770)925-2100,,,,,,,,,,,,,https://educationdata.urban.org/api/v1/schools/ccd/directory/2023/?fips=13|https://nces.ed.gov/ccd/|https://app3.doe.k12.ga.us/ows-bin/owa/main_pack_fcl099.entry_form,,stub
Archer High School,130255003838,Gwinnett County Public Schools,Atlanta,GA,traditional,high,https://www.gcpsk12.org/schools/school-profiles-and-lspi/school-profiles/high-schools/archer-high-school,(678)407-7700,,Dr. Conquisha Thompson,Principal,,,,,,,,,,https://educationdata.urban.org/api/v1/schools/ccd/directory/2023/?fips=13|https://nces.ed.gov/ccd/|https://app3.doe.k12.ga.us/ows-bin/owa/main_pack_fcl099.entry_form|https://www.gcpsk12.org/schools/school-profiles-and-lspi/school-profiles/high-schools/archer-high-school,2026-09-07,verified
Baggett Elementary School,130255004181,Gwinnett County Public Schools,Atlanta,GA,traditional,elementary,,(678)301-6100,,,,,,,,,,,,,https://educationdata.urban.org/api/v1/schools/ccd/directory/2023/?fips=13|https://nces.ed.gov/ccd/|https://app3.doe.k12.ga.us/ows-bin/owa/main_pack_fcl099.entry_form,,stub
Baldwin Elementary,130255004251,Gwinnett County Public Schools,Atlanta,GA,traditional,elementary,,(678)225-5500,,,,,,,,,,,,,https://educationdata.urban.org/api/v1/schools/ccd/directory/2023/?fips=13|https://nces.ed.gov/ccd/|https://app3.doe.k12.ga.us/ows-bin/owa/main_pack_fcl099.entry_form,,stub
Bay Creek Middle School,130255003870,Gwinnett County Public Schools,Atlanta,GA,traditional,middle,,(678)344-7570,,,,,,,,,,,,,https://educationdata.urban.org/api/v1/schools/ccd/directory/2023/?fips=13|https://nces.ed.gov/ccd/|https://app3.doe.k12.ga.us/ows-bin/owa/main_pack_fcl099.entry_form,,stub
Beaver Ridge Elementary School,130255001903,Gwinnett County Public Schools,Atlanta,GA,traditional,elementary,,(770)447-6307,,,,,,,,,,,,,https://educationdata.urban.org/api/v1/schools/ccd/directory/2023/?fips=13|https://nces.ed.gov/ccd/|https://app3.doe.k12.ga.us/ows-bin/owa/main_pack_fcl099.entry_form,,stub
Benefield Elementary School,130255003813,Gwinnett County Public Schools,Atlanta,GA,traditional,elementary,,(770)962-3771,,,,,,,,,,,,,https://educationdata.urban.org/api/v1/schools/ccd/directory/2023/?fips=13|https://nces.ed.gov/ccd/|https://app3.doe.k12.ga.us/ows-bin/owa/main_pack_fcl099.entry_form,,stub
Berkeley Lake Elementary School,130255001931,Gwinnett County Public Schools,Atlanta,GA,traditional,elementary,,(770)446-0947,,,,,,,,,,,,,https://educationdata.urban.org/api/v1/schools/ccd/directory/2023/?fips=13|https://nces.ed.gov/ccd/|https://app3.doe.k12.ga.us/ows-bin/owa/main_pack_fcl099.entry_form,,stub
Berkmar High School,130255001905,Gwinnett County Public Schools,Atlanta,GA,traditional,high,https://www.gcpsk12.org/schools/school-profiles-and-lspi/school-profiles/high-schools/berkmar-high-school,(770)921-3636,,Dr. Gabriel Zaragosa,Principal,,,,,,,,,,https://educationdata.urban.org/api/v1/schools/ccd/directory/2023/?fips=13|https://nces.ed.gov/ccd/|https://app3.doe.k12.ga.us/ows-bin/owa/main_pack_fcl099.entry_form|https://www.gcpsk12.org/schools/school-profiles-and-lspi/school-profiles/high-schools/berkmar-high-school,2026-09-07,verified
Berkmar Middle School,130255003385,Gwinnett County Public Schools,Atlanta,GA,traditional,middle,,(770)638-2300,,,,,,,,,,,,,https://educationdata.urban.org/api/v1/schools/ccd/directory/2023/?fips=13|https://nces.ed.gov/ccd/|https://app3.doe.k12.ga.us/ows-bin/owa/main_pack_fcl099.entry_form,,stub
Bethesda Elementary School,130255001140,Gwinnett County Public Schools,Atlanta,GA,traditional,elementary,,(770)921-2000,,,,,,,,,,,,,https://educationdata.urban.org/api/v1/schools/ccd/directory/2023/?fips=13|https://nces.ed.gov/ccd/|https://app3.doe.k12.ga.us/ows-bin/owa/main_pack_fcl099.entry_form,,stub
Britt Elementary School,130255001134,Gwinnett County Public Schools,Atlanta,GA,traditional,elementary,,(770)972-4500,,,,,,,,,,,,,https://educationdata.urban.org/api/v1/schools/ccd/directory/2023/?fips=13|https://nces.ed.gov/ccd/|https://app3.doe.k12.ga.us/ows-bin/owa/main_pack_fcl099.entry_form,,stub
Brookwood Elementary School,130255001961,Gwinnett County Public Schools,Atlanta,GA,traditional,elementary,,(770)736-4360,,,,,,,,,,,,,https://educationdata.urban.org/api/v1/schools/ccd/directory/2023/?fips=13|https://nces.ed.gov/ccd/|https://app3.doe.k12.ga.us/ows-bin/owa/main_pack_fcl099.entry_form,,stub
Brookwood High School,130255001906,Gwinnett County Public Schools,Atlanta,GA,traditional,high,https://www.gcpsk12.org/schools/school-profiles-and-lspi/school-profiles/high-schools/brookwood-high-school,(770)972-7642,,Dr. Brett Savage,Principal,,,,,,,,,,https://educationdata.urban.org/api/v1/schools/ccd/directory/2023/?fips=13|https://nces.ed.gov/ccd/|https://app3.doe.k12.ga.us/ows-bin/owa/main_pack_fcl099.entry_form|https://www.gcpsk12.org/schools/school-profiles-and-lspi/school-profiles/high-schools/brookwood-high-school,2026-09-07,verified
Burnette Elementary School,130255003979,Gwinnett County Public Schools,Atlanta,GA,traditional,elementary,,(678)546-2170,,,,,,,,,,,,,https://educationdata.urban.org/api/v1/schools/ccd/directory/2023/?fips=13|https://nces.ed.gov/ccd/|https://app3.doe.k12.ga.us/ows-bin/owa/main_pack_fcl099.entry_form,,stub
Camp Creek Elementary School,130255001130,Gwinnett County Public Schools,Atlanta,GA,traditional,elementary,,(770)921-1626,,,,,,,,,,,,,https://educationdata.urban.org/api/v1/schools/ccd/directory/2023/?fips=13|https://nces.ed.gov/ccd/|https://app3.doe.k12.ga.us/ows-bin/owa/main_pack_fcl099.entry_form,,stub
Cedar Hill Elementary School,130255002041,Gwinnett County Public Schools,Atlanta,GA,traditional,elementary,,(770)962-5015,,,,,,,,,,,,,https://educationdata.urban.org/api/v1/schools/ccd/directory/2023/?fips=13|https://nces.ed.gov/ccd/|https://app3.doe.k12.ga.us/ows-bin/owa/main_pack_fcl099.entry_form,,stub
Centerville Elementary School,130255001116,Gwinnett County Public Schools,Atlanta,GA,traditional,elementary,,(770)972-2220,,,,,,,,,,,,,https://educationdata.urban.org/api/v1/schools/ccd/directory/2023/?fips=13|https://nces.ed.gov/ccd/|https://app3.doe.k12.ga.us/ows-bin/owa/main_pack_fcl099.entry_form,,stub
Central Gwinnett High School,130255001129,Gwinnett County Public Schools,Atlanta,GA,traditional,high,https://www.gcpsk12.org/schools/school-profiles-and-lspi/school-profiles/high-schools/central-gwinnett-high-school,(770)963-8041,,Shane Orr,Principal,,,,,,,,,,https://educationdata.urban.org/api/v1/schools/ccd/directory/2023/?fips=13|https://nces.ed.gov/ccd/|https://app3.doe.k12.ga.us/ows-bin/owa/main_pack_fcl099.entry_form|https://www.gcpsk12.org/schools/school-profiles-and-lspi/school-profiles/high-schools/central-gwinnett-high-school,2026-09-07,verified
Chattahoochee Elementary School,130255002082,Gwinnett County Public Schools,Atlanta,GA,traditional,elementary,,(770)497-9907,,,,,,,,,,,,,https://educationdata.urban.org/api/v1/schools/ccd/directory/2023/?fips=13|https://nces.ed.gov/ccd/|https://app3.doe.k12.ga.us/ows-bin/owa/main_pack_fcl099.entry_form,,stub
Chesney Elementary School,130255003399,Gwinnett County Public Schools,Atlanta,GA,traditional,elementary,,(678)542-2300,,,,,,,,,,,,,https://educationdata.urban.org/api/v1/schools/ccd/directory/2023/?fips=13|https://nces.ed.gov/ccd/|https://app3.doe.k12.ga.us/ows-bin/owa/main_pack_fcl099.entry_form,,stub
Coleman Middle School,130255004234,Gwinnett County Public Schools,Atlanta,GA,traditional,middle,,(678)407-4700,,,,,,,,,,,,,https://educationdata.urban.org/api/v1/schools/ccd/directory/2023/?fips=13|https://nces.ed.gov/ccd/|https://app3.doe.k12.ga.us/ows-bin/owa/main_pack_fcl099.entry_form,,stub
Collins Hill High School,130255000959,Gwinnett County Public Schools,Atlanta,GA,traditional,high,https://www.gcpsk12.org/schools/school-profiles-and-lspi/school-profiles/high-schools/collins-hill-high-school,(770)682-4100,,Lee Augmon,Principal,,,,,,,,,,https://educationdata.urban.org/api/v1/schools/ccd/directory/2023/?fips=13|https://nces.ed.gov/ccd/|https://app3.doe.k12.ga.us/ows-bin/owa/main_pack_fcl099.entry_form|https://www.gcpsk12.org/schools/school-profiles-and-lspi/school-profiles/high-schools/collins-hill-high-school,2026-09-07,verified
Cooper Elementary School,130255002901,Gwinnett County Public Schools,Atlanta,GA,traditional,elementary,,(770)554-7050,,,,,,,,,,,,,https://educationdata.urban.org/api/v1/schools/ccd/directory/2023/?fips=13|https://nces.ed.gov/ccd/|https://app3.doe.k12.ga.us/ows-bin/owa/main_pack_fcl099.entry_form,,stub
Corley Elementary School,130255002898,Gwinnett County Public Schools,Atlanta,GA,traditional,elementary,,(678)924-5330,,,,,,,,,,,,,https://educationdata.urban.org/api/v1/schools/ccd/directory/2023/?fips=13|https://nces.ed.gov/ccd/|https://app3.doe.k12.ga.us/ows-bin/owa/main_pack_fcl099.entry_form,,stub
Couch Middle School,130255003917,Gwinnett County Public Schools,Atlanta,GA,traditional,middle,,(678)407-7272,,,,,,,,,,,,,https://educationdata.urban.org/api/v1/schools/ccd/directory/2023/?fips=13|https://nces.ed.gov/ccd/|https://app3.doe.k12.ga.us/ows-bin/owa/main_pack_fcl099.entry_form,,stub
Craig Elementary School,130255000272,Gwinnett County Public Schools,Atlanta,GA,traditional,elementary,,(770)978-5560,,,,,,,,,,,,,https://educationdata.urban.org/api/v1/schools/ccd/directory/2023/?fips=13|https://nces.ed.gov/ccd/|https://app3.doe.k12.ga.us/ows-bin/owa/main_pack_fcl099.entry_form,,stub
Creekland Middle School,130255001632,Gwinnett County Public Schools,Atlanta,GA,traditional,middle,,(770)338-4700,,,,,,,,,,,,,https://educationdata.urban.org/api/v1/schools/ccd/directory/2023/?fips=13|https://nces.ed.gov/ccd/|https://app3.doe.k12.ga.us/ows-bin/owa/main_pack_fcl099.entry_form,,stub
Crews Middle School,130255002196,Gwinnett County Public Schools,Atlanta,GA,traditional,middle,,(770)982-6940,,,,,,,,,,,,,https://educationdata.urban.org/api/v1/schools/ccd/directory/2023/?fips=13|https://nces.ed.gov/ccd/|https://app3.doe.k12.ga.us/ows-bin/owa/main_pack_fcl099.entry_form,,stub
Dacula Elementary School,130255002125,Gwinnett County Public Schools,Atlanta,GA,traditional,elementary,,(770)963-7174,,,,,,,,,,,,,https://educationdata.urban.org/api/v1/schools/ccd/directory/2023/?fips=13|https://nces.ed.gov/ccd/|https://app3.doe.k12.ga.us/ows-bin/owa/main_pack_fcl099.entry_form,,stub
Dacula High School,130255001127,Gwinnett County Public Schools,Atlanta,GA,traditional,high,https://www.gcpsk12.org/schools/school-profiles-and-lspi/school-profiles/high-schools/dacula-high-school,(770)963-6664,,Jeannie Hidalgo,Principal,,,,,,,,,,https://educationdata.urban.org/api/v1/schools/ccd/directory/2023/?fips=13|https://nces.ed.gov/ccd/|https://app3.doe.k12.ga.us/ows-bin/owa/main_pack_fcl099.entry_form|https://www.gcpsk12.org/schools/school-profiles-and-lspi/school-profiles/high-schools/dacula-high-school,2026-09-07,verified
Dacula Middle School,130255001907,Gwinnett County Public Schools,Atlanta,GA,traditional,middle,,(770)963-1110,,,,,,,,,,,,,https://educationdata.urban.org/api/v1/schools/ccd/directory/2023/?fips=13|https://nces.ed.gov/ccd/|https://app3.doe.k12.ga.us/ows-bin/owa/main_pack_fcl099.entry_form,,stub
Discovery High School,130255004212,Gwinnett County Public Schools,Atlanta,GA,traditional,high,https://www.gcpsk12.org/schools/school-profiles-and-lspi/school-profiles/high-schools/discovery-high-school,(678)226-4250,,Robert Maffeo,Principal,,,,,,,,,,https://educationdata.urban.org/api/v1/schools/ccd/directory/2023/?fips=13|https://nces.ed.gov/ccd/|https://app3.doe.k12.ga.us/ows-bin/owa/main_pack_fcl099.entry_form|https://www.gcpsk12.org/schools/school-profiles-and-lspi/school-profiles/high-schools/discovery-high-school,2026-09-07,verified
Duluth High School,130255001118,Gwinnett County Public Schools,Atlanta,GA,traditional,high,https://www.gcpsk12.org/schools/school-profiles-and-lspi/school-profiles/high-schools/duluth-high-school,(770)476-5206,,Cindy Kinchen,Principal,,,,,,,,,,https://educationdata.urban.org/api/v1/schools/ccd/directory/2023/?fips=13|https://nces.ed.gov/ccd/|https://app3.doe.k12.ga.us/ows-bin/owa/main_pack_fcl099.entry_form|https://www.gcpsk12.org/schools/school-profiles-and-lspi/school-profiles/high-schools/duluth-high-school,2026-09-07,verified
Duluth Middle School,130255001122,Gwinnett County Public Schools,Atlanta,GA,traditional,middle,,(770)476-3372,,,,,,,,,,,,,https://educationdata.urban.org/api/v1/schools/ccd/directory/2023/?fips=13|https://nces.ed.gov/ccd/|https://app3.doe.k12.ga.us/ows-bin/owa/main_pack_fcl099.entry_form,,stub
Duncan Creek Elementary,130255002905,Gwinnett County Public Schools,Atlanta,GA,traditional,elementary,,(678)714-5800,,,,,,,,,,,,,https://educationdata.urban.org/api/v1/schools/ccd/directory/2023/?fips=13|https://nces.ed.gov/ccd/|https://app3.doe.k12.ga.us/ows-bin/owa/main_pack_fcl099.entry_form,,stub
Dyer Elementary School,130255001109,Gwinnett County Public Schools,Atlanta,GA,traditional,elementary,,(770)963-6214,,,,,,,,,,,,,https://educationdata.urban.org/api/v1/schools/ccd/directory/2023/?fips=13|https://nces.ed.gov/ccd/|https://app3.doe.k12.ga.us/ows-bin/owa/main_pack_fcl099.entry_form,,stub
Ferguson Elementary School,130255003989,Gwinnett County Public Schools,Atlanta,GA,traditional,elementary,,(678)245-5450,,,,,,,,,,,,,https://educationdata.urban.org/api/v1/schools/ccd/directory/2023/?fips=13|https://nces.ed.gov/ccd/|https://app3.doe.k12.ga.us/ows-bin/owa/main_pack_fcl099.entry_form,,stub
Five Forks Middle School,130255001143,Gwinnett County Public Schools,Atlanta,GA,traditional,middle,,(770)972-1506,,,,,,,,,,,,,https://educationdata.urban.org/api/v1/schools/ccd/directory/2023/?fips=13|https://nces.ed.gov/ccd/|https://app3.doe.k12.ga.us/ows-bin/owa/main_pack_fcl099.entry_form,,stub
Fort Daniel Elementary School,130255000972,Gwinnett County Public Schools,Atlanta,GA,traditional,elementary,,(770)932-7400,,,,,,,,,,,,,https://educationdata.urban.org/api/v1/schools/ccd/directory/2023/?fips=13|https://nces.ed.gov/ccd/|https://app3.doe.k12.ga.us/ows-bin/owa/main_pack_fcl099.entry_form,,stub
Freeman's Mill Elementary School,130255002323,Gwinnett County Public Schools,Atlanta,GA,traditional,elementary,,(678)377-8955,,,,,,,,,,,,,https://educationdata.urban.org/api/v1/schools/ccd/directory/2023/?fips=13|https://nces.ed.gov/ccd/|https://app3.doe.k12.ga.us/ows-bin/owa/main_pack_fcl099.entry_form,,stub
Grace Snell Middle School,130255003993,Gwinnett County Public Schools,Atlanta,GA,traditional,middle,,(770)554-7750,,,,,,,,,,,,,https://educationdata.urban.org/api/v1/schools/ccd/directory/2023/?fips=13|https://nces.ed.gov/ccd/|https://app3.doe.k12.ga.us/ows-bin/owa/main_pack_fcl099.entry_form,,stub
Graves Elementary School,130255004210,Gwinnett County Public Schools,Atlanta,GA,traditional,elementary,,(770)326-8000,,,,,,,,,,,,,https://educationdata.urban.org/api/v1/schools/ccd/directory/2023/?fips=13|https://nces.ed.gov/ccd/|https://app3.doe.k12.ga.us/ows-bin/owa/main_pack_fcl099.entry_form,,stub
Grayson Elementary School,130255001139,Gwinnett County Public Schools,Atlanta,GA,traditional,elementary,,(770)963-7189,,,,,,,,,,,,,https://educationdata.urban.org/api/v1/schools/ccd/directory/2023/?fips=13|https://nces.ed.gov/ccd/|https://app3.doe.k12.ga.us/ows-bin/owa/main_pack_fcl099.entry_form,,stub
Grayson High School,130255002387,Gwinnett County Public Schools,Atlanta,GA,traditional,high,https://www.gcpsk12.org/schools/school-profiles-and-lspi/school-profiles/high-schools/grayson-high-school,(770)554-1071,,Dr. Rukina Stewart,Principal,,,,,,,,,,https://educationdata.urban.org/api/v1/schools/ccd/directory/2023/?fips=13|https://nces.ed.gov/ccd/|https://app3.doe.k12.ga.us/ows-bin/owa/main_pack_fcl099.entry_form|https://www.gcpsk12.org/schools/school-profiles-and-lspi/school-profiles/high-schools/grayson-high-school,2026-09-07,verified
Gwin Oaks Elementary School,130255001142,Gwinnett County Public Schools,Atlanta,GA,traditional,elementary,,(770)972-3110,,,,,,,,,,,,,https://educationdata.urban.org/api/v1/schools/ccd/directory/2023/?fips=13|https://nces.ed.gov/ccd/|https://app3.doe.k12.ga.us/ows-bin/owa/main_pack_fcl099.entry_form,,stub
Gwinnett InterVention Education (GIVE) Center East,130255000308,Gwinnett County Public Schools,Atlanta,GA,traditional,high,https://www.gcpsk12.org/schools/school-profiles-and-lspi/school-profiles/special-schools/give-east-high-school,(770)338-4855,,Dr. Brandon Bell,Principal,,,,,,,,,,https://educationdata.urban.org/api/v1/schools/ccd/directory/2023/?fips=13|https://nces.ed.gov/ccd/|https://app3.doe.k12.ga.us/ows-bin/owa/main_pack_fcl099.entry_form|https://www.gcpsk12.org/schools/school-profiles-and-lspi/school-profiles/special-schools/give-east-high-school,2026-09-07,verified
Gwinnett Intervention Education Center (GIVE) West,130255003690,Gwinnett County Public Schools,Atlanta,GA,traditional,high,https://www.gcpsk12.org/schools/school-profiles-and-lspi/school-profiles/special-schools/give-west-high-school,(770)246-5300,,Dr. Kelly Walter,Principal,,,,,,,,,,https://educationdata.urban.org/api/v1/schools/ccd/directory/2023/?fips=13|https://nces.ed.gov/ccd/|https://app3.doe.k12.ga.us/ows-bin/owa/main_pack_fcl099.entry_form|https://www.gcpsk12.org/schools/school-profiles-and-lspi/school-profiles/special-schools/give-west-high-school,2026-09-07,verified
Gwinnett Online Campus,130255004057,Gwinnett County Public Schools,Atlanta,GA,traditional,other,,(770)326-8082,,,,,,,,,,,,,https://educationdata.urban.org/api/v1/schools/ccd/directory/2023/?fips=13|https://nces.ed.gov/ccd/|https://app3.doe.k12.ga.us/ows-bin/owa/main_pack_fcl099.entry_form,,stub
Gwinnett School of Mathematics- Science and Technology,130255003553,Gwinnett County Public Schools,Atlanta,GA,traditional,high,https://www.gcpsk12.org/schools/school-profiles-and-lspi/school-profiles/high-schools/gsmst,(678)518-6700,,Logan Malm,Principal,,,,,,,,,,https://educationdata.urban.org/api/v1/schools/ccd/directory/2023/?fips=13|https://nces.ed.gov/ccd/|https://app3.doe.k12.ga.us/ows-bin/owa/main_pack_fcl099.entry_form|https://www.gcpsk12.org/schools/school-profiles-and-lspi/school-profiles/high-schools/gsmst,2026-09-07,verified
Harbins Elementary School,130255001249,Gwinnett County Public Schools,Atlanta,GA,traditional,elementary,,(770)682-4270,,,,,,,,,,,,,https://educationdata.urban.org/api/v1/schools/ccd/directory/2023/?fips=13|https://nces.ed.gov/ccd/|https://app3.doe.k12.ga.us/ows-bin/owa/main_pack_fcl099.entry_form,,stub
Harmony Elementary School,130255001138,Gwinnett County Public Schools,Atlanta,GA,traditional,elementary,,(770)945-7272,,,,,,,,,,,,,https://educationdata.urban.org/api/v1/schools/ccd/directory/2023/?fips=13|https://nces.ed.gov/ccd/|https://app3.doe.k12.ga.us/ows-bin/owa/main_pack_fcl099.entry_form,,stub
Harris Elementary School,130255001133,Gwinnett County Public Schools,Atlanta,GA,traditional,elementary,,(770)476-2241,,,,,,,,,,,,,https://educationdata.urban.org/api/v1/schools/ccd/directory/2023/?fips=13|https://nces.ed.gov/ccd/|https://app3.doe.k12.ga.us/ows-bin/owa/main_pack_fcl099.entry_form,,stub
Head Elementary School,130255001909,Gwinnett County Public Schools,Atlanta,GA,traditional,elementary,,(770)972-8050,,,,,,,,,,,,,https://educationdata.urban.org/api/v1/schools/ccd/directory/2023/?fips=13|https://nces.ed.gov/ccd/|https://app3.doe.k12.ga.us/ows-bin/owa/main_pack_fcl099.entry_form,,stub
Hopkins Elementary School,130255001938,Gwinnett County Public Schools,Atlanta,GA,traditional,elementary,,(770)564-2661,,,,,,,,,,,,,https://educationdata.urban.org/api/v1/schools/ccd/directory/2023/?fips=13|https://nces.ed.gov/ccd/|https://app3.doe.k12.ga.us/ows-bin/owa/main_pack_fcl099.entry_form,,stub
Hull Middle School,130255001633,Gwinnett County Public Schools,Atlanta,GA,traditional,middle,,(770)232-3200,,,,,,,,,,,,,https://educationdata.urban.org/api/v1/schools/ccd/directory/2023/?fips=13|https://nces.ed.gov/ccd/|https://app3.doe.k12.ga.us/ows-bin/owa/main_pack_fcl099.entry_form,,stub
International Transition Center,130255004257,Gwinnett County Public Schools,Atlanta,GA,traditional,high,https://www.gcpsk12.org/schools/school-profiles-and-lspi/school-profiles/special-schools/international-transition-center,(770)316-8944,,Dr. Steve Frandsen,Principal,,,,,,,,,,https://educationdata.urban.org/api/v1/schools/ccd/directory/2023/?fips=13|https://nces.ed.gov/ccd/|https://app3.doe.k12.ga.us/ows-bin/owa/main_pack_fcl099.entry_form|https://www.gcpsk12.org/schools/school-profiles-and-lspi/school-profiles/special-schools/international-transition-center,2026-09-07,verified
Ivy Creek Elementary School,130255002899,Gwinnett County Public Schools,Atlanta,GA,traditional,elementary,,(678)714-3655,,,,,,,,,,,,,https://educationdata.urban.org/api/v1/schools/ccd/directory/2023/?fips=13|https://nces.ed.gov/ccd/|https://app3.doe.k12.ga.us/ows-bin/owa/main_pack_fcl099.entry_form,,stub
Jackson Elementary School,130255000973,Gwinnett County Public Schools,Atlanta,GA,traditional,elementary,,(770)682-4200,,,,,,,,,,,,,https://educationdata.urban.org/api/v1/schools/ccd/directory/2023/?fips=13|https://nces.ed.gov/ccd/|https://app3.doe.k12.ga.us/ows-bin/owa/main_pack_fcl099.entry_form,,stub
Jenkins Elementary School,130255004004,Gwinnett County Public Schools,Atlanta,GA,traditional,elementary,,(678)407-8900,,,,,,,,,,,,,https://educationdata.urban.org/api/v1/schools/ccd/directory/2023/?fips=13|https://nces.ed.gov/ccd/|https://app3.doe.k12.ga.us/ows-bin/owa/main_pack_fcl099.entry_form,,stub
Jones Middle School,130255003388,Gwinnett County Public Schools,Atlanta,GA,traditional,middle,,(770)904-5450,,,,,,,,,,,,,https://educationdata.urban.org/api/v1/schools/ccd/directory/2023/?fips=13|https://nces.ed.gov/ccd/|https://app3.doe.k12.ga.us/ows-bin/owa/main_pack_fcl099.entry_form,,stub
Jordan Middle School,130255004184,Gwinnett County Public Schools,Atlanta,GA,traditional,middle,,(770)822-6500,,,,,,,,,,,,,https://educationdata.urban.org/api/v1/schools/ccd/directory/2023/?fips=13|https://nces.ed.gov/ccd/|https://app3.doe.k12.ga.us/ows-bin/owa/main_pack_fcl099.entry_form,,stub
Kanoheda Elementary School,130255000992,Gwinnett County Public Schools,Atlanta,GA,traditional,elementary,,(770)682-4221,,,,,,,,,,,,,https://educationdata.urban.org/api/v1/schools/ccd/directory/2023/?fips=13|https://nces.ed.gov/ccd/|https://app3.doe.k12.ga.us/ows-bin/owa/main_pack_fcl099.entry_form,,stub
Knight Elementary School,130255001112,Gwinnett County Public Schools,Atlanta,GA,traditional,elementary,,(770)921-2400,,,,,,,,,,,,,https://educationdata.urban.org/api/v1/schools/ccd/directory/2023/?fips=13|https://nces.ed.gov/ccd/|https://app3.doe.k12.ga.us/ows-bin/owa/main_pack_fcl099.entry_form,,stub
Lanier High School,130255003998,Gwinnett County Public Schools,Atlanta,GA,traditional,high,https://www.gcpsk12.org/schools/school-profiles-and-lspi/school-profiles/high-schools/lanier-high-school,(678)765-4040,,Dr. Christopher Martin,Principal,,,,,,,,,,https://educationdata.urban.org/api/v1/schools/ccd/directory/2023/?fips=13|https://nces.ed.gov/ccd/|https://app3.doe.k12.ga.us/ows-bin/owa/main_pack_fcl099.entry_form|https://www.gcpsk12.org/schools/school-profiles-and-lspi/school-profiles/high-schools/lanier-high-school,2026-09-07,verified
Lanier Middle School,130255003738,Gwinnett County Public Schools,Atlanta,GA,traditional,middle,,(770)945-8419,,,,,,,,,,,,,https://educationdata.urban.org/api/v1/schools/ccd/directory/2023/?fips=13|https://nces.ed.gov/ccd/|https://app3.doe.k12.ga.us/ows-bin/owa/main_pack_fcl099.entry_form,,stub
Lawrenceville Elementary School,130255001121,Gwinnett County Public Schools,Atlanta,GA,traditional,elementary,,(770)963-1813,,,,,,,,,,,,,https://educationdata.urban.org/api/v1/schools/ccd/directory/2023/?fips=13|https://nces.ed.gov/ccd/|https://app3.doe.k12.ga.us/ows-bin/owa/main_pack_fcl099.entry_form,,stub
Level Creek Elementary School,130255003397,Gwinnett County Public Schools,Atlanta,GA,traditional,elementary,,(770)904-7950,,,,,,,,,,,,,https://educationdata.urban.org/api/v1/schools/ccd/directory/2023/?fips=13|https://nces.ed.gov/ccd/|https://app3.doe.k12.ga.us/ows-bin/owa/main_pack_fcl099.entry_form,,stub
Lilburn Elementary School,130255001117,Gwinnett County Public Schools,Atlanta,GA,traditional,elementary,,(770)921-7707,,,,,,,,,,,,,https://educationdata.urban.org/api/v1/schools/ccd/directory/2023/?fips=13|https://nces.ed.gov/ccd/|https://app3.doe.k12.ga.us/ows-bin/owa/main_pack_fcl099.entry_form,,stub
Lilburn Middle School,130255001111,Gwinnett County Public Schools,Atlanta,GA,traditional,middle,,(770)921-1776,,,,,,,,,,,,,https://educationdata.urban.org/api/v1/schools/ccd/directory/2023/?fips=13|https://nces.ed.gov/ccd/|https://app3.doe.k12.ga.us/ows-bin/owa/main_pack_fcl099.entry_form,,stub
Lovin Elementary School,130255003382,Gwinnett County Public Schools,Atlanta,GA,traditional,elementary,,(678)518-6940,,,,,,,,,,,,,https://educationdata.urban.org/api/v1/schools/ccd/directory/2023/?fips=13|https://nces.ed.gov/ccd/|https://app3.doe.k12.ga.us/ows-bin/owa/main_pack_fcl099.entry_form,,stub
Magill Elementary School,130255001635,Gwinnett County Public Schools,Atlanta,GA,traditional,elementary,,(770)554-1030,,,,,,,,,,,,,https://educationdata.urban.org/api/v1/schools/ccd/directory/2023/?fips=13|https://nces.ed.gov/ccd/|https://app3.doe.k12.ga.us/ows-bin/owa/main_pack_fcl099.entry_form,,stub
Mason Elementary School,130255002197,Gwinnett County Public Schools,Atlanta,GA,traditional,elementary,,(770)232-3370,,,,,,,,,,,,,https://educationdata.urban.org/api/v1/schools/ccd/directory/2023/?fips=13|https://nces.ed.gov/ccd/|https://app3.doe.k12.ga.us/ows-bin/owa/main_pack_fcl099.entry_form,,stub
McClure Health Science High School,130255004344,Gwinnett County Public Schools,Atlanta,GA,traditional,high,https://www.gcpsk12.org/schools/school-profiles-and-lspi/school-profiles/high-schools/mcclure-health-science-high-school,(770)806-7900,,Dr. Gypsey Hernandez,Principal,,,,,,,,,,https://educationdata.urban.org/api/v1/schools/ccd/directory/2023/?fips=13|https://nces.ed.gov/ccd/|https://app3.doe.k12.ga.us/ows-bin/owa/main_pack_fcl099.entry_form|https://www.gcpsk12.org/schools/school-profiles-and-lspi/school-profiles/high-schools/mcclure-health-science-high-school,2026-09-07,verified
McConnell Middle School,130255001638,Gwinnett County Public Schools,Atlanta,GA,traditional,middle,,(770)554-1000,,,,,,,,,,,,,https://educationdata.urban.org/api/v1/schools/ccd/directory/2023/?fips=13|https://nces.ed.gov/ccd/|https://app3.doe.k12.ga.us/ows-bin/owa/main_pack_fcl099.entry_form,,stub
McKendree Elementary School,130255002040,Gwinnett County Public Schools,Atlanta,GA,traditional,elementary,,(678)377-8933,,,,,,,,,,,,,https://educationdata.urban.org/api/v1/schools/ccd/directory/2023/?fips=13|https://nces.ed.gov/ccd/|https://app3.doe.k12.ga.us/ows-bin/owa/main_pack_fcl099.entry_form,,stub
Meadowcreek Elementary School,130255002267,Gwinnett County Public Schools,Atlanta,GA,traditional,elementary,,(770)931-5701,,,,,,,,,,,,,https://educationdata.urban.org/api/v1/schools/ccd/directory/2023/?fips=13|https://nces.ed.gov/ccd/|https://app3.doe.k12.ga.us/ows-bin/owa/main_pack_fcl099.entry_form,,stub
Meadowcreek High School,130255001980,Gwinnett County Public Schools,Atlanta,GA,traditional,high,https://www.gcpsk12.org/schools/school-profiles-and-lspi/school-profiles/high-schools/meadowcreek-high-school,(770)381-9680,,Dr. Kevin Wood,Principal,,,,,,,,,,https://educationdata.urban.org/api/v1/schools/ccd/directory/2023/?fips=13|https://nces.ed.gov/ccd/|https://app3.doe.k12.ga.us/ows-bin/owa/main_pack_fcl099.entry_form|https://www.gcpsk12.org/schools/school-profiles-and-lspi/school-profiles/high-schools/meadowcreek-high-school,2026-09-07,verified
Mill Creek High School,130255003376,Gwinnett County Public Schools,Atlanta,GA,traditional,high,https://www.gcpsk12.org/schools/school-profiles-and-lspi/school-profiles/high-schools/mill-creek-high-school,(678)714-5850,,Bryce Fulcher,Principal,,,,,,,,,,https://educationdata.urban.org/api/v1/schools/ccd/directory/2023/?fips=13|https://nces.ed.gov/ccd/|https://app3.doe.k12.ga.us/ows-bin/owa/main_pack_fcl099.entry_form|https://www.gcpsk12.org/schools/school-profiles-and-lspi/school-profiles/high-schools/mill-creek-high-school,2026-09-07,verified
Minor Elementary School,130255002005,Gwinnett County Public Schools,Atlanta,GA,traditional,elementary,,(770)925-9543,,,,,,,,,,,,,https://educationdata.urban.org/api/v1/schools/ccd/directory/2023/?fips=13|https://nces.ed.gov/ccd/|https://app3.doe.k12.ga.us/ows-bin/owa/main_pack_fcl099.entry_form,,stub
Moore Middle School,130255004026,Gwinnett County Public Schools,Atlanta,GA,traditional,middle,,(678)226-7100,,,,,,,,,,,,,https://educationdata.urban.org/api/v1/schools/ccd/directory/2023/?fips=13|https://nces.ed.gov/ccd/|https://app3.doe.k12.ga.us/ows-bin/owa/main_pack_fcl099.entry_form,,stub
Mountain Park Elementary School,130255001137,Gwinnett County Public Schools,Atlanta,GA,traditional,elementary,,(770)921-2224,,,,,,,,,,,,,https://educationdata.urban.org/api/v1/schools/ccd/directory/2023/?fips=13|https://nces.ed.gov/ccd/|https://app3.doe.k12.ga.us/ows-bin/owa/main_pack_fcl099.entry_form,,stub
Mountain View High School,130255003916,Gwinnett County Public Schools,Atlanta,GA,traditional,high,https://www.gcpsk12.org/schools/school-profiles-and-lspi/school-profiles/high-schools/mountain-view-high-school,(678)407-7600,,Brandon L. Jackson,Principal,,,,,,,,,,https://educationdata.urban.org/api/v1/schools/ccd/directory/2023/?fips=13|https://nces.ed.gov/ccd/|https://app3.doe.k12.ga.us/ows-bin/owa/main_pack_fcl099.entry_form|https://www.gcpsk12.org/schools/school-profiles-and-lspi/school-profiles/high-schools/mountain-view-high-school,2026-09-07,verified
Mulberry Elementary School,130255003381,Gwinnett County Public Schools,Atlanta,GA,traditional,elementary,,(678)226-7460,,,,,,,,,,,,,https://educationdata.urban.org/api/v1/schools/ccd/directory/2023/?fips=13|https://nces.ed.gov/ccd/|https://app3.doe.k12.ga.us/ows-bin/owa/main_pack_fcl099.entry_form,,stub
Nesbit Elementary School,130255000296,Gwinnett County Public Schools,Atlanta,GA,traditional,elementary,,(770)414-2740,,,,,,,,,,,,,https://educationdata.urban.org/api/v1/schools/ccd/directory/2023/?fips=13|https://nces.ed.gov/ccd/|https://app3.doe.k12.ga.us/ows-bin/owa/main_pack_fcl099.entry_form,,stub
New Life Academy of Excellence,130255003991,Gwinnett County Public Schools,Atlanta,GA,traditional,elementary,,(678)720-9870,,,,,,,,,,,,,https://educationdata.urban.org/api/v1/schools/ccd/directory/2023/?fips=13|https://nces.ed.gov/ccd/|https://app3.doe.k12.ga.us/ows-bin/owa/main_pack_fcl099.entry_form,,stub
Norcross Elementary School,130255001125,Gwinnett County Public Schools,Atlanta,GA,traditional,elementary,,(770)448-2188,,,,,,,,,,,,,https://educationdata.urban.org/api/v1/schools/ccd/directory/2023/?fips=13|https://nces.ed.gov/ccd/|https://app3.doe.k12.ga.us/ows-bin/owa/main_pack_fcl099.entry_form,,stub
Norcross High School,130255001132,Gwinnett County Public Schools,Atlanta,GA,traditional,high,https://www.gcpsk12.org/schools/school-profiles-and-lspi/school-profiles/high-schools/norcross-high-school,(770)448-3674,,"William ""Will"" Bishop",Principal,,,,,,,,,,https://educationdata.urban.org/api/v1/schools/ccd/directory/2023/?fips=13|https://nces.ed.gov/ccd/|https://app3.doe.k12.ga.us/ows-bin/owa/main_pack_fcl099.entry_form|https://www.gcpsk12.org/schools/school-profiles-and-lspi/school-profiles/high-schools/norcross-high-school,2026-09-07,verified
North Gwinnett High School,130255001123,Gwinnett County Public Schools,Atlanta,GA,traditional,high,https://www.gcpsk12.org/schools/school-profiles-and-lspi/school-profiles/high-schools/north-gwinnett-high-school,(770)945-9558,,Nathan Ballantine,Principal,,,,,,,,,,https://educationdata.urban.org/api/v1/schools/ccd/directory/2023/?fips=13|https://nces.ed.gov/ccd/|https://app3.doe.k12.ga.us/ows-bin/owa/main_pack_fcl099.entry_form|https://www.gcpsk12.org/schools/school-profiles-and-lspi/school-profiles/high-schools/north-gwinnett-high-school,2026-09-07,verified
North Gwinnett Middle School,130255003945,Gwinnett County Public Schools,Atlanta,GA,traditional,middle,,(678)745-2300,,,,,,,,,,,,,https://educationdata.urban.org/api/v1/schools/ccd/directory/2023/?fips=13|https://nces.ed.gov/ccd/|https://app3.doe.k12.ga.us/ows-bin/owa/main_pack_fcl099.entry_form,,stub
North Metro Academy of Performing Arts,130255004169,Gwinnett County Public Schools,Atlanta,GA,traditional,elementary,,(770)903-3400,,,,,,,,,,,,,https://educationdata.urban.org/api/v1/schools/ccd/directory/2023/?fips=13|https://nces.ed.gov/ccd/|https://app3.doe.k12.ga.us/ows-bin/owa/main_pack_fcl099.entry_form,,stub
Northbrook Middle School,130255004149,Gwinnett County Public Schools,Atlanta,GA,traditional,middle,,(678)407-7140,,,,,,,,,,,,,https://educationdata.urban.org/api/v1/schools/ccd/directory/2023/?fips=13|https://nces.ed.gov/ccd/|https://app3.doe.k12.ga.us/ows-bin/owa/main_pack_fcl099.entry_form,,stub
Norton Elementary School,130255001981,Gwinnett County Public Schools,Atlanta,GA,traditional,elementary,,(770)985-1933,,,,,,,,,,,,,https://educationdata.urban.org/api/v1/schools/ccd/directory/2023/?fips=13|https://nces.ed.gov/ccd/|https://app3.doe.k12.ga.us/ows-bin/owa/main_pack_fcl099.entry_form,,stub
Oakland Meadow School,130255003627,Gwinnett County Public Schools,Atlanta,GA,traditional,other,,(770)513-6800,,,,,,,,,,,,,https://educationdata.urban.org/api/v1/schools/ccd/directory/2023/?fips=13|https://nces.ed.gov/ccd/|https://app3.doe.k12.ga.us/ows-bin/owa/main_pack_fcl099.entry_form,,stub
Osborne Middle School,130255003380,Gwinnett County Public Schools,Atlanta,GA,traditional,middle,,(770)904-5400,,,,,,,,,,,,,https://educationdata.urban.org/api/v1/schools/ccd/directory/2023/?fips=13|https://nces.ed.gov/ccd/|https://app3.doe.k12.ga.us/ows-bin/owa/main_pack_fcl099.entry_form,,stub
Parkview High School,130255001114,Gwinnett County Public Schools,Atlanta,GA,traditional,high,https://www.gcpsk12.org/schools/school-profiles-and-lspi/school-profiles/high-schools/parkview-high-school,(770)921-2874,,David T. Smith,Principal,,,,,,,,,,https://educationdata.urban.org/api/v1/schools/ccd/directory/2023/?fips=13|https://nces.ed.gov/ccd/|https://app3.doe.k12.ga.us/ows-bin/owa/main_pack_fcl099.entry_form|https://www.gcpsk12.org/schools/school-profiles-and-lspi/school-profiles/high-schools/parkview-high-school,2026-09-07,verified
Parsons Elementary School,130255002902,Gwinnett County Public Schools,Atlanta,GA,traditional,elementary,,(678)957-3050,,,,,,,,,,,,,https://educationdata.urban.org/api/v1/schools/ccd/directory/2023/?fips=13|https://nces.ed.gov/ccd/|https://app3.doe.k12.ga.us/ows-bin/owa/main_pack_fcl099.entry_form,,stub
Partee Elementary School,130255002211,Gwinnett County Public Schools,Atlanta,GA,traditional,elementary,,(770)982-6920,,,,,,,,,,,,,https://educationdata.urban.org/api/v1/schools/ccd/directory/2023/?fips=13|https://nces.ed.gov/ccd/|https://app3.doe.k12.ga.us/ows-bin/owa/main_pack_fcl099.entry_form,,stub
Patrick Elementary School,130255003393,Gwinnett County Public Schools,Atlanta,GA,traditional,elementary,,(678)765-5260,,,,,,,,,,,,,https://educationdata.urban.org/api/v1/schools/ccd/directory/2023/?fips=13|https://nces.ed.gov/ccd/|https://app3.doe.k12.ga.us/ows-bin/owa/main_pack_fcl099.entry_form,,stub
Paul Duke STEM High School,130255004313,Gwinnett County Public Schools,Atlanta,GA,traditional,high,https://www.gcpsk12.org/schools/school-profiles-and-lspi/school-profiles/high-schools/paul-duke-stem-high-school,(470)323-3600,,Dr. Jonathon Wetherington,Principal,,,,,,,,,,https://educationdata.urban.org/api/v1/schools/ccd/directory/2023/?fips=13|https://nces.ed.gov/ccd/|https://app3.doe.k12.ga.us/ows-bin/owa/main_pack_fcl099.entry_form|https://www.gcpsk12.org/schools/school-profiles-and-lspi/school-profiles/high-schools/paul-duke-stem-high-school,2026-09-07,verified
Peachtree Elementary School,130255001120,Gwinnett County Public Schools,Atlanta,GA,traditional,elementary,,(770)448-8710,,,,,,,,,,,,,https://educationdata.urban.org/api/v1/schools/ccd/directory/2023/?fips=13|https://nces.ed.gov/ccd/|https://app3.doe.k12.ga.us/ows-bin/owa/main_pack_fcl099.entry_form,,stub
Peachtree Ridge High School,130255002903,Gwinnett County Public Schools,Atlanta,GA,traditional,high,https://www.gcpsk12.org/schools/school-profiles-and-lspi/school-profiles/high-schools/peachtree-ridge-high-school,(678)957-3100,,Jadd Jarusinski,Principal,,,,,,,,,,https://educationdata.urban.org/api/v1/schools/ccd/directory/2023/?fips=13|https://nces.ed.gov/ccd/|https://app3.doe.k12.ga.us/ows-bin/owa/main_pack_fcl099.entry_form|https://www.gcpsk12.org/schools/school-profiles-and-lspi/school-profiles/high-schools/peachtree-ridge-high-school,2026-09-07,verified
Pharr Elementary School,130255002176,Gwinnett County Public Schools,Atlanta,GA,traditional,elementary,,(770)985-0244,,,,,,,,,,,,,https://educationdata.urban.org/api/v1/schools/ccd/directory/2023/?fips=13|https://nces.ed.gov/ccd/|https://app3.doe.k12.ga.us/ows-bin/owa/main_pack_fcl099.entry_form,,stub
Phoenix High School,130255002039,Gwinnett County Public Schools,Atlanta,GA,traditional,high,https://www.gcpsk12.org/schools/school-profiles-and-lspi/school-profiles/high-schools/phoenix-high-school,(770)513-6862,,Niki Ross,Principal,,,,,,,,,,https://educationdata.urban.org/api/v1/schools/ccd/directory/2023/?fips=13|https://nces.ed.gov/ccd/|https://app3.doe.k12.ga.us/ows-bin/owa/main_pack_fcl099.entry_form|https://www.gcpsk12.org/schools/school-profiles-and-lspi/school-profiles/high-schools/phoenix-high-school,2026-09-07,verified
Pinckneyville Middle School,130255001960,Gwinnett County Public Schools,Atlanta,GA,traditional,middle,,(770)263-0860,,,,,,,,,,,,,https://educationdata.urban.org/api/v1/schools/ccd/directory/2023/?fips=13|https://nces.ed.gov/ccd/|https://app3.doe.k12.ga.us/ows-bin/owa/main_pack_fcl099.entry_form,,stub
Puckett's Mill Elementary School,130255003814,Gwinnett County Public Schools,Atlanta,GA,traditional,elementary,,(678)765-5110,,,,,,,,,,,,,https://educationdata.urban.org/api/v1/schools/ccd/directory/2023/?fips=13|https://nces.ed.gov/ccd/|https://app3.doe.k12.ga.us/ows-bin/owa/main_pack_fcl099.entry_form,,stub
Radloff Middle School,130255003398,Gwinnett County Public Schools,Atlanta,GA,traditional,middle,,(678)245-3400,,,,,,,,,,,,,https://educationdata.urban.org/api/v1/schools/ccd/directory/2023/?fips=13|https://nces.ed.gov/ccd/|https://app3.doe.k12.ga.us/ows-bin/owa/main_pack_fcl099.entry_form,,stub
Richards Middle School,130255002004,Gwinnett County Public Schools,Atlanta,GA,traditional,middle,,(770)995-7133,,,,,,,,,,,,,https://educationdata.urban.org/api/v1/schools/ccd/directory/2023/?fips=13|https://nces.ed.gov/ccd/|https://app3.doe.k12.ga.us/ows-bin/owa/main_pack_fcl099.entry_form,,stub
Riverside Elementary School,130255002325,Gwinnett County Public Schools,Atlanta,GA,traditional,elementary,,(678)482-1000,,,,,,,,,,,,,https://educationdata.urban.org/api/v1/schools/ccd/directory/2023/?fips=13|https://nces.ed.gov/ccd/|https://app3.doe.k12.ga.us/ows-bin/owa/main_pack_fcl099.entry_form,,stub
Roberts Elementary School,130255003965,Gwinnett County Public Schools,Atlanta,GA,traditional,elementary,,(678)745-2370,,,,,,,,,,,,,https://educationdata.urban.org/api/v1/schools/ccd/directory/2023/?fips=13|https://nces.ed.gov/ccd/|https://app3.doe.k12.ga.us/ows-bin/owa/main_pack_fcl099.entry_form,,stub
Rock Springs Elementary School,130255002322,Gwinnett County Public Schools,Atlanta,GA,traditional,elementary,,(770)932-7474,,,,,,,,,,,,,https://educationdata.urban.org/api/v1/schools/ccd/directory/2023/?fips=13|https://nces.ed.gov/ccd/|https://app3.doe.k12.ga.us/ows-bin/owa/main_pack_fcl099.entry_form,,stub
Rockbridge Elementary School,130255001110,Gwinnett County Public Schools,Atlanta,GA,traditional,elementary,,(770)448-9363,,,,,,,,,,,,,https://educationdata.urban.org/api/v1/schools/ccd/directory/2023/?fips=13|https://nces.ed.gov/ccd/|https://app3.doe.k12.ga.us/ows-bin/owa/main_pack_fcl099.entry_form,,stub
Rosebud Elementary School,130255003785,Gwinnett County Public Schools,Atlanta,GA,traditional,elementary,,(678)639-3800,,,,,,,,,,,,,https://educationdata.urban.org/api/v1/schools/ccd/directory/2023/?fips=13|https://nces.ed.gov/ccd/|https://app3.doe.k12.ga.us/ows-bin/owa/main_pack_fcl099.entry_form,,stub
Seckinger High School,130255004425,Gwinnett County Public Schools,Atlanta,GA,traditional,high,https://www.gcpsk12.org/schools/school-profiles-and-lspi/school-profiles/high-schools/seckinger-high-school,(678)288-0800,,Jimmy Fisher,Principal,,,,,,,,,,https://educationdata.urban.org/api/v1/schools/ccd/directory/2023/?fips=13|https://nces.ed.gov/ccd/|https://app3.doe.k12.ga.us/ows-bin/owa/main_pack_fcl099.entry_form|https://www.gcpsk12.org/schools/school-profiles-and-lspi/school-profiles/high-schools/seckinger-high-school,2026-09-07,verified
Shiloh Elementary School,130255002126,Gwinnett County Public Schools,Atlanta,GA,traditional,elementary,,(770)985-6883,,,,,,,,,,,,,https://educationdata.urban.org/api/v1/schools/ccd/directory/2023/?fips=13|https://nces.ed.gov/ccd/|https://app3.doe.k12.ga.us/ows-bin/owa/main_pack_fcl099.entry_form,,stub
Shiloh High School,130255001937,Gwinnett County Public Schools,Atlanta,GA,traditional,high,https://www.gcpsk12.org/schools/school-profiles-and-lspi/school-profiles/high-schools/shiloh-high-school,(770)972-8471,,Cappy Douglass,Principal,,,,,,,,,,https://educationdata.urban.org/api/v1/schools/ccd/directory/2023/?fips=13|https://nces.ed.gov/ccd/|https://app3.doe.k12.ga.us/ows-bin/owa/main_pack_fcl099.entry_form|https://www.gcpsk12.org/schools/school-profiles-and-lspi/school-profiles/high-schools/shiloh-high-school,2026-09-07,verified
Shiloh Middle School,130255001910,Gwinnett County Public Schools,Atlanta,GA,traditional,middle,,(770)972-3224,,,,,,,,,,,,,https://educationdata.urban.org/api/v1/schools/ccd/directory/2023/?fips=13|https://nces.ed.gov/ccd/|https://app3.doe.k12.ga.us/ows-bin/owa/main_pack_fcl099.entry_form,,stub
Simonton Elementary School,130255000309,Gwinnett County Public Schools,Atlanta,GA,traditional,elementary,,(770)513-6637,,,,,,,,,,,,,https://educationdata.urban.org/api/v1/schools/ccd/directory/2023/?fips=13|https://nces.ed.gov/ccd/|https://app3.doe.k12.ga.us/ows-bin/owa/main_pack_fcl099.entry_form,,stub
Simpson Elementary School,130255000327,Gwinnett County Public Schools,Atlanta,GA,traditional,elementary,,(770)417-2400,,,,,,,,,,,,,https://educationdata.urban.org/api/v1/schools/ccd/directory/2023/?fips=13|https://nces.ed.gov/ccd/|https://app3.doe.k12.ga.us/ows-bin/owa/main_pack_fcl099.entry_form,,stub
Snellville Middle School,130255001136,Gwinnett County Public Schools,Atlanta,GA,traditional,middle,,(770)972-1530,,,,,,,,,,,,,https://educationdata.urban.org/api/v1/schools/ccd/directory/2023/?fips=13|https://nces.ed.gov/ccd/|https://app3.doe.k12.ga.us/ows-bin/owa/main_pack_fcl099.entry_form,,stub
South Gwinnett High School,130255001135,Gwinnett County Public Schools,Atlanta,GA,traditional,high,https://www.gcpsk12.org/schools/school-profiles-and-lspi/school-profiles/high-schools/south-gwinnett-high-school,(770)972-4840,,Porsha Denson,Principal,,,,,,,,,,https://educationdata.urban.org/api/v1/schools/ccd/directory/2023/?fips=13|https://nces.ed.gov/ccd/|https://app3.doe.k12.ga.us/ows-bin/owa/main_pack_fcl099.entry_form|https://www.gcpsk12.org/schools/school-profiles-and-lspi/school-profiles/high-schools/south-gwinnett-high-school,2026-09-07,verified
Starling Elementary School,130255003835,Gwinnett County Public Schools,Atlanta,GA,traditional,elementary,,(678)344-6100,,,,,,,,,,,,,https://educationdata.urban.org/api/v1/schools/ccd/directory/2023/?fips=13|https://nces.ed.gov/ccd/|https://app3.doe.k12.ga.us/ows-bin/owa/main_pack_fcl099.entry_form,,stub
Stripling Elementary School,130255002324,Gwinnett County Public Schools,Atlanta,GA,traditional,elementary,,(770)582-7577,,,,,,,,,,,,,https://educationdata.urban.org/api/v1/schools/ccd/directory/2023/?fips=13|https://nces.ed.gov/ccd/|https://app3.doe.k12.ga.us/ows-bin/owa/main_pack_fcl099.entry_form,,stub
Sugar Hill Elementary School,130255001131,Gwinnett County Public Schools,Atlanta,GA,traditional,elementary,,(770)945-5735,,,,,,,,,,,,,https://educationdata.urban.org/api/v1/schools/ccd/directory/2023/?fips=13|https://nces.ed.gov/ccd/|https://app3.doe.k12.ga.us/ows-bin/owa/main_pack_fcl099.entry_form,,stub
Summerour Middle School,130255001124,Gwinnett County Public Schools,Atlanta,GA,traditional,middle,,(770)448-3045,,,,,,,,,,,,,https://educationdata.urban.org/api/v1/schools/ccd/directory/2023/?fips=13|https://nces.ed.gov/ccd/|https://app3.doe.k12.ga.us/ows-bin/owa/main_pack_fcl099.entry_form,,stub
Suwanee Elementary School,130255001119,Gwinnett County Public Schools,Atlanta,GA,traditional,elementary,,(770)945-5763,,,,,,,,,,,,,https://educationdata.urban.org/api/v1/schools/ccd/directory/2023/?fips=13|https://nces.ed.gov/ccd/|https://app3.doe.k12.ga.us/ows-bin/owa/main_pack_fcl099.entry_form,,stub
Sweetwater Middle School,130255001144,Gwinnett County Public Schools,Atlanta,GA,traditional,middle,,(770)923-4131,,,,,,,,,,,,,https://educationdata.urban.org/api/v1/schools/ccd/directory/2023/?fips=13|https://nces.ed.gov/ccd/|https://app3.doe.k12.ga.us/ows-bin/owa/main_pack_fcl099.entry_form,,stub
Sycamore Elementary School,130255002900,Gwinnett County Public Schools,Atlanta,GA,traditional,elementary,,(678)714-5770,,,,,,,,,,,,,https://educationdata.urban.org/api/v1/schools/ccd/directory/2023/?fips=13|https://nces.ed.gov/ccd/|https://app3.doe.k12.ga.us/ows-bin/owa/main_pack_fcl099.entry_form,,stub
Taylor Elementary School,130255002214,Gwinnett County Public Schools,Atlanta,GA,traditional,elementary,,(770)338-4680,,,,,,,,,,,,,https://educationdata.urban.org/api/v1/schools/ccd/directory/2023/?fips=13|https://nces.ed.gov/ccd/|https://app3.doe.k12.ga.us/ows-bin/owa/main_pack_fcl099.entry_form,,stub
Trickum Middle School,130255001115,Gwinnett County Public Schools,Atlanta,GA,traditional,middle,,(770)921-2705,,,,,,,,,,,,,https://educationdata.urban.org/api/v1/schools/ccd/directory/2023/?fips=13|https://nces.ed.gov/ccd/|https://app3.doe.k12.ga.us/ows-bin/owa/main_pack_fcl099.entry_form,,stub
Trip Elementary School,130255003786,Gwinnett County Public Schools,Atlanta,GA,traditional,elementary,,(678)639-3850,,,,,,,,,,,,,https://educationdata.urban.org/api/v1/schools/ccd/directory/2023/?fips=13|https://nces.ed.gov/ccd/|https://app3.doe.k12.ga.us/ows-bin/owa/main_pack_fcl099.entry_form,,stub
Twin Rivers Middle School,130255003912,Gwinnett County Public Schools,Atlanta,GA,traditional,middle,,(678)407-7550,,,,,,,,,,,,,https://educationdata.urban.org/api/v1/schools/ccd/directory/2023/?fips=13|https://nces.ed.gov/ccd/|https://app3.doe.k12.ga.us/ows-bin/owa/main_pack_fcl099.entry_form,,stub
Walnut Grove Elementary School,130255000046,Gwinnett County Public Schools,Atlanta,GA,traditional,elementary,,(770)513-6892,,,,,,,,,,,,,https://educationdata.urban.org/api/v1/schools/ccd/directory/2023/?fips=13|https://nces.ed.gov/ccd/|https://app3.doe.k12.ga.us/ows-bin/owa/main_pack_fcl099.entry_form,,stub
White Oak Elementary School,130255003943,Gwinnett County Public Schools,Atlanta,GA,traditional,elementary,,(678)546-5550,,,,,,,,,,,,,https://educationdata.urban.org/api/v1/schools/ccd/directory/2023/?fips=13|https://nces.ed.gov/ccd/|https://app3.doe.k12.ga.us/ows-bin/owa/main_pack_fcl099.entry_form,,stub
Winn Holt Elementary School,130255003396,Gwinnett County Public Schools,Atlanta,GA,traditional,elementary,,(678)376-8600,,,,,,,,,,,,,https://educationdata.urban.org/api/v1/schools/ccd/directory/2023/?fips=13|https://nces.ed.gov/ccd/|https://app3.doe.k12.ga.us/ows-bin/owa/main_pack_fcl099.entry_form,,stub
Woodward Mill Elementary School,130255003893,Gwinnett County Public Schools,Atlanta,GA,traditional,elementary,,(678)407-7590,,,,,,,,,,,,,https://educationdata.urban.org/api/v1/schools/ccd/directory/2023/?fips=13|https://nces.ed.gov/ccd/|https://app3.doe.k12.ga.us/ows-bin/owa/main_pack_fcl099.entry_form,,stub
Baldwin Elementary School,130258001148,Habersham County Schools,Cornelia,GA,traditional,elementary,,(706)778-6435,,,,,,,,,,,,,https://educationdata.urban.org/api/v1/schools/ccd/directory/2023/?fips=13|https://nces.ed.gov/ccd/|https://app3.doe.k12.ga.us/ows-bin/owa/main_pack_fcl099.entry_form,,stub
Clarkesville Elementary School,130258002042,Habersham County Schools,Cornelia,GA,traditional,elementary,,(706)754-2442,,,,,,,,,,,,,https://educationdata.urban.org/api/v1/schools/ccd/directory/2023/?fips=13|https://nces.ed.gov/ccd/|https://app3.doe.k12.ga.us/ows-bin/owa/main_pack_fcl099.entry_form,,stub
Cornelia Elementary School,130258001153,Habersham County Schools,Cornelia,GA,traditional,elementary,,(706)778-6526,,,,,,,,,,,,,https://educationdata.urban.org/api/v1/schools/ccd/directory/2023/?fips=13|https://nces.ed.gov/ccd/|https://app3.doe.k12.ga.us/ows-bin/owa/main_pack_fcl099.entry_form,,stub
Demorest Elementary School,130258001151,Habersham County Schools,Cornelia,GA,traditional,elementary,,(706)778-4126,,,,,,,,,,,,,https://educationdata.urban.org/api/v1/schools/ccd/directory/2023/?fips=13|https://nces.ed.gov/ccd/|https://app3.doe.k12.ga.us/ows-bin/owa/main_pack_fcl099.entry_form,,stub
Fairview Elementary School,130258001150,Habersham County Schools,Cornelia,GA,traditional,elementary,,(706)778-2030,,,,,,,,,,,,,https://educationdata.urban.org/api/v1/schools/ccd/directory/2023/?fips=13|https://nces.ed.gov/ccd/|https://app3.doe.k12.ga.us/ows-bin/owa/main_pack_fcl099.entry_form,,stub
Habersham Central High School,130258001145,Habersham County Schools,Cornelia,GA,traditional,high,,(706)778-7161,,,,,,,,,,,,,https://educationdata.urban.org/api/v1/schools/ccd/directory/2023/?fips=13|https://nces.ed.gov/ccd/|https://app3.doe.k12.ga.us/ows-bin/owa/main_pack_fcl099.entry_form,,stub
Habersham Ninth Grade Academy,130258003402,Habersham County Schools,Cornelia,GA,traditional,high,,(706)778-0830,,,,,,,,,,,,,https://educationdata.urban.org/api/v1/schools/ccd/directory/2023/?fips=13|https://nces.ed.gov/ccd/|https://app3.doe.k12.ga.us/ows-bin/owa/main_pack_fcl099.entry_form,,stub
Habersham Success Academy,130258004144,Habersham County Schools,Cornelia,GA,traditional,high,,(706)894-3056,,,,,,,,,,,,,https://educationdata.urban.org/api/v1/schools/ccd/directory/2023/?fips=13|https://nces.ed.gov/ccd/|https://app3.doe.k12.ga.us/ows-bin/owa/main_pack_fcl099.entry_form,,stub
Hazel Grove Elementary School,130258001149,Habersham County Schools,Cornelia,GA,traditional,elementary,,(706)754-2942,,,,,,,,,,,,,https://educationdata.urban.org/api/v1/schools/ccd/directory/2023/?fips=13|https://nces.ed.gov/ccd/|https://app3.doe.k12.ga.us/ows-bin/owa/main_pack_fcl099.entry_form,,stub
Hilliard A. Wilbanks Middle School,130258004032,Habersham County Schools,Cornelia,GA,traditional,middle,,(706)778-0830,,,,,,,,,,,,,https://educationdata.urban.org/api/v1/schools/ccd/directory/2023/?fips=13|https://nces.ed.gov/ccd/|https://app3.doe.k12.ga.us/ows-bin/owa/main_pack_fcl099.entry_form,,stub
Level Grove Elementary School,130258003401,Habersham County Schools,Cornelia,GA,traditional,elementary,,(706)778-3087,,,,,,,,,,,,,https://educationdata.urban.org/api/v1/schools/ccd/directory/2023/?fips=13|https://nces.ed.gov/ccd/|https://app3.doe.k12.ga.us/ows-bin/owa/main_pack_fcl099.entry_form,,stub
North Habersham Middle School,130258001147,Habersham County Schools,Cornelia,GA,traditional,middle,,(706)754-2915,,,,,,,,,,,,,https://educationdata.urban.org/api/v1/schools/ccd/directory/2023/?fips=13|https://nces.ed.gov/ccd/|https://app3.doe.k12.ga.us/ows-bin/owa/main_pack_fcl099.entry_form,,stub
South Habersham Middle School,130258001154,Habersham County Schools,Cornelia,GA,traditional,middle,,(706)778-7121,,,,,,,,,,,,,https://educationdata.urban.org/api/v1/schools/ccd/directory/2023/?fips=13|https://nces.ed.gov/ccd/|https://app3.doe.k12.ga.us/ows-bin/owa/main_pack_fcl099.entry_form,,stub
Woodville Elementary School,130258001152,Habersham County Schools,Cornelia,GA,traditional,elementary,,(706)754-4225,,,,,,,,,,,,,https://educationdata.urban.org/api/v1/schools/ccd/directory/2023/?fips=13|https://nces.ed.gov/ccd/|https://app3.doe.k12.ga.us/ows-bin/owa/main_pack_fcl099.entry_form,,stub
C. W. Davis Middle School,130261002326,Hall County Schools,Gainesville,GA,traditional,middle,,(770)965-3020,,,,,,,,,,,,,https://educationdata.urban.org/api/v1/schools/ccd/directory/2023/?fips=13|https://nces.ed.gov/ccd/|https://app3.doe.k12.ga.us/ows-bin/owa/main_pack_fcl099.entry_form,,stub
Cherokee Bluff High School,130261004327,Hall County Schools,Gainesville,GA,traditional,high,https://cbhs.hallco.org/web/,(770) 967-0080,,Denise Ramsey,Principal,denise.ramsey@hallco.org,,,,,,,,,https://educationdata.urban.org/api/v1/schools/ccd/directory/2023/?fips=13|https://nces.ed.gov/ccd/|https://app3.doe.k12.ga.us/ows-bin/owa/main_pack_fcl099.entry_form|https://cbhs.hallco.org/web/cbhs-administration/,2026-09-07,verified
Cherokee Bluff Middle,130261004308,Hall County Schools,Gainesville,GA,traditional,middle,,(770)967-0071,,,,,,,,,,,,,https://educationdata.urban.org/api/v1/schools/ccd/directory/2023/?fips=13|https://nces.ed.gov/ccd/|https://app3.doe.k12.ga.us/ows-bin/owa/main_pack_fcl099.entry_form,,stub
Chestatee High School,130261002569,Hall County Schools,Gainesville,GA,traditional,high,https://chs.hallco.org/web/,(770)532-1162,,Christy Cantrell,Principal,christy.cantrell@hallco.org,,,,,,,,,https://educationdata.urban.org/api/v1/schools/ccd/directory/2023/?fips=13|https://nces.ed.gov/ccd/|https://app3.doe.k12.ga.us/ows-bin/owa/main_pack_fcl099.entry_form|https://chs.hallco.org/web/team/,2026-09-07,verified
Chestatee Middle School,130261002327,Hall County Schools,Gainesville,GA,traditional,middle,,(770)297-6270,,,,,,,,,,,,,https://educationdata.urban.org/api/v1/schools/ccd/directory/2023/?fips=13|https://nces.ed.gov/ccd/|https://app3.doe.k12.ga.us/ows-bin/owa/main_pack_fcl099.entry_form,,stub
Chestnut Mountain Elementary School,130261001173,Hall County Schools,Gainesville,GA,traditional,elementary,,(770)967-3121,,,,,,,,,,,,,https://educationdata.urban.org/api/v1/schools/ccd/directory/2023/?fips=13|https://nces.ed.gov/ccd/|https://app3.doe.k12.ga.us/ows-bin/owa/main_pack_fcl099.entry_form,,stub
Chicopee Elementary School,130261003404,Hall County Schools,Gainesville,GA,traditional,elementary,,(770)536-2075,,,,,,,,,,,,,https://educationdata.urban.org/api/v1/schools/ccd/directory/2023/?fips=13|https://nces.ed.gov/ccd/|https://app3.doe.k12.ga.us/ows-bin/owa/main_pack_fcl099.entry_form,,stub
East Hall High School,130261001162,Hall County Schools,Gainesville,GA,traditional,high,https://ehhs.hallco.org/web/,(770)536-9921,,Jennifer Gibson,Principal,,,,,,,,,,https://educationdata.urban.org/api/v1/schools/ccd/directory/2023/?fips=13|https://nces.ed.gov/ccd/|https://app3.doe.k12.ga.us/ows-bin/owa/main_pack_fcl099.entry_form|https://ehhs.hallco.org/web/our-principals/,2026-09-07,verified
East Hall Middle School,130261002044,Hall County Schools,Gainesville,GA,traditional,middle,,(770)531-9457,,,,,,,,,,,,,https://educationdata.urban.org/api/v1/schools/ccd/directory/2023/?fips=13|https://nces.ed.gov/ccd/|https://app3.doe.k12.ga.us/ows-bin/owa/main_pack_fcl099.entry_form,,stub
Flowery Branch Elementary School,130261001160,Hall County Schools,Gainesville,GA,traditional,elementary,,(770)967-6621,,,,,,,,,,,,,https://educationdata.urban.org/api/v1/schools/ccd/directory/2023/?fips=13|https://nces.ed.gov/ccd/|https://app3.doe.k12.ga.us/ows-bin/owa/main_pack_fcl099.entry_form,,stub
Flowery Branch High,130261002571,Hall County Schools,Gainesville,GA,traditional,high,https://fbhs.hallco.org/web/,(770)967-8000,,Joey Farah,Principal,joey.farah@hallco.org,,,,,,,,,https://educationdata.urban.org/api/v1/schools/ccd/directory/2023/?fips=13|https://nces.ed.gov/ccd/|https://app3.doe.k12.ga.us/ows-bin/owa/main_pack_fcl099.entry_form|https://fbhs.hallco.org/web/administration/,2026-09-07,verified
Friendship Elementary School,130261001268,Hall County Schools,Gainesville,GA,traditional,elementary,,(770)932-1223,,,,,,,,,,,,,https://educationdata.urban.org/api/v1/schools/ccd/directory/2023/?fips=13|https://nces.ed.gov/ccd/|https://app3.doe.k12.ga.us/ows-bin/owa/main_pack_fcl099.entry_form,,stub
Johnson High School,130261001168,Hall County Schools,Gainesville,GA,traditional,high,https://jhs.hallco.org/web/,(770)536-2394,,Jonathan Edwards,Principal,jonathan.edwards@hallco.org,(770) 536-2394,,,,,,,,https://educationdata.urban.org/api/v1/schools/ccd/directory/2023/?fips=13|https://nces.ed.gov/ccd/|https://app3.doe.k12.ga.us/ows-bin/owa/main_pack_fcl099.entry_form|https://jhs.hallco.org/web/our-admin-team/|https://www.hallco.org/web/portfolio-item/johnson-high-school/,2026-09-07,verified
Lanier College and Career Academy,130261003403,Hall County Schools,Gainesville,GA,traditional,high,https://lcca.hallco.org/web/,(770)531-2330,,Mitch Murphy,Principal,Mitch.Murphy@hallco.org,,,,,,,,,https://educationdata.urban.org/api/v1/schools/ccd/directory/2023/?fips=13|https://nces.ed.gov/ccd/|https://app3.doe.k12.ga.us/ows-bin/owa/main_pack_fcl099.entry_form|https://www.hallco.org/web/portfolio-item/lanier-college-career-academy/,2026-09-07,verified
Lanier Elementary School,130261001158,Hall County Schools,Gainesville,GA,traditional,elementary,,(770)532-8781,,,,,,,,,,,,,https://educationdata.urban.org/api/v1/schools/ccd/directory/2023/?fips=13|https://nces.ed.gov/ccd/|https://app3.doe.k12.ga.us/ows-bin/owa/main_pack_fcl099.entry_form,,stub
Lula Elementary School,130261001172,Hall County Schools,Gainesville,GA,traditional,elementary,,(770)869-3261,,,,,,,,,,,,,https://educationdata.urban.org/api/v1/schools/ccd/directory/2023/?fips=13|https://nces.ed.gov/ccd/|https://app3.doe.k12.ga.us/ows-bin/owa/main_pack_fcl099.entry_form,,stub
Lyman Hall Elementary School,130261001166,Hall County Schools,Gainesville,GA,traditional,elementary,,(770)534-7044,,,,,,,,,,,,,https://educationdata.urban.org/api/v1/schools/ccd/directory/2023/?fips=13|https://nces.ed.gov/ccd/|https://app3.doe.k12.ga.us/ows-bin/owa/main_pack_fcl099.entry_form,,stub
Martin Elementary School,130261002390,Hall County Schools,Gainesville,GA,traditional,elementary,,(770)965-1578,,,,,,,,,,,,,https://educationdata.urban.org/api/v1/schools/ccd/directory/2023/?fips=13|https://nces.ed.gov/ccd/|https://app3.doe.k12.ga.us/ows-bin/owa/main_pack_fcl099.entry_form,,stub
McEver Elementary School,130261001165,Hall County Schools,Gainesville,GA,traditional,elementary,,(770)534-7473,,,,,,,,,,,,,https://educationdata.urban.org/api/v1/schools/ccd/directory/2023/?fips=13|https://nces.ed.gov/ccd/|https://app3.doe.k12.ga.us/ows-bin/owa/main_pack_fcl099.entry_form,,stub
Mount Vernon Elementary School,130261000344,Hall County Schools,Gainesville,GA,traditional,elementary,,(770)983-1759,,,,,,,,,,,,,https://educationdata.urban.org/api/v1/schools/ccd/directory/2023/?fips=13|https://nces.ed.gov/ccd/|https://app3.doe.k12.ga.us/ows-bin/owa/main_pack_fcl099.entry_form,,stub
Myers Elementary School,130261001156,Hall County Schools,Gainesville,GA,traditional,elementary,,(770)536-0814,,,,,,,,,,,,,https://educationdata.urban.org/api/v1/schools/ccd/directory/2023/?fips=13|https://nces.ed.gov/ccd/|https://app3.doe.k12.ga.us/ows-bin/owa/main_pack_fcl099.entry_form,,stub
North Hall High School,130261001161,Hall County Schools,Gainesville,GA,traditional,high,https://nhhs.hallco.org/web/,(770)983-7331,,Dr. Ryan Vamplew,Principal,,,,,,,,,,https://educationdata.urban.org/api/v1/schools/ccd/directory/2023/?fips=13|https://nces.ed.gov/ccd/|https://app3.doe.k12.ga.us/ows-bin/owa/main_pack_fcl099.entry_form|https://nhhs.hallco.org/web/our-admin-team/|https://nhhs.hallco.org/web/contact/,2026-09-07,verified
North Hall Middle School,130261002045,Hall County Schools,Gainesville,GA,traditional,middle,,(770)983-9749,,,,,,,,,,,,,https://educationdata.urban.org/api/v1/schools/ccd/directory/2023/?fips=13|https://nces.ed.gov/ccd/|https://app3.doe.k12.ga.us/ows-bin/owa/main_pack_fcl099.entry_form,,stub
Oakwood Elementary School,130261001159,Hall County Schools,Gainesville,GA,traditional,elementary,,(770)532-1656,,,,,,,,,,,,,https://educationdata.urban.org/api/v1/schools/ccd/directory/2023/?fips=13|https://nces.ed.gov/ccd/|https://app3.doe.k12.ga.us/ows-bin/owa/main_pack_fcl099.entry_form,,stub
Riverbend Elementary School,130261001157,Hall County Schools,Gainesville,GA,traditional,elementary,,(770)534-4141,,,,,,,,,,,,,https://educationdata.urban.org/api/v1/schools/ccd/directory/2023/?fips=13|https://nces.ed.gov/ccd/|https://app3.doe.k12.ga.us/ows-bin/owa/main_pack_fcl099.entry_form,,stub
Sardis Elementary School,130261001171,Hall County Schools,Gainesville,GA,traditional,elementary,,(770)532-0104,,,,,,,,,,,,,https://educationdata.urban.org/api/v1/schools/ccd/directory/2023/?fips=13|https://nces.ed.gov/ccd/|https://app3.doe.k12.ga.us/ows-bin/owa/main_pack_fcl099.entry_form,,stub
South Hall Middle School,130261001169,Hall County Schools,Gainesville,GA,traditional,middle,,(770)532-4416,,,,,,,,,,,,,https://educationdata.urban.org/api/v1/schools/ccd/directory/2023/?fips=13|https://nces.ed.gov/ccd/|https://app3.doe.k12.ga.us/ows-bin/owa/main_pack_fcl099.entry_form,,stub
Spout Springs Elementary School,130261002177,Hall County Schools,Gainesville,GA,traditional,elementary,,(770)967-4860,,,,,,,,,,,,,https://educationdata.urban.org/api/v1/schools/ccd/directory/2023/?fips=13|https://nces.ed.gov/ccd/|https://app3.doe.k12.ga.us/ows-bin/owa/main_pack_fcl099.entry_form,,stub
Sugar Hill Elementary,130261002570,Hall County Schools,Gainesville,GA,traditional,elementary,,(770)503-1749,,,,,,,,,,,,,https://educationdata.urban.org/api/v1/schools/ccd/directory/2023/?fips=13|https://nces.ed.gov/ccd/|https://app3.doe.k12.ga.us/ows-bin/owa/main_pack_fcl099.entry_form,,stub
Tadmore Elementary School,130261001164,Hall County Schools,Gainesville,GA,traditional,elementary,,(770)536-9929,,,,,,,,,,,,,https://educationdata.urban.org/api/v1/schools/ccd/directory/2023/?fips=13|https://nces.ed.gov/ccd/|https://app3.doe.k12.ga.us/ows-bin/owa/main_pack_fcl099.entry_form,,stub
The Foundry,130261004305,Hall County Schools,Gainesville,GA,traditional,high,https://thefoundry.hallco.org/web/,(770) 534-6857,,Dr. Bryan Gray,Principal,bryan.gray@hallco.org,,,,,,,,,https://educationdata.urban.org/api/v1/schools/ccd/directory/2023/?fips=13|https://nces.ed.gov/ccd/|https://app3.doe.k12.ga.us/ows-bin/owa/main_pack_fcl099.entry_form|https://thefoundry.hallco.org/web/administration/|https://thefoundry.hallco.org/web/wp-content/uploads/2026/07/2026_2027-The-Foundry-School-Improvment-Plan.pdf,2026-09-07,verified
Wauka Mountain Elementary School,130261001155,Hall County Schools,Gainesville,GA,traditional,elementary,,(770)983-3221,,,,,,,,,,,,,https://educationdata.urban.org/api/v1/schools/ccd/directory/2023/?fips=13|https://nces.ed.gov/ccd/|https://app3.doe.k12.ga.us/ows-bin/owa/main_pack_fcl099.entry_form,,stub
West Hall High School,130261002043,Hall County Schools,Gainesville,GA,traditional,high,https://whhs.hallco.org/web/,(770)967-9826,,Marla Lear,Principal,,,,,,,,,,https://educationdata.urban.org/api/v1/schools/ccd/directory/2023/?fips=13|https://nces.ed.gov/ccd/|https://app3.doe.k12.ga.us/ows-bin/owa/main_pack_fcl099.entry_form|https://whhs.hallco.org/web/admin-team/,2026-09-07,verified
West Hall Middle School,130261000357,Hall County Schools,Gainesville,GA,traditional,middle,,(770)967-4871,,,,,,,,,,,,,https://educationdata.urban.org/api/v1/schools/ccd/directory/2023/?fips=13|https://nces.ed.gov/ccd/|https://app3.doe.k12.ga.us/ows-bin/owa/main_pack_fcl099.entry_form,,stub
White Sulphur Elementary School,130261001163,Hall County Schools,Gainesville,GA,traditional,elementary,,(770)532-0945,,,,,,,,,,,,,https://educationdata.urban.org/api/v1/schools/ccd/directory/2023/?fips=13|https://nces.ed.gov/ccd/|https://app3.doe.k12.ga.us/ows-bin/owa/main_pack_fcl099.entry_form,,stub
World Language Academy,130261003805,Hall County Schools,Gainesville,GA,traditional,elementary,,(770)967-5854,,,,,,,,,,,,,https://educationdata.urban.org/api/v1/schools/ccd/directory/2023/?fips=13|https://nces.ed.gov/ccd/|https://app3.doe.k12.ga.us/ows-bin/owa/main_pack_fcl099.entry_form,,stub
World Language Academy Middle School,130261004328,Hall County Schools,Gainesville,GA,traditional,middle,,(770)533-4004,,,,,,,,,,,,,https://educationdata.urban.org/api/v1/schools/ccd/directory/2023/?fips=13|https://nces.ed.gov/ccd/|https://app3.doe.k12.ga.us/ows-bin/owa/main_pack_fcl099.entry_form,,stub
Hancock Central High School,130264001178,Hancock County Schools,Rural Middle Georgia,GA,traditional,high,,(706)444-7009,,,,,,,,,,,,,https://educationdata.urban.org/api/v1/schools/ccd/directory/2023/?fips=13|https://nces.ed.gov/ccd/|https://app3.doe.k12.ga.us/ows-bin/owa/main_pack_fcl099.entry_form,,stub
Hancock Central Middle School,130264003539,Hancock County Schools,Rural Middle Georgia,GA,traditional,middle,,(706)444-6652,,,,,,,,,,,,,https://educationdata.urban.org/api/v1/schools/ccd/directory/2023/?fips=13|https://nces.ed.gov/ccd/|https://app3.doe.k12.ga.us/ows-bin/owa/main_pack_fcl099.entry_form,,stub
Lewis Elementary School,130264002006,Hancock County Schools,Rural Middle Georgia,GA,traditional,elementary,,(706)444-7028,,,,,,,,,,,,,https://educationdata.urban.org/api/v1/schools/ccd/directory/2023/?fips=13|https://nces.ed.gov/ccd/|https://app3.doe.k12.ga.us/ows-bin/owa/main_pack_fcl099.entry_form,,stub
Buchanan Elementary School,130267001180,Haralson County Schools,Atlanta,GA,traditional,elementary,,(770)646-5140,,,,,,,,,,,,,https://educationdata.urban.org/api/v1/schools/ccd/directory/2023/?fips=13|https://nces.ed.gov/ccd/|https://app3.doe.k12.ga.us/ows-bin/owa/main_pack_fcl099.entry_form,,stub
Buchanan Primary School,130267001184,Haralson County Schools,Atlanta,GA,traditional,elementary,,(770)646-5523,,,,,,,,,,,,,https://educationdata.urban.org/api/v1/schools/ccd/directory/2023/?fips=13|https://nces.ed.gov/ccd/|https://app3.doe.k12.ga.us/ows-bin/owa/main_pack_fcl099.entry_form,,stub
Haralson County High School,130267001183,Haralson County Schools,Atlanta,GA,traditional,high,https://www.haralson.k12.ga.us/haralsoncountyhighschool_home.aspx,(770)574-7647,,Vic Coggins,Principal,vic.coggins@haralson.k12.ga.us,(770)574-7647,,,,,,,,"haralson.k12.ga.us/Schools.aspx (Vic Coggins, HCH Principal + vic.coggins@haralson.k12.ga.us); A Message from Principal Coggins; HCHS Student Handbook 2025-2026 lists Vic Coggins Principal",2026-09-07,verified
Haralson County Middle School,130267001639,Haralson County Schools,Atlanta,GA,traditional,middle,,(770)646-8600,,,,,,,,,,,,,https://educationdata.urban.org/api/v1/schools/ccd/directory/2023/?fips=13|https://nces.ed.gov/ccd/|https://app3.doe.k12.ga.us/ows-bin/owa/main_pack_fcl099.entry_form,,stub
Haralson County Rebel Academy,130267004310,Haralson County Schools,Atlanta,GA,traditional,high,,(770)574-7647,,,,,,,,,,,,,https://educationdata.urban.org/api/v1/schools/ccd/directory/2023/?fips=13|https://nces.ed.gov/ccd/|https://app3.doe.k12.ga.us/ows-bin/owa/main_pack_fcl099.entry_form,,stub
Tallapoosa Primary School,130267001181,Haralson County Schools,Atlanta,GA,traditional,elementary,,(770)574-7444,,,,,,,,,,,,,https://educationdata.urban.org/api/v1/schools/ccd/directory/2023/?fips=13|https://nces.ed.gov/ccd/|https://app3.doe.k12.ga.us/ows-bin/owa/main_pack_fcl099.entry_form,,stub
West Haralson Elementary School,130267001182,Haralson County Schools,Atlanta,GA,traditional,elementary,,(770)574-7060,,,,,,,,,,,,,https://educationdata.urban.org/api/v1/schools/ccd/directory/2023/?fips=13|https://nces.ed.gov/ccd/|https://app3.doe.k12.ga.us/ows-bin/owa/main_pack_fcl099.entry_form,,stub
Creekside School,130270003958,Harris County Schools,Columbus,GA,traditional,middle,,(706)596-1300,,,,,,,,,,,,,https://educationdata.urban.org/api/v1/schools/ccd/directory/2023/?fips=13|https://nces.ed.gov/ccd/|https://app3.doe.k12.ga.us/ows-bin/owa/main_pack_fcl099.entry_form,,stub
Harris County Carver Middle School,130270002271,Harris County Schools,Columbus,GA,traditional,middle,,(706)628-4951,,,,,,,,,,,,,https://educationdata.urban.org/api/v1/schools/ccd/directory/2023/?fips=13|https://nces.ed.gov/ccd/|https://app3.doe.k12.ga.us/ows-bin/owa/main_pack_fcl099.entry_form,,stub
Harris County High School,130270002270,Harris County Schools,Columbus,GA,traditional,high,https://hchs.harris.k12.ga.us/,(706)628-4278,,Lindie Snyder,Principal,snyder-l@harris.k12.ga.us,(706) 628-4278,,,,,,,,https://educationdata.urban.org/api/v1/schools/ccd/directory/2023/?fips=13|https://nces.ed.gov/ccd/|https://app3.doe.k12.ga.us/ows-bin/owa/main_pack_fcl099.entry_form|https://hchs.harris.k12.ga.us/our-school1/administration|https://hchs.harris.k12.ga.us/,2026-09-07,verified
Mulberry Creek Elementary School,130270002269,Harris County Schools,Columbus,GA,traditional,elementary,,(706)320-9397,,,,,,,,,,,,,https://educationdata.urban.org/api/v1/schools/ccd/directory/2023/?fips=13|https://nces.ed.gov/ccd/|https://app3.doe.k12.ga.us/ows-bin/owa/main_pack_fcl099.entry_form,,stub
New Mountain Hill Elementary School,130270001188,Harris County Schools,Columbus,GA,traditional,elementary,,(706)323-1144,,,,,,,,,,,,,https://educationdata.urban.org/api/v1/schools/ccd/directory/2023/?fips=13|https://nces.ed.gov/ccd/|https://app3.doe.k12.ga.us/ows-bin/owa/main_pack_fcl099.entry_form,,stub
Park Elementary School,130270002007,Harris County Schools,Columbus,GA,traditional,elementary,,(706)628-4997,,,,,,,,,,,,,https://educationdata.urban.org/api/v1/schools/ccd/directory/2023/?fips=13|https://nces.ed.gov/ccd/|https://app3.doe.k12.ga.us/ows-bin/owa/main_pack_fcl099.entry_form,,stub
Pine Ridge Elementary School,130270002083,Harris County Schools,Columbus,GA,traditional,elementary,,(706)568-6578,,,,,,,,,,,,,https://educationdata.urban.org/api/v1/schools/ccd/directory/2023/?fips=13|https://nces.ed.gov/ccd/|https://app3.doe.k12.ga.us/ows-bin/owa/main_pack_fcl099.entry_form,,stub
Hart County High School,130273001193,Hart County Charter System,Rural NE Georgia,GA,traditional,high,,(706)376-5461,,,,,,,,,,,,,https://educationdata.urban.org/api/v1/schools/ccd/directory/2023/?fips=13|https://nces.ed.gov/ccd/|https://app3.doe.k12.ga.us/ows-bin/owa/main_pack_fcl099.entry_form,,stub
Hart County Middle School,130273002127,Hart County Charter System,Rural NE Georgia,GA,traditional,middle,,(706)376-5431,,,,,,,,,,,,,https://educationdata.urban.org/api/v1/schools/ccd/directory/2023/?fips=13|https://nces.ed.gov/ccd/|https://app3.doe.k12.ga.us/ows-bin/owa/main_pack_fcl099.entry_form,,stub
Hartwell Elementary School,130273001197,Hart County Charter System,Rural NE Georgia,GA,traditional,elementary,,(706)376-4425,,,,,,,,,,,,,https://educationdata.urban.org/api/v1/schools/ccd/directory/2023/?fips=13|https://nces.ed.gov/ccd/|https://app3.doe.k12.ga.us/ows-bin/owa/main_pack_fcl099.entry_form,,stub
North Hart Elementary School,130273002572,Hart County Charter System,Rural NE Georgia,GA,traditional,elementary,,(706)856-7369,,,,,,,,,,,,,https://educationdata.urban.org/api/v1/schools/ccd/directory/2023/?fips=13|https://nces.ed.gov/ccd/|https://app3.doe.k12.ga.us/ows-bin/owa/main_pack_fcl099.entry_form,,stub
South Hart Elementary School,130273002573,Hart County Charter System,Rural NE Georgia,GA,traditional,elementary,,(706)856-7383,,,,,,,,,,,,,https://educationdata.urban.org/api/v1/schools/ccd/directory/2023/?fips=13|https://nces.ed.gov/ccd/|https://app3.doe.k12.ga.us/ows-bin/owa/main_pack_fcl099.entry_form,,stub
Arrow Academy Alternative School,130279004413,Heard County School District,Atlanta,GA,traditional,high,,(706)675-3656,,,,,,,,,,,,,https://educationdata.urban.org/api/v1/schools/ccd/directory/2023/?fips=13|https://nces.ed.gov/ccd/|https://app3.doe.k12.ga.us/ows-bin/owa/main_pack_fcl099.entry_form,,stub
Centralhatchee Elementary School,130279001200,Heard County School District,Atlanta,GA,traditional,elementary,,(770)854-4002,,,,,,,,,,,,,https://educationdata.urban.org/api/v1/schools/ccd/directory/2023/?fips=13|https://nces.ed.gov/ccd/|https://app3.doe.k12.ga.us/ows-bin/owa/main_pack_fcl099.entry_form,,stub
Ephesus Elementary School,130279001199,Heard County School District,Atlanta,GA,traditional,elementary,,(770)854-4400,,,,,,,,,,,,,https://educationdata.urban.org/api/v1/schools/ccd/directory/2023/?fips=13|https://nces.ed.gov/ccd/|https://app3.doe.k12.ga.us/ows-bin/owa/main_pack_fcl099.entry_form,,stub
Heard County High School,130279001201,Heard County School District,Atlanta,GA,traditional,high,https://hhs.heard.k12.ga.us/,(706)675-3656,,J.J. Wahl,Principal,,(706)675-3656,,,,,,,,hhs.heard.k12.ga.us/staff (J.J. Wahl Principal); heard.k12.ga.us/o/hhs/page/principal-mr-wahl,2026-09-07,verified
Heard County Middle School,130279002574,Heard County School District,Atlanta,GA,traditional,middle,,(706)675-9247,,,,,,,,,,,,,https://educationdata.urban.org/api/v1/schools/ccd/directory/2023/?fips=13|https://nces.ed.gov/ccd/|https://app3.doe.k12.ga.us/ows-bin/owa/main_pack_fcl099.entry_form,,stub
Heard Elementary School,130279001202,Heard County School District,Atlanta,GA,traditional,elementary,,(706)675-3687,,,,,,,,,,,,,https://educationdata.urban.org/api/v1/schools/ccd/directory/2023/?fips=13|https://nces.ed.gov/ccd/|https://app3.doe.k12.ga.us/ows-bin/owa/main_pack_fcl099.entry_form,,stub
Austin Road Elementary School,130282000378,Henry County Schools,Atlanta,GA,traditional,elementary,,(770)389-6556,,,,,,,,,,,,,https://educationdata.urban.org/api/v1/schools/ccd/directory/2023/?fips=13|https://nces.ed.gov/ccd/|https://app3.doe.k12.ga.us/ows-bin/owa/main_pack_fcl099.entry_form,,stub
Austin Road Middle School,130282001663,Henry County Schools,Atlanta,GA,traditional,middle,,(770)507-5407,,,,,,,,,,,,,https://educationdata.urban.org/api/v1/schools/ccd/directory/2023/?fips=13|https://nces.ed.gov/ccd/|https://app3.doe.k12.ga.us/ows-bin/owa/main_pack_fcl099.entry_form,,stub
Bethlehem Elementary School,130282003566,Henry County Schools,Atlanta,GA,traditional,elementary,,(770)288-8571,,,,,,,,,,,,,https://educationdata.urban.org/api/v1/schools/ccd/directory/2023/?fips=13|https://nces.ed.gov/ccd/|https://app3.doe.k12.ga.us/ows-bin/owa/main_pack_fcl099.entry_form,,stub
Cotton Indian Elementary School,130282002128,Henry County Schools,Atlanta,GA,traditional,elementary,,(770)474-9983,,,,,,,,,,,,,https://educationdata.urban.org/api/v1/schools/ccd/directory/2023/?fips=13|https://nces.ed.gov/ccd/|https://app3.doe.k12.ga.us/ows-bin/owa/main_pack_fcl099.entry_form,,stub
Dutchtown Elementary School,130282003409,Henry County Schools,Atlanta,GA,traditional,elementary,,(770)471-0844,,,,,,,,,,,,,https://educationdata.urban.org/api/v1/schools/ccd/directory/2023/?fips=13|https://nces.ed.gov/ccd/|https://app3.doe.k12.ga.us/ows-bin/owa/main_pack_fcl099.entry_form,,stub
Dutchtown High,130282003407,Henry County Schools,Atlanta,GA,traditional,high,https://dhs.henry.k12.ga.us,(770)515-7510,,Travis Chapman,Principal,Travis.Chapman@henry.k12.ga.us,,,,,,,,,https://www.henry.k12.ga.us/about-hcs/deputy-superintendents/deputy-superintendent-operations/legal-compliance/title-ix/local-site-based-title-ix-coordinators|https://dhs.henry.k12.ga.us|https://www.henry.k12.ga.us/schools,2026-09-07,verified
Dutchtown Middle School,130282003411,Henry County Schools,Atlanta,GA,traditional,middle,,(770)515-7500,,,,,,,,,,,,,https://educationdata.urban.org/api/v1/schools/ccd/directory/2023/?fips=13|https://nces.ed.gov/ccd/|https://app3.doe.k12.ga.us/ows-bin/owa/main_pack_fcl099.entry_form,,stub
Eagle's Landing High School,130282002130,Henry County Schools,Atlanta,GA,traditional,high,https://elh.henry.k12.ga.us,(770)954-9515,,Cheré Lewis,Principal,Chere.Lewis@henry.k12.ga.us,,,,,,,,,https://www.henry.k12.ga.us/about-hcs/deputy-superintendents/deputy-superintendent-operations/legal-compliance/title-ix/local-site-based-title-ix-coordinators|https://elh.henry.k12.ga.us|https://www.henry.k12.ga.us/schools,2026-09-07,verified
Eagle's Landing Middle School,130282000399,Henry County Schools,Atlanta,GA,traditional,middle,,(770)914-8189,,,,,,,,,,,,,https://educationdata.urban.org/api/v1/schools/ccd/directory/2023/?fips=13|https://nces.ed.gov/ccd/|https://app3.doe.k12.ga.us/ows-bin/owa/main_pack_fcl099.entry_form,,stub
East Lake Elementary,130282002392,Henry County Schools,Atlanta,GA,traditional,elementary,,(678)583-8947,,,,,,,,,,,,,https://educationdata.urban.org/api/v1/schools/ccd/directory/2023/?fips=13|https://nces.ed.gov/ccd/|https://app3.doe.k12.ga.us/ows-bin/owa/main_pack_fcl099.entry_form,,stub
EXCEL Academy,130282004214,Henry County Schools,Atlanta,GA,traditional,high,https://exa.henry.k12.ga.us,(770)957-4101,,Dr. Tylisa Hill,Principal,tylisa.hill@henry.k12.ga.us,,,,,,,,,https://www.henry.k12.ga.us/about-hcs/deputy-superintendents/deputy-superintendent-operations/legal-compliance/title-ix/local-site-based-title-ix-coordinators|https://exa.henry.k12.ga.us|https://www.henry.k12.ga.us/schools,2026-09-07,verified
Fairview Elementary School,130282001204,Henry County Schools,Atlanta,GA,traditional,elementary,,(770)474-8265,,,,,,,,,,,,,https://educationdata.urban.org/api/v1/schools/ccd/directory/2023/?fips=13|https://nces.ed.gov/ccd/|https://app3.doe.k12.ga.us/ows-bin/owa/main_pack_fcl099.entry_form,,stub
Flippen Elementary School,130282002918,Henry County Schools,Atlanta,GA,traditional,elementary,,(770)954-3522,,,,,,,,,,,,,https://educationdata.urban.org/api/v1/schools/ccd/directory/2023/?fips=13|https://nces.ed.gov/ccd/|https://app3.doe.k12.ga.us/ows-bin/owa/main_pack_fcl099.entry_form,,stub
Hampton Elementary School,130282001212,Henry County Schools,Atlanta,GA,traditional,elementary,,(770)946-4345,,,,,,,,,,,,,https://educationdata.urban.org/api/v1/schools/ccd/directory/2023/?fips=13|https://nces.ed.gov/ccd/|https://app3.doe.k12.ga.us/ows-bin/owa/main_pack_fcl099.entry_form,,stub
Hampton High School,130282004172,Henry County Schools,Atlanta,GA,traditional,high,https://hhs.henry.k12.ga.us,(770)707-2130,,Dr. Jarvis Price,Principal,Jarvis.Price@henry.k12.ga.us,,,,,,,,,https://www.henry.k12.ga.us/about-hcs/deputy-superintendents/deputy-superintendent-operations/legal-compliance/title-ix/local-site-based-title-ix-coordinators|https://hhs.henry.k12.ga.us|https://www.henry.k12.ga.us/schools,2026-09-07,verified
Hampton Middle School,130282003952,Henry County Schools,Atlanta,GA,traditional,middle,,(770)707-2130,,,,,,,,,,,,,https://educationdata.urban.org/api/v1/schools/ccd/directory/2023/?fips=13|https://nces.ed.gov/ccd/|https://app3.doe.k12.ga.us/ows-bin/owa/main_pack_fcl099.entry_form,,stub
Hickory Flat Elementary School,130282001655,Henry County Schools,Atlanta,GA,traditional,elementary,,(770)898-0107,,,,,,,,,,,,,https://educationdata.urban.org/api/v1/schools/ccd/directory/2023/?fips=13|https://nces.ed.gov/ccd/|https://app3.doe.k12.ga.us/ows-bin/owa/main_pack_fcl099.entry_form,,stub
Locust Grove Elementary School,130282001214,Henry County Schools,Atlanta,GA,traditional,elementary,,(770)957-5416,,,,,,,,,,,,,https://educationdata.urban.org/api/v1/schools/ccd/directory/2023/?fips=13|https://nces.ed.gov/ccd/|https://app3.doe.k12.ga.us/ows-bin/owa/main_pack_fcl099.entry_form,,stub
Locust Grove High,130282003928,Henry County Schools,Atlanta,GA,traditional,high,https://lgh.henry.k12.ga.us,(770)898-1452,,Tony Townsend,Principal,Anthony.Townsend@henry.k12.ga.us,,,,,,,,,https://www.henry.k12.ga.us/about-hcs/deputy-superintendents/deputy-superintendent-operations/legal-compliance/title-ix/local-site-based-title-ix-coordinators|https://lgh.henry.k12.ga.us|https://www.henry.k12.ga.us/schools,2026-09-07,verified
Locust Grove Middle,130282003937,Henry County Schools,Atlanta,GA,traditional,middle,,(770)957-6055,,,,,,,,,,,,,https://educationdata.urban.org/api/v1/schools/ccd/directory/2023/?fips=13|https://nces.ed.gov/ccd/|https://app3.doe.k12.ga.us/ows-bin/owa/main_pack_fcl099.entry_form,,stub
Luella Elementary School,130282003408,Henry County Schools,Atlanta,GA,traditional,elementary,,(770)288-2035,,,,,,,,,,,,,https://educationdata.urban.org/api/v1/schools/ccd/directory/2023/?fips=13|https://nces.ed.gov/ccd/|https://app3.doe.k12.ga.us/ows-bin/owa/main_pack_fcl099.entry_form,,stub
Luella High School,130282002916,Henry County Schools,Atlanta,GA,traditional,high,https://lhs.henry.k12.ga.us,(770)898-9822,,Brandi Hardnett,Principal,brandi.hardnett@henry.k12.ga.us,,,,,,,,,https://www.henry.k12.ga.us/about-hcs/deputy-superintendents/deputy-superintendent-operations/legal-compliance/title-ix/local-site-based-title-ix-coordinators|https://lhs.henry.k12.ga.us|https://www.henry.k12.ga.us/schools,2026-09-07,verified
Luella Middle School,130282002393,Henry County Schools,Atlanta,GA,traditional,middle,,(678)583-8919,,,,,,,,,,,,,https://educationdata.urban.org/api/v1/schools/ccd/directory/2023/?fips=13|https://nces.ed.gov/ccd/|https://app3.doe.k12.ga.us/ows-bin/owa/main_pack_fcl099.entry_form,,stub
McDonough High School,130282001208,Henry County Schools,Atlanta,GA,traditional,high,https://mhs.henry.k12.ga.us,(470)615-3450,,Monica Blasingame,Principal,Monica.Blasingame@henry.k12.ga.us,,,,,,,,,https://www.henry.k12.ga.us/about-hcs/deputy-superintendents/deputy-superintendent-operations/legal-compliance/title-ix/local-site-based-title-ix-coordinators|https://mhs.henry.k12.ga.us|https://www.henry.k12.ga.us/schools,2026-09-07,verified
McDonough Middle School,130282001206,Henry County Schools,Atlanta,GA,traditional,middle,,(470)615-3460,,,,,,,,,,,,,https://educationdata.urban.org/api/v1/schools/ccd/directory/2023/?fips=13|https://nces.ed.gov/ccd/|https://app3.doe.k12.ga.us/ows-bin/owa/main_pack_fcl099.entry_form,,stub
Mount Carmel Elementary School,130282002329,Henry County Schools,Atlanta,GA,traditional,elementary,,(770)897-9799,,,,,,,,,,,,,https://educationdata.urban.org/api/v1/schools/ccd/directory/2023/?fips=13|https://nces.ed.gov/ccd/|https://app3.doe.k12.ga.us/ows-bin/owa/main_pack_fcl099.entry_form,,stub
New Hope Elementary,130282003417,Henry County Schools,Atlanta,GA,traditional,elementary,,(770)898-7362,,,,,,,,,,,,,https://educationdata.urban.org/api/v1/schools/ccd/directory/2023/?fips=13|https://nces.ed.gov/ccd/|https://app3.doe.k12.ga.us/ows-bin/owa/main_pack_fcl099.entry_form,,stub
Oakland Elementary School,130282002129,Henry County Schools,Atlanta,GA,traditional,elementary,,(770)954-1901,,,,,,,,,,,,,https://educationdata.urban.org/api/v1/schools/ccd/directory/2023/?fips=13|https://nces.ed.gov/ccd/|https://app3.doe.k12.ga.us/ows-bin/owa/main_pack_fcl099.entry_form,,stub
Ola Elementary School,130282002328,Henry County Schools,Atlanta,GA,traditional,elementary,,(770)957-5777,,,,,,,,,,,,,https://educationdata.urban.org/api/v1/schools/ccd/directory/2023/?fips=13|https://nces.ed.gov/ccd/|https://app3.doe.k12.ga.us/ows-bin/owa/main_pack_fcl099.entry_form,,stub
Ola High School,130282003414,Henry County Schools,Atlanta,GA,traditional,high,https://ohs.henry.k12.ga.us,(770)288-3222,,Rod May,Principal,rmay@henry.k12.ga.us,,,,,,,,,https://www.henry.k12.ga.us/about-hcs/deputy-superintendents/deputy-superintendent-operations/legal-compliance/title-ix/local-site-based-title-ix-coordinators|https://ohs.henry.k12.ga.us|https://www.henry.k12.ga.us/schools,2026-09-07,verified
Ola Middle School,130282003419,Henry County Schools,Atlanta,GA,traditional,middle,,(770)288-2108,,,,,,,,,,,,,https://educationdata.urban.org/api/v1/schools/ccd/directory/2023/?fips=13|https://nces.ed.gov/ccd/|https://app3.doe.k12.ga.us/ows-bin/owa/main_pack_fcl099.entry_form,,stub
Pate's Creek Elementary School,130282001288,Henry County Schools,Atlanta,GA,traditional,elementary,,(770)389-8819,,,,,,,,,,,,,https://educationdata.urban.org/api/v1/schools/ccd/directory/2023/?fips=13|https://nces.ed.gov/ccd/|https://app3.doe.k12.ga.us/ows-bin/owa/main_pack_fcl099.entry_form,,stub
Pleasant Grove Elementary School,130282001641,Henry County Schools,Atlanta,GA,traditional,elementary,,(770)898-0176,,,,,,,,,,,,,https://educationdata.urban.org/api/v1/schools/ccd/directory/2023/?fips=13|https://nces.ed.gov/ccd/|https://app3.doe.k12.ga.us/ows-bin/owa/main_pack_fcl099.entry_form,,stub
Red Oak Elementary School,130282003416,Henry County Schools,Atlanta,GA,traditional,elementary,,(770)389-1464,,,,,,,,,,,,,https://educationdata.urban.org/api/v1/schools/ccd/directory/2023/?fips=13|https://nces.ed.gov/ccd/|https://app3.doe.k12.ga.us/ows-bin/owa/main_pack_fcl099.entry_form,,stub
Rock Spring Elementary,130282003747,Henry County Schools,Atlanta,GA,traditional,elementary,,(770)957-6851,,,,,,,,,,,,,https://educationdata.urban.org/api/v1/schools/ccd/directory/2023/?fips=13|https://nces.ed.gov/ccd/|https://app3.doe.k12.ga.us/ows-bin/owa/main_pack_fcl099.entry_form,,stub
Rocky Creek Elementary,130282003824,Henry County Schools,Atlanta,GA,traditional,elementary,,(770)707-1469,,,,,,,,,,,,,https://educationdata.urban.org/api/v1/schools/ccd/directory/2023/?fips=13|https://nces.ed.gov/ccd/|https://app3.doe.k12.ga.us/ows-bin/owa/main_pack_fcl099.entry_form,,stub
Smith-Barnes Elementary School,130282001209,Henry County Schools,Atlanta,GA,traditional,elementary,,(770)474-4066,,,,,,,,,,,,,https://educationdata.urban.org/api/v1/schools/ccd/directory/2023/?fips=13|https://nces.ed.gov/ccd/|https://app3.doe.k12.ga.us/ows-bin/owa/main_pack_fcl099.entry_form,,stub
Stockbridge Elementary School,130282001207,Henry County Schools,Atlanta,GA,traditional,elementary,,(770)474-8743,,,,,,,,,,,,,https://educationdata.urban.org/api/v1/schools/ccd/directory/2023/?fips=13|https://nces.ed.gov/ccd/|https://app3.doe.k12.ga.us/ows-bin/owa/main_pack_fcl099.entry_form,,stub
Stockbridge High School,130282001205,Henry County Schools,Atlanta,GA,traditional,high,https://shs.henry.k12.ga.us,(770)474-8747,,Dr. James Thornton,Principal,James.Thornton@henry.k12.ga.us,,,,,,,,,https://www.henry.k12.ga.us/about-hcs/deputy-superintendents/deputy-superintendent-operations/legal-compliance/title-ix/local-site-based-title-ix-coordinators|https://shs.henry.k12.ga.us|https://www.henry.k12.ga.us/schools,2026-09-07,verified
Stockbridge Middle School,130282001213,Henry County Schools,Atlanta,GA,traditional,middle,,(770)474-5710,,,,,,,,,,,,,https://educationdata.urban.org/api/v1/schools/ccd/directory/2023/?fips=13|https://nces.ed.gov/ccd/|https://app3.doe.k12.ga.us/ows-bin/owa/main_pack_fcl099.entry_form,,stub
Timber Ridge Elementary School,130282003412,Henry County Schools,Atlanta,GA,traditional,elementary,,(770)288-3237,,,,,,,,,,,,,https://educationdata.urban.org/api/v1/schools/ccd/directory/2023/?fips=13|https://nces.ed.gov/ccd/|https://app3.doe.k12.ga.us/ows-bin/owa/main_pack_fcl099.entry_form,,stub
Tussahaw Elementary,130282003730,Henry County Schools,Atlanta,GA,traditional,elementary,,(770)957-0164,,,,,,,,,,,,,https://educationdata.urban.org/api/v1/schools/ccd/directory/2023/?fips=13|https://nces.ed.gov/ccd/|https://app3.doe.k12.ga.us/ows-bin/owa/main_pack_fcl099.entry_form,,stub
Union Grove High,130282002391,Henry County Schools,Atlanta,GA,traditional,high,https://ugh.henry.k12.ga.us,(678)583-8502,,Dr. LaTonya Richards,Principal,Latonya.Richards@henry.k12.ga.us,,,,,,,,,https://www.henry.k12.ga.us/about-hcs/deputy-superintendents/deputy-superintendent-operations/legal-compliance/title-ix/local-site-based-title-ix-coordinators|https://ugh.henry.k12.ga.us|https://www.henry.k12.ga.us/schools,2026-09-07,verified
Union Grove Middle,130282002394,Henry County Schools,Atlanta,GA,traditional,middle,,(678)583-8978,,,,,,,,,,,,,https://educationdata.urban.org/api/v1/schools/ccd/directory/2023/?fips=13|https://nces.ed.gov/ccd/|https://app3.doe.k12.ga.us/ows-bin/owa/main_pack_fcl099.entry_form,,stub
Unity Grove Elementary School,130282002575,Henry County Schools,Atlanta,GA,traditional,elementary,,(770)898-8886,,,,,,,,,,,,,https://educationdata.urban.org/api/v1/schools/ccd/directory/2023/?fips=13|https://nces.ed.gov/ccd/|https://app3.doe.k12.ga.us/ows-bin/owa/main_pack_fcl099.entry_form,,stub
Walnut Creek Elementary,130282003413,Henry County Schools,Atlanta,GA,traditional,elementary,,(770)288-8561,,,,,,,,,,,,,https://educationdata.urban.org/api/v1/schools/ccd/directory/2023/?fips=13|https://nces.ed.gov/ccd/|https://app3.doe.k12.ga.us/ows-bin/owa/main_pack_fcl099.entry_form,,stub
Wesley Lakes Elementary School,130282000367,Henry County Schools,Atlanta,GA,traditional,elementary,,(770)914-1889,,,,,,,,,,,,,https://educationdata.urban.org/api/v1/schools/ccd/directory/2023/?fips=13|https://nces.ed.gov/ccd/|https://app3.doe.k12.ga.us/ows-bin/owa/main_pack_fcl099.entry_form,,stub
Woodland Elementary School,130282003410,Henry County Schools,Atlanta,GA,traditional,elementary,,(770)506-6391,,,,,,,,,,,,,https://educationdata.urban.org/api/v1/schools/ccd/directory/2023/?fips=13|https://nces.ed.gov/ccd/|https://app3.doe.k12.ga.us/ows-bin/owa/main_pack_fcl099.entry_form,,stub
Woodland High School,130282003418,Henry County Schools,Atlanta,GA,traditional,high,https://whs.henry.k12.ga.us,(770)389-2784,,Purvis Jackson,Principal,Purvis.Jackson@henry.k12.ga.us,,,,,,,,,https://www.henry.k12.ga.us/about-hcs/deputy-superintendents/deputy-superintendent-operations/legal-compliance/title-ix/local-site-based-title-ix-coordinators|https://whs.henry.k12.ga.us|https://www.henry.k12.ga.us/schools,2026-09-07,verified
Woodland Middle School,130282003415,Henry County Schools,Atlanta,GA,traditional,middle,,(770)389-2774,,,,,,,,,,,,,https://educationdata.urban.org/api/v1/schools/ccd/directory/2023/?fips=13|https://nces.ed.gov/ccd/|https://app3.doe.k12.ga.us/ows-bin/owa/main_pack_fcl099.entry_form,,stub
Bonaire Elementary School,130288001218,Houston County Schools,Warner Robins,GA,traditional,elementary,,(478)929-7826,,,,,,,,,,,,,https://educationdata.urban.org/api/v1/schools/ccd/directory/2023/?fips=13|https://nces.ed.gov/ccd/|https://app3.doe.k12.ga.us/ows-bin/owa/main_pack_fcl099.entry_form,,stub
Bonaire Middle School,130288001677,Houston County Schools,Warner Robins,GA,traditional,middle,,(478)929-6235,,,,,,,,,,,,,https://educationdata.urban.org/api/v1/schools/ccd/directory/2023/?fips=13|https://nces.ed.gov/ccd/|https://app3.doe.k12.ga.us/ows-bin/owa/main_pack_fcl099.entry_form,,stub
Bonaire Primary School,130288004380,Houston County Schools,Warner Robins,GA,traditional,elementary,,(478)922-2194,,,,,,,,,,,,,https://educationdata.urban.org/api/v1/schools/ccd/directory/2023/?fips=13|https://nces.ed.gov/ccd/|https://app3.doe.k12.ga.us/ows-bin/owa/main_pack_fcl099.entry_form,,stub
C. B. Watson Primary School,130288002498,Houston County Schools,Warner Robins,GA,traditional,elementary,,(478)929-6360,,,,,,,,,,,,,https://educationdata.urban.org/api/v1/schools/ccd/directory/2023/?fips=13|https://nces.ed.gov/ccd/|https://app3.doe.k12.ga.us/ows-bin/owa/main_pack_fcl099.entry_form,,stub
Centerville Elementary School,130288001231,Houston County Schools,Warner Robins,GA,traditional,elementary,,(478)953-0400,,,,,,,,,,,,,https://educationdata.urban.org/api/v1/schools/ccd/directory/2023/?fips=13|https://nces.ed.gov/ccd/|https://app3.doe.k12.ga.us/ows-bin/owa/main_pack_fcl099.entry_form,,stub
David A. Perdue Elementary School,130288000414,Houston County Schools,Warner Robins,GA,traditional,elementary,,(478)988-6350,,,,,,,,,,,,,https://educationdata.urban.org/api/v1/schools/ccd/directory/2023/?fips=13|https://nces.ed.gov/ccd/|https://app3.doe.k12.ga.us/ows-bin/owa/main_pack_fcl099.entry_form,,stub
David A. Perdue Primary,130288002921,Houston County Schools,Warner Robins,GA,traditional,elementary,,(478)218-7500,,,,,,,,,,,,,https://educationdata.urban.org/api/v1/schools/ccd/directory/2023/?fips=13|https://nces.ed.gov/ccd/|https://app3.doe.k12.ga.us/ows-bin/owa/main_pack_fcl099.entry_form,,stub
Eagle Springs Elementary,130288002330,Houston County Schools,Warner Robins,GA,traditional,elementary,,(478)953-0450,,,,,,,,,,,,,https://educationdata.urban.org/api/v1/schools/ccd/directory/2023/?fips=13|https://nces.ed.gov/ccd/|https://app3.doe.k12.ga.us/ows-bin/owa/main_pack_fcl099.entry_form,,stub
Feagin Mill Middle School,130288001676,Houston County Schools,Warner Robins,GA,traditional,middle,,(478)953-0430,,,,,,,,,,,,,https://educationdata.urban.org/api/v1/schools/ccd/directory/2023/?fips=13|https://nces.ed.gov/ccd/|https://app3.doe.k12.ga.us/ows-bin/owa/main_pack_fcl099.entry_form,,stub
Hilltop Elementary School,130288003585,Houston County Schools,Warner Robins,GA,traditional,elementary,,(478)929-6113,,,,,,,,,,,,,https://educationdata.urban.org/api/v1/schools/ccd/directory/2023/?fips=13|https://nces.ed.gov/ccd/|https://app3.doe.k12.ga.us/ows-bin/owa/main_pack_fcl099.entry_form,,stub
Houston County High School,130288002179,Houston County Schools,Warner Robins,GA,traditional,high,https://hchs.hcbe.net/,(478)988-6340,,Dr. Jay K. Jones,Principal,,(478) 988-6340,,,,,,,,https://hchs.hcbe.net/principalcorner|https://hchs.hcbe.net/administration,2026-09-07,verified
Huntington Middle School,130288001224,Houston County Schools,Warner Robins,GA,traditional,middle,,(478)542-2240,,,,,,,,,,,,,https://educationdata.urban.org/api/v1/schools/ccd/directory/2023/?fips=13|https://nces.ed.gov/ccd/|https://app3.doe.k12.ga.us/ows-bin/owa/main_pack_fcl099.entry_form,,stub
Kings Chapel Elementary School,130288001233,Houston County Schools,Warner Robins,GA,traditional,elementary,,(478)988-6273,,,,,,,,,,,,,https://educationdata.urban.org/api/v1/schools/ccd/directory/2023/?fips=13|https://nces.ed.gov/ccd/|https://app3.doe.k12.ga.us/ows-bin/owa/main_pack_fcl099.entry_form,,stub
Lake Joy Elementary School,130288003618,Houston County Schools,Warner Robins,GA,traditional,elementary,,(478)971-2712,,,,,,,,,,,,,https://educationdata.urban.org/api/v1/schools/ccd/directory/2023/?fips=13|https://nces.ed.gov/ccd/|https://app3.doe.k12.ga.us/ows-bin/owa/main_pack_fcl099.entry_form,,stub
Lake Joy Primary School,130288002920,Houston County Schools,Warner Robins,GA,traditional,elementary,,(478)953-0465,,,,,,,,,,,,,https://educationdata.urban.org/api/v1/schools/ccd/directory/2023/?fips=13|https://nces.ed.gov/ccd/|https://app3.doe.k12.ga.us/ows-bin/owa/main_pack_fcl099.entry_form,,stub
Langston Road Elementary School,130288004166,Houston County Schools,Warner Robins,GA,traditional,elementary,,(478)988-6160,,,,,,,,,,,,,https://educationdata.urban.org/api/v1/schools/ccd/directory/2023/?fips=13|https://nces.ed.gov/ccd/|https://app3.doe.k12.ga.us/ows-bin/owa/main_pack_fcl099.entry_form,,stub
Langston Road Primary School,130288004661,Houston County Schools,Warner Robins,GA,traditional,elementary,,(478)988-6160,,,,,,,,,,,,,https://educationdata.urban.org/api/v1/schools/ccd/directory/2023/?fips=13|https://nces.ed.gov/ccd/|https://app3.doe.k12.ga.us/ows-bin/owa/main_pack_fcl099.entry_form,,stub
Matthew Arthur Elementary School,130288002331,Houston County Schools,Warner Robins,GA,traditional,elementary,,(478)988-6170,,,,,,,,,,,,,https://educationdata.urban.org/api/v1/schools/ccd/directory/2023/?fips=13|https://nces.ed.gov/ccd/|https://app3.doe.k12.ga.us/ows-bin/owa/main_pack_fcl099.entry_form,,stub
Miller Elementary School,130288001239,Houston County Schools,Warner Robins,GA,traditional,elementary,,(478)929-7814,,,,,,,,,,,,,https://educationdata.urban.org/api/v1/schools/ccd/directory/2023/?fips=13|https://nces.ed.gov/ccd/|https://app3.doe.k12.ga.us/ows-bin/owa/main_pack_fcl099.entry_form,,stub
Morningside Elementary School,130288001229,Houston County Schools,Warner Robins,GA,traditional,elementary,,(478)988-6261,,,,,,,,,,,,,https://educationdata.urban.org/api/v1/schools/ccd/directory/2023/?fips=13|https://nces.ed.gov/ccd/|https://app3.doe.k12.ga.us/ows-bin/owa/main_pack_fcl099.entry_form,,stub
Mossy Creek Middle School,130288003661,Houston County Schools,Warner Robins,GA,traditional,middle,,(478)988-6171,,,,,,,,,,,,,https://educationdata.urban.org/api/v1/schools/ccd/directory/2023/?fips=13|https://nces.ed.gov/ccd/|https://app3.doe.k12.ga.us/ows-bin/owa/main_pack_fcl099.entry_form,,stub
Northside Elementary School,130288002132,Houston County Schools,Warner Robins,GA,traditional,elementary,,(478)929-7816,,,,,,,,,,,,,https://educationdata.urban.org/api/v1/schools/ccd/directory/2023/?fips=13|https://nces.ed.gov/ccd/|https://app3.doe.k12.ga.us/ows-bin/owa/main_pack_fcl099.entry_form,,stub
Northside High School,130288001230,Houston County Schools,Warner Robins,GA,traditional,high,https://nhs.hcbe.net/,(478)929-7858,,Dr. Dustin Dykes,Principal,,(478) 929-7858,,,,,,,,https://nhs.hcbe.net/administration,2026-09-07,verified
Northside Middle School,130288001223,Houston County Schools,Warner Robins,GA,traditional,middle,,(478)929-7845,,,,,,,,,,,,,https://educationdata.urban.org/api/v1/schools/ccd/directory/2023/?fips=13|https://nces.ed.gov/ccd/|https://app3.doe.k12.ga.us/ows-bin/owa/main_pack_fcl099.entry_form,,stub
Parkwood Elementary School,130288001225,Houston County Schools,Warner Robins,GA,traditional,elementary,,(478)929-7822,,,,,,,,,,,,,https://educationdata.urban.org/api/v1/schools/ccd/directory/2023/?fips=13|https://nces.ed.gov/ccd/|https://app3.doe.k12.ga.us/ows-bin/owa/main_pack_fcl099.entry_form,,stub
Pearl Stephens Elementary School,130288002131,Houston County Schools,Warner Robins,GA,traditional,elementary,,(478)929-7895,,,,,,,,,,,,,https://educationdata.urban.org/api/v1/schools/ccd/directory/2023/?fips=13|https://nces.ed.gov/ccd/|https://app3.doe.k12.ga.us/ows-bin/owa/main_pack_fcl099.entry_form,,stub
Perry High School,130288001222,Houston County Schools,Warner Robins,GA,traditional,high,https://phs.hcbe.net/,(478)988-6298,,Dr. Arthur Billings,Principal,,(478) 988-6298,,,,,,,,https://phs.hcbe.net/principalcorner|https://phs.hcbe.net/administration,2026-09-07,verified
Perry Middle School,130288001238,Houston County Schools,Warner Robins,GA,traditional,middle,,(478)988-6285,,,,,,,,,,,,,https://educationdata.urban.org/api/v1/schools/ccd/directory/2023/?fips=13|https://nces.ed.gov/ccd/|https://app3.doe.k12.ga.us/ows-bin/owa/main_pack_fcl099.entry_form,,stub
Quail Run Elementary School,130288001002,Houston County Schools,Warner Robins,GA,traditional,elementary,,(478)953-0415,,,,,,,,,,,,,https://educationdata.urban.org/api/v1/schools/ccd/directory/2023/?fips=13|https://nces.ed.gov/ccd/|https://app3.doe.k12.ga.us/ows-bin/owa/main_pack_fcl099.entry_form,,stub
Russell Elementary School,130288001241,Houston County Schools,Warner Robins,GA,traditional,elementary,,(478)929-7830,,,,,,,,,,,,,https://educationdata.urban.org/api/v1/schools/ccd/directory/2023/?fips=13|https://nces.ed.gov/ccd/|https://app3.doe.k12.ga.us/ows-bin/owa/main_pack_fcl099.entry_form,,stub
Shirley Hills Elementary School,130288001237,Houston County Schools,Warner Robins,GA,traditional,elementary,,(478)929-7824,,,,,,,,,,,,,https://educationdata.urban.org/api/v1/schools/ccd/directory/2023/?fips=13|https://nces.ed.gov/ccd/|https://app3.doe.k12.ga.us/ows-bin/owa/main_pack_fcl099.entry_form,,stub
Thomson Middle School,130288001221,Houston County Schools,Warner Robins,GA,traditional,middle,,(478)953-0489,,,,,,,,,,,,,https://educationdata.urban.org/api/v1/schools/ccd/directory/2023/?fips=13|https://nces.ed.gov/ccd/|https://app3.doe.k12.ga.us/ows-bin/owa/main_pack_fcl099.entry_form,,stub
Tucker Elementary School,130288001232,Houston County Schools,Warner Robins,GA,traditional,elementary,,(478)988-6278,,,,,,,,,,,,,https://educationdata.urban.org/api/v1/schools/ccd/directory/2023/?fips=13|https://nces.ed.gov/ccd/|https://app3.doe.k12.ga.us/ows-bin/owa/main_pack_fcl099.entry_form,,stub
Veterans High School,130288003969,Houston County Schools,Warner Robins,GA,traditional,high,https://vhs.hcbe.net/,(478)218-7537,,Chad Simmons,Principal,chadwick.simmons@hcbe.net,(478) 218-7537,,,,,,,,https://vhs.hcbe.net/principalcorner|https://vhs.hcbe.net/administration,2026-09-07,verified
Warner Robins High School,130288001240,Houston County Schools,Warner Robins,GA,traditional,high,https://wrhs.hcbe.net/,(478)929-7877,,Dr. Brett Wallace,Principal,,(478) 929-7877,,,,,,,,https://wrhs.hcbe.net/principalcorner|https://wrhs.hcbe.net/administration,2026-09-07,verified
Warner Robins Middle School,130288001236,Houston County Schools,Warner Robins,GA,traditional,middle,,(478)929-7832,,,,,,,,,,,,,https://educationdata.urban.org/api/v1/schools/ccd/directory/2023/?fips=13|https://nces.ed.gov/ccd/|https://app3.doe.k12.ga.us/ows-bin/owa/main_pack_fcl099.entry_form,,stub
Westside Elementary School,130288001227,Houston County Schools,Warner Robins,GA,traditional,elementary,,(478)929-7820,,,,,,,,,,,,,https://educationdata.urban.org/api/v1/schools/ccd/directory/2023/?fips=13|https://nces.ed.gov/ccd/|https://app3.doe.k12.ga.us/ows-bin/owa/main_pack_fcl099.entry_form,,stub
Irwin County Elementary School,130291001244,Irwin County Schools,Rural South Georgia,GA,traditional,elementary,,(229)468-9476,,,,,,,,,,,,,https://educationdata.urban.org/api/v1/schools/ccd/directory/2023/?fips=13|https://nces.ed.gov/ccd/|https://app3.doe.k12.ga.us/ows-bin/owa/main_pack_fcl099.entry_form,,stub
Irwin County High School,130291001246,Irwin County Schools,Rural South Georgia,GA,traditional,high,,(229)468-9421,,,,,,,,,,,,,https://educationdata.urban.org/api/v1/schools/ccd/directory/2023/?fips=13|https://nces.ed.gov/ccd/|https://app3.doe.k12.ga.us/ows-bin/owa/main_pack_fcl099.entry_form,,stub
Irwin County Middle School,130291001243,Irwin County Schools,Rural South Georgia,GA,traditional,middle,,(229)468-5517,,,,,,,,,,,,,https://educationdata.urban.org/api/v1/schools/ccd/directory/2023/?fips=13|https://nces.ed.gov/ccd/|https://app3.doe.k12.ga.us/ows-bin/owa/main_pack_fcl099.entry_form,,stub
East Jackson Comprehensive High School,130294003421,Jackson County School System,Jefferson,GA,traditional,high,,(706)336-8900,,,,,,,,,,,,,https://educationdata.urban.org/api/v1/schools/ccd/directory/2023/?fips=13|https://nces.ed.gov/ccd/|https://app3.doe.k12.ga.us/ows-bin/owa/main_pack_fcl099.entry_form,,stub
East Jackson Elementary School,130294002924,Jackson County School System,Jefferson,GA,traditional,elementary,,(706)336-7900,,,,,,,,,,,,,https://educationdata.urban.org/api/v1/schools/ccd/directory/2023/?fips=13|https://nces.ed.gov/ccd/|https://app3.doe.k12.ga.us/ows-bin/owa/main_pack_fcl099.entry_form,,stub
East Jackson Middle School,130294001683,Jackson County School System,Jefferson,GA,traditional,middle,,(706)335-2083,,,,,,,,,,,,,https://educationdata.urban.org/api/v1/schools/ccd/directory/2023/?fips=13|https://nces.ed.gov/ccd/|https://app3.doe.k12.ga.us/ows-bin/owa/main_pack_fcl099.entry_form,,stub
Gum Springs Elementary School,130294003742,Jackson County School System,Jefferson,GA,traditional,elementary,,(706)654-5580,,,,,,,,,,,,,https://educationdata.urban.org/api/v1/schools/ccd/directory/2023/?fips=13|https://nces.ed.gov/ccd/|https://app3.doe.k12.ga.us/ows-bin/owa/main_pack_fcl099.entry_form,,stub
Jackson County High School,130294002134,Jackson County School System,Jefferson,GA,traditional,high,,(706)367-5003,,,,,,,,,,,,,https://educationdata.urban.org/api/v1/schools/ccd/directory/2023/?fips=13|https://nces.ed.gov/ccd/|https://app3.doe.k12.ga.us/ows-bin/owa/main_pack_fcl099.entry_form,,stub
Legacy Knoll Middle School,130294004657,Jackson County School System,Jefferson,GA,traditional,middle,,(706)654-5590,,,,,,,,,,,,,https://educationdata.urban.org/api/v1/schools/ccd/directory/2023/?fips=13|https://nces.ed.gov/ccd/|https://app3.doe.k12.ga.us/ows-bin/owa/main_pack_fcl099.entry_form,,stub
Maysville Elementary School,130294001253,Jackson County School System,Jefferson,GA,traditional,elementary,,(706)652-2241,,,,,,,,,,,,,https://educationdata.urban.org/api/v1/schools/ccd/directory/2023/?fips=13|https://nces.ed.gov/ccd/|https://app3.doe.k12.ga.us/ows-bin/owa/main_pack_fcl099.entry_form,,stub
North Jackson Elementary School,130294001252,Jackson County School System,Jefferson,GA,traditional,elementary,,(706)693-2246,,,,,,,,,,,,,https://educationdata.urban.org/api/v1/schools/ccd/directory/2023/?fips=13|https://nces.ed.gov/ccd/|https://app3.doe.k12.ga.us/ows-bin/owa/main_pack_fcl099.entry_form,,stub
South Jackson Elementary School,130294001251,Jackson County School System,Jefferson,GA,traditional,elementary,,(706)208-3552,,,,,,,,,,,,,https://educationdata.urban.org/api/v1/schools/ccd/directory/2023/?fips=13|https://nces.ed.gov/ccd/|https://app3.doe.k12.ga.us/ows-bin/owa/main_pack_fcl099.entry_form,,stub
West Jackson Elementary School,130294002499,Jackson County School System,Jefferson,GA,traditional,elementary,,(706)654-2044,,,,,,,,,,,,,https://educationdata.urban.org/api/v1/schools/ccd/directory/2023/?fips=13|https://nces.ed.gov/ccd/|https://app3.doe.k12.ga.us/ows-bin/owa/main_pack_fcl099.entry_form,,stub
West Jackson Middle School,130294001696,Jackson County School System,Jefferson,GA,traditional,middle,,(706)654-2775,,,,,,,,,,,,,https://educationdata.urban.org/api/v1/schools/ccd/directory/2023/?fips=13|https://nces.ed.gov/ccd/|https://app3.doe.k12.ga.us/ows-bin/owa/main_pack_fcl099.entry_form,,stub
Jasper County High School,130297003423,Jasper County Charter System,Atlanta,GA,traditional,high,https://jchs.jasper.k12.ga.us/,(706)468-5016,,Ken Belle,Principal,kbelle@jasper.k12.ga.us,(706)468-5016,,,,,,,,"jchs.jasper.k12.ga.us/about/title-i-information (Mr. Ken Belle Principal + kbelle@jasper.k12.ga.us); campus header Mr. Ken Belle, Principal",2026-09-07,verified
Jasper County Middle School,130297002397,Jasper County Charter System,Atlanta,GA,traditional,middle,,(706)468-2227,,,,,,,,,,,,,https://educationdata.urban.org/api/v1/schools/ccd/directory/2023/?fips=13|https://nces.ed.gov/ccd/|https://app3.doe.k12.ga.us/ows-bin/owa/main_pack_fcl099.entry_form,,stub
Jasper County Primary School,130297001004,Jasper County Charter System,Atlanta,GA,traditional,elementary,,(706)468-4968,,,,,,,,,,,,,https://educationdata.urban.org/api/v1/schools/ccd/directory/2023/?fips=13|https://nces.ed.gov/ccd/|https://app3.doe.k12.ga.us/ows-bin/owa/main_pack_fcl099.entry_form,,stub
Washington Park Elementary School,130297001255,Jasper County Charter System,Atlanta,GA,traditional,elementary,,(706)468-6284,,,,,,,,,,,,,https://educationdata.urban.org/api/v1/schools/ccd/directory/2023/?fips=13|https://nces.ed.gov/ccd/|https://app3.doe.k12.ga.us/ows-bin/owa/main_pack_fcl099.entry_form,,stub
Jeff Davis Elementary School,130300001257,Jeff Davis County Schools,Rural SE Georgia,GA,traditional,elementary,,(912)375-6730,,,,,,,,,,,,,https://educationdata.urban.org/api/v1/schools/ccd/directory/2023/?fips=13|https://nces.ed.gov/ccd/|https://app3.doe.k12.ga.us/ows-bin/owa/main_pack_fcl099.entry_form,,stub
Jeff Davis High School,130300001259,Jeff Davis County Schools,Rural SE Georgia,GA,traditional,high,,(912)375-6760,,,,,,,,,,,,,https://educationdata.urban.org/api/v1/schools/ccd/directory/2023/?fips=13|https://nces.ed.gov/ccd/|https://app3.doe.k12.ga.us/ows-bin/owa/main_pack_fcl099.entry_form,,stub
Jeff Davis Middle School,130300001256,Jeff Davis County Schools,Rural SE Georgia,GA,traditional,middle,,(912)375-6730,,,,,,,,,,,,,https://educationdata.urban.org/api/v1/schools/ccd/directory/2023/?fips=13|https://nces.ed.gov/ccd/|https://app3.doe.k12.ga.us/ows-bin/owa/main_pack_fcl099.entry_form,,stub
Jeff Davis Primary School,130300001258,Jeff Davis County Schools,Rural SE Georgia,GA,traditional,elementary,,(912)375-6720,,,,,,,,,,,,,https://educationdata.urban.org/api/v1/schools/ccd/directory/2023/?fips=13|https://nces.ed.gov/ccd/|https://app3.doe.k12.ga.us/ows-bin/owa/main_pack_fcl099.entry_form,,stub
Jefferson Academy,130303003671,Jefferson City Schools,Jefferson,GA,traditional,elementary,,(706)367-2300,,,,,,,,,,,,,https://educationdata.urban.org/api/v1/schools/ccd/directory/2023/?fips=13|https://nces.ed.gov/ccd/|https://app3.doe.k12.ga.us/ows-bin/owa/main_pack_fcl099.entry_form,,stub
Jefferson Elementary School,130303001261,Jefferson City Schools,Jefferson,GA,traditional,elementary,,(706)367-8242,,,,,,,,,,,,,https://educationdata.urban.org/api/v1/schools/ccd/directory/2023/?fips=13|https://nces.ed.gov/ccd/|https://app3.doe.k12.ga.us/ows-bin/owa/main_pack_fcl099.entry_form,,stub
Jefferson High School,130303001260,Jefferson City Schools,Jefferson,GA,traditional,high,,(706)367-2881,,,,,,,,,,,,,https://educationdata.urban.org/api/v1/schools/ccd/directory/2023/?fips=13|https://nces.ed.gov/ccd/|https://app3.doe.k12.ga.us/ows-bin/owa/main_pack_fcl099.entry_form,,stub
Jefferson Middle School,130303002346,Jefferson City Schools,Jefferson,GA,traditional,middle,,(706)367-2882,,,,,,,,,,,,,https://educationdata.urban.org/api/v1/schools/ccd/directory/2023/?fips=13|https://nces.ed.gov/ccd/|https://app3.doe.k12.ga.us/ows-bin/owa/main_pack_fcl099.entry_form,,stub
Carver Elementary School,130306001263,Jefferson County Schools,Rural Middle Georgia,GA,traditional,elementary,,(478)252-5762,,,,,,,,,,,,,https://educationdata.urban.org/api/v1/schools/ccd/directory/2023/?fips=13|https://nces.ed.gov/ccd/|https://app3.doe.k12.ga.us/ows-bin/owa/main_pack_fcl099.entry_form,,stub
Jefferson County High School,130306001291,Jefferson County Schools,Rural Middle Georgia,GA,traditional,high,,(478)625-9991,,,,,,,,,,,,,https://educationdata.urban.org/api/v1/schools/ccd/directory/2023/?fips=13|https://nces.ed.gov/ccd/|https://app3.doe.k12.ga.us/ows-bin/owa/main_pack_fcl099.entry_form,,stub
Jefferson County Middle School,130306004340,Jefferson County Schools,Rural Middle Georgia,GA,traditional,middle,,(478)625-7764,,,,,,,,,,,,,https://educationdata.urban.org/api/v1/schools/ccd/directory/2023/?fips=13|https://nces.ed.gov/ccd/|https://app3.doe.k12.ga.us/ows-bin/owa/main_pack_fcl099.entry_form,,stub
Louisville Academy School,130306001264,Jefferson County Schools,Rural Middle Georgia,GA,traditional,elementary,,(478)625-7794,,,,,,,,,,,,,https://educationdata.urban.org/api/v1/schools/ccd/directory/2023/?fips=13|https://nces.ed.gov/ccd/|https://app3.doe.k12.ga.us/ows-bin/owa/main_pack_fcl099.entry_form,,stub
Wrens Elementary School,130306001267,Jefferson County Schools,Rural Middle Georgia,GA,traditional,elementary,,(706)547-2063,,,,,,,,,,,,,https://educationdata.urban.org/api/v1/schools/ccd/directory/2023/?fips=13|https://nces.ed.gov/ccd/|https://app3.doe.k12.ga.us/ows-bin/owa/main_pack_fcl099.entry_form,,stub
Jenkins County Elementary School,130309001271,Jenkins County School System,Rural Middle Georgia,GA,traditional,elementary,,(478)982-5503,,,,,,,,,,,,,https://educationdata.urban.org/api/v1/schools/ccd/directory/2023/?fips=13|https://nces.ed.gov/ccd/|https://app3.doe.k12.ga.us/ows-bin/owa/main_pack_fcl099.entry_form,,stub
Jenkins County High School,130309001270,Jenkins County School System,Rural Middle Georgia,GA,traditional,high,,(478)982-4791,,,,,,,,,,,,,https://educationdata.urban.org/api/v1/schools/ccd/directory/2023/?fips=13|https://nces.ed.gov/ccd/|https://app3.doe.k12.ga.us/ows-bin/owa/main_pack_fcl099.entry_form,,stub
Jenkins County Middle School,130309002398,Jenkins County School System,Rural Middle Georgia,GA,traditional,middle,,(478)982-1063,,,,,,,,,,,,,https://educationdata.urban.org/api/v1/schools/ccd/directory/2023/?fips=13|https://nces.ed.gov/ccd/|https://app3.doe.k12.ga.us/ows-bin/owa/main_pack_fcl099.entry_form,,stub
Johnson County Elementary School,130312001697,Johnson County Schools,Dublin,GA,traditional,elementary,,(478)864-3446,,,,,,,,,,,,,https://educationdata.urban.org/api/v1/schools/ccd/directory/2023/?fips=13|https://nces.ed.gov/ccd/|https://app3.doe.k12.ga.us/ows-bin/owa/main_pack_fcl099.entry_form,,stub
Johnson County High School,130312000055,Johnson County Schools,Dublin,GA,traditional,high,,(478)864-2222,,,,,,,,,,,,,https://educationdata.urban.org/api/v1/schools/ccd/directory/2023/?fips=13|https://nces.ed.gov/ccd/|https://app3.doe.k12.ga.us/ows-bin/owa/main_pack_fcl099.entry_form,,stub
Johnson County Middle School,130312002400,Johnson County Schools,Dublin,GA,traditional,middle,,(478)864-2222,,,,,,,,,,,,,https://educationdata.urban.org/api/v1/schools/ccd/directory/2023/?fips=13|https://nces.ed.gov/ccd/|https://app3.doe.k12.ga.us/ows-bin/owa/main_pack_fcl099.entry_form,,stub
Clifton Ridge Middle School,130315002502,Jones County Schools,Macon,GA,traditional,middle,,(478)743-5182,,,,,,,,,,,,,https://educationdata.urban.org/api/v1/schools/ccd/directory/2023/?fips=13|https://nces.ed.gov/ccd/|https://app3.doe.k12.ga.us/ows-bin/owa/main_pack_fcl099.entry_form,,stub
Dames Ferry Elementary School,130315002272,Jones County Schools,Macon,GA,traditional,elementary,,(478)986-2023,,,,,,,,,,,,,https://educationdata.urban.org/api/v1/schools/ccd/directory/2023/?fips=13|https://nces.ed.gov/ccd/|https://app3.doe.k12.ga.us/ows-bin/owa/main_pack_fcl099.entry_form,,stub
Gray Elementary School,130315001277,Jones County Schools,Macon,GA,traditional,elementary,,(478)986-6295,,,,,,,,,,,,,https://educationdata.urban.org/api/v1/schools/ccd/directory/2023/?fips=13|https://nces.ed.gov/ccd/|https://app3.doe.k12.ga.us/ows-bin/owa/main_pack_fcl099.entry_form,,stub
Gray Station Middle School,130315003424,Jones County Schools,Macon,GA,traditional,middle,,(478)986-2090,,,,,,,,,,,,,https://educationdata.urban.org/api/v1/schools/ccd/directory/2023/?fips=13|https://nces.ed.gov/ccd/|https://app3.doe.k12.ga.us/ows-bin/owa/main_pack_fcl099.entry_form,,stub
Jones County High School,130315001279,Jones County Schools,Macon,GA,traditional,high,https://jchs.jones.k12.ga.us/,(478)986-5444,,Dennis Woolfolk,Principal,dwoolfolk@jones.k12.ga.us,,,,,,,,,https://educationdata.urban.org/api/v1/schools/ccd/directory/2023/?fips=13|https://nces.ed.gov/ccd/|https://app3.doe.k12.ga.us/ows-bin/owa/main_pack_fcl099.entry_form|https://jchs.jones.k12.ga.us/apps/pages/index.jsp?pREC_ID=1019161&termREC_ID=&type=d&uREC_ID=532295,2026-09-07,verified
Mattie Wells Elementary School,130315002503,Jones County Schools,Macon,GA,traditional,elementary,,(478)742-5959,,,,,,,,,,,,,https://educationdata.urban.org/api/v1/schools/ccd/directory/2023/?fips=13|https://nces.ed.gov/ccd/|https://app3.doe.k12.ga.us/ows-bin/owa/main_pack_fcl099.entry_form,,stub
Turner Woods Elementary School,130315004018,Jones County Schools,Macon,GA,traditional,elementary,,(478)986-2222,,,,,,,,,,,,,https://educationdata.urban.org/api/v1/schools/ccd/directory/2023/?fips=13|https://nces.ed.gov/ccd/|https://app3.doe.k12.ga.us/ows-bin/owa/main_pack_fcl099.entry_form,,stub
Lamar County Elementary School,130321003425,Lamar County Schools,Rural Middle Georgia,GA,traditional,elementary,,(770)358-5556,,,,,,,,,,,,,https://educationdata.urban.org/api/v1/schools/ccd/directory/2023/?fips=13|https://nces.ed.gov/ccd/|https://app3.doe.k12.ga.us/ows-bin/owa/main_pack_fcl099.entry_form,,stub
Lamar County High School,130321001294,Lamar County Schools,Rural Middle Georgia,GA,traditional,high,,(770)358-8641,,,,,,,,,,,,,https://educationdata.urban.org/api/v1/schools/ccd/directory/2023/?fips=13|https://nces.ed.gov/ccd/|https://app3.doe.k12.ga.us/ows-bin/owa/main_pack_fcl099.entry_form,,stub
Lamar County Middle School,130321002273,Lamar County Schools,Rural Middle Georgia,GA,traditional,middle,,(770)358-8652,,,,,,,,,,,,,https://educationdata.urban.org/api/v1/schools/ccd/directory/2023/?fips=13|https://nces.ed.gov/ccd/|https://app3.doe.k12.ga.us/ows-bin/owa/main_pack_fcl099.entry_form,,stub
Lamar County Primary School,130321002084,Lamar County Schools,Rural Middle Georgia,GA,traditional,elementary,,(770)358-8661,,,,,,,,,,,,,https://educationdata.urban.org/api/v1/schools/ccd/directory/2023/?fips=13|https://nces.ed.gov/ccd/|https://app3.doe.k12.ga.us/ows-bin/owa/main_pack_fcl099.entry_form,,stub
Lanier County Elementary School,130324003829,Lanier County Schools,Valdosta,GA,traditional,elementary,,(229)482-3870,,,,,,,,,,,,,https://educationdata.urban.org/api/v1/schools/ccd/directory/2023/?fips=13|https://nces.ed.gov/ccd/|https://app3.doe.k12.ga.us/ows-bin/owa/main_pack_fcl099.entry_form,,stub
Lanier County High School,130324002403,Lanier County Schools,Valdosta,GA,traditional,high,https://lchs.lanier.k12.ga.us/,(229)482-3868,,Matt Weaver,Principal,matt.weaver@lanier.k12.ga.us,(229) 482-3868,April Gano,april.gano@lanier.k12.ga.us,Bridget Tomlinson,bridget.tomlinson@lanier.k12.ga.us,,,,https://lchs.lanier.k12.ga.us/facultystaff,2026-09-07,verified
Lanier County Middle School,130324002402,Lanier County Schools,Valdosta,GA,traditional,middle,,(229)482-8247,,,,,,,,,,,,,https://educationdata.urban.org/api/v1/schools/ccd/directory/2023/?fips=13|https://nces.ed.gov/ccd/|https://app3.doe.k12.ga.us/ows-bin/owa/main_pack_fcl099.entry_form,,stub
East Laurens Elementary School,130189000880,Laurens County Schools,Dublin,GA,traditional,elementary,,(478)272-8612,,,,,,,,,,,,,https://educationdata.urban.org/api/v1/schools/ccd/directory/2023/?fips=13|https://nces.ed.gov/ccd/|https://app3.doe.k12.ga.us/ows-bin/owa/main_pack_fcl099.entry_form,,stub
East Laurens High School,130189001707,Laurens County Schools,Dublin,GA,traditional,high,,(478)272-3144,,,,,,,,,,,,,https://educationdata.urban.org/api/v1/schools/ccd/directory/2023/?fips=13|https://nces.ed.gov/ccd/|https://app3.doe.k12.ga.us/ows-bin/owa/main_pack_fcl099.entry_form,,stub
East Laurens Middle School,130189001729,Laurens County Schools,Dublin,GA,traditional,middle,,(478)272-1201,,,,,,,,,,,,,https://educationdata.urban.org/api/v1/schools/ccd/directory/2023/?fips=13|https://nces.ed.gov/ccd/|https://app3.doe.k12.ga.us/ows-bin/owa/main_pack_fcl099.entry_form,,stub
East Laurens Primary School,130189002934,Laurens County Schools,Dublin,GA,traditional,elementary,,(478)272-4440,,,,,,,,,,,,,https://educationdata.urban.org/api/v1/schools/ccd/directory/2023/?fips=13|https://nces.ed.gov/ccd/|https://app3.doe.k12.ga.us/ows-bin/owa/main_pack_fcl099.entry_form,,stub
Northwest Laurens Elementary,130189000875,Laurens County Schools,Dublin,GA,traditional,elementary,,(478)676-3475,,,,,,,,,,,,,https://educationdata.urban.org/api/v1/schools/ccd/directory/2023/?fips=13|https://nces.ed.gov/ccd/|https://app3.doe.k12.ga.us/ows-bin/owa/main_pack_fcl099.entry_form,,stub
Southwest Laurens Elementary,130189000879,Laurens County Schools,Dublin,GA,traditional,elementary,,(478)984-4276,,,,,,,,,,,,,https://educationdata.urban.org/api/v1/schools/ccd/directory/2023/?fips=13|https://nces.ed.gov/ccd/|https://app3.doe.k12.ga.us/ows-bin/owa/main_pack_fcl099.entry_form,,stub
West Laurens High School,130189003887,Laurens County Schools,Dublin,GA,traditional,high,,(478)875-1000,,,,,,,,,,,,,https://educationdata.urban.org/api/v1/schools/ccd/directory/2023/?fips=13|https://nces.ed.gov/ccd/|https://app3.doe.k12.ga.us/ows-bin/owa/main_pack_fcl099.entry_form,,stub
West Laurens Middle School,130189000878,Laurens County Schools,Dublin,GA,traditional,middle,,(478)272-8452,,,,,,,,,,,,,https://educationdata.urban.org/api/v1/schools/ccd/directory/2023/?fips=13|https://nces.ed.gov/ccd/|https://app3.doe.k12.ga.us/ows-bin/owa/main_pack_fcl099.entry_form,,stub
Kinchafoonee Primary School,130327001731,Lee County Schools,Albany,GA,traditional,elementary,,(229)903-2200,,,,,,,,,,,,,https://educationdata.urban.org/api/v1/schools/ccd/directory/2023/?fips=13|https://nces.ed.gov/ccd/|https://app3.doe.k12.ga.us/ows-bin/owa/main_pack_fcl099.entry_form,,stub
Lee County Elementary School,130327001298,Lee County Schools,Albany,GA,traditional,elementary,,(229)903-2220,,,,,,,,,,,,,https://educationdata.urban.org/api/v1/schools/ccd/directory/2023/?fips=13|https://nces.ed.gov/ccd/|https://app3.doe.k12.ga.us/ows-bin/owa/main_pack_fcl099.entry_form,,stub
Lee County High School,130327000057,Lee County Schools,Albany,GA,traditional,high,https://lchs.lee.k12.ga.us/,(229)903-2260,,Melissa Edwards,Principal,edwardsme@lee.k12.ga.us,,,,,,,,,https://educationdata.urban.org/api/v1/schools/ccd/directory/2023/?fips=13|https://nces.ed.gov/ccd/|https://app3.doe.k12.ga.us/ows-bin/owa/main_pack_fcl099.entry_form|https://lchs.lee.k12.ga.us/lchs-faculty-staff/administration|https://lchs.lee.k12.ga.us/lchs-faculty-staff/faculty-staff,2026-09-07,verified
Lee County Middle School East,130327004128,Lee County Schools,Albany,GA,traditional,middle,,(229)903-3500,,,,,,,,,,,,,https://educationdata.urban.org/api/v1/schools/ccd/directory/2023/?fips=13|https://nces.ed.gov/ccd/|https://app3.doe.k12.ga.us/ows-bin/owa/main_pack_fcl099.entry_form,,stub
Lee County Middle School West,130327000146,Lee County Schools,Albany,GA,traditional,middle,,(229)903-2140,,,,,,,,,,,,,https://educationdata.urban.org/api/v1/schools/ccd/directory/2023/?fips=13|https://nces.ed.gov/ccd/|https://app3.doe.k12.ga.us/ows-bin/owa/main_pack_fcl099.entry_form,,stub
Lee County Primary School,130327001982,Lee County Schools,Albany,GA,traditional,elementary,,(229)903-2180,,,,,,,,,,,,,https://educationdata.urban.org/api/v1/schools/ccd/directory/2023/?fips=13|https://nces.ed.gov/ccd/|https://app3.doe.k12.ga.us/ows-bin/owa/main_pack_fcl099.entry_form,,stub
Lee High School 9th Grade Campus,130327003761,Lee County Schools,Albany,GA,traditional,high,https://lchs-9th.lee.k12.ga.us/,(229)903-3590,,Ginger Lawrence,Principal,lawrencegi@lee.k12.ga.us,,,,,,,,,https://educationdata.urban.org/api/v1/schools/ccd/directory/2023/?fips=13|https://nces.ed.gov/ccd/|https://app3.doe.k12.ga.us/ows-bin/owa/main_pack_fcl099.entry_form|https://lchs-9th.lee.k12.ga.us/lchs-9th-faculty-staff/principal,2026-09-07,verified
Twin Oaks Elementary,130327000206,Lee County Schools,Albany,GA,traditional,elementary,,(229)903-2240,,,,,,,,,,,,,https://educationdata.urban.org/api/v1/schools/ccd/directory/2023/?fips=13|https://nces.ed.gov/ccd/|https://app3.doe.k12.ga.us/ows-bin/owa/main_pack_fcl099.entry_form,,stub
Bradwell Institute,130330001303,Liberty County Schools,Hinesville,GA,traditional,high,https://bradwellinstitute.org/,(912)876-6121,,Dr. C. Mary Ryan,Principal,,(912) 876-6121,,,,,,,,https://bradwellinstitute.org/index.jsp|https://www.libertyschools.org/apps/pages/index.jsp?type=d&uREC_ID=200898,2026-09-07,verified
Button Gwinnett Elementary School,130330001301,Liberty County Schools,Hinesville,GA,traditional,elementary,,(912)876-0146,,,,,,,,,,,,,https://educationdata.urban.org/api/v1/schools/ccd/directory/2023/?fips=13|https://nces.ed.gov/ccd/|https://app3.doe.k12.ga.us/ows-bin/owa/main_pack_fcl099.entry_form,,stub
Frank Long Elementary School,130330001326,Liberty County Schools,Hinesville,GA,traditional,elementary,,(912)368-3595,,,,,,,,,,,,,https://educationdata.urban.org/api/v1/schools/ccd/directory/2023/?fips=13|https://nces.ed.gov/ccd/|https://app3.doe.k12.ga.us/ows-bin/owa/main_pack_fcl099.entry_form,,stub
Joseph Martin Elementary School,130330002046,Liberty County Schools,Hinesville,GA,traditional,elementary,,(912)368-3114,,,,,,,,,,,,,https://educationdata.urban.org/api/v1/schools/ccd/directory/2023/?fips=13|https://nces.ed.gov/ccd/|https://app3.doe.k12.ga.us/ows-bin/owa/main_pack_fcl099.entry_form,,stub
Lewis Frasier Middle School,130330001736,Liberty County Schools,Hinesville,GA,traditional,middle,,(912)877-5367,,,,,,,,,,,,,https://educationdata.urban.org/api/v1/schools/ccd/directory/2023/?fips=13|https://nces.ed.gov/ccd/|https://app3.doe.k12.ga.us/ows-bin/owa/main_pack_fcl099.entry_form,,stub
Liberty County High School,130330002182,Liberty County Schools,Hinesville,GA,traditional,high,https://www.libertyschools.org/,(912)876-4316,,Debra Frazier,Principal,dbfrazier@liberty.k12.ga.us,(912) 876-4316,,,,,,,,https://www.libertyschools.org/TitleIX/TitleIXLiaisons.pdf,2026-09-07,verified
Liberty Elementary School,130330001305,Liberty County Schools,Hinesville,GA,traditional,elementary,,(912)884-3326,,,,,,,,,,,,,https://educationdata.urban.org/api/v1/schools/ccd/directory/2023/?fips=13|https://nces.ed.gov/ccd/|https://app3.doe.k12.ga.us/ows-bin/owa/main_pack_fcl099.entry_form,,stub
Lyman Hall Elementary School,130330001911,Liberty County Schools,Hinesville,GA,traditional,elementary,,(912)368-3348,,,,,,,,,,,,,https://educationdata.urban.org/api/v1/schools/ccd/directory/2023/?fips=13|https://nces.ed.gov/ccd/|https://app3.doe.k12.ga.us/ows-bin/owa/main_pack_fcl099.entry_form,,stub
Midway Middle School,130330002504,Liberty County Schools,Hinesville,GA,traditional,middle,,(912)884-6677,,,,,,,,,,,,,https://educationdata.urban.org/api/v1/schools/ccd/directory/2023/?fips=13|https://nces.ed.gov/ccd/|https://app3.doe.k12.ga.us/ows-bin/owa/main_pack_fcl099.entry_form,,stub
Snelson-Golden Middle School,130330001007,Liberty County Schools,Hinesville,GA,traditional,middle,,(912)877-3112,,,,,,,,,,,,,https://educationdata.urban.org/api/v1/schools/ccd/directory/2023/?fips=13|https://nces.ed.gov/ccd/|https://app3.doe.k12.ga.us/ows-bin/owa/main_pack_fcl099.entry_form,,stub
Taylors Creek Elementary School,130330000436,Liberty County Schools,Hinesville,GA,traditional,elementary,,(912)369-0378,,,,,,,,,,,,,https://educationdata.urban.org/api/v1/schools/ccd/directory/2023/?fips=13|https://nces.ed.gov/ccd/|https://app3.doe.k12.ga.us/ows-bin/owa/main_pack_fcl099.entry_form,,stub
Waldo Pafford Elementary School,130330002406,Liberty County Schools,Hinesville,GA,traditional,elementary,,(912)877-4188,,,,,,,,,,,,,https://educationdata.urban.org/api/v1/schools/ccd/directory/2023/?fips=13|https://nces.ed.gov/ccd/|https://app3.doe.k12.ga.us/ows-bin/owa/main_pack_fcl099.entry_form,,stub
Lincoln County Elementary School,130333001308,Lincoln County Schools,Augusta,GA,traditional,elementary,,(706)359-3449,,,,,,,,,,,,,https://educationdata.urban.org/api/v1/schools/ccd/directory/2023/?fips=13|https://nces.ed.gov/ccd/|https://app3.doe.k12.ga.us/ows-bin/owa/main_pack_fcl099.entry_form,,stub
Lincoln County High School,130333002408,Lincoln County Schools,Augusta,GA,traditional,high,https://lchs.lincolncountyschools.org/,(706)359-3121,,Stephanie Jordan,Principal,sjordan@lcboe.us,(706) 359-3121,India Freeman,ifreeman@lcboe.us,,,,,,https://educationdata.urban.org/api/v1/schools/ccd/directory/2023/?fips=13|https://nces.ed.gov/ccd/|https://app3.doe.k12.ga.us/ows-bin/owa/main_pack_fcl099.entry_form|https://lchs.lincolncountyschools.org/staff|https://lchs.lincolncountyschools.org/,2026-09-07,verified
Lincoln County Middle School,130333002407,Lincoln County Schools,Augusta,GA,traditional,middle,,(706)359-3069,,,,,,,,,,,,,https://educationdata.urban.org/api/v1/schools/ccd/directory/2023/?fips=13|https://nces.ed.gov/ccd/|https://app3.doe.k12.ga.us/ows-bin/owa/main_pack_fcl099.entry_form,,stub
Long County High School,130336001371,Long County Schools,Hinesville,GA,traditional,high,,(912)545-2135,,,,,,,,,,,,,https://educationdata.urban.org/api/v1/schools/ccd/directory/2023/?fips=13|https://nces.ed.gov/ccd/|https://app3.doe.k12.ga.us/ows-bin/owa/main_pack_fcl099.entry_form,,stub
Long County Middle School,130336004120,Long County Schools,Hinesville,GA,traditional,middle,,(912)545-2069,,,,,,,,,,,,,https://educationdata.urban.org/api/v1/schools/ccd/directory/2023/?fips=13|https://nces.ed.gov/ccd/|https://app3.doe.k12.ga.us/ows-bin/owa/main_pack_fcl099.entry_form,,stub
McClelland Elementary School,130336004323,Long County Schools,Hinesville,GA,traditional,elementary,,(912)545-7910,,,,,,,,,,,,,https://educationdata.urban.org/api/v1/schools/ccd/directory/2023/?fips=13|https://nces.ed.gov/ccd/|https://app3.doe.k12.ga.us/ows-bin/owa/main_pack_fcl099.entry_form,,stub
Smiley Elementary School,130336002409,Long County Schools,Hinesville,GA,traditional,elementary,,(912)545-2147,,,,,,,,,,,,,https://educationdata.urban.org/api/v1/schools/ccd/directory/2023/?fips=13|https://nces.ed.gov/ccd/|https://app3.doe.k12.ga.us/ows-bin/owa/main_pack_fcl099.entry_form,,stub
Clyattville Elementary School,130339001316,Lowndes County Schools,Valdosta,GA,traditional,elementary,,(229)316-8602,,,,,,,,,,,,,https://educationdata.urban.org/api/v1/schools/ccd/directory/2023/?fips=13|https://nces.ed.gov/ccd/|https://app3.doe.k12.ga.us/ows-bin/owa/main_pack_fcl099.entry_form,,stub
Dewar Elementary,130339002410,Lowndes County Schools,Valdosta,GA,traditional,elementary,,(229)219-1370,,,,,,,,,,,,,https://educationdata.urban.org/api/v1/schools/ccd/directory/2023/?fips=13|https://nces.ed.gov/ccd/|https://app3.doe.k12.ga.us/ows-bin/owa/main_pack_fcl099.entry_form,,stub
Hahira Elementary School,130339001314,Lowndes County Schools,Valdosta,GA,traditional,elementary,,(229)316-8600,,,,,,,,,,,,,https://educationdata.urban.org/api/v1/schools/ccd/directory/2023/?fips=13|https://nces.ed.gov/ccd/|https://app3.doe.k12.ga.us/ows-bin/owa/main_pack_fcl099.entry_form,,stub
Hahira Middle School,130339001313,Lowndes County Schools,Valdosta,GA,traditional,middle,,(229)316-8601,,,,,,,,,,,,,https://educationdata.urban.org/api/v1/schools/ccd/directory/2023/?fips=13|https://nces.ed.gov/ccd/|https://app3.doe.k12.ga.us/ows-bin/owa/main_pack_fcl099.entry_form,,stub
Lake Park Elementary School,130339001311,Lowndes County Schools,Valdosta,GA,traditional,elementary,,(229)316-8603,,,,,,,,,,,,,https://educationdata.urban.org/api/v1/schools/ccd/directory/2023/?fips=13|https://nces.ed.gov/ccd/|https://app3.doe.k12.ga.us/ows-bin/owa/main_pack_fcl099.entry_form,,stub
Lowndes High School,130339001310,Lowndes County Schools,Valdosta,GA,traditional,high,https://lhs.lowndes.k12.ga.us/o/lhs,(229)245-2260,,Krista Pearson,Principal,kristapearson@lowndes.k12.ga.us,(229) 245-2260,,,,,,,,https://lhs.lowndes.k12.ga.us/o/lhs/page/administrators|https://www.lowndes.k12.ga.us/o/lcs/page/dexter-mosely-act,2026-09-07,verified
Lowndes Middle School,130339001315,Lowndes County Schools,Valdosta,GA,traditional,middle,,(229)245-2280,,,,,,,,,,,,,https://educationdata.urban.org/api/v1/schools/ccd/directory/2023/?fips=13|https://nces.ed.gov/ccd/|https://app3.doe.k12.ga.us/ows-bin/owa/main_pack_fcl099.entry_form,,stub
Moulton-Branch Elementary School,130339001010,Lowndes County Schools,Valdosta,GA,traditional,elementary,,(229)245-2294,,,,,,,,,,,,,https://educationdata.urban.org/api/v1/schools/ccd/directory/2023/?fips=13|https://nces.ed.gov/ccd/|https://app3.doe.k12.ga.us/ows-bin/owa/main_pack_fcl099.entry_form,,stub
Pine Grove Elementary School,130339001317,Lowndes County Schools,Valdosta,GA,traditional,elementary,,(229)245-2297,,,,,,,,,,,,,https://educationdata.urban.org/api/v1/schools/ccd/directory/2023/?fips=13|https://nces.ed.gov/ccd/|https://app3.doe.k12.ga.us/ows-bin/owa/main_pack_fcl099.entry_form,,stub
Pine Grove Middle School,130339003904,Lowndes County Schools,Valdosta,GA,traditional,middle,,(229)219-3234,,,,,,,,,,,,,https://educationdata.urban.org/api/v1/schools/ccd/directory/2023/?fips=13|https://nces.ed.gov/ccd/|https://app3.doe.k12.ga.us/ows-bin/owa/main_pack_fcl099.entry_form,,stub
Westside Elementary School,130339003788,Lowndes County Schools,Valdosta,GA,traditional,elementary,,(229)245-2289,,,,,,,,,,,,,https://educationdata.urban.org/api/v1/schools/ccd/directory/2023/?fips=13|https://nces.ed.gov/ccd/|https://app3.doe.k12.ga.us/ows-bin/owa/main_pack_fcl099.entry_form,,stub
Blackburn Elementary School,130342002581,Lumpkin County Schools,Atlanta,GA,traditional,elementary,,(706)864-8180,,,,,,,,,,,,,https://educationdata.urban.org/api/v1/schools/ccd/directory/2023/?fips=13|https://nces.ed.gov/ccd/|https://app3.doe.k12.ga.us/ows-bin/owa/main_pack_fcl099.entry_form,,stub
Cottrell Elementary School,130342001321,Lumpkin County Schools,Atlanta,GA,traditional,elementary,,(706)864-3254,,,,,,,,,,,,,https://educationdata.urban.org/api/v1/schools/ccd/directory/2023/?fips=13|https://nces.ed.gov/ccd/|https://app3.doe.k12.ga.us/ows-bin/owa/main_pack_fcl099.entry_form,,stub
Long Branch Elementary School,130342002139,Lumpkin County Schools,Atlanta,GA,traditional,elementary,,(706)864-5361,,,,,,,,,,,,,https://educationdata.urban.org/api/v1/schools/ccd/directory/2023/?fips=13|https://nces.ed.gov/ccd/|https://app3.doe.k12.ga.us/ows-bin/owa/main_pack_fcl099.entry_form,,stub
Lumpkin County High School,130342002505,Lumpkin County Schools,Atlanta,GA,traditional,high,https://lchs.lumpkinschools.com/,(706)864-6186,,Brian Matthews,Principal,brian.matthews@lumpkinschools.com,(706)864-6186,,,,,,,,lumpkinschools.com/o/lumpkin-high/staff (Brian Matthews Principal + brian.matthews@lumpkinschools.com); Aug 2026 BOE recognition with Principal Brian Matthews,2026-09-07,verified
Lumpkin County Middle School,130342001319,Lumpkin County Schools,Atlanta,GA,traditional,middle,,(706)864-6180,,,,,,,,,,,,,https://educationdata.urban.org/api/v1/schools/ccd/directory/2023/?fips=13|https://nces.ed.gov/ccd/|https://app3.doe.k12.ga.us/ows-bin/owa/main_pack_fcl099.entry_form,,stub
Macon County Elementary School,130345002218,Macon County Schools,Rural Middle Georgia,GA,traditional,elementary,,(478)472-6563,,,,,,,,,,,,,https://educationdata.urban.org/api/v1/schools/ccd/directory/2023/?fips=13|https://nces.ed.gov/ccd/|https://app3.doe.k12.ga.us/ows-bin/owa/main_pack_fcl099.entry_form,,stub
Macon County High School,130345001322,Macon County Schools,Rural Middle Georgia,GA,traditional,high,,(478)472-8579,,,,,,,,,,,,,https://educationdata.urban.org/api/v1/schools/ccd/directory/2023/?fips=13|https://nces.ed.gov/ccd/|https://app3.doe.k12.ga.us/ows-bin/owa/main_pack_fcl099.entry_form,,stub
Macon County Middle School,130345001329,Macon County Schools,Rural Middle Georgia,GA,traditional,middle,,(478)472-7045,,,,,,,,,,,,,https://educationdata.urban.org/api/v1/schools/ccd/directory/2023/?fips=13|https://nces.ed.gov/ccd/|https://app3.doe.k12.ga.us/ows-bin/owa/main_pack_fcl099.entry_form,,stub
Colbert Elementary School,130348001330,Madison County Schools,Athens,GA,traditional,elementary,,(706)788-2341,,,,,,,,,,,,,https://educationdata.urban.org/api/v1/schools/ccd/directory/2023/?fips=13|https://nces.ed.gov/ccd/|https://app3.doe.k12.ga.us/ows-bin/owa/main_pack_fcl099.entry_form,,stub
Comer Elementary School,130348001331,Madison County Schools,Athens,GA,traditional,elementary,,(706)783-2797,,,,,,,,,,,,,https://educationdata.urban.org/api/v1/schools/ccd/directory/2023/?fips=13|https://nces.ed.gov/ccd/|https://app3.doe.k12.ga.us/ows-bin/owa/main_pack_fcl099.entry_form,,stub
Danielsville Elementary School,130348001335,Madison County Schools,Athens,GA,traditional,elementary,,(706)795-2181,,,,,,,,,,,,,https://educationdata.urban.org/api/v1/schools/ccd/directory/2023/?fips=13|https://nces.ed.gov/ccd/|https://app3.doe.k12.ga.us/ows-bin/owa/main_pack_fcl099.entry_form,,stub
Hull-Sanford Elementary School,130348002411,Madison County Schools,Athens,GA,traditional,elementary,,(706)353-7888,,,,,,,,,,,,,https://educationdata.urban.org/api/v1/schools/ccd/directory/2023/?fips=13|https://nces.ed.gov/ccd/|https://app3.doe.k12.ga.us/ows-bin/owa/main_pack_fcl099.entry_form,,stub
Ila Elementary School,130348001334,Madison County Schools,Athens,GA,traditional,elementary,,(706)789-3445,,,,,,,,,,,,,https://educationdata.urban.org/api/v1/schools/ccd/directory/2023/?fips=13|https://nces.ed.gov/ccd/|https://app3.doe.k12.ga.us/ows-bin/owa/main_pack_fcl099.entry_form,,stub
Madison County High School,130348001333,Madison County Schools,Athens,GA,traditional,high,https://www.madison.k12.ga.us/o/mch/,(706)795-2197,,Dr. Melissa Conway,Principal,,,,,,,,,,https://educationdata.urban.org/api/v1/schools/ccd/directory/2023/?fips=13|https://nces.ed.gov/ccd/|https://app3.doe.k12.ga.us/ows-bin/owa/main_pack_fcl099.entry_form|https://www.madison.k12.ga.us/o/mch/page/school-governance|https://www.madison.k12.ga.us/o/mch/page/school-administrators,2026-09-07,verified
Madison County Middle School,130348001332,Madison County Schools,Athens,GA,traditional,middle,,(706)783-2400,,,,,,,,,,,,,https://educationdata.urban.org/api/v1/schools/ccd/directory/2023/?fips=13|https://nces.ed.gov/ccd/|https://app3.doe.k12.ga.us/ows-bin/owa/main_pack_fcl099.entry_form,,stub
A.L. Burruss Elementary School,130351001338,Marietta City Schools,Atlanta,GA,traditional,elementary,,(770)429-3144,,,,,,,,,,,,,https://educationdata.urban.org/api/v1/schools/ccd/directory/2023/?fips=13|https://nces.ed.gov/ccd/|https://app3.doe.k12.ga.us/ows-bin/owa/main_pack_fcl099.entry_form,,stub
Dunleith Elementary School,130351000763,Marietta City Schools,Atlanta,GA,traditional,elementary,,(770)429-3190,,,,,,,,,,,,,https://educationdata.urban.org/api/v1/schools/ccd/directory/2023/?fips=13|https://nces.ed.gov/ccd/|https://app3.doe.k12.ga.us/ows-bin/owa/main_pack_fcl099.entry_form,,stub
Emily Lembeck Early Learning Center,130351004304,Marietta City Schools,Atlanta,GA,traditional,elementary,,(770)422-3500,,,,,,,,,,,,,https://educationdata.urban.org/api/v1/schools/ccd/directory/2023/?fips=13|https://nces.ed.gov/ccd/|https://app3.doe.k12.ga.us/ows-bin/owa/main_pack_fcl099.entry_form,,stub
George W. Hartmann Center,130351003700,Marietta City Schools,Atlanta,GA,traditional,high,,(770)971-7801,,,,,,,,,,,,,https://educationdata.urban.org/api/v1/schools/ccd/directory/2023/?fips=13|https://nces.ed.gov/ccd/|https://app3.doe.k12.ga.us/ows-bin/owa/main_pack_fcl099.entry_form,,stub
Hickory Hills Elementary School,130351001345,Marietta City Schools,Atlanta,GA,traditional,elementary,,(770)429-3125,,,,,,,,,,,,,https://educationdata.urban.org/api/v1/schools/ccd/directory/2023/?fips=13|https://nces.ed.gov/ccd/|https://app3.doe.k12.ga.us/ows-bin/owa/main_pack_fcl099.entry_form,,stub
Lockheed Elementary School,130351000767,Marietta City Schools,Atlanta,GA,traditional,elementary,,(770)429-3196,,,,,,,,,,,,,https://educationdata.urban.org/api/v1/schools/ccd/directory/2023/?fips=13|https://nces.ed.gov/ccd/|https://app3.doe.k12.ga.us/ows-bin/owa/main_pack_fcl099.entry_form,,stub
Marietta Center for Advanced Academics,130351003480,Marietta City Schools,Atlanta,GA,traditional,elementary,,(770)420-0822,,,,,,,,,,,,,https://educationdata.urban.org/api/v1/schools/ccd/directory/2023/?fips=13|https://nces.ed.gov/ccd/|https://app3.doe.k12.ga.us/ows-bin/owa/main_pack_fcl099.entry_form,,stub
Marietta High School,130351001342,Marietta City Schools,Atlanta,GA,traditional,high,https://mhs.marietta-city.org/,(770)428-2631,,Dr. Marvin Crumbs,Principal,mcrumbs@marietta-city.k12.ga.us,,,,,,,,,https://www.marietta-city.org/our-district1/our-schools|https://mhs.marietta-city.org/our-school/meet-the-principal|https://mhs.marietta-city.org/our-school/sgt-school-governance-team,2026-09-07,verified
Marietta Middle School,130351001339,Marietta City Schools,Atlanta,GA,traditional,middle,,(770)422-0311,,,,,,,,,,,,,https://educationdata.urban.org/api/v1/schools/ccd/directory/2023/?fips=13|https://nces.ed.gov/ccd/|https://app3.doe.k12.ga.us/ows-bin/owa/main_pack_fcl099.entry_form,,stub
Marietta Sixth Grade Academy,130351002621,Marietta City Schools,Atlanta,GA,traditional,middle,,(770)429-3115,,,,,,,,,,,,,https://educationdata.urban.org/api/v1/schools/ccd/directory/2023/?fips=13|https://nces.ed.gov/ccd/|https://app3.doe.k12.ga.us/ows-bin/owa/main_pack_fcl099.entry_form,,stub
Park Street Elementary School,130351001337,Marietta City Schools,Atlanta,GA,traditional,elementary,,(770)429-3180,,,,,,,,,,,,,https://educationdata.urban.org/api/v1/schools/ccd/directory/2023/?fips=13|https://nces.ed.gov/ccd/|https://app3.doe.k12.ga.us/ows-bin/owa/main_pack_fcl099.entry_form,,stub
Sawyer Road Elementary School,130351003479,Marietta City Schools,Atlanta,GA,traditional,elementary,,(770)429-9923,,,,,,,,,,,,,https://educationdata.urban.org/api/v1/schools/ccd/directory/2023/?fips=13|https://nces.ed.gov/ccd/|https://app3.doe.k12.ga.us/ows-bin/owa/main_pack_fcl099.entry_form,,stub
West Side Elementary School,130351001341,Marietta City Schools,Atlanta,GA,traditional,elementary,,(770)429-3172,,,,,,,,,,,,,https://educationdata.urban.org/api/v1/schools/ccd/directory/2023/?fips=13|https://nces.ed.gov/ccd/|https://app3.doe.k12.ga.us/ows-bin/owa/main_pack_fcl099.entry_form,,stub
L. K. Moss Elementary School,130354002219,Marion County Schools,Columbus,GA,traditional,elementary,,(229)649-5567,,,,,,,,,,,,,https://educationdata.urban.org/api/v1/schools/ccd/directory/2023/?fips=13|https://nces.ed.gov/ccd/|https://app3.doe.k12.ga.us/ows-bin/owa/main_pack_fcl099.entry_form,,stub
Marion County Middle/High School,130354001346,Marion County Schools,Columbus,GA,traditional,high,,(229)649-7520,,,,,,,,,,,,,https://educationdata.urban.org/api/v1/schools/ccd/directory/2023/?fips=13|https://nces.ed.gov/ccd/|https://app3.doe.k12.ga.us/ows-bin/owa/main_pack_fcl099.entry_form,,stub
Dearing Elementary School,130357002140,McDuffie County School System,Augusta,GA,traditional,elementary,,(706)986-4900,,,,,,,,,,,,,https://educationdata.urban.org/api/v1/schools/ccd/directory/2023/?fips=13|https://nces.ed.gov/ccd/|https://app3.doe.k12.ga.us/ows-bin/owa/main_pack_fcl099.entry_form,,stub
Maxwell Elementary School,130357001349,McDuffie County School System,Augusta,GA,traditional,elementary,,(706)986-4800,,,,,,,,,,,,,https://educationdata.urban.org/api/v1/schools/ccd/directory/2023/?fips=13|https://nces.ed.gov/ccd/|https://app3.doe.k12.ga.us/ows-bin/owa/main_pack_fcl099.entry_form,,stub
Norris Elementary School,130357000459,McDuffie County School System,Augusta,GA,traditional,elementary,,(706)986-4600,,,,,,,,,,,,,https://educationdata.urban.org/api/v1/schools/ccd/directory/2023/?fips=13|https://nces.ed.gov/ccd/|https://app3.doe.k12.ga.us/ows-bin/owa/main_pack_fcl099.entry_form,,stub
Thomson Elementary School,130357001353,McDuffie County School System,Augusta,GA,traditional,elementary,,(706)986-4700,,,,,,,,,,,,,https://educationdata.urban.org/api/v1/schools/ccd/directory/2023/?fips=13|https://nces.ed.gov/ccd/|https://app3.doe.k12.ga.us/ows-bin/owa/main_pack_fcl099.entry_form,,stub
Thomson High School,130357002183,McDuffie County School System,Augusta,GA,traditional,high,https://ths.mcduffie.k12.ga.us/,(706)986-4200,,Dr. Sonya Strong,Principal,,,,,,,,,,https://educationdata.urban.org/api/v1/schools/ccd/directory/2023/?fips=13|https://nces.ed.gov/ccd/|https://app3.doe.k12.ga.us/ows-bin/owa/main_pack_fcl099.entry_form|https://ths.mcduffie.k12.ga.us/|https://www.mcduffie.k12.ga.us/apps/news/article/1886205,2026-09-07,verified
Thomson-McDuffie Middle School,130357003737,McDuffie County School System,Augusta,GA,traditional,middle,,(706)986-4300,,,,,,,,,,,,,https://educationdata.urban.org/api/v1/schools/ccd/directory/2023/?fips=13|https://nces.ed.gov/ccd/|https://app3.doe.k12.ga.us/ows-bin/owa/main_pack_fcl099.entry_form,,stub
McIntosh Academy,130360002413,McIntosh County Schools,Brunswick,GA,traditional,high,,(912)437-6691,,,,,,,,,,,,,https://educationdata.urban.org/api/v1/schools/ccd/directory/2023/?fips=13|https://nces.ed.gov/ccd/|https://app3.doe.k12.ga.us/ows-bin/owa/main_pack_fcl099.entry_form,,stub
McIntosh County Middle School,130360002412,McIntosh County Schools,Brunswick,GA,traditional,middle,,(912)437-6685,,,,,,,,,,,,,https://educationdata.urban.org/api/v1/schools/ccd/directory/2023/?fips=13|https://nces.ed.gov/ccd/|https://app3.doe.k12.ga.us/ows-bin/owa/main_pack_fcl099.entry_form,,stub
Todd Grant Elementary School,130360001356,McIntosh County Schools,Brunswick,GA,traditional,elementary,,(912)437-6675,,,,,,,,,,,,,https://educationdata.urban.org/api/v1/schools/ccd/directory/2023/?fips=13|https://nces.ed.gov/ccd/|https://app3.doe.k12.ga.us/ows-bin/owa/main_pack_fcl099.entry_form,,stub
Good Sheperd Therapeutic Center,130363003633,Meriwether County Schools,Atlanta,GA,traditional,high,https://sites.google.com/mcssga.org/mcss/contact-us,(706)655-2354,,Lee Riley,Alternative School Director,,(706)655-2354,,,,,,,,MCSS Contact Us (Alternative Programs Director: Mr. Lee Riley); MCSS student handbook Alternative Programs Director Lee Riley,2026-09-07,verified
Greenville High School,130363001364,Meriwether County Schools,Atlanta,GA,traditional,high,https://sites.google.com/mcssga.org/mcss/contact-us,(706)672-4930,,Thaddeus Jackson,Principal,,(706)672-4930,,,,,,,,sites.google.com/mcssga.org/mcss/contact-us (Greenville High Principal Mr. Thaddeus Jackson),2026-09-07,verified
Greenville Middle School,130363004238,Meriwether County Schools,Atlanta,GA,traditional,middle,,(706)672-4930,,,,,,,,,,,,,https://educationdata.urban.org/api/v1/schools/ccd/directory/2023/?fips=13|https://nces.ed.gov/ccd/|https://app3.doe.k12.ga.us/ows-bin/owa/main_pack_fcl099.entry_form,,stub
Manchester High School,130363001362,Meriwether County Schools,Atlanta,GA,traditional,high,https://mhs.mcssga.org/,(706)846-8445,,Dr. Melanie Smith,Principal,,(706)846-8445,,,,,,,,"mhs.mcssga.org/staff-directory/ (Smith, Dr. Melanie Principal); MCSS Contact Us (Manchester High Principal Dr. Melanie Smith)",2026-09-07,verified
Manchester Middle School,130363001361,Meriwether County Schools,Atlanta,GA,traditional,middle,,(706)846-2846,,,,,,,,,,,,,https://educationdata.urban.org/api/v1/schools/ccd/directory/2023/?fips=13|https://nces.ed.gov/ccd/|https://app3.doe.k12.ga.us/ows-bin/owa/main_pack_fcl099.entry_form,,stub
Mountain View Elementary School,130363002335,Meriwether County Schools,Atlanta,GA,traditional,elementary,,(706)655-3969,,,,,,,,,,,,,https://educationdata.urban.org/api/v1/schools/ccd/directory/2023/?fips=13|https://nces.ed.gov/ccd/|https://app3.doe.k12.ga.us/ows-bin/owa/main_pack_fcl099.entry_form,,stub
Unity Elementary School (PK-5),130363002334,Meriwether County Schools,Atlanta,GA,traditional,elementary,,(770)927-6488,,,,,,,,,,,,,https://educationdata.urban.org/api/v1/schools/ccd/directory/2023/?fips=13|https://nces.ed.gov/ccd/|https://app3.doe.k12.ga.us/ows-bin/owa/main_pack_fcl099.entry_form,,stub
Miller County Elementary School,130366001368,Miller County Schools,Rural SW Georgia,GA,traditional,elementary,,(229)758-4140,,,,,,,,,,,,,https://educationdata.urban.org/api/v1/schools/ccd/directory/2023/?fips=13|https://nces.ed.gov/ccd/|https://app3.doe.k12.ga.us/ows-bin/owa/main_pack_fcl099.entry_form,,stub
Miller County High School,130366002415,Miller County Schools,Rural SW Georgia,GA,traditional,high,,(229)758-4130,,,,,,,,,,,,,https://educationdata.urban.org/api/v1/schools/ccd/directory/2023/?fips=13|https://nces.ed.gov/ccd/|https://app3.doe.k12.ga.us/ows-bin/owa/main_pack_fcl099.entry_form,,stub
Miller County Middle School,130366002414,Miller County Schools,Rural SW Georgia,GA,traditional,middle,,(229)758-4131,,,,,,,,,,,,,https://educationdata.urban.org/api/v1/schools/ccd/directory/2023/?fips=13|https://nces.ed.gov/ccd/|https://app3.doe.k12.ga.us/ows-bin/owa/main_pack_fcl099.entry_form,,stub
Mitchell County Elementary School,130369003832,Mitchell County Schools,Rural SW Georgia,GA,traditional,elementary,,(229)321-7004,,,,,,,,,,,,,https://educationdata.urban.org/api/v1/schools/ccd/directory/2023/?fips=13|https://nces.ed.gov/ccd/|https://app3.doe.k12.ga.us/ows-bin/owa/main_pack_fcl099.entry_form,,stub
Mitchell County High School,130369001912,Mitchell County Schools,Rural SW Georgia,GA,traditional,high,,(229)336-0970,,,,,,,,,,,,,https://educationdata.urban.org/api/v1/schools/ccd/directory/2023/?fips=13|https://nces.ed.gov/ccd/|https://app3.doe.k12.ga.us/ows-bin/owa/main_pack_fcl099.entry_form,,stub
Mitchell County Middle School,130369001744,Mitchell County Schools,Rural SW Georgia,GA,traditional,middle,,(229)321-7005,,,,,,,,,,,,,https://educationdata.urban.org/api/v1/schools/ccd/directory/2023/?fips=13|https://nces.ed.gov/ccd/|https://app3.doe.k12.ga.us/ows-bin/owa/main_pack_fcl099.entry_form,,stub
Mitchell County Primary School,130369002220,Mitchell County Schools,Rural SW Georgia,GA,traditional,elementary,,(229)321-7003,,,,,,,,,,,,,https://educationdata.urban.org/api/v1/schools/ccd/directory/2023/?fips=13|https://nces.ed.gov/ccd/|https://app3.doe.k12.ga.us/ows-bin/owa/main_pack_fcl099.entry_form,,stub
Katherine B. Sutton Elementary School,130372003839,Monroe County Schools,Macon,GA,traditional,elementary,,(478)994-9906,,,,,,,,,,,,,https://educationdata.urban.org/api/v1/schools/ccd/directory/2023/?fips=13|https://nces.ed.gov/ccd/|https://app3.doe.k12.ga.us/ows-bin/owa/main_pack_fcl099.entry_form,,stub
Mary Persons High School,130372001373,Monroe County Schools,Macon,GA,traditional,high,https://mphs.monroe.k12.ga.us/,(478)994-2812,,Sherondah Epps,Principal,,,,,,,,,,https://educationdata.urban.org/api/v1/schools/ccd/directory/2023/?fips=13|https://nces.ed.gov/ccd/|https://app3.doe.k12.ga.us/ows-bin/owa/main_pack_fcl099.entry_form|https://mphs.monroe.k12.ga.us/|https://mphs.monroe.k12.ga.us/o/mphs/page/mphs-student-handbook|https://www.monroe.k12.ga.us/o/athletics/staff,2026-09-07,verified
Monroe County Middle School- Banks Stephens Campus,130372004065,Monroe County Schools,Macon,GA,traditional,middle,,(478)994-6186,,,,,,,,,,,,,https://educationdata.urban.org/api/v1/schools/ccd/directory/2023/?fips=13|https://nces.ed.gov/ccd/|https://app3.doe.k12.ga.us/ows-bin/owa/main_pack_fcl099.entry_form,,stub
Samuel E. Hubbard Elementary School,130372001374,Monroe County Schools,Macon,GA,traditional,elementary,,(478)994-7066,,,,,,,,,,,,,https://educationdata.urban.org/api/v1/schools/ccd/directory/2023/?fips=13|https://nces.ed.gov/ccd/|https://app3.doe.k12.ga.us/ows-bin/owa/main_pack_fcl099.entry_form,,stub
T.G. Scott Elementary School,130372003430,Monroe County Schools,Macon,GA,traditional,elementary,,(478)994-3495,,,,,,,,,,,,,https://educationdata.urban.org/api/v1/schools/ccd/directory/2023/?fips=13|https://nces.ed.gov/ccd/|https://app3.doe.k12.ga.us/ows-bin/owa/main_pack_fcl099.entry_form,,stub
Montgomery County Elementary School,130375003432,Montgomery County Schools,Vidalia,GA,traditional,elementary,,(912)583-2279,,,,,,,,,,,,,https://educationdata.urban.org/api/v1/schools/ccd/directory/2023/?fips=13|https://nces.ed.gov/ccd/|https://app3.doe.k12.ga.us/ows-bin/owa/main_pack_fcl099.entry_form,,stub
Montgomery County High School,130375002418,Montgomery County Schools,Vidalia,GA,traditional,high,,(912)583-2296,,,,,,,,,,,,,https://educationdata.urban.org/api/v1/schools/ccd/directory/2023/?fips=13|https://nces.ed.gov/ccd/|https://app3.doe.k12.ga.us/ows-bin/owa/main_pack_fcl099.entry_form,,stub
Montgomery County Middle School,130375002417,Montgomery County Schools,Vidalia,GA,traditional,middle,,(912)583-2351,,,,,,,,,,,,,https://educationdata.urban.org/api/v1/schools/ccd/directory/2023/?fips=13|https://nces.ed.gov/ccd/|https://app3.doe.k12.ga.us/ows-bin/owa/main_pack_fcl099.entry_form,,stub
Morgan County Elementary School,130378002141,Morgan County Schools,Atlanta,GA,traditional,elementary,,(706)342-5039,,,,,,,,,,,,,https://educationdata.urban.org/api/v1/schools/ccd/directory/2023/?fips=13|https://nces.ed.gov/ccd/|https://app3.doe.k12.ga.us/ows-bin/owa/main_pack_fcl099.entry_form,,stub
Morgan County High School,130378001378,Morgan County Schools,Atlanta,GA,traditional,high,https://www.morgan.k12.ga.us/o/mchs,(706)752-4900,,Noah Harrell,Principal,,(706)752-4900,,,,,,,,morgan.k12.ga.us article 2888593 Morgan County Charter Schools Announces High School Principal (Noah Harrell); follow-up article 2957131 quotes Principal Noah Harrell,2026-09-07,verified
Morgan County Middle School,130378001379,Morgan County Schools,Atlanta,GA,traditional,middle,,(706)752-4800,,,,,,,,,,,,,https://educationdata.urban.org/api/v1/schools/ccd/directory/2023/?fips=13|https://nces.ed.gov/ccd/|https://app3.doe.k12.ga.us/ows-bin/owa/main_pack_fcl099.entry_form,,stub
Morgan County Primary School,130378001380,Morgan County Schools,Atlanta,GA,traditional,elementary,,(706)752-4700,,,,,,,,,,,,,https://educationdata.urban.org/api/v1/schools/ccd/directory/2023/?fips=13|https://nces.ed.gov/ccd/|https://app3.doe.k12.ga.us/ows-bin/owa/main_pack_fcl099.entry_form,,stub
Bagley Middle School,130384002086,Murray County Schools,Dalton,GA,traditional,middle,,(706)695-1115,,,,,,,,,,,,,https://educationdata.urban.org/api/v1/schools/ccd/directory/2023/?fips=13|https://nces.ed.gov/ccd/|https://app3.doe.k12.ga.us/ows-bin/owa/main_pack_fcl099.entry_form,,stub
Chatsworth Elementary School,130384001384,Murray County Schools,Dalton,GA,traditional,elementary,,(706)695-2434,,,,,,,,,,,,,https://educationdata.urban.org/api/v1/schools/ccd/directory/2023/?fips=13|https://nces.ed.gov/ccd/|https://app3.doe.k12.ga.us/ows-bin/owa/main_pack_fcl099.entry_form,,stub
Coker Elementary School,130384001012,Murray County Schools,Dalton,GA,traditional,elementary,,(706)695-0888,,,,,,,,,,,,,https://educationdata.urban.org/api/v1/schools/ccd/directory/2023/?fips=13|https://nces.ed.gov/ccd/|https://app3.doe.k12.ga.us/ows-bin/owa/main_pack_fcl099.entry_form,,stub
Eton Elementary School,130384002221,Murray County Schools,Dalton,GA,traditional,elementary,,(706)695-3207,,,,,,,,,,,,,https://educationdata.urban.org/api/v1/schools/ccd/directory/2023/?fips=13|https://nces.ed.gov/ccd/|https://app3.doe.k12.ga.us/ows-bin/owa/main_pack_fcl099.entry_form,,stub
Gladden Middle School,130384001386,Murray County Schools,Dalton,GA,traditional,middle,,(706)695-7448,,,,,,,,,,,,,https://educationdata.urban.org/api/v1/schools/ccd/directory/2023/?fips=13|https://nces.ed.gov/ccd/|https://app3.doe.k12.ga.us/ows-bin/owa/main_pack_fcl099.entry_form,,stub
Murray County High School,130384001381,Murray County Schools,Dalton,GA,traditional,high,https://www.murrayhigh.murray.k12.ga.us/,(706)695-1414,,Andrea Morrow,Principal,andrea.morrow@murray.k12.ga.us,(706) 695-1414,,,,,,,,https://www.murrayhigh.murray.k12.ga.us/staff,2026-09-07,verified
North Murray High School,130384003849,Murray County Schools,Dalton,GA,traditional,high,https://www.bagley.murray.k12.ga.us/o/nmhs,(706)695-7760,,Dr. Daphne Winkler,Principal,,(706) 695-7760,,,,,,,,https://www.murray.k12.ga.us/article/1684654|https://www.bagley.murray.k12.ga.us/o/nmhs/live-feed,2026-09-07,verified
Northwest Elementary School,130384001385,Murray County Schools,Dalton,GA,traditional,elementary,,(706)695-2262,,,,,,,,,,,,,https://educationdata.urban.org/api/v1/schools/ccd/directory/2023/?fips=13|https://nces.ed.gov/ccd/|https://app3.doe.k12.ga.us/ows-bin/owa/main_pack_fcl099.entry_form,,stub
Pleasant Valley Innovative School,130384003574,Murray County Schools,Dalton,GA,traditional,high,,(706)517-5355,,,,,,,,,,,,,https://educationdata.urban.org/api/v1/schools/ccd/directory/2023/?fips=13|https://nces.ed.gov/ccd/|https://app3.doe.k12.ga.us/ows-bin/owa/main_pack_fcl099.entry_form,,stub
Spring Place Elementary School,130384001383,Murray County Schools,Dalton,GA,traditional,elementary,,(706)695-2525,,,,,,,,,,,,,https://educationdata.urban.org/api/v1/schools/ccd/directory/2023/?fips=13|https://nces.ed.gov/ccd/|https://app3.doe.k12.ga.us/ows-bin/owa/main_pack_fcl099.entry_form,,stub
Woodlawn Elementary School,130384003434,Murray County Schools,Dalton,GA,traditional,elementary,,(706)517-5213,,,,,,,,,,,,,https://educationdata.urban.org/api/v1/schools/ccd/directory/2023/?fips=13|https://nces.ed.gov/ccd/|https://app3.doe.k12.ga.us/ows-bin/owa/main_pack_fcl099.entry_form,,stub
Aaron Cohn Middle School,130387004127,Muscogee County Schools,Columbus,GA,traditional,middle,,(706)569-3801,,,,,,,,,,,,,https://educationdata.urban.org/api/v1/schools/ccd/directory/2023/?fips=13|https://nces.ed.gov/ccd/|https://app3.doe.k12.ga.us/ows-bin/owa/main_pack_fcl099.entry_form,,stub
Allen Elementary School,130387001446,Muscogee County Schools,Columbus,GA,traditional,elementary,,(706)748-2418,,,,,,,,,,,,,https://educationdata.urban.org/api/v1/schools/ccd/directory/2023/?fips=13|https://nces.ed.gov/ccd/|https://app3.doe.k12.ga.us/ows-bin/owa/main_pack_fcl099.entry_form,,stub
Arnold Middle School,130387001413,Muscogee County Schools,Columbus,GA,traditional,middle,,(706)748-2436,,,,,,,,,,,,,https://educationdata.urban.org/api/v1/schools/ccd/directory/2023/?fips=13|https://nces.ed.gov/ccd/|https://app3.doe.k12.ga.us/ows-bin/owa/main_pack_fcl099.entry_form,,stub
Baker Middle School,130387002420,Muscogee County Schools,Columbus,GA,traditional,middle,,(706)683-8721,,,,,,,,,,,,,https://educationdata.urban.org/api/v1/schools/ccd/directory/2023/?fips=13|https://nces.ed.gov/ccd/|https://app3.doe.k12.ga.us/ows-bin/owa/main_pack_fcl099.entry_form,,stub
Blackmon Road Middle School,130387001376,Muscogee County Schools,Columbus,GA,traditional,middle,,(706)565-2998,,,,,,,,,,,,,https://educationdata.urban.org/api/v1/schools/ccd/directory/2023/?fips=13|https://nces.ed.gov/ccd/|https://app3.doe.k12.ga.us/ows-bin/owa/main_pack_fcl099.entry_form,,stub
Blanchard Elementary School,130387001412,Muscogee County Schools,Columbus,GA,traditional,elementary,,(706)748-2461,,,,,,,,,,,,,https://educationdata.urban.org/api/v1/schools/ccd/directory/2023/?fips=13|https://nces.ed.gov/ccd/|https://app3.doe.k12.ga.us/ows-bin/owa/main_pack_fcl099.entry_form,,stub
Brewer Elementary School,130387002184,Muscogee County Schools,Columbus,GA,traditional,elementary,,(706)748-2479,,,,,,,,,,,,,https://educationdata.urban.org/api/v1/schools/ccd/directory/2023/?fips=13|https://nces.ed.gov/ccd/|https://app3.doe.k12.ga.us/ows-bin/owa/main_pack_fcl099.entry_form,,stub
Britt David Elementary Computer Magnet Academy,130387001405,Muscogee County Schools,Columbus,GA,traditional,elementary,,(706)748-2617,,,,,,,,,,,,,https://educationdata.urban.org/api/v1/schools/ccd/directory/2023/?fips=13|https://nces.ed.gov/ccd/|https://app3.doe.k12.ga.us/ows-bin/owa/main_pack_fcl099.entry_form,,stub
Carver High School,130387001439,Muscogee County Schools,Columbus,GA,traditional,high,https://sites.muscogee.k12.ga.us/carverhigh/,(706)748-2499,,Lacoya Day,Principal,Day.Lacoya.D@muscogee.k12.ga.us,,,,,,,,,https://educationdata.urban.org/api/v1/schools/ccd/directory/2023/?fips=13|https://nces.ed.gov/ccd/|https://app3.doe.k12.ga.us/ows-bin/owa/main_pack_fcl099.entry_form|https://www.muscogee.k12.ga.us/about-us-clone/schools/high-schools|https://sites.muscogee.k12.ga.us/carverhigh/employees/,2026-09-07,verified
Clubview Elementary School,130387001411,Muscogee County Schools,Columbus,GA,traditional,elementary,,(706)565-3017,,,,,,,,,,,,,https://educationdata.urban.org/api/v1/schools/ccd/directory/2023/?fips=13|https://nces.ed.gov/ccd/|https://app3.doe.k12.ga.us/ows-bin/owa/main_pack_fcl099.entry_form,,stub
Columbus High School,130387001406,Muscogee County Schools,Columbus,GA,traditional,high,https://www.muscogee.k12.ga.us/about-us-clone/schools/system-wide-magnet-schools,(706)748-2534,,Sonya Allen,Principal,Allen.Sonya.M@muscogee.k12.ga.us,,,,,,,,,https://educationdata.urban.org/api/v1/schools/ccd/directory/2023/?fips=13|https://nces.ed.gov/ccd/|https://app3.doe.k12.ga.us/ows-bin/owa/main_pack_fcl099.entry_form|https://www.muscogee.k12.ga.us/about-us-clone/schools/system-wide-magnet-schools|https://apps.muscogee.k12.ga.us/Magnet/Programs/7|https://apps.muscogee.k12.ga.us/Magnet/Programs,2026-09-07,verified
Davis Elementary School,130387001452,Muscogee County Schools,Columbus,GA,traditional,elementary,,(706)748-2638,,,,,,,,,,,,,https://educationdata.urban.org/api/v1/schools/ccd/directory/2023/?fips=13|https://nces.ed.gov/ccd/|https://app3.doe.k12.ga.us/ows-bin/owa/main_pack_fcl099.entry_form,,stub
Dawson Elementary School,130387001433,Muscogee County Schools,Columbus,GA,traditional,elementary,,(706)683-8732,,,,,,,,,,,,,https://educationdata.urban.org/api/v1/schools/ccd/directory/2023/?fips=13|https://nces.ed.gov/ccd/|https://app3.doe.k12.ga.us/ows-bin/owa/main_pack_fcl099.entry_form,,stub
Dimon Elementary,130387001425,Muscogee County Schools,Columbus,GA,traditional,elementary,,(706)683-8772,,,,,,,,,,,,,https://educationdata.urban.org/api/v1/schools/ccd/directory/2023/?fips=13|https://nces.ed.gov/ccd/|https://app3.doe.k12.ga.us/ows-bin/owa/main_pack_fcl099.entry_form,,stub
Dorothy Height Elementary School,130387004146,Muscogee County Schools,Columbus,GA,traditional,elementary,,(706)683-8871,,,,,,,,,,,,,https://educationdata.urban.org/api/v1/schools/ccd/directory/2023/?fips=13|https://nces.ed.gov/ccd/|https://app3.doe.k12.ga.us/ows-bin/owa/main_pack_fcl099.entry_form,,stub
Double Churches Elementary School,130387001398,Muscogee County Schools,Columbus,GA,traditional,elementary,,(706)748-2660,,,,,,,,,,,,,https://educationdata.urban.org/api/v1/schools/ccd/directory/2023/?fips=13|https://nces.ed.gov/ccd/|https://app3.doe.k12.ga.us/ows-bin/owa/main_pack_fcl099.entry_form,,stub
Double Churches Middle School,130387002422,Muscogee County Schools,Columbus,GA,traditional,middle,,(706)748-2678,,,,,,,,,,,,,https://educationdata.urban.org/api/v1/schools/ccd/directory/2023/?fips=13|https://nces.ed.gov/ccd/|https://app3.doe.k12.ga.us/ows-bin/owa/main_pack_fcl099.entry_form,,stub
Downtown Elementary Magnet Academy,130387001388,Muscogee County Schools,Columbus,GA,traditional,elementary,,(706)748-2702,,,,,,,,,,,,,https://educationdata.urban.org/api/v1/schools/ccd/directory/2023/?fips=13|https://nces.ed.gov/ccd/|https://app3.doe.k12.ga.us/ows-bin/owa/main_pack_fcl099.entry_form,,stub
Eagle Ridge Academy,130387003695,Muscogee County Schools,Columbus,GA,traditional,elementary,,(706)569-3746,,,,,,,,,,,,,https://educationdata.urban.org/api/v1/schools/ccd/directory/2023/?fips=13|https://nces.ed.gov/ccd/|https://app3.doe.k12.ga.us/ows-bin/owa/main_pack_fcl099.entry_form,,stub
East Columbus Magnet Academy,130387002421,Muscogee County Schools,Columbus,GA,traditional,middle,,(706)565-3026,,,,,,,,,,,,,https://educationdata.urban.org/api/v1/schools/ccd/directory/2023/?fips=13|https://nces.ed.gov/ccd/|https://app3.doe.k12.ga.us/ows-bin/owa/main_pack_fcl099.entry_form,,stub
Eddy Middle School,130387001432,Muscogee County Schools,Columbus,GA,traditional,middle,,(706)683-8782,,,,,,,,,,,,,https://educationdata.urban.org/api/v1/schools/ccd/directory/2023/?fips=13|https://nces.ed.gov/ccd/|https://app3.doe.k12.ga.us/ows-bin/owa/main_pack_fcl099.entry_form,,stub
Forrest Road Elementary School,130387001404,Muscogee County Schools,Columbus,GA,traditional,elementary,,(706)565-3061,,,,,,,,,,,,,https://educationdata.urban.org/api/v1/schools/ccd/directory/2023/?fips=13|https://nces.ed.gov/ccd/|https://app3.doe.k12.ga.us/ows-bin/owa/main_pack_fcl099.entry_form,,stub
Fort Middle School,130387001394,Muscogee County Schools,Columbus,GA,traditional,middle,,(706)569-3740,,,,,,,,,,,,,https://educationdata.urban.org/api/v1/schools/ccd/directory/2023/?fips=13|https://nces.ed.gov/ccd/|https://app3.doe.k12.ga.us/ows-bin/owa/main_pack_fcl099.entry_form,,stub
Fox Elementary School,130387001449,Muscogee County Schools,Columbus,GA,traditional,elementary,,(706)748-2723,,,,,,,,,,,,,https://educationdata.urban.org/api/v1/schools/ccd/directory/2023/?fips=13|https://nces.ed.gov/ccd/|https://app3.doe.k12.ga.us/ows-bin/owa/main_pack_fcl099.entry_form,,stub
Gentian Elementary School,130387001431,Muscogee County Schools,Columbus,GA,traditional,elementary,,(706)569-3625,,,,,,,,,,,,,https://educationdata.urban.org/api/v1/schools/ccd/directory/2023/?fips=13|https://nces.ed.gov/ccd/|https://app3.doe.k12.ga.us/ows-bin/owa/main_pack_fcl099.entry_form,,stub
Georgetown Elementary School,130387001422,Muscogee County Schools,Columbus,GA,traditional,elementary,,(706)565-2980,,,,,,,,,,,,,https://educationdata.urban.org/api/v1/schools/ccd/directory/2023/?fips=13|https://nces.ed.gov/ccd/|https://app3.doe.k12.ga.us/ows-bin/owa/main_pack_fcl099.entry_form,,stub
Hannan Elementary,130387002142,Muscogee County Schools,Columbus,GA,traditional,elementary,,(706)748-2744,,,,,,,,,,,,,https://educationdata.urban.org/api/v1/schools/ccd/directory/2023/?fips=13|https://nces.ed.gov/ccd/|https://app3.doe.k12.ga.us/ows-bin/owa/main_pack_fcl099.entry_form,,stub
Hardaway High School,130387001397,Muscogee County Schools,Columbus,GA,traditional,high,https://sites.google.com/muscogee.k12.ga.us/hardawayhighschool/about/administration,(706)748-2766,,Maurdrice McNeill,Principal,Mcneill.Maurdrice@muscogee.k12.ga.us,,,,,,,,,https://educationdata.urban.org/api/v1/schools/ccd/directory/2023/?fips=13|https://nces.ed.gov/ccd/|https://app3.doe.k12.ga.us/ows-bin/owa/main_pack_fcl099.entry_form|https://www.muscogee.k12.ga.us/about-us-clone/schools/high-schools|https://sites.google.com/muscogee.k12.ga.us/hardawayhighschool/about/administration,2026-09-07,verified
Johnson Elementary School,130387001448,Muscogee County Schools,Columbus,GA,traditional,elementary,,(706)748-2795,,,,,,,,,,,,,https://educationdata.urban.org/api/v1/schools/ccd/directory/2023/?fips=13|https://nces.ed.gov/ccd/|https://app3.doe.k12.ga.us/ows-bin/owa/main_pack_fcl099.entry_form,,stub
Jordan Vocational High School,130387001430,Muscogee County Schools,Columbus,GA,traditional,high,https://www.muscogee.k12.ga.us/about-us-clone/schools/high-schools,(706)748-2819,,Ryan Hutson,Principal,Hutson.Ryan.D@muscogee.k12.ga.us,,,,,,,,,https://educationdata.urban.org/api/v1/schools/ccd/directory/2023/?fips=13|https://nces.ed.gov/ccd/|https://app3.doe.k12.ga.us/ows-bin/owa/main_pack_fcl099.entry_form|https://www.muscogee.k12.ga.us/about-us-clone/schools/high-schools|https://apps.muscogee.k12.ga.us/Magnet/Programs,2026-09-07,verified
Kendrick High School,130387001421,Muscogee County Schools,Columbus,GA,traditional,high,https://sites.muscogee.k12.ga.us/kendrick/,(706)565-2960,,Alonzo James,Principal,James.Alonzo.B@muscogee.k12.ga.us,,,,,,,,,https://educationdata.urban.org/api/v1/schools/ccd/directory/2023/?fips=13|https://nces.ed.gov/ccd/|https://app3.doe.k12.ga.us/ows-bin/owa/main_pack_fcl099.entry_form|https://www.muscogee.k12.ga.us/about-us-clone/schools/high-schools,2026-09-07,verified
Key Elementary School,130387001402,Muscogee County Schools,Columbus,GA,traditional,elementary,,(706)683-8797,,,,,,,,,,,,,https://educationdata.urban.org/api/v1/schools/ccd/directory/2023/?fips=13|https://nces.ed.gov/ccd/|https://app3.doe.k12.ga.us/ows-bin/owa/main_pack_fcl099.entry_form,,stub
Lonnie Jackson Academy,130387001450,Muscogee County Schools,Columbus,GA,traditional,elementary,,(706)565-3039,,,,,,,,,,,,,https://educationdata.urban.org/api/v1/schools/ccd/directory/2023/?fips=13|https://nces.ed.gov/ccd/|https://app3.doe.k12.ga.us/ows-bin/owa/main_pack_fcl099.entry_form,,stub
Martin Luther King- Jr. Elementary School,130387002419,Muscogee County Schools,Columbus,GA,traditional,elementary,,(706)683-8815,,,,,,,,,,,,,https://educationdata.urban.org/api/v1/schools/ccd/directory/2023/?fips=13|https://nces.ed.gov/ccd/|https://app3.doe.k12.ga.us/ows-bin/owa/main_pack_fcl099.entry_form,,stub
Mathews Elementary School,130387001447,Muscogee County Schools,Columbus,GA,traditional,elementary,,(706)569-3656,,,,,,,,,,,,,https://educationdata.urban.org/api/v1/schools/ccd/directory/2023/?fips=13|https://nces.ed.gov/ccd/|https://app3.doe.k12.ga.us/ows-bin/owa/main_pack_fcl099.entry_form,,stub
Midland Academy,130387002423,Muscogee County Schools,Columbus,GA,traditional,elementary,,(706)569-3664,,,,,,,,,,,,,https://educationdata.urban.org/api/v1/schools/ccd/directory/2023/?fips=13|https://nces.ed.gov/ccd/|https://app3.doe.k12.ga.us/ows-bin/owa/main_pack_fcl099.entry_form,,stub
Midland Middle School,130387002337,Muscogee County Schools,Columbus,GA,traditional,middle,,(706)569-3673,,,,,,,,,,,,,https://educationdata.urban.org/api/v1/schools/ccd/directory/2023/?fips=13|https://nces.ed.gov/ccd/|https://app3.doe.k12.ga.us/ows-bin/owa/main_pack_fcl099.entry_form,,stub
North Columbus Elementary,130387003656,Muscogee County Schools,Columbus,GA,traditional,elementary,,(706)748-3183,,,,,,,,,,,,,https://educationdata.urban.org/api/v1/schools/ccd/directory/2023/?fips=13|https://nces.ed.gov/ccd/|https://app3.doe.k12.ga.us/ows-bin/owa/main_pack_fcl099.entry_form,,stub
Northside High School,130387002583,Muscogee County Schools,Columbus,GA,traditional,high,https://sites.muscogee.k12.ga.us/northside/,(706)748-2920,,Nathan Laney,Principal,Laney.Nathan.E@muscogee.k12.ga.us,,,,,,,,,https://educationdata.urban.org/api/v1/schools/ccd/directory/2023/?fips=13|https://nces.ed.gov/ccd/|https://app3.doe.k12.ga.us/ows-bin/owa/main_pack_fcl099.entry_form|https://www.muscogee.k12.ga.us/about-us-clone/schools/high-schools|https://sites.muscogee.k12.ga.us/northside/staff/,2026-09-07,verified
Rainey McCullers School of the Arts,130387004270,Muscogee County Schools,Columbus,GA,traditional,high,https://rmsota.org/,(706)748-3304,,Briant Williams,Principal,Williams.Briant@muscogee.k12.ga.us,,,,,,,,,https://educationdata.urban.org/api/v1/schools/ccd/directory/2023/?fips=13|https://nces.ed.gov/ccd/|https://app3.doe.k12.ga.us/ows-bin/owa/main_pack_fcl099.entry_form|https://www.muscogee.k12.ga.us/about-us-clone/schools/system-wide-magnet-schools|https://apps.muscogee.k12.ga.us/Magnet/Programs|https://sites.muscogee.k12.ga.us/rainey-mccullers/employees/,2026-09-07,verified
Reese Road Leadership Academy,130387001420,Muscogee County Schools,Columbus,GA,traditional,elementary,,(706)569-3684,,,,,,,,,,,,,https://educationdata.urban.org/api/v1/schools/ccd/directory/2023/?fips=13|https://nces.ed.gov/ccd/|https://app3.doe.k12.ga.us/ows-bin/owa/main_pack_fcl099.entry_form,,stub
Richards Middle School,130387001400,Muscogee County Schools,Columbus,GA,traditional,middle,,(706)569-3697,,,,,,,,,,,,,https://educationdata.urban.org/api/v1/schools/ccd/directory/2023/?fips=13|https://nces.ed.gov/ccd/|https://app3.doe.k12.ga.us/ows-bin/owa/main_pack_fcl099.entry_form,,stub
Rigdon Road Elementary School,130387001436,Muscogee County Schools,Columbus,GA,traditional,elementary,,(706)565-2989,,,,,,,,,,,,,https://educationdata.urban.org/api/v1/schools/ccd/directory/2023/?fips=13|https://nces.ed.gov/ccd/|https://app3.doe.k12.ga.us/ows-bin/owa/main_pack_fcl099.entry_form,,stub
River Road Elementary School,130387001445,Muscogee County Schools,Columbus,GA,traditional,elementary,,(706)748-3072,,,,,,,,,,,,,https://educationdata.urban.org/api/v1/schools/ccd/directory/2023/?fips=13|https://nces.ed.gov/ccd/|https://app3.doe.k12.ga.us/ows-bin/owa/main_pack_fcl099.entry_form,,stub
Rothschild Leadership Academy School,130387001399,Muscogee County Schools,Columbus,GA,traditional,middle,,(706)569-3709,,,,,,,,,,,,,https://educationdata.urban.org/api/v1/schools/ccd/directory/2023/?fips=13|https://nces.ed.gov/ccd/|https://app3.doe.k12.ga.us/ows-bin/owa/main_pack_fcl099.entry_form,,stub
Shaw High School,130387001387,Muscogee County Schools,Columbus,GA,traditional,high,https://sites.muscogee.k12.ga.us/shaw/,(706)569-3638,,Sureya Hendrick,Principal,Hendrick.Sureya.Z@muscogee.k12.ga.us,,,,,,,,,https://educationdata.urban.org/api/v1/schools/ccd/directory/2023/?fips=13|https://nces.ed.gov/ccd/|https://app3.doe.k12.ga.us/ows-bin/owa/main_pack_fcl099.entry_form|https://www.muscogee.k12.ga.us/about-us-clone/schools/high-schools|https://sites.muscogee.k12.ga.us/shaw/faculty-staff/,2026-09-07,verified
South Columbus Elementary School,130387001444,Muscogee County Schools,Columbus,GA,traditional,elementary,,(706)683-8833,,,,,,,,,,,,,https://educationdata.urban.org/api/v1/schools/ccd/directory/2023/?fips=13|https://nces.ed.gov/ccd/|https://app3.doe.k12.ga.us/ows-bin/owa/main_pack_fcl099.entry_form,,stub
Spencer High School,130387001418,Muscogee County Schools,Columbus,GA,traditional,high,https://www.muscogee.k12.ga.us/about-us-clone/schools/high-schools,(706)683-8701,,Rosa Patterson,Principal,Patterson.Rosa.G@muscogee.k12.ga.us,,,,,,,,,https://educationdata.urban.org/api/v1/schools/ccd/directory/2023/?fips=13|https://nces.ed.gov/ccd/|https://app3.doe.k12.ga.us/ows-bin/owa/main_pack_fcl099.entry_form|https://www.muscogee.k12.ga.us/about-us-clone/schools/high-schools,2026-09-07,verified
St. Marys Video and Communication Technology,130387001435,Muscogee County Schools,Columbus,GA,traditional,elementary,,(706)683-8841,,,,,,,,,,,,,https://educationdata.urban.org/api/v1/schools/ccd/directory/2023/?fips=13|https://nces.ed.gov/ccd/|https://app3.doe.k12.ga.us/ows-bin/owa/main_pack_fcl099.entry_form,,stub
Veterans Memorial Middle School,130387003680,Muscogee County Schools,Columbus,GA,traditional,middle,,(706)748-3203,,,,,,,,,,,,,https://educationdata.urban.org/api/v1/schools/ccd/directory/2023/?fips=13|https://nces.ed.gov/ccd/|https://app3.doe.k12.ga.us/ows-bin/owa/main_pack_fcl099.entry_form,,stub
Waddell Elementary School,130387001434,Muscogee County Schools,Columbus,GA,traditional,elementary,,(706)569-3722,,,,,,,,,,,,,https://educationdata.urban.org/api/v1/schools/ccd/directory/2023/?fips=13|https://nces.ed.gov/ccd/|https://app3.doe.k12.ga.us/ows-bin/owa/main_pack_fcl099.entry_form,,stub
Wesley Heights Elementary School,130387001427,Muscogee County Schools,Columbus,GA,traditional,elementary,,(706)569-3733,,,,,,,,,,,,,https://educationdata.urban.org/api/v1/schools/ccd/directory/2023/?fips=13|https://nces.ed.gov/ccd/|https://app3.doe.k12.ga.us/ows-bin/owa/main_pack_fcl099.entry_form,,stub
Wynnton Elementary School,130387001441,Muscogee County Schools,Columbus,GA,traditional,elementary,,(706)748-3147,,,,,,,,,,,,,https://educationdata.urban.org/api/v1/schools/ccd/directory/2023/?fips=13|https://nces.ed.gov/ccd/|https://app3.doe.k12.ga.us/ows-bin/owa/main_pack_fcl099.entry_form,,stub
Alcovy High School,130393003436,Newton County School System,Atlanta,GA,traditional,high,https://ahs.newtoncountyschools.org/,(770)784-4995,,Michael Chapple,Principal,chapple.michael@newton.k12.ga.us,(770)784-4995,,,,,,,,ahs.newtoncountyschools.org/operations (Principal Michael Chapple); newtoncountyschools.org athletics contacts (chapple.michael@newton.k12.ga.us); NCS May 2025 principal appointments,2026-09-07,verified
Clements Middle School,130393003869,Newton County School System,Atlanta,GA,traditional,middle,,(770)784-2934,,,,,,,,,,,,,https://educationdata.urban.org/api/v1/schools/ccd/directory/2023/?fips=13|https://nces.ed.gov/ccd/|https://app3.doe.k12.ga.us/ows-bin/owa/main_pack_fcl099.entry_form,,stub
Cousins Middle School,130393001457,Newton County School System,Atlanta,GA,traditional,middle,,(770)786-7311,,,,,,,,,,,,,https://educationdata.urban.org/api/v1/schools/ccd/directory/2023/?fips=13|https://nces.ed.gov/ccd/|https://app3.doe.k12.ga.us/ows-bin/owa/main_pack_fcl099.entry_form,,stub
East Newton Elementary School,130393001456,Newton County School System,Atlanta,GA,traditional,elementary,,(770)784-2973,,,,,,,,,,,,,https://educationdata.urban.org/api/v1/schools/ccd/directory/2023/?fips=13|https://nces.ed.gov/ccd/|https://app3.doe.k12.ga.us/ows-bin/owa/main_pack_fcl099.entry_form,,stub
Eastside High School,130393001023,Newton County School System,Atlanta,GA,traditional,high,https://ehs.newtoncountyschools.org/,(770)784-2920,,Jeff Cher,Principal,cher.jeff@newton.k12.ga.us,(770)784-2920,,,,,,,,ehs.newtoncountyschools.org/about_us/faculty_and_staff (Principal Jeff Cher cher.jeff@newton.k12.ga.us),2026-09-07,verified
Fairview Elementary,130393001455,Newton County School System,Atlanta,GA,traditional,elementary,,(770)784-2959,,,,,,,,,,,,,https://educationdata.urban.org/api/v1/schools/ccd/directory/2023/?fips=13|https://nces.ed.gov/ccd/|https://app3.doe.k12.ga.us/ows-bin/owa/main_pack_fcl099.entry_form,,stub
Flint Hill Elementary,130393001462,Newton County School System,Atlanta,GA,traditional,elementary,,(770)787-1330,,,,,,,,,,,,,https://educationdata.urban.org/api/v1/schools/ccd/directory/2023/?fips=13|https://nces.ed.gov/ccd/|https://app3.doe.k12.ga.us/ows-bin/owa/main_pack_fcl099.entry_form,,stub
Heard-Mixon Elementary School,130393001460,Newton County School System,Atlanta,GA,traditional,elementary,,(770)784-2980,,,,,,,,,,,,,https://educationdata.urban.org/api/v1/schools/ccd/directory/2023/?fips=13|https://nces.ed.gov/ccd/|https://app3.doe.k12.ga.us/ows-bin/owa/main_pack_fcl099.entry_form,,stub
Indian Creek Middle School,130393002224,Newton County School System,Atlanta,GA,traditional,middle,,(770)385-6453,,,,,,,,,,,,,https://educationdata.urban.org/api/v1/schools/ccd/directory/2023/?fips=13|https://nces.ed.gov/ccd/|https://app3.doe.k12.ga.us/ows-bin/owa/main_pack_fcl099.entry_form,,stub
Liberty Middle School,130393003927,Newton County School System,Atlanta,GA,traditional,middle,,(678)625-6617,,,,,,,,,,,,,https://educationdata.urban.org/api/v1/schools/ccd/directory/2023/?fips=13|https://nces.ed.gov/ccd/|https://app3.doe.k12.ga.us/ows-bin/owa/main_pack_fcl099.entry_form,,stub
Live Oak Elementary,130393003876,Newton County School System,Atlanta,GA,traditional,elementary,,(678)625-6654,,,,,,,,,,,,,https://educationdata.urban.org/api/v1/schools/ccd/directory/2023/?fips=13|https://nces.ed.gov/ccd/|https://app3.doe.k12.ga.us/ows-bin/owa/main_pack_fcl099.entry_form,,stub
Livingston Elementary School,130393001463,Newton County School System,Atlanta,GA,traditional,elementary,,(770)784-2930,,,,,,,,,,,,,https://educationdata.urban.org/api/v1/schools/ccd/directory/2023/?fips=13|https://nces.ed.gov/ccd/|https://app3.doe.k12.ga.us/ows-bin/owa/main_pack_fcl099.entry_form,,stub
Mansfield Elementary School,130393001461,Newton County School System,Atlanta,GA,traditional,elementary,,(770)784-2948,,,,,,,,,,,,,https://educationdata.urban.org/api/v1/schools/ccd/directory/2023/?fips=13|https://nces.ed.gov/ccd/|https://app3.doe.k12.ga.us/ows-bin/owa/main_pack_fcl099.entry_form,,stub
Middle Ridge Elementary School,130393002222,Newton County School System,Atlanta,GA,traditional,elementary,,(770)385-6463,,,,,,,,,,,,,https://educationdata.urban.org/api/v1/schools/ccd/directory/2023/?fips=13|https://nces.ed.gov/ccd/|https://app3.doe.k12.ga.us/ows-bin/owa/main_pack_fcl099.entry_form,,stub
Newton County Theme School at Ficquett,130393003920,Newton County School System,Atlanta,GA,traditional,elementary,,(770)786-2636,,,,,,,,,,,,,https://educationdata.urban.org/api/v1/schools/ccd/directory/2023/?fips=13|https://nces.ed.gov/ccd/|https://app3.doe.k12.ga.us/ows-bin/owa/main_pack_fcl099.entry_form,,stub
Newton High School,130393001454,Newton County School System,Atlanta,GA,traditional,high,https://nhs.newtoncountyschools.org/,(770)787-2250,,Dr. Stephen Hammock,Principal,hammock.stephen@newton.k12.ga.us,(770)787-2250,,,,,,,,nhs.newtoncountyschools.org/about_us/administration (2026-2027 Dr. Stephen Hammock Principal); athletics contacts hammock.stephen@newton.k12.ga.us,2026-09-07,verified
Oak Hill Elementary School,130393002507,Newton County School System,Atlanta,GA,traditional,elementary,,(770)385-6906,,,,,,,,,,,,,https://educationdata.urban.org/api/v1/schools/ccd/directory/2023/?fips=13|https://nces.ed.gov/ccd/|https://app3.doe.k12.ga.us/ows-bin/owa/main_pack_fcl099.entry_form,,stub
Porterdale Elementary School,130393001459,Newton County School System,Atlanta,GA,traditional,elementary,,(770)784-2928,,,,,,,,,,,,,https://educationdata.urban.org/api/v1/schools/ccd/directory/2023/?fips=13|https://nces.ed.gov/ccd/|https://app3.doe.k12.ga.us/ows-bin/owa/main_pack_fcl099.entry_form,,stub
Rocky Plains Elementary School,130393003435,Newton County School System,Atlanta,GA,traditional,elementary,,(770)784-4987,,,,,,,,,,,,,https://educationdata.urban.org/api/v1/schools/ccd/directory/2023/?fips=13|https://nces.ed.gov/ccd/|https://app3.doe.k12.ga.us/ows-bin/owa/main_pack_fcl099.entry_form,,stub
South Salem Elementary School,130393003770,Newton County School System,Atlanta,GA,traditional,elementary,,(770)787-1330,,,,,,,,,,,,,https://educationdata.urban.org/api/v1/schools/ccd/directory/2023/?fips=13|https://nces.ed.gov/ccd/|https://app3.doe.k12.ga.us/ows-bin/owa/main_pack_fcl099.entry_form,,stub
Veterans Memorial Middle School,130393002424,Newton County School System,Atlanta,GA,traditional,middle,,(770)385-6893,,,,,,,,,,,,,https://educationdata.urban.org/api/v1/schools/ccd/directory/2023/?fips=13|https://nces.ed.gov/ccd/|https://app3.doe.k12.ga.us/ows-bin/owa/main_pack_fcl099.entry_form,,stub
West Newton Elementary School,130393002223,Newton County School System,Atlanta,GA,traditional,elementary,,(770)385-6472,,,,,,,,,,,,,https://educationdata.urban.org/api/v1/schools/ccd/directory/2023/?fips=13|https://nces.ed.gov/ccd/|https://app3.doe.k12.ga.us/ows-bin/owa/main_pack_fcl099.entry_form,,stub
Colham Ferry Elementary School,130396001465,Oconee County Schools,Athens,GA,traditional,elementary,,(706)769-7764,,,,,,,,,,,,,https://educationdata.urban.org/api/v1/schools/ccd/directory/2023/?fips=13|https://nces.ed.gov/ccd/|https://app3.doe.k12.ga.us/ows-bin/owa/main_pack_fcl099.entry_form,,stub
Dove Creek Elementary School,130396004316,Oconee County Schools,Athens,GA,traditional,elementary,,(706)310-2019,,,,,,,,,,,,,https://educationdata.urban.org/api/v1/schools/ccd/directory/2023/?fips=13|https://nces.ed.gov/ccd/|https://app3.doe.k12.ga.us/ows-bin/owa/main_pack_fcl099.entry_form,,stub
Dove Creek Middle School,130396004681,Oconee County Schools,Athens,GA,traditional,middle,,(706)310-2017,,,,,,,,,,,,,https://educationdata.urban.org/api/v1/schools/ccd/directory/2023/?fips=13|https://nces.ed.gov/ccd/|https://app3.doe.k12.ga.us/ows-bin/owa/main_pack_fcl099.entry_form,,stub
High Shoals Elementary School,130396003854,Oconee County Schools,Athens,GA,traditional,elementary,,(706)310-1985,,,,,,,,,,,,,https://educationdata.urban.org/api/v1/schools/ccd/directory/2023/?fips=13|https://nces.ed.gov/ccd/|https://app3.doe.k12.ga.us/ows-bin/owa/main_pack_fcl099.entry_form,,stub
Malcom Bridge Elementary School,130396001765,Oconee County Schools,Athens,GA,traditional,elementary,,(706)310-1998,,,,,,,,,,,,,https://educationdata.urban.org/api/v1/schools/ccd/directory/2023/?fips=13|https://nces.ed.gov/ccd/|https://app3.doe.k12.ga.us/ows-bin/owa/main_pack_fcl099.entry_form,,stub
Malcom Bridge Middle School,130396002225,Oconee County Schools,Athens,GA,traditional,middle,,(706)310-1992,,,,,,,,,,,,,https://educationdata.urban.org/api/v1/schools/ccd/directory/2023/?fips=13|https://nces.ed.gov/ccd/|https://app3.doe.k12.ga.us/ows-bin/owa/main_pack_fcl099.entry_form,,stub
North Oconee High School,130396003437,Oconee County Schools,Athens,GA,traditional,high,https://nohs.oconeeschools.org/,(706)769-7760,,Keith Carter,Principal,,,,,,,,,,https://educationdata.urban.org/api/v1/schools/ccd/directory/2023/?fips=13|https://nces.ed.gov/ccd/|https://app3.doe.k12.ga.us/ows-bin/owa/main_pack_fcl099.entry_form|https://nohs.oconeeschools.org/our-school/new-page-clone|https://resources.finalsite.net/images/v1761235236/oconeeschoolsorg/uno4uqawspxv1sgmvegi/NOHSSchoolProfile2025261.pdf,2026-09-07,verified
Oconee County Elementary School,130396001464,Oconee County Schools,Athens,GA,traditional,elementary,,(706)769-7791,,,,,,,,,,,,,https://educationdata.urban.org/api/v1/schools/ccd/directory/2023/?fips=13|https://nces.ed.gov/ccd/|https://app3.doe.k12.ga.us/ows-bin/owa/main_pack_fcl099.entry_form,,stub
Oconee County High School,130396000148,Oconee County Schools,Athens,GA,traditional,high,https://ochs.oconeeschools.org/,(706)769-6655,,Matt Stephens,Principal,,,,,,,,,,https://educationdata.urban.org/api/v1/schools/ccd/directory/2023/?fips=13|https://nces.ed.gov/ccd/|https://app3.doe.k12.ga.us/ows-bin/owa/main_pack_fcl099.entry_form|https://ochs.oconeeschools.org/our-school/new-page-clone,2026-09-07,verified
Oconee County Middle School,130396000018,Oconee County Schools,Athens,GA,traditional,middle,,(706)769-3575,,,,,,,,,,,,,https://educationdata.urban.org/api/v1/schools/ccd/directory/2023/?fips=13|https://nces.ed.gov/ccd/|https://app3.doe.k12.ga.us/ows-bin/owa/main_pack_fcl099.entry_form,,stub
Oconee County Primary School,130396002008,Oconee County Schools,Athens,GA,traditional,elementary,,(706)769-7941,,,,,,,,,,,,,https://educationdata.urban.org/api/v1/schools/ccd/directory/2023/?fips=13|https://nces.ed.gov/ccd/|https://app3.doe.k12.ga.us/ows-bin/owa/main_pack_fcl099.entry_form,,stub
Rocky Branch Elementary School,130396002587,Oconee County Schools,Athens,GA,traditional,elementary,,(706)769-3235,,,,,,,,,,,,,https://educationdata.urban.org/api/v1/schools/ccd/directory/2023/?fips=13|https://nces.ed.gov/ccd/|https://app3.doe.k12.ga.us/ows-bin/owa/main_pack_fcl099.entry_form,,stub
Oglethorpe County Elementary School,130399002226,Oglethorpe County School System,Athens,GA,traditional,elementary,,(706)743-8750,,,,,,,,,,,,,https://educationdata.urban.org/api/v1/schools/ccd/directory/2023/?fips=13|https://nces.ed.gov/ccd/|https://app3.doe.k12.ga.us/ows-bin/owa/main_pack_fcl099.entry_form,,stub
Oglethorpe County High School,130399001468,Oglethorpe County School System,Athens,GA,traditional,high,https://ochs.oglethorpe.k12.ga.us/o/ochs/,(706)743-8124,,Bill Sampson,Principal,bsampson@oglethorpe.k12.ga.us,,Erin Bunch; Cassandra Campbell,ebunch@oglethorpe.k12.ga.us; ccampbell@oglethorpe.k12.ga.us,,,,,,https://educationdata.urban.org/api/v1/schools/ccd/directory/2023/?fips=13|https://nces.ed.gov/ccd/|https://app3.doe.k12.ga.us/ows-bin/owa/main_pack_fcl099.entry_form|https://ochs.oglethorpe.k12.ga.us/o/ochs/page/who-to-contact,2026-09-07,verified
Oglethorpe County Middle School,130399001467,Oglethorpe County School System,Athens,GA,traditional,middle,,(706)743-8146,,,,,,,,,,,,,https://educationdata.urban.org/api/v1/schools/ccd/directory/2023/?fips=13|https://nces.ed.gov/ccd/|https://app3.doe.k12.ga.us/ows-bin/owa/main_pack_fcl099.entry_form,,stub
Oglethorpe County Primary School,130399002227,Oglethorpe County School System,Athens,GA,traditional,elementary,,(706)743-8194,,,,,,,,,,,,,https://educationdata.urban.org/api/v1/schools/ccd/directory/2023/?fips=13|https://nces.ed.gov/ccd/|https://app3.doe.k12.ga.us/ows-bin/owa/main_pack_fcl099.entry_form,,stub
Allgood Elementary School,130402002275,Paulding County School District,Atlanta,GA,traditional,elementary,,(770)443-8070,,,,,,,,,,,,,https://educationdata.urban.org/api/v1/schools/ccd/directory/2023/?fips=13|https://nces.ed.gov/ccd/|https://app3.doe.k12.ga.us/ows-bin/owa/main_pack_fcl099.entry_form,,stub
Bessie L. Baggett Elementary,130402002588,Paulding County School District,Atlanta,GA,traditional,elementary,,(678)460-1570,,,,,,,,,,,,,https://educationdata.urban.org/api/v1/schools/ccd/directory/2023/?fips=13|https://nces.ed.gov/ccd/|https://app3.doe.k12.ga.us/ows-bin/owa/main_pack_fcl099.entry_form,,stub
Burnt Hickory Elementary School,130402003655,Paulding County School District,Atlanta,GA,traditional,elementary,,(678)363-0970,,,,,,,,,,,,,https://educationdata.urban.org/api/v1/schools/ccd/directory/2023/?fips=13|https://nces.ed.gov/ccd/|https://app3.doe.k12.ga.us/ows-bin/owa/main_pack_fcl099.entry_form,,stub
C. A. Roberts Elementary School,130402002274,Paulding County School District,Atlanta,GA,traditional,elementary,,(770)443-8060,,,,,,,,,,,,,https://educationdata.urban.org/api/v1/schools/ccd/directory/2023/?fips=13|https://nces.ed.gov/ccd/|https://app3.doe.k12.ga.us/ows-bin/owa/main_pack_fcl099.entry_form,,stub
Carl Scoggins Sr. Middle School,130402003822,Paulding County School District,Atlanta,GA,traditional,middle,,(770)456-4188,,,,,,,,,,,,,https://educationdata.urban.org/api/v1/schools/ccd/directory/2023/?fips=13|https://nces.ed.gov/ccd/|https://app3.doe.k12.ga.us/ows-bin/owa/main_pack_fcl099.entry_form,,stub
Connie Dugan Elementary School,130402003439,Paulding County School District,Atlanta,GA,traditional,elementary,,(770)949-5261,,,,,,,,,,,,,https://educationdata.urban.org/api/v1/schools/ccd/directory/2023/?fips=13|https://nces.ed.gov/ccd/|https://app3.doe.k12.ga.us/ows-bin/owa/main_pack_fcl099.entry_form,,stub
Dallas Elementary School,130402001470,Paulding County School District,Atlanta,GA,traditional,elementary,,(770)443-8018,,,,,,,,,,,,,https://educationdata.urban.org/api/v1/schools/ccd/directory/2023/?fips=13|https://nces.ed.gov/ccd/|https://app3.doe.k12.ga.us/ows-bin/owa/main_pack_fcl099.entry_form,,stub
East Paulding High School,130402002188,Paulding County School District,Atlanta,GA,traditional,high,https://ephs.paulding.k12.ga.us/,(770)445-5100,,Brad Thomason,Principal,BWThomason@paulding.k12.ga.us,(770)445-5100,,,,,,,,ephs.paulding.k12.ga.us/our-school/administration (Brad Thomason Principal BWThomason@paulding.k12.ga.us),2026-09-07,verified
East Paulding Middle School,130402000542,Paulding County School District,Atlanta,GA,traditional,middle,,(770)443-7000,,,,,,,,,,,,,https://educationdata.urban.org/api/v1/schools/ccd/directory/2023/?fips=13|https://nces.ed.gov/ccd/|https://app3.doe.k12.ga.us/ows-bin/owa/main_pack_fcl099.entry_form,,stub
Floyd L. Shelton Elementary School at Crossroad,130402000522,Paulding County School District,Atlanta,GA,traditional,elementary,,(770)443-4244,,,,,,,,,,,,,https://educationdata.urban.org/api/v1/schools/ccd/directory/2023/?fips=13|https://nces.ed.gov/ccd/|https://app3.doe.k12.ga.us/ows-bin/owa/main_pack_fcl099.entry_form,,stub
Hal Hutchens Elementary,130402003827,Paulding County School District,Atlanta,GA,traditional,elementary,,(678)838-2683,,,,,,,,,,,,,https://educationdata.urban.org/api/v1/schools/ccd/directory/2023/?fips=13|https://nces.ed.gov/ccd/|https://app3.doe.k12.ga.us/ows-bin/owa/main_pack_fcl099.entry_form,,stub
Herschel Jones Middle School,130402001472,Paulding County School District,Atlanta,GA,traditional,middle,,(770)443-8024,,,,,,,,,,,,,https://educationdata.urban.org/api/v1/schools/ccd/directory/2023/?fips=13|https://nces.ed.gov/ccd/|https://app3.doe.k12.ga.us/ows-bin/owa/main_pack_fcl099.entry_form,,stub
Hiram Elementary School,130402001476,Paulding County School District,Atlanta,GA,traditional,elementary,,(770)443-3392,,,,,,,,,,,,,https://educationdata.urban.org/api/v1/schools/ccd/directory/2023/?fips=13|https://nces.ed.gov/ccd/|https://app3.doe.k12.ga.us/ows-bin/owa/main_pack_fcl099.entry_form,,stub
Hiram High School,130402002338,Paulding County School District,Atlanta,GA,traditional,high,https://hhs.paulding.k12.ga.us/,(770)443-1182,,Dr. LaRoyce Sublett,Principal,,(770)443-1182,,,,,,,,"hhs.paulding.k12.ga.us/our-school/school-information/about-hiram-high (Administration: Dr. LaRoyce Sublett, Principal)",2026-09-07,verified
Irma C. Austin Middle School,130402003440,Paulding County School District,Atlanta,GA,traditional,middle,,(770)942-0316,,,,,,,,,,,,,https://educationdata.urban.org/api/v1/schools/ccd/directory/2023/?fips=13|https://nces.ed.gov/ccd/|https://app3.doe.k12.ga.us/ows-bin/owa/main_pack_fcl099.entry_form,,stub
J. A. Dobbins Middle School,130402001786,Paulding County School District,Atlanta,GA,traditional,middle,,(770)443-4835,,,,,,,,,,,,,https://educationdata.urban.org/api/v1/schools/ccd/directory/2023/?fips=13|https://nces.ed.gov/ccd/|https://app3.doe.k12.ga.us/ows-bin/owa/main_pack_fcl099.entry_form,,stub
Lena Mae Moses Middle School,130402002508,Paulding County School District,Atlanta,GA,traditional,middle,,(770)443-8727,,,,,,,,,,,,,https://educationdata.urban.org/api/v1/schools/ccd/directory/2023/?fips=13|https://nces.ed.gov/ccd/|https://app3.doe.k12.ga.us/ows-bin/owa/main_pack_fcl099.entry_form,,stub
Lillian C. Poole Elementary School,130402002958,Paulding County School District,Atlanta,GA,traditional,elementary,,(770)505-5541,,,,,,,,,,,,,https://educationdata.urban.org/api/v1/schools/ccd/directory/2023/?fips=13|https://nces.ed.gov/ccd/|https://app3.doe.k12.ga.us/ows-bin/owa/main_pack_fcl099.entry_form,,stub
McGarity Elementary School,130402002009,Paulding County School District,Atlanta,GA,traditional,elementary,,(770)445-9007,,,,,,,,,,,,,https://educationdata.urban.org/api/v1/schools/ccd/directory/2023/?fips=13|https://nces.ed.gov/ccd/|https://app3.doe.k12.ga.us/ows-bin/owa/main_pack_fcl099.entry_form,,stub
Nebo Elementary School,130402002228,Paulding County School District,Atlanta,GA,traditional,elementary,,(770)443-8777,,,,,,,,,,,,,https://educationdata.urban.org/api/v1/schools/ccd/directory/2023/?fips=13|https://nces.ed.gov/ccd/|https://app3.doe.k12.ga.us/ows-bin/owa/main_pack_fcl099.entry_form,,stub
New Georgia Elementary School,130402001473,Paulding County School District,Atlanta,GA,traditional,elementary,,(770)445-3597,,,,,,,,,,,,,https://educationdata.urban.org/api/v1/schools/ccd/directory/2023/?fips=13|https://nces.ed.gov/ccd/|https://app3.doe.k12.ga.us/ows-bin/owa/main_pack_fcl099.entry_form,,stub
North Paulding High School,130402003625,Paulding County School District,Atlanta,GA,traditional,high,https://nphs.paulding.k12.ga.us/,(770)443-9400,,Gabe Carmona,Principal,gcarmona@paulding.k12.ga.us,(770)443-9400,,,,,,,,"nphs.paulding.k12.ga.us/staff/our-staff (Gabe Carmona gcarmona@paulding.k12.ga.us, Principal)",2026-09-07,verified
Northside Elementary School,130402000524,Paulding County School District,Atlanta,GA,traditional,elementary,,(770)443-7008,,,,,,,,,,,,,https://educationdata.urban.org/api/v1/schools/ccd/directory/2023/?fips=13|https://nces.ed.gov/ccd/|https://app3.doe.k12.ga.us/ows-bin/owa/main_pack_fcl099.entry_form,,stub
P. B. Ritch Middle School,130402004074,Paulding County School District,Atlanta,GA,traditional,middle,,(770)443-8000,,,,,,,,,,,,,https://educationdata.urban.org/api/v1/schools/ccd/directory/2023/?fips=13|https://nces.ed.gov/ccd/|https://app3.doe.k12.ga.us/ows-bin/owa/main_pack_fcl099.entry_form,,stub
Paulding County High School,130402001471,Paulding County School District,Atlanta,GA,traditional,high,https://pchs.paulding.k12.ga.us/,(770)443-8008,,Andy Dorsey,Principal,,(770)443-8008,,,,,,,,pchs.paulding.k12.ga.us/our-school/staff-directory (Andy Dorsey PRINCIPAL),2026-09-07,verified
Roland W. Russom Elementary,130402002959,Paulding County School District,Atlanta,GA,traditional,elementary,,(678)575-3402,,,,,,,,,,,,,https://educationdata.urban.org/api/v1/schools/ccd/directory/2023/?fips=13|https://nces.ed.gov/ccd/|https://app3.doe.k12.ga.us/ows-bin/owa/main_pack_fcl099.entry_form,,stub
Sam D. Panter Elementary School,130402001781,Paulding County School District,Atlanta,GA,traditional,elementary,,(770)443-4303,,,,,,,,,,,,,https://educationdata.urban.org/api/v1/schools/ccd/directory/2023/?fips=13|https://nces.ed.gov/ccd/|https://app3.doe.k12.ga.us/ows-bin/owa/main_pack_fcl099.entry_form,,stub
Sammy McClure Sr. Middle School,130402003693,Paulding County School District,Atlanta,GA,traditional,middle,,(770)505-3700,,,,,,,,,,,,,https://educationdata.urban.org/api/v1/schools/ccd/directory/2023/?fips=13|https://nces.ed.gov/ccd/|https://app3.doe.k12.ga.us/ows-bin/owa/main_pack_fcl099.entry_form,,stub
Sara M. Ragsdale Elementary,130402003864,Paulding County School District,Atlanta,GA,traditional,elementary,,(770)443-2140,,,,,,,,,,,,,https://educationdata.urban.org/api/v1/schools/ccd/directory/2023/?fips=13|https://nces.ed.gov/ccd/|https://app3.doe.k12.ga.us/ows-bin/owa/main_pack_fcl099.entry_form,,stub
South Paulding High School,130402003438,Paulding County School District,Atlanta,GA,traditional,high,https://sphs.paulding.k12.ga.us/,(770)949-9221,,Edward R. Thomas,Principal,Ethomas@paulding.k12.ga.us,(770)949-9221,,,,,,,,sphs.paulding.k12.ga.us/staff-websites/thomas-edward (Email Ethomas@paulding.k12.ga.us; role Principal),2026-09-07,verified
South Paulding Middle School,130402002187,Paulding County School District,Atlanta,GA,traditional,middle,,(770)445-8500,,,,,,,,,,,,,https://educationdata.urban.org/api/v1/schools/ccd/directory/2023/?fips=13|https://nces.ed.gov/ccd/|https://app3.doe.k12.ga.us/ows-bin/owa/main_pack_fcl099.entry_form,,stub
Union Elementary School,130402001477,Paulding County School District,Atlanta,GA,traditional,elementary,,(770)443-4191,,,,,,,,,,,,,https://educationdata.urban.org/api/v1/schools/ccd/directory/2023/?fips=13|https://nces.ed.gov/ccd/|https://app3.doe.k12.ga.us/ows-bin/owa/main_pack_fcl099.entry_form,,stub
WC Abney Elementary,130402003986,Paulding County School District,Atlanta,GA,traditional,elementary,,(770)443-8000,,,,,,,,,,,,,https://educationdata.urban.org/api/v1/schools/ccd/directory/2023/?fips=13|https://nces.ed.gov/ccd/|https://app3.doe.k12.ga.us/ows-bin/owa/main_pack_fcl099.entry_form,,stub
Byron Elementary School,130405001481,Peach County Schools,Warner Robins,GA,traditional,elementary,,(478)956-5020,,,,,,,,,,,,,https://educationdata.urban.org/api/v1/schools/ccd/directory/2023/?fips=13|https://nces.ed.gov/ccd/|https://app3.doe.k12.ga.us/ows-bin/owa/main_pack_fcl099.entry_form,,stub
Byron Middle School,130405001807,Peach County Schools,Warner Robins,GA,traditional,middle,,(478)956-4999,,,,,,,,,,,,,https://educationdata.urban.org/api/v1/schools/ccd/directory/2023/?fips=13|https://nces.ed.gov/ccd/|https://app3.doe.k12.ga.us/ows-bin/owa/main_pack_fcl099.entry_form,,stub
Fort Valley Middle School,130405001482,Peach County Schools,Warner Robins,GA,traditional,middle,,(478)825-2413,,,,,,,,,,,,,https://educationdata.urban.org/api/v1/schools/ccd/directory/2023/?fips=13|https://nces.ed.gov/ccd/|https://app3.doe.k12.ga.us/ows-bin/owa/main_pack_fcl099.entry_form,,stub
Hunt Elementary School,130405001480,Peach County Schools,Warner Robins,GA,traditional,elementary,,(478)825-5296,,,,,,,,,,,,,https://educationdata.urban.org/api/v1/schools/ccd/directory/2023/?fips=13|https://nces.ed.gov/ccd/|https://app3.doe.k12.ga.us/ows-bin/owa/main_pack_fcl099.entry_form,,stub
Kay Road Elementary,130405002143,Peach County Schools,Warner Robins,GA,traditional,elementary,,(478)825-8893,,,,,,,,,,,,,https://educationdata.urban.org/api/v1/schools/ccd/directory/2023/?fips=13|https://nces.ed.gov/ccd/|https://app3.doe.k12.ga.us/ows-bin/owa/main_pack_fcl099.entry_form,,stub
Peach County Achievement Academy,130405004682,Peach County Schools,Warner Robins,GA,traditional,high,,(478)825-3441,,,,,,,,,,,,,https://educationdata.urban.org/api/v1/schools/ccd/directory/2023/?fips=13|https://nces.ed.gov/ccd/|https://app3.doe.k12.ga.us/ows-bin/owa/main_pack_fcl099.entry_form,,stub
Peach County High School,130405001483,Peach County Schools,Warner Robins,GA,traditional,high,https://www.peachschools.org/o/pchs,(478)825-8258,,Dr. Angela Hambrick,Principal,,(478) 825-8258,,,,,,,,https://www.peachschools.org/o/pchs/article/1493850,2026-09-07,verified
Pelham City Middle School,130408002462,Pelham City Schools,Rural SW Georgia,GA,traditional,middle,,(229)294-6063,,,,,,,,,,,,,https://educationdata.urban.org/api/v1/schools/ccd/directory/2023/?fips=13|https://nces.ed.gov/ccd/|https://app3.doe.k12.ga.us/ows-bin/owa/main_pack_fcl099.entry_form,,stub
Pelham Elementary School,130408001485,Pelham City Schools,Rural SW Georgia,GA,traditional,elementary,,(229)294-8170,,,,,,,,,,,,,https://educationdata.urban.org/api/v1/schools/ccd/directory/2023/?fips=13|https://nces.ed.gov/ccd/|https://app3.doe.k12.ga.us/ows-bin/owa/main_pack_fcl099.entry_form,,stub
Pelham High School,130408002461,Pelham City Schools,Rural SW Georgia,GA,traditional,high,,(229)294-8623,,,,,,,,,,,,,https://educationdata.urban.org/api/v1/schools/ccd/directory/2023/?fips=13|https://nces.ed.gov/ccd/|https://app3.doe.k12.ga.us/ows-bin/owa/main_pack_fcl099.entry_form,,stub
Harmony Elementary School,130411003441,Pickens County Schools,Atlanta,GA,traditional,elementary,,(706)253-1840,,,,,,,,,,,,,https://educationdata.urban.org/api/v1/schools/ccd/directory/2023/?fips=13|https://nces.ed.gov/ccd/|https://app3.doe.k12.ga.us/ows-bin/owa/main_pack_fcl099.entry_form,,stub
Hill City Elementary School,130411002589,Pickens County Schools,Atlanta,GA,traditional,elementary,,(706)253-1880,,,,,,,,,,,,,https://educationdata.urban.org/api/v1/schools/ccd/directory/2023/?fips=13|https://nces.ed.gov/ccd/|https://app3.doe.k12.ga.us/ows-bin/owa/main_pack_fcl099.entry_form,,stub
Jasper Middle School,130411002590,Pickens County Schools,Atlanta,GA,traditional,middle,,(706)253-1730,,,,,,,,,,,,,https://educationdata.urban.org/api/v1/schools/ccd/directory/2023/?fips=13|https://nces.ed.gov/ccd/|https://app3.doe.k12.ga.us/ows-bin/owa/main_pack_fcl099.entry_form,,stub
Pickens County High School,130411002276,Pickens County Schools,Atlanta,GA,traditional,high,https://pickenshigh.pickens.k12.ga.us/,(706)253-1800,,Dr. Brandon Tippens,Principal,brandontippens@pickenscountyschools.org,(706)253-1800,,,,,,,,pickens.k12.ga.us article 2758948 (Mar 2026 BOE: Tippens named PHS Principal effective 2026-27); pickens.k12.ga.us/page/dexter-mosely-act/ lists Pickens High School Principal Brandon Tippens brandontippens@pickenscountyschools.org,2026-09-07,verified
Pickens County Junior High School,130411002048,Pickens County Schools,Atlanta,GA,traditional,middle,,(706)253-1830,,,,,,,,,,,,,https://educationdata.urban.org/api/v1/schools/ccd/directory/2023/?fips=13|https://nces.ed.gov/ccd/|https://app3.doe.k12.ga.us/ows-bin/owa/main_pack_fcl099.entry_form,,stub
Tate Elementary School,130411002591,Pickens County Schools,Atlanta,GA,traditional,elementary,,(706)253-1860,,,,,,,,,,,,,https://educationdata.urban.org/api/v1/schools/ccd/directory/2023/?fips=13|https://nces.ed.gov/ccd/|https://app3.doe.k12.ga.us/ows-bin/owa/main_pack_fcl099.entry_form,,stub
Blackshear Elementary School,130414001809,Pierce County Schools,Waycross,GA,traditional,elementary,,(912)449-2088,,,,,,,,,,,,,https://educationdata.urban.org/api/v1/schools/ccd/directory/2023/?fips=13|https://nces.ed.gov/ccd/|https://app3.doe.k12.ga.us/ows-bin/owa/main_pack_fcl099.entry_form,,stub
Midway Elementary School,130414003994,Pierce County Schools,Waycross,GA,traditional,elementary,,(912)807-0084,,,,,,,,,,,,,https://educationdata.urban.org/api/v1/schools/ccd/directory/2023/?fips=13|https://nces.ed.gov/ccd/|https://app3.doe.k12.ga.us/ows-bin/owa/main_pack_fcl099.entry_form,,stub
Patterson Elementary School,130414001494,Pierce County Schools,Waycross,GA,traditional,elementary,,(912)647-5373,,,,,,,,,,,,,https://educationdata.urban.org/api/v1/schools/ccd/directory/2023/?fips=13|https://nces.ed.gov/ccd/|https://app3.doe.k12.ga.us/ows-bin/owa/main_pack_fcl099.entry_form,,stub
Pierce County High School,130414001915,Pierce County Schools,Waycross,GA,traditional,high,,(912)449-2055,,,,,,,,,,,,,https://educationdata.urban.org/api/v1/schools/ccd/directory/2023/?fips=13|https://nces.ed.gov/ccd/|https://app3.doe.k12.ga.us/ows-bin/owa/main_pack_fcl099.entry_form,,stub
Pierce County Middle School,130414001808,Pierce County Schools,Waycross,GA,traditional,middle,,(912)449-2077,,,,,,,,,,,,,https://educationdata.urban.org/api/v1/schools/ccd/directory/2023/?fips=13|https://nces.ed.gov/ccd/|https://app3.doe.k12.ga.us/ows-bin/owa/main_pack_fcl099.entry_form,,stub
Pike County Elementary School,130417001042,Pike County School District,Atlanta,GA,traditional,elementary,,(770)567-4444,,,,,,,,,,,,,https://educationdata.urban.org/api/v1/schools/ccd/directory/2023/?fips=13|https://nces.ed.gov/ccd/|https://app3.doe.k12.ga.us/ows-bin/owa/main_pack_fcl099.entry_form,,stub
Pike County High School,130417000546,Pike County School District,Atlanta,GA,traditional,high,https://build.pike.k12.ga.us/,(770)567-8770,,Chad Kollert,Principal,kollerc@pike.k12.ga.us,(770)567-8770,,,,,,,,"PCS Handbook 2025-2026 (Pike County High School Chad Kollert, kollerc@pike.k12.ga.us); 2025-2026 School Profile Principal Chad Kollert; GreatSchools school-leader email KOLLERC@PIKE.K12.GA.US",2026-09-07,verified
Pike County Middle School,130417001496,Pike County School District,Atlanta,GA,traditional,middle,,(770)567-3353,,,,,,,,,,,,,https://educationdata.urban.org/api/v1/schools/ccd/directory/2023/?fips=13|https://nces.ed.gov/ccd/|https://app3.doe.k12.ga.us/ows-bin/owa/main_pack_fcl099.entry_form,,stub
Pike County Primary School,130417001495,Pike County School District,Atlanta,GA,traditional,elementary,,(770)567-8443,,,,,,,,,,,,,https://educationdata.urban.org/api/v1/schools/ccd/directory/2023/?fips=13|https://nces.ed.gov/ccd/|https://app3.doe.k12.ga.us/ows-bin/owa/main_pack_fcl099.entry_form,,stub
Zebulon High School,130417004235,Pike County School District,Atlanta,GA,traditional,high,https://build.pike.k12.ga.us/,(770)567-2960,,Lindsay Busby,Principal,busbyl@pike.k12.ga.us,(770)567-2960,,,,,,,,"ZHS Student Handbook FY26 (Lindsay Busby, Principal); PCS Handbook 2025-2026 lists Dr. Lindsay Busby busbyl@pike.k12.ga.us (also Ninth Grade Academy); district high-school-teachers-staff page ZHS contact 770-567-2960",2026-09-07,verified
Cedartown High School,130420001510,Polk County Schools,Cedartown,GA,traditional,high,,(770)748-0490,,,,,,,,,,,,,https://educationdata.urban.org/api/v1/schools/ccd/directory/2023/?fips=13|https://nces.ed.gov/ccd/|https://app3.doe.k12.ga.us/ows-bin/owa/main_pack_fcl099.entry_form,,stub
Cedartown Middle School,130420002594,Polk County Schools,Cedartown,GA,traditional,middle,,(770)749-8850,,,,,,,,,,,,,https://educationdata.urban.org/api/v1/schools/ccd/directory/2023/?fips=13|https://nces.ed.gov/ccd/|https://app3.doe.k12.ga.us/ows-bin/owa/main_pack_fcl099.entry_form,,stub
Cherokee Elementary School,130420001916,Polk County Schools,Cedartown,GA,traditional,elementary,,(770)748-5614,,,,,,,,,,,,,https://educationdata.urban.org/api/v1/schools/ccd/directory/2023/?fips=13|https://nces.ed.gov/ccd/|https://app3.doe.k12.ga.us/ows-bin/owa/main_pack_fcl099.entry_form,,stub
Eastside Elementary School,130420001500,Polk County Schools,Cedartown,GA,traditional,elementary,,(770)684-5335,,,,,,,,,,,,,https://educationdata.urban.org/api/v1/schools/ccd/directory/2023/?fips=13|https://nces.ed.gov/ccd/|https://app3.doe.k12.ga.us/ows-bin/owa/main_pack_fcl099.entry_form,,stub
Harpst Academy,130420003614,Polk County Schools,Cedartown,GA,traditional,other,,(770)748-1500,,,,,,,,,,,,,https://educationdata.urban.org/api/v1/schools/ccd/directory/2023/?fips=13|https://nces.ed.gov/ccd/|https://app3.doe.k12.ga.us/ows-bin/owa/main_pack_fcl099.entry_form,,stub
Northside Elementary,130420002010,Polk County Schools,Cedartown,GA,traditional,elementary,,(770)748-4932,,,,,,,,,,,,,https://educationdata.urban.org/api/v1/schools/ccd/directory/2023/?fips=13|https://nces.ed.gov/ccd/|https://app3.doe.k12.ga.us/ows-bin/owa/main_pack_fcl099.entry_form,,stub
Rockmart High School,130420001509,Polk County Schools,Cedartown,GA,traditional,high,,(770)684-5432,,,,,,,,,,,,,https://educationdata.urban.org/api/v1/schools/ccd/directory/2023/?fips=13|https://nces.ed.gov/ccd/|https://app3.doe.k12.ga.us/ows-bin/owa/main_pack_fcl099.entry_form,,stub
Rockmart Middle School,130420003442,Polk County Schools,Cedartown,GA,traditional,middle,,(678)757-1479,,,,,,,,,,,,,https://educationdata.urban.org/api/v1/schools/ccd/directory/2023/?fips=13|https://nces.ed.gov/ccd/|https://app3.doe.k12.ga.us/ows-bin/owa/main_pack_fcl099.entry_form,,stub
Van Wert Elementary School,130420003939,Polk County Schools,Cedartown,GA,traditional,elementary,,(770)684-2237,,,,,,,,,,,,,https://educationdata.urban.org/api/v1/schools/ccd/directory/2023/?fips=13|https://nces.ed.gov/ccd/|https://app3.doe.k12.ga.us/ows-bin/owa/main_pack_fcl099.entry_form,,stub
Westside Elementary School,130420001499,Polk County Schools,Cedartown,GA,traditional,elementary,,(770)748-0831,,,,,,,,,,,,,https://educationdata.urban.org/api/v1/schools/ccd/directory/2023/?fips=13|https://nces.ed.gov/ccd/|https://app3.doe.k12.ga.us/ows-bin/owa/main_pack_fcl099.entry_form,,stub
Youngs Grove Elementary School,130420004001,Polk County Schools,Cedartown,GA,traditional,elementary,,(770)748-3821,,,,,,,,,,,,,https://educationdata.urban.org/api/v1/schools/ccd/directory/2023/?fips=13|https://nces.ed.gov/ccd/|https://app3.doe.k12.ga.us/ows-bin/owa/main_pack_fcl099.entry_form,,stub
Hawkinsville High School,130422001514,Pulaski County Schools,Rural Middle Georgia,GA,traditional,high,,(478)783-7210,,,,,,,,,,,,,https://educationdata.urban.org/api/v1/schools/ccd/directory/2023/?fips=13|https://nces.ed.gov/ccd/|https://app3.doe.k12.ga.us/ows-bin/owa/main_pack_fcl099.entry_form,,stub
Pulaski County Elementary School,130422001513,Pulaski County Schools,Rural Middle Georgia,GA,traditional,elementary,,(478)783-7275,,,,,,,,,,,,,https://educationdata.urban.org/api/v1/schools/ccd/directory/2023/?fips=13|https://nces.ed.gov/ccd/|https://app3.doe.k12.ga.us/ows-bin/owa/main_pack_fcl099.entry_form,,stub
Pulaski County Middle School,130422001045,Pulaski County Schools,Rural Middle Georgia,GA,traditional,middle,,(478)783-7215,,,,,,,,,,,,,https://educationdata.urban.org/api/v1/schools/ccd/directory/2023/?fips=13|https://nces.ed.gov/ccd/|https://app3.doe.k12.ga.us/ows-bin/owa/main_pack_fcl099.entry_form,,stub
Putnam County Elementary School,130426003867,Putnam County Schools,Rural Middle Georgia,GA,traditional,elementary,,(706)485-5312,,,,,,,,,,,,,https://educationdata.urban.org/api/v1/schools/ccd/directory/2023/?fips=13|https://nces.ed.gov/ccd/|https://app3.doe.k12.ga.us/ows-bin/owa/main_pack_fcl099.entry_form,,stub
Putnam County High School,130426003882,Putnam County Schools,Rural Middle Georgia,GA,traditional,high,,(706)485-9971,,,,,,,,,,,,,https://educationdata.urban.org/api/v1/schools/ccd/directory/2023/?fips=13|https://nces.ed.gov/ccd/|https://app3.doe.k12.ga.us/ows-bin/owa/main_pack_fcl099.entry_form,,stub
Putnam County Middle School,130426003878,Putnam County Schools,Rural Middle Georgia,GA,traditional,middle,,(706)485-8547,,,,,,,,,,,,,https://educationdata.urban.org/api/v1/schools/ccd/directory/2023/?fips=13|https://nces.ed.gov/ccd/|https://app3.doe.k12.ga.us/ows-bin/owa/main_pack_fcl099.entry_form,,stub
Putnam County Primary School,130426003919,Putnam County Schools,Rural Middle Georgia,GA,traditional,elementary,,(706)485-5141,,,,,,,,,,,,,https://educationdata.urban.org/api/v1/schools/ccd/directory/2023/?fips=13|https://nces.ed.gov/ccd/|https://app3.doe.k12.ga.us/ows-bin/owa/main_pack_fcl099.entry_form,,stub
Quitman County Elementary,130429001518,Quitman County Schools,Eufaula,GA,traditional,elementary,,(229)334-4298,,,,,,,,,,,,,https://educationdata.urban.org/api/v1/schools/ccd/directory/2023/?fips=13|https://nces.ed.gov/ccd/|https://app3.doe.k12.ga.us/ows-bin/owa/main_pack_fcl099.entry_form,,stub
Quitman County High School,130429003850,Quitman County Schools,Eufaula,GA,traditional,high,,(229)334-4298,,,,,,,,,,,,,https://educationdata.urban.org/api/v1/schools/ccd/directory/2023/?fips=13|https://nces.ed.gov/ccd/|https://app3.doe.k12.ga.us/ows-bin/owa/main_pack_fcl099.entry_form,,stub
Rabun County Elementary School,130432001519,Rabun County Schools,Rural NE Georgia,GA,traditional,elementary,,(706)782-3116,,,,,,,,,,,,,https://educationdata.urban.org/api/v1/schools/ccd/directory/2023/?fips=13|https://nces.ed.gov/ccd/|https://app3.doe.k12.ga.us/ows-bin/owa/main_pack_fcl099.entry_form,,stub
Rabun County High School,130432001520,Rabun County Schools,Rural NE Georgia,GA,traditional,high,,(706)782-4526,,,,,,,,,,,,,https://educationdata.urban.org/api/v1/schools/ccd/directory/2023/?fips=13|https://nces.ed.gov/ccd/|https://app3.doe.k12.ga.us/ows-bin/owa/main_pack_fcl099.entry_form,,stub
Rabun County Middle School,130432002425,Rabun County Schools,Rural NE Georgia,GA,traditional,middle,,(706)782-5470,,,,,,,,,,,,,https://educationdata.urban.org/api/v1/schools/ccd/directory/2023/?fips=13|https://nces.ed.gov/ccd/|https://app3.doe.k12.ga.us/ows-bin/owa/main_pack_fcl099.entry_form,,stub
Rabun County Primary School,130432004136,Rabun County Schools,Rural NE Georgia,GA,traditional,elementary,,(706)782-3831,,,,,,,,,,,,,https://educationdata.urban.org/api/v1/schools/ccd/directory/2023/?fips=13|https://nces.ed.gov/ccd/|https://app3.doe.k12.ga.us/ows-bin/owa/main_pack_fcl099.entry_form,,stub
Randolph Clay High School,130435002427,Randolph County Schools,Rural SW Georgia,GA,traditional,high,,(229)732-2101,,,,,,,,,,,,,https://educationdata.urban.org/api/v1/schools/ccd/directory/2023/?fips=13|https://nces.ed.gov/ccd/|https://app3.doe.k12.ga.us/ows-bin/owa/main_pack_fcl099.entry_form,,stub
Randolph County Elementary School,130435001524,Randolph County Schools,Rural SW Georgia,GA,traditional,elementary,,(229)732-3794,,,,,,,,,,,,,https://educationdata.urban.org/api/v1/schools/ccd/directory/2023/?fips=13|https://nces.ed.gov/ccd/|https://app3.doe.k12.ga.us/ows-bin/owa/main_pack_fcl099.entry_form,,stub
Randolph County Middle School,130435002426,Randolph County Schools,Rural SW Georgia,GA,traditional,middle,,(229)732-2790,,,,,,,,,,,,,https://educationdata.urban.org/api/v1/schools/ccd/directory/2023/?fips=13|https://nces.ed.gov/ccd/|https://app3.doe.k12.ga.us/ows-bin/owa/main_pack_fcl099.entry_form,,stub
Academy of Richmond County High School,130438001528,Richmond County School System,Augusta,GA,traditional,high,https://arc.rcboe.org/,(706)737-7152,,Dr. Travis Wiggins,Principal,,,,,,,,,,https://educationdata.urban.org/api/v1/schools/ccd/directory/2023/?fips=13|https://nces.ed.gov/ccd/|https://app3.doe.k12.ga.us/ows-bin/owa/main_pack_fcl099.entry_form|https://resources.finalsite.net/images/v1776949485/rcboeorg/roi7tvhv74zvknen2yyd/2025-2026SchoolDirectory_1.pdf|https://arc.rcboe.org/about-us|https://www.rcboe.org/schools/high-schools,2026-09-07,verified
Barton Chapel Elementary School,130438001552,Richmond County School System,Augusta,GA,traditional,elementary,,(706)796-4955,,,,,,,,,,,,,https://educationdata.urban.org/api/v1/schools/ccd/directory/2023/?fips=13|https://nces.ed.gov/ccd/|https://app3.doe.k12.ga.us/ows-bin/owa/main_pack_fcl099.entry_form,,stub
Bayvale Elementary School,130438001541,Richmond County School System,Augusta,GA,traditional,elementary,,(706)737-7255,,,,,,,,,,,,,https://educationdata.urban.org/api/v1/schools/ccd/directory/2023/?fips=13|https://nces.ed.gov/ccd/|https://app3.doe.k12.ga.us/ows-bin/owa/main_pack_fcl099.entry_form,,stub
Belair K-8 School,130438004312,Richmond County School System,Augusta,GA,traditional,elementary,,(706)821-2766,,,,,,,,,,,,,https://educationdata.urban.org/api/v1/schools/ccd/directory/2023/?fips=13|https://nces.ed.gov/ccd/|https://app3.doe.k12.ga.us/ows-bin/owa/main_pack_fcl099.entry_form,,stub
Blythe Elementary School,130438001532,Richmond County School System,Augusta,GA,traditional,elementary,,(706)592-4090,,,,,,,,,,,,,https://educationdata.urban.org/api/v1/schools/ccd/directory/2023/?fips=13|https://nces.ed.gov/ccd/|https://app3.doe.k12.ga.us/ows-bin/owa/main_pack_fcl099.entry_form,,stub
Butler High School,130438001562,Richmond County School System,Augusta,GA,traditional,high,https://butler.rcboe.org/,(706)796-4959,,Dr. Valerie Squire-Kelly,Principal,,,,,,,,,,https://educationdata.urban.org/api/v1/schools/ccd/directory/2023/?fips=13|https://nces.ed.gov/ccd/|https://app3.doe.k12.ga.us/ows-bin/owa/main_pack_fcl099.entry_form|https://resources.finalsite.net/images/v1776949485/rcboeorg/roi7tvhv74zvknen2yyd/2025-2026SchoolDirectory_1.pdf|https://butler.rcboe.org/about-us|https://www.rcboe.org/schools/high-schools,2026-09-07,verified
Copeland Elementary School,130438001551,Richmond County School System,Augusta,GA,traditional,elementary,,(706)737-7228,,,,,,,,,,,,,https://educationdata.urban.org/api/v1/schools/ccd/directory/2023/?fips=13|https://nces.ed.gov/ccd/|https://app3.doe.k12.ga.us/ows-bin/owa/main_pack_fcl099.entry_form,,stub
Cross Creek High School,130438002339,Richmond County School System,Augusta,GA,traditional,high,https://crosscreek.rcboe.org/,(706)772-8140,,Dr. David Yancey,Principal,,,,,,,,,,https://educationdata.urban.org/api/v1/schools/ccd/directory/2023/?fips=13|https://nces.ed.gov/ccd/|https://app3.doe.k12.ga.us/ows-bin/owa/main_pack_fcl099.entry_form|https://crosscreek.rcboe.org/about-us|https://www.rcboe.org/schools/high-schools,2026-09-07,verified
Davidson Magnet School,130438001567,Richmond County School System,Augusta,GA,traditional,high,https://davidson.rcboe.org/,(706)823-6924,,Dr. Renee Kelly,Principal,,,,,,,,,,https://educationdata.urban.org/api/v1/schools/ccd/directory/2023/?fips=13|https://nces.ed.gov/ccd/|https://app3.doe.k12.ga.us/ows-bin/owa/main_pack_fcl099.entry_form|https://resources.finalsite.net/images/v1776949485/rcboeorg/roi7tvhv74zvknen2yyd/2025-2026SchoolDirectory_1.pdf|https://davidson.rcboe.org/about-us,2026-09-07,verified
Deer Chase Elementary School,130438003662,Richmond County School System,Augusta,GA,traditional,elementary,,(706)772-6240,,,,,,,,,,,,,https://educationdata.urban.org/api/v1/schools/ccd/directory/2023/?fips=13|https://nces.ed.gov/ccd/|https://app3.doe.k12.ga.us/ows-bin/owa/main_pack_fcl099.entry_form,,stub
Diamond Lakes Elementary School,130438003701,Richmond County School System,Augusta,GA,traditional,elementary,,(706)771-2881,,,,,,,,,,,,,https://educationdata.urban.org/api/v1/schools/ccd/directory/2023/?fips=13|https://nces.ed.gov/ccd/|https://app3.doe.k12.ga.us/ows-bin/owa/main_pack_fcl099.entry_form,,stub
Dorothy Hains Elementary School,130438001570,Richmond County School System,Augusta,GA,traditional,elementary,,(706)796-4918,,,,,,,,,,,,,https://educationdata.urban.org/api/v1/schools/ccd/directory/2023/?fips=13|https://nces.ed.gov/ccd/|https://app3.doe.k12.ga.us/ows-bin/owa/main_pack_fcl099.entry_form,,stub
Freedom Park Elementary,130438002596,Richmond County School System,Augusta,GA,traditional,elementary,,(706)796-8428,,,,,,,,,,,,,https://educationdata.urban.org/api/v1/schools/ccd/directory/2023/?fips=13|https://nces.ed.gov/ccd/|https://app3.doe.k12.ga.us/ows-bin/owa/main_pack_fcl099.entry_form,,stub
Garrett Elementary School,130438001561,Richmond County School System,Augusta,GA,traditional,elementary,,(706)737-7222,,,,,,,,,,,,,https://educationdata.urban.org/api/v1/schools/ccd/directory/2023/?fips=13|https://nces.ed.gov/ccd/|https://app3.doe.k12.ga.us/ows-bin/owa/main_pack_fcl099.entry_form,,stub
Glenn Hills Elementary School,130438001550,Richmond County School System,Augusta,GA,traditional,elementary,,(706)796-4942,,,,,,,,,,,,,https://educationdata.urban.org/api/v1/schools/ccd/directory/2023/?fips=13|https://nces.ed.gov/ccd/|https://app3.doe.k12.ga.us/ows-bin/owa/main_pack_fcl099.entry_form,,stub
Glenn Hills High School,130438001536,Richmond County School System,Augusta,GA,traditional,high,https://ghhs.rcboe.org/,(706)796-4924,,Valeria Smith,Principal,,,,,,,,,,https://educationdata.urban.org/api/v1/schools/ccd/directory/2023/?fips=13|https://nces.ed.gov/ccd/|https://app3.doe.k12.ga.us/ows-bin/owa/main_pack_fcl099.entry_form|https://resources.finalsite.net/images/v1776949485/rcboeorg/roi7tvhv74zvknen2yyd/2025-2026SchoolDirectory_1.pdf|https://ghhs.rcboe.org/about-us|https://www.rcboe.org/schools/high-schools,2026-09-07,verified
Glenn Hills Middle School,130438001817,Richmond County School System,Augusta,GA,traditional,middle,,(706)796-4705,,,,,,,,,,,,,https://educationdata.urban.org/api/v1/schools/ccd/directory/2023/?fips=13|https://nces.ed.gov/ccd/|https://app3.doe.k12.ga.us/ows-bin/owa/main_pack_fcl099.entry_form,,stub
Goshen Elementary School,130438000569,Richmond County School System,Augusta,GA,traditional,elementary,,(706)796-4646,,,,,,,,,,,,,https://educationdata.urban.org/api/v1/schools/ccd/directory/2023/?fips=13|https://nces.ed.gov/ccd/|https://app3.doe.k12.ga.us/ows-bin/owa/main_pack_fcl099.entry_form,,stub
Gracewood Elementary School,130438001530,Richmond County School System,Augusta,GA,traditional,elementary,,(706)796-4969,,,,,,,,,,,,,https://educationdata.urban.org/api/v1/schools/ccd/directory/2023/?fips=13|https://nces.ed.gov/ccd/|https://app3.doe.k12.ga.us/ows-bin/owa/main_pack_fcl099.entry_form,,stub
Hephzibah Elementary School,130438001560,Richmond County School System,Augusta,GA,traditional,elementary,,(706)592-4561,,,,,,,,,,,,,https://educationdata.urban.org/api/v1/schools/ccd/directory/2023/?fips=13|https://nces.ed.gov/ccd/|https://app3.doe.k12.ga.us/ows-bin/owa/main_pack_fcl099.entry_form,,stub
Hephzibah High School,130438001549,Richmond County School System,Augusta,GA,traditional,high,https://hhs.rcboe.org/,(706)592-2089,,Chris Nabahe,Principal,,,,,,,,,,https://educationdata.urban.org/api/v1/schools/ccd/directory/2023/?fips=13|https://nces.ed.gov/ccd/|https://app3.doe.k12.ga.us/ows-bin/owa/main_pack_fcl099.entry_form|https://resources.finalsite.net/images/v1776949485/rcboeorg/roi7tvhv74zvknen2yyd/2025-2026SchoolDirectory_1.pdf|https://hhs.rcboe.org/about-us|https://www.rcboe.org/schools/high-schools,2026-09-07,verified
Hephzibah Middle School,130438001554,Richmond County School System,Augusta,GA,traditional,middle,,(706)592-4534,,,,,,,,,,,,,https://educationdata.urban.org/api/v1/schools/ccd/directory/2023/?fips=13|https://nces.ed.gov/ccd/|https://app3.doe.k12.ga.us/ows-bin/owa/main_pack_fcl099.entry_form,,stub
Jamestown Elementary School,130438002049,Richmond County School System,Augusta,GA,traditional,elementary,,(706)796-4760,,,,,,,,,,,,,https://educationdata.urban.org/api/v1/schools/ccd/directory/2023/?fips=13|https://nces.ed.gov/ccd/|https://app3.doe.k12.ga.us/ows-bin/owa/main_pack_fcl099.entry_form,,stub
Jenkins-White Elementary School,130438004405,Richmond County School System,Augusta,GA,traditional,elementary,,(706)737-7320,,,,,,,,,,,,,https://educationdata.urban.org/api/v1/schools/ccd/directory/2023/?fips=13|https://nces.ed.gov/ccd/|https://app3.doe.k12.ga.us/ows-bin/owa/main_pack_fcl099.entry_form,,stub
Johnson Magnet,130438001534,Richmond County School System,Augusta,GA,traditional,high,https://arjohnson.rcboe.org/,(706)823-6933,,E.J. Sharif,Principal,,,,,,,,,,https://educationdata.urban.org/api/v1/schools/ccd/directory/2023/?fips=13|https://nces.ed.gov/ccd/|https://app3.doe.k12.ga.us/ows-bin/owa/main_pack_fcl099.entry_form|https://resources.finalsite.net/images/v1776949485/rcboeorg/roi7tvhv74zvknen2yyd/2025-2026SchoolDirectory_1.pdf|https://arjohnson.rcboe.org/about-us,2026-09-07,verified
Josey High School,130438001533,Richmond County School System,Augusta,GA,traditional,high,https://josey.rcboe.org/,(706)737-7360,,Melisa Clark,Principal,,,,,,,,,,https://educationdata.urban.org/api/v1/schools/ccd/directory/2023/?fips=13|https://nces.ed.gov/ccd/|https://app3.doe.k12.ga.us/ows-bin/owa/main_pack_fcl099.entry_form|https://josey.rcboe.org/about-us|https://www.rcboe.org/schools/high-schools,2026-09-07,verified
Lake Forest Hills Elementary School,130438002340,Richmond County School System,Augusta,GA,traditional,elementary,,(706)737-7317,,,,,,,,,,,,,https://educationdata.urban.org/api/v1/schools/ccd/directory/2023/?fips=13|https://nces.ed.gov/ccd/|https://app3.doe.k12.ga.us/ows-bin/owa/main_pack_fcl099.entry_form,,stub
Lamar - Milledge Elementary School,130438001529,Richmond County School System,Augusta,GA,traditional,elementary,,(706)737-7262,,,,,,,,,,,,,https://educationdata.urban.org/api/v1/schools/ccd/directory/2023/?fips=13|https://nces.ed.gov/ccd/|https://app3.doe.k12.ga.us/ows-bin/owa/main_pack_fcl099.entry_form,,stub
Laney High School,130438001573,Richmond County School System,Augusta,GA,traditional,high,https://laney.rcboe.org/,(706)823-6900,,Dr. Cordaryl Middleton,Principal,,,,,,,,,,https://educationdata.urban.org/api/v1/schools/ccd/directory/2023/?fips=13|https://nces.ed.gov/ccd/|https://app3.doe.k12.ga.us/ows-bin/owa/main_pack_fcl099.entry_form|https://resources.finalsite.net/images/v1776949485/rcboeorg/roi7tvhv74zvknen2yyd/2025-2026SchoolDirectory_1.pdf,2026-09-07,verified
Langford Middle School,130438001559,Richmond County School System,Augusta,GA,traditional,middle,,(706)737-7301,,,,,,,,,,,,,https://educationdata.urban.org/api/v1/schools/ccd/directory/2023/?fips=13|https://nces.ed.gov/ccd/|https://app3.doe.k12.ga.us/ows-bin/owa/main_pack_fcl099.entry_form,,stub
Lighthouse Care Center of Augusta,130438003486,Richmond County School System,Augusta,GA,traditional,other,,(706)651-0005,,,,,,,,,,,,,https://educationdata.urban.org/api/v1/schools/ccd/directory/2023/?fips=13|https://nces.ed.gov/ccd/|https://app3.doe.k12.ga.us/ows-bin/owa/main_pack_fcl099.entry_form,,stub
McBean Elementary School,130438002280,Richmond County School System,Augusta,GA,traditional,elementary,,(706)592-3723,,,,,,,,,,,,,https://educationdata.urban.org/api/v1/schools/ccd/directory/2023/?fips=13|https://nces.ed.gov/ccd/|https://app3.doe.k12.ga.us/ows-bin/owa/main_pack_fcl099.entry_form,,stub
Meadowbrook Elementary School,130438001563,Richmond County School System,Augusta,GA,traditional,elementary,,(706)796-4915,,,,,,,,,,,,,https://educationdata.urban.org/api/v1/schools/ccd/directory/2023/?fips=13|https://nces.ed.gov/ccd/|https://app3.doe.k12.ga.us/ows-bin/owa/main_pack_fcl099.entry_form,,stub
Merry Elementary School,130438001548,Richmond County School System,Augusta,GA,traditional,elementary,,(706)737-7185,,,,,,,,,,,,,https://educationdata.urban.org/api/v1/schools/ccd/directory/2023/?fips=13|https://nces.ed.gov/ccd/|https://app3.doe.k12.ga.us/ows-bin/owa/main_pack_fcl099.entry_form,,stub
Monte Sano Elementary School,130438001526,Richmond County School System,Augusta,GA,traditional,elementary,,(706)481-1813,,,,,,,,,,,,,https://educationdata.urban.org/api/v1/schools/ccd/directory/2023/?fips=13|https://nces.ed.gov/ccd/|https://app3.doe.k12.ga.us/ows-bin/owa/main_pack_fcl099.entry_form,,stub
Murphey Middle School,130438001579,Richmond County School System,Augusta,GA,traditional,middle,,(706)737-7360,,,,,,,,,,,,,https://educationdata.urban.org/api/v1/schools/ccd/directory/2023/?fips=13|https://nces.ed.gov/ccd/|https://app3.doe.k12.ga.us/ows-bin/owa/main_pack_fcl099.entry_form,,stub
Pine Hill Middle School,130438003947,Richmond County School System,Augusta,GA,traditional,middle,,(706)592-3730,,,,,,,,,,,,,https://educationdata.urban.org/api/v1/schools/ccd/directory/2023/?fips=13|https://nces.ed.gov/ccd/|https://app3.doe.k12.ga.us/ows-bin/owa/main_pack_fcl099.entry_form,,stub
Richmond County Technical Career Magnet School,130438004069,Richmond County School System,Augusta,GA,traditional,high,https://rctcm.rcboe.org/,(706)823-5580,,Kyshone Grant,Principal,,,,,,,,,,https://educationdata.urban.org/api/v1/schools/ccd/directory/2023/?fips=13|https://nces.ed.gov/ccd/|https://app3.doe.k12.ga.us/ows-bin/owa/main_pack_fcl099.entry_form|https://resources.finalsite.net/images/v1776949485/rcboeorg/roi7tvhv74zvknen2yyd/2025-2026SchoolDirectory_1.pdf|https://rctcm.rcboe.org/about-us,2026-09-07,verified
Richmond Hill K-8,130438004334,Richmond County School System,Augusta,GA,traditional,elementary,,(706)826-1000,,,,,,,,,,,,,https://educationdata.urban.org/api/v1/schools/ccd/directory/2023/?fips=13|https://nces.ed.gov/ccd/|https://app3.doe.k12.ga.us/ows-bin/owa/main_pack_fcl099.entry_form,,stub
Spirit Creek Middle School,130438002089,Richmond County School System,Augusta,GA,traditional,middle,,(706)592-3987,,,,,,,,,,,,,https://educationdata.urban.org/api/v1/schools/ccd/directory/2023/?fips=13|https://nces.ed.gov/ccd/|https://app3.doe.k12.ga.us/ows-bin/owa/main_pack_fcl099.entry_form,,stub
Sue Reynolds Elementary School,130438002511,Richmond County School System,Augusta,GA,traditional,elementary,,(706)855-2540,,,,,,,,,,,,,https://educationdata.urban.org/api/v1/schools/ccd/directory/2023/?fips=13|https://nces.ed.gov/ccd/|https://app3.doe.k12.ga.us/ows-bin/owa/main_pack_fcl099.entry_form,,stub
Tobacco Road Elementary School,130438000570,Richmond County School System,Augusta,GA,traditional,elementary,,(706)796-4658,,,,,,,,,,,,,https://educationdata.urban.org/api/v1/schools/ccd/directory/2023/?fips=13|https://nces.ed.gov/ccd/|https://app3.doe.k12.ga.us/ows-bin/owa/main_pack_fcl099.entry_form,,stub
Tutt Middle School,130438001574,Richmond County School System,Augusta,GA,traditional,middle,,(706)737-7288,,,,,,,,,,,,,https://educationdata.urban.org/api/v1/schools/ccd/directory/2023/?fips=13|https://nces.ed.gov/ccd/|https://app3.doe.k12.ga.us/ows-bin/owa/main_pack_fcl099.entry_form,,stub
W.S. Hornsby Elementary School,130438004230,Richmond County School System,Augusta,GA,traditional,elementary,,(706)823-6928,,,,,,,,,,,,,https://educationdata.urban.org/api/v1/schools/ccd/directory/2023/?fips=13|https://nces.ed.gov/ccd/|https://app3.doe.k12.ga.us/ows-bin/owa/main_pack_fcl099.entry_form,,stub
W.S. Hornsby Middle School,130438003924,Richmond County School System,Augusta,GA,traditional,middle,,(706)823-6928,,,,,,,,,,,,,https://educationdata.urban.org/api/v1/schools/ccd/directory/2023/?fips=13|https://nces.ed.gov/ccd/|https://app3.doe.k12.ga.us/ows-bin/owa/main_pack_fcl099.entry_form,,stub
Walker Traditional Elementary School,130438001556,Richmond County School System,Augusta,GA,traditional,elementary,,(706)823-6950,,,,,,,,,,,,,https://educationdata.urban.org/api/v1/schools/ccd/directory/2023/?fips=13|https://nces.ed.gov/ccd/|https://app3.doe.k12.ga.us/ows-bin/owa/main_pack_fcl099.entry_form,,stub
Warren Road Elementary School,130438001546,Richmond County School System,Augusta,GA,traditional,elementary,,(706)868-4022,,,,,,,,,,,,,https://educationdata.urban.org/api/v1/schools/ccd/directory/2023/?fips=13|https://nces.ed.gov/ccd/|https://app3.doe.k12.ga.us/ows-bin/owa/main_pack_fcl099.entry_form,,stub
Westside High School,130438001542,Richmond County School System,Augusta,GA,traditional,high,https://westside.rcboe.org/,(706)868-4030,,Dr. Tikki Middleton,Principal,,,,,,,,,,https://educationdata.urban.org/api/v1/schools/ccd/directory/2023/?fips=13|https://nces.ed.gov/ccd/|https://app3.doe.k12.ga.us/ows-bin/owa/main_pack_fcl099.entry_form|https://resources.finalsite.net/images/v1776949485/rcboeorg/roi7tvhv74zvknen2yyd/2025-2026SchoolDirectory_1.pdf|https://westside.rcboe.org/about-us,2026-09-07,verified
Wheeless Road Elementary School,130438004342,Richmond County School System,Augusta,GA,traditional,elementary,,(706)796-4985,,,,,,,,,,,,,https://educationdata.urban.org/api/v1/schools/ccd/directory/2023/?fips=13|https://nces.ed.gov/ccd/|https://app3.doe.k12.ga.us/ows-bin/owa/main_pack_fcl099.entry_form,,stub
Wilkinson Gardens Elementary School,130438002972,Richmond County School System,Augusta,GA,traditional,elementary,,(706)737-7219,,,,,,,,,,,,,https://educationdata.urban.org/api/v1/schools/ccd/directory/2023/?fips=13|https://nces.ed.gov/ccd/|https://app3.doe.k12.ga.us/ows-bin/owa/main_pack_fcl099.entry_form,,stub
Barksdale Elementary School,130441001590,Rockdale County Public Schools,Atlanta,GA,traditional,elementary,,(770)483-9514,,,,,,,,,,,,,https://educationdata.urban.org/api/v1/schools/ccd/directory/2023/?fips=13|https://nces.ed.gov/ccd/|https://app3.doe.k12.ga.us/ows-bin/owa/main_pack_fcl099.entry_form,,stub
Conyers Middle School,130441001588,Rockdale County Public Schools,Atlanta,GA,traditional,middle,,(770)483-3371,,,,,,,,,,,,,https://educationdata.urban.org/api/v1/schools/ccd/directory/2023/?fips=13|https://nces.ed.gov/ccd/|https://app3.doe.k12.ga.us/ows-bin/owa/main_pack_fcl099.entry_form,,stub
Edwards Middle School,130441001587,Rockdale County Public Schools,Atlanta,GA,traditional,middle,,(770)483-3255,,,,,,,,,,,,,https://educationdata.urban.org/api/v1/schools/ccd/directory/2023/?fips=13|https://nces.ed.gov/ccd/|https://app3.doe.k12.ga.us/ows-bin/owa/main_pack_fcl099.entry_form,,stub
Flat Shoals Elementary School,130441001585,Rockdale County Public Schools,Atlanta,GA,traditional,elementary,,(770)483-5136,,,,,,,,,,,,,https://educationdata.urban.org/api/v1/schools/ccd/directory/2023/?fips=13|https://nces.ed.gov/ccd/|https://app3.doe.k12.ga.us/ows-bin/owa/main_pack_fcl099.entry_form,,stub
General Ray Davis Middle School,130441003446,Rockdale County Public Schools,Atlanta,GA,traditional,middle,,(770)388-5675,,,,,,,,,,,,,https://educationdata.urban.org/api/v1/schools/ccd/directory/2023/?fips=13|https://nces.ed.gov/ccd/|https://app3.doe.k12.ga.us/ows-bin/owa/main_pack_fcl099.entry_form,,stub
Heritage High School,130441001591,Rockdale County Public Schools,Atlanta,GA,traditional,high,https://hhs.rockdaleschools.org/,(770)483-5428,,Dr. Marcus Washington,Principal,mwashington1@rockdale.k12.ga.us,(770)483-5428,,,,,,,,hhs.rockdaleschools.org/about/principal-s-introduction (Dr. Marcus Washington Principal); hhs.rockdaleschools.org/directory (mwashington1@rockdale.k12.ga.us),2026-09-07,verified
Hicks Elementary School,130441001582,Rockdale County Public Schools,Atlanta,GA,traditional,elementary,,(770)483-4410,,,,,,,,,,,,,https://educationdata.urban.org/api/v1/schools/ccd/directory/2023/?fips=13|https://nces.ed.gov/ccd/|https://app3.doe.k12.ga.us/ows-bin/owa/main_pack_fcl099.entry_form,,stub
Hightower Trail Elementary School,130441002051,Rockdale County Public Schools,Atlanta,GA,traditional,elementary,,(770)388-0751,,,,,,,,,,,,,https://educationdata.urban.org/api/v1/schools/ccd/directory/2023/?fips=13|https://nces.ed.gov/ccd/|https://app3.doe.k12.ga.us/ows-bin/owa/main_pack_fcl099.entry_form,,stub
Honey Creek Elementary School,130441001580,Rockdale County Public Schools,Atlanta,GA,traditional,elementary,,(770)483-5706,,,,,,,,,,,,,https://educationdata.urban.org/api/v1/schools/ccd/directory/2023/?fips=13|https://nces.ed.gov/ccd/|https://app3.doe.k12.ga.us/ows-bin/owa/main_pack_fcl099.entry_form,,stub
House Elementary School,130441001581,Rockdale County Public Schools,Atlanta,GA,traditional,elementary,,(770)483-9504,,,,,,,,,,,,,https://educationdata.urban.org/api/v1/schools/ccd/directory/2023/?fips=13|https://nces.ed.gov/ccd/|https://app3.doe.k12.ga.us/ows-bin/owa/main_pack_fcl099.entry_form,,stub
Lorraine Elementary School,130441001830,Rockdale County Public Schools,Atlanta,GA,traditional,elementary,,(770)483-0657,,,,,,,,,,,,,https://educationdata.urban.org/api/v1/schools/ccd/directory/2023/?fips=13|https://nces.ed.gov/ccd/|https://app3.doe.k12.ga.us/ows-bin/owa/main_pack_fcl099.entry_form,,stub
Memorial Middle School,130441000583,Rockdale County Public Schools,Atlanta,GA,traditional,middle,,(770)922-0139,,,,,,,,,,,,,https://educationdata.urban.org/api/v1/schools/ccd/directory/2023/?fips=13|https://nces.ed.gov/ccd/|https://app3.doe.k12.ga.us/ows-bin/owa/main_pack_fcl099.entry_form,,stub
Peek's Chapel Elementary,130441002513,Rockdale County Public Schools,Atlanta,GA,traditional,elementary,,(770)761-1842,,,,,,,,,,,,,https://educationdata.urban.org/api/v1/schools/ccd/directory/2023/?fips=13|https://nces.ed.gov/ccd/|https://app3.doe.k12.ga.us/ows-bin/owa/main_pack_fcl099.entry_form,,stub
Pine Street Elementary School,130441001584,Rockdale County Public Schools,Atlanta,GA,traditional,elementary,,(770)483-8713,,,,,,,,,,,,,https://educationdata.urban.org/api/v1/schools/ccd/directory/2023/?fips=13|https://nces.ed.gov/ccd/|https://app3.doe.k12.ga.us/ows-bin/owa/main_pack_fcl099.entry_form,,stub
Rockdale County High School,130441001583,Rockdale County Public Schools,Atlanta,GA,traditional,high,https://rchs.rockdaleschools.org/,(770)483-8754,,Stacy Clark,Principal,sclark@rockdale.k12.ga.us,(770)483-8754,,,,,,,,rchs.rockdaleschools.org/directory (Stacy Clark Principal sclark@rockdale.k12.ga.us),2026-09-07,verified
Salem High School,130441002193,Rockdale County Public Schools,Atlanta,GA,traditional,high,https://shs.rockdaleschools.org/,(770)929-0176,,Charles Chavous,Principal,cchavous1@rockdale.k12.ga.us,(770)929-0176,,,,,,,,shs.rockdaleschools.org/directory Administration (Charles Chavous Principal cchavous1@rockdale.k12.ga.us),2026-09-07,verified
Shoal Creek Elementary School,130441000575,Rockdale County Public Schools,Atlanta,GA,traditional,elementary,,(770)929-1430,,,,,,,,,,,,,https://educationdata.urban.org/api/v1/schools/ccd/directory/2023/?fips=13|https://nces.ed.gov/ccd/|https://app3.doe.k12.ga.us/ows-bin/owa/main_pack_fcl099.entry_form,,stub
Sims Elementary School,130441002050,Rockdale County Public Schools,Atlanta,GA,traditional,elementary,,(770)922-0666,,,,,,,,,,,,,https://educationdata.urban.org/api/v1/schools/ccd/directory/2023/?fips=13|https://nces.ed.gov/ccd/|https://app3.doe.k12.ga.us/ows-bin/owa/main_pack_fcl099.entry_form,,stub
Anna K. Davie Elementary,130444004206,Rome City Schools,Rome,GA,traditional,elementary,,(706)232-4913,,,,,,,,,,,,,https://educationdata.urban.org/api/v1/schools/ccd/directory/2023/?fips=13|https://nces.ed.gov/ccd/|https://app3.doe.k12.ga.us/ows-bin/owa/main_pack_fcl099.entry_form,,stub
East Central Elementary School,130444001599,Rome City Schools,Rome,GA,traditional,elementary,,(706)232-8310,,,,,,,,,,,,,https://educationdata.urban.org/api/v1/schools/ccd/directory/2023/?fips=13|https://nces.ed.gov/ccd/|https://app3.doe.k12.ga.us/ows-bin/owa/main_pack_fcl099.entry_form,,stub
Elm Street Elementary,130444001596,Rome City Schools,Rome,GA,traditional,elementary,,(706)232-5313,,,,,,,,,,,,,https://educationdata.urban.org/api/v1/schools/ccd/directory/2023/?fips=13|https://nces.ed.gov/ccd/|https://app3.doe.k12.ga.us/ows-bin/owa/main_pack_fcl099.entry_form,,stub
Main Elementary School,130444004356,Rome City Schools,Rome,GA,traditional,elementary,,(706)295-7180,,,,,,,,,,,,,https://educationdata.urban.org/api/v1/schools/ccd/directory/2023/?fips=13|https://nces.ed.gov/ccd/|https://app3.doe.k12.ga.us/ows-bin/owa/main_pack_fcl099.entry_form,,stub
Rome High School,130444000028,Rome City Schools,Rome,GA,traditional,high,https://www.rcs.rome.ga.us/o/rhs,(706)235-9653,,Christy Epps,Principal,,(706) 235-9653,,,,,,,,https://www.rcs.rome.ga.us/o/rhs/staff,2026-09-07,verified
Rome Middle School,130444000154,Rome City Schools,Rome,GA,traditional,middle,,(706)235-4695,,,,,,,,,,,,,https://educationdata.urban.org/api/v1/schools/ccd/directory/2023/?fips=13|https://nces.ed.gov/ccd/|https://app3.doe.k12.ga.us/ows-bin/owa/main_pack_fcl099.entry_form,,stub
West Central Elementary School,130444001595,Rome City Schools,Rome,GA,traditional,elementary,,(706)235-8836,,,,,,,,,,,,,https://educationdata.urban.org/api/v1/schools/ccd/directory/2023/?fips=13|https://nces.ed.gov/ccd/|https://app3.doe.k12.ga.us/ows-bin/owa/main_pack_fcl099.entry_form,,stub
West End Elementary School,130444001605,Rome City Schools,Rome,GA,traditional,elementary,,(706)234-9366,,,,,,,,,,,,,https://educationdata.urban.org/api/v1/schools/ccd/directory/2023/?fips=13|https://nces.ed.gov/ccd/|https://app3.doe.k12.ga.us/ows-bin/owa/main_pack_fcl099.entry_form,,stub
Andrea B Williams Elementary School,130102000370,Savannah-Chatham County Public School System,Savannah,GA,traditional,elementary,,(912)395-2500,,,,,,,,,,,,,https://educationdata.urban.org/api/v1/schools/ccd/directory/2023/?fips=13|https://nces.ed.gov/ccd/|https://app3.doe.k12.ga.us/ows-bin/owa/main_pack_fcl099.entry_form,,stub
Beach High School,130102000376,Savannah-Chatham County Public School System,Savannah,GA,traditional,high,https://beach.sccpss.com/,(912)395-5330,,Emanuel McCall,Principal,Emanuel.McCall@sccpss.com,,,,,,,,,https://educationdata.urban.org/api/v1/schools/ccd/directory/2023/?fips=13|https://nces.ed.gov/ccd/|https://app3.doe.k12.ga.us/ows-bin/owa/main_pack_fcl099.entry_form|https://beach.sccpss.com/our-school/administration|https://beach.sccpss.com/,2026-09-07,verified
Bloomingdale Elementary School,130102000403,Savannah-Chatham County Public School System,Savannah,GA,traditional,elementary,,(912)395-3680,,,,,,,,,,,,,https://educationdata.urban.org/api/v1/schools/ccd/directory/2023/?fips=13|https://nces.ed.gov/ccd/|https://app3.doe.k12.ga.us/ows-bin/owa/main_pack_fcl099.entry_form,,stub
Butler Elementary School,130102000392,Savannah-Chatham County Public School System,Savannah,GA,traditional,elementary,,(912)395-2525,,,,,,,,,,,,,https://educationdata.urban.org/api/v1/schools/ccd/directory/2023/?fips=13|https://nces.ed.gov/ccd/|https://app3.doe.k12.ga.us/ows-bin/owa/main_pack_fcl099.entry_form,,stub
Coastal Empire Montessori Charter School,130102003772,Savannah-Chatham County Public School System,Savannah,GA,traditional,elementary,,(912)395-4070,,,,,,,,,,,,,https://educationdata.urban.org/api/v1/schools/ccd/directory/2023/?fips=13|https://nces.ed.gov/ccd/|https://app3.doe.k12.ga.us/ows-bin/owa/main_pack_fcl099.entry_form,,stub
Coastal Middle School,130102002019,Savannah-Chatham County Public School System,Savannah,GA,traditional,middle,,(912)395-3950,,,,,,,,,,,,,https://educationdata.urban.org/api/v1/schools/ccd/directory/2023/?fips=13|https://nces.ed.gov/ccd/|https://app3.doe.k12.ga.us/ows-bin/owa/main_pack_fcl099.entry_form,,stub
DeRenne Middle School,130102000362,Savannah-Chatham County Public School System,Savannah,GA,traditional,middle,,(912)395-5900,,,,,,,,,,,,,https://educationdata.urban.org/api/v1/schools/ccd/directory/2023/?fips=13|https://nces.ed.gov/ccd/|https://app3.doe.k12.ga.us/ows-bin/owa/main_pack_fcl099.entry_form,,stub
Ellis Elementary School,130102000402,Savannah-Chatham County Public School System,Savannah,GA,traditional,elementary,,(912)395-5470,,,,,,,,,,,,,https://educationdata.urban.org/api/v1/schools/ccd/directory/2023/?fips=13|https://nces.ed.gov/ccd/|https://app3.doe.k12.ga.us/ows-bin/owa/main_pack_fcl099.entry_form,,stub
Esther F. Garrison School for the Arts,130102002152,Savannah-Chatham County Public School System,Savannah,GA,traditional,elementary,,(912)395-5975,,,,,,,,,,,,,https://educationdata.urban.org/api/v1/schools/ccd/directory/2023/?fips=13|https://nces.ed.gov/ccd/|https://app3.doe.k12.ga.us/ows-bin/owa/main_pack_fcl099.entry_form,,stub
Gadsden Elementary School,130102000365,Savannah-Chatham County Public School System,Savannah,GA,traditional,elementary,,(912)395-5940,,,,,,,,,,,,,https://educationdata.urban.org/api/v1/schools/ccd/directory/2023/?fips=13|https://nces.ed.gov/ccd/|https://app3.doe.k12.ga.us/ows-bin/owa/main_pack_fcl099.entry_form,,stub
Garden City Elementary School,130102001419,Savannah-Chatham County Public School System,Savannah,GA,traditional,elementary,,(912)395-6820,,,,,,,,,,,,,https://educationdata.urban.org/api/v1/schools/ccd/directory/2023/?fips=13|https://nces.ed.gov/ccd/|https://app3.doe.k12.ga.us/ows-bin/owa/main_pack_fcl099.entry_form,,stub
Georgetown School,130102000238,Savannah-Chatham County Public School System,Savannah,GA,traditional,elementary,,(912)395-3475,,,,,,,,,,,,,https://educationdata.urban.org/api/v1/schools/ccd/directory/2023/?fips=13|https://nces.ed.gov/ccd/|https://app3.doe.k12.ga.us/ows-bin/owa/main_pack_fcl099.entry_form,,stub
Godley Station School,130102003972,Savannah-Chatham County Public School System,Savannah,GA,traditional,elementary,,(912)395-6000,,,,,,,,,,,,,https://educationdata.urban.org/api/v1/schools/ccd/directory/2023/?fips=13|https://nces.ed.gov/ccd/|https://app3.doe.k12.ga.us/ows-bin/owa/main_pack_fcl099.entry_form,,stub
Gould Elementary School,130102000375,Savannah-Chatham County Public School System,Savannah,GA,traditional,elementary,,(912)395-5400,,,,,,,,,,,,,https://educationdata.urban.org/api/v1/schools/ccd/directory/2023/?fips=13|https://nces.ed.gov/ccd/|https://app3.doe.k12.ga.us/ows-bin/owa/main_pack_fcl099.entry_form,,stub
Groves High School,130102000413,Savannah-Chatham County Public School System,Savannah,GA,traditional,high,https://groves.sccpss.com/,(912)395-2520,,Monique Hazzard-Robinson,Principal,Monique.Hazzard-Robinson@sccpss.com,,,,,,,,,https://educationdata.urban.org/api/v1/schools/ccd/directory/2023/?fips=13|https://nces.ed.gov/ccd/|https://app3.doe.k12.ga.us/ows-bin/owa/main_pack_fcl099.entry_form|https://groves.sccpss.com/our-school/administration|https://groves.sccpss.com/,2026-09-07,verified
Haven Elementary School,130102000401,Savannah-Chatham County Public School System,Savannah,GA,traditional,elementary,,(912)395-6501,,,,,,,,,,,,,https://educationdata.urban.org/api/v1/schools/ccd/directory/2023/?fips=13|https://nces.ed.gov/ccd/|https://app3.doe.k12.ga.us/ows-bin/owa/main_pack_fcl099.entry_form,,stub
Heard Elementary School,130102000364,Savannah-Chatham County Public School System,Savannah,GA,traditional,elementary,,(912)395-6630,,,,,,,,,,,,,https://educationdata.urban.org/api/v1/schools/ccd/directory/2023/?fips=13|https://nces.ed.gov/ccd/|https://app3.doe.k12.ga.us/ows-bin/owa/main_pack_fcl099.entry_form,,stub
Henderson E Formey Jr Early Learning Center,130102004348,Savannah-Chatham County Public School System,Savannah,GA,traditional,elementary,,(912)395-5500,,,,,,,,,,,,,https://educationdata.urban.org/api/v1/schools/ccd/directory/2023/?fips=13|https://nces.ed.gov/ccd/|https://app3.doe.k12.ga.us/ows-bin/owa/main_pack_fcl099.entry_form,,stub
Hesse School,130102000400,Savannah-Chatham County Public School System,Savannah,GA,traditional,elementary,,(912)395-6440,,,,,,,,,,,,,https://educationdata.urban.org/api/v1/schools/ccd/directory/2023/?fips=13|https://nces.ed.gov/ccd/|https://app3.doe.k12.ga.us/ows-bin/owa/main_pack_fcl099.entry_form,,stub
Hodge Elementary School,130102000389,Savannah-Chatham County Public School System,Savannah,GA,traditional,elementary,,(912)395-5200,,,,,,,,,,,,,https://educationdata.urban.org/api/v1/schools/ccd/directory/2023/?fips=13|https://nces.ed.gov/ccd/|https://app3.doe.k12.ga.us/ows-bin/owa/main_pack_fcl099.entry_form,,stub
Hubert Middle School,130102000374,Savannah-Chatham County Public School System,Savannah,GA,traditional,middle,,(912)395-5235,,,,,,,,,,,,,https://educationdata.urban.org/api/v1/schools/ccd/directory/2023/?fips=13|https://nces.ed.gov/ccd/|https://app3.doe.k12.ga.us/ows-bin/owa/main_pack_fcl099.entry_form,,stub
Islands High School,130102003978,Savannah-Chatham County Public School System,Savannah,GA,traditional,high,https://islands.sccpss.com/,(912)395-2000,,Jimmie Cave,Principal,Jimmie.Cave@sccpss.com,,,,,,,,,https://educationdata.urban.org/api/v1/schools/ccd/directory/2023/?fips=13|https://nces.ed.gov/ccd/|https://app3.doe.k12.ga.us/ows-bin/owa/main_pack_fcl099.entry_form|https://islands.sccpss.com/our-school/administration,2026-09-07,verified
Isle of Hope School,130102000411,Savannah-Chatham County Public School System,Savannah,GA,traditional,elementary,,(912)395-6555,,,,,,,,,,,,,https://educationdata.urban.org/api/v1/schools/ccd/directory/2023/?fips=13|https://nces.ed.gov/ccd/|https://app3.doe.k12.ga.us/ows-bin/owa/main_pack_fcl099.entry_form,,stub
Jacob G. Smith Elementary School,130102000385,Savannah-Chatham County Public School System,Savannah,GA,traditional,elementary,,(912)395-6530,,,,,,,,,,,,,https://educationdata.urban.org/api/v1/schools/ccd/directory/2023/?fips=13|https://nces.ed.gov/ccd/|https://app3.doe.k12.ga.us/ows-bin/owa/main_pack_fcl099.entry_form,,stub
Jenkins High School,130102000388,Savannah-Chatham County Public School System,Savannah,GA,traditional,high,https://jenkins.sccpss.com/,(912)395-6300,,Marlon Worrill,Principal,Marlon.Worrill@sccpss.com,,,,,,,,,https://educationdata.urban.org/api/v1/schools/ccd/directory/2023/?fips=13|https://nces.ed.gov/ccd/|https://app3.doe.k12.ga.us/ows-bin/owa/main_pack_fcl099.entry_form|https://jenkins.sccpss.com/our-school/administration,2026-09-07,verified
Johnson High School,130102000382,Savannah-Chatham County Public School System,Savannah,GA,traditional,high,https://johnson.sccpss.com/,(912)395-6400,,Jemeela Brown,Principal,Jemeela.Brown@sccpss.com,,,,,,,,,https://educationdata.urban.org/api/v1/schools/ccd/directory/2023/?fips=13|https://nces.ed.gov/ccd/|https://app3.doe.k12.ga.us/ows-bin/owa/main_pack_fcl099.entry_form|https://johnson.sccpss.com/about/administration,2026-09-07,verified
Largo-Tibet Elementary School,130102000373,Savannah-Chatham County Public School System,Savannah,GA,traditional,elementary,,(912)395-3450,,,,,,,,,,,,,https://educationdata.urban.org/api/v1/schools/ccd/directory/2023/?fips=13|https://nces.ed.gov/ccd/|https://app3.doe.k12.ga.us/ows-bin/owa/main_pack_fcl099.entry_form,,stub
Marshpoint Elementary School,130102002054,Savannah-Chatham County Public School System,Savannah,GA,traditional,elementary,,(912)395-4000,,,,,,,,,,,,,https://educationdata.urban.org/api/v1/schools/ccd/directory/2023/?fips=13|https://nces.ed.gov/ccd/|https://app3.doe.k12.ga.us/ows-bin/owa/main_pack_fcl099.entry_form,,stub
May Howard Elementary School,130102000363,Savannah-Chatham County Public School System,Savannah,GA,traditional,elementary,,(912)395-3925,,,,,,,,,,,,,https://educationdata.urban.org/api/v1/schools/ccd/directory/2023/?fips=13|https://nces.ed.gov/ccd/|https://app3.doe.k12.ga.us/ows-bin/owa/main_pack_fcl099.entry_form,,stub
Mercer Middle School,130102000387,Savannah-Chatham County Public School System,Savannah,GA,traditional,middle,,(912)395-6700,,,,,,,,,,,,,https://educationdata.urban.org/api/v1/schools/ccd/directory/2023/?fips=13|https://nces.ed.gov/ccd/|https://app3.doe.k12.ga.us/ows-bin/owa/main_pack_fcl099.entry_form,,stub
Myers Middle School,130102000381,Savannah-Chatham County Public School System,Savannah,GA,traditional,middle,,(912)395-6600,,,,,,,,,,,,,https://educationdata.urban.org/api/v1/schools/ccd/directory/2023/?fips=13|https://nces.ed.gov/ccd/|https://app3.doe.k12.ga.us/ows-bin/owa/main_pack_fcl099.entry_form,,stub
New Hampstead High School,130102004088,Savannah-Chatham County Public School System,Savannah,GA,traditional,high,https://nhhs.sccpss.com/,(912)395-6789,,Arlethia Brown-Hall,Principal,arlethia.brown@sccpss.com,,,,,,,,,https://educationdata.urban.org/api/v1/schools/ccd/directory/2023/?fips=13|https://nces.ed.gov/ccd/|https://app3.doe.k12.ga.us/ows-bin/owa/main_pack_fcl099.entry_form|https://nhhs.sccpss.com/|https://nhhs.sccpss.com/family-student,2026-09-07,verified
New Hampstead K-8 School,130102004412,Savannah-Chatham County Public School System,Savannah,GA,traditional,elementary,,(912)395-6200,,,,,,,,,,,,,https://educationdata.urban.org/api/v1/schools/ccd/directory/2023/?fips=13|https://nces.ed.gov/ccd/|https://app3.doe.k12.ga.us/ows-bin/owa/main_pack_fcl099.entry_form,,stub
Oglethorpe Charter School,130102002303,Savannah-Chatham County Public School System,Savannah,GA,traditional,middle,,(912)395-5075,,,,,,,,,,,,,https://educationdata.urban.org/api/v1/schools/ccd/directory/2023/?fips=13|https://nces.ed.gov/ccd/|https://app3.doe.k12.ga.us/ows-bin/owa/main_pack_fcl099.entry_form,,stub
Otis J Brock III Elementary School,130102000366,Savannah-Chatham County Public School System,Savannah,GA,traditional,elementary,,(912)395-5300,,,,,,,,,,,,,https://educationdata.urban.org/api/v1/schools/ccd/directory/2023/?fips=13|https://nces.ed.gov/ccd/|https://app3.doe.k12.ga.us/ows-bin/owa/main_pack_fcl099.entry_form,,stub
Pooler Elementary School,130102000409,Savannah-Chatham County Public School System,Savannah,GA,traditional,elementary,,(912)395-3625,,,,,,,,,,,,,https://educationdata.urban.org/api/v1/schools/ccd/directory/2023/?fips=13|https://nces.ed.gov/ccd/|https://app3.doe.k12.ga.us/ows-bin/owa/main_pack_fcl099.entry_form,,stub
Pulaski Elementary SChool,130102000386,Savannah-Chatham County Public School System,Savannah,GA,traditional,elementary,,(912)395-6466,,,,,,,,,,,,,https://educationdata.urban.org/api/v1/schools/ccd/directory/2023/?fips=13|https://nces.ed.gov/ccd/|https://app3.doe.k12.ga.us/ows-bin/owa/main_pack_fcl099.entry_form,,stub
Rice Creek School,130102004185,Savannah-Chatham County Public School System,Savannah,GA,traditional,elementary,,(912)395-4100,,,,,,,,,,,,,https://educationdata.urban.org/api/v1/schools/ccd/directory/2023/?fips=13|https://nces.ed.gov/ccd/|https://app3.doe.k12.ga.us/ows-bin/owa/main_pack_fcl099.entry_form,,stub
Savannah Arts Academy,130102002245,Savannah-Chatham County Public School System,Savannah,GA,traditional,high,https://saa.sccpss.com/,(912)395-5000,,Anna Belue,Principal,Anna.Belue@sccpss.com,,,,,,,,,https://educationdata.urban.org/api/v1/schools/ccd/directory/2023/?fips=13|https://nces.ed.gov/ccd/|https://app3.doe.k12.ga.us/ows-bin/owa/main_pack_fcl099.entry_form|https://saa.sccpss.com/our-school/administration,2026-09-07,verified
Savannah Classical Academy Charter High School,130102004291,Savannah-Chatham County Public School System,Savannah,GA,traditional,high,https://savannahclassicalacademy.org/,(912)395-4040,,Roshanda Lingenfelter,Dean of Upper Grades,,,,,,,,,,https://educationdata.urban.org/api/v1/schools/ccd/directory/2023/?fips=13|https://nces.ed.gov/ccd/|https://app3.doe.k12.ga.us/ows-bin/owa/main_pack_fcl099.entry_form|https://savannahclassicalacademy.org/staff/|https://savannahclassicalacademy.org/,2026-09-07,verified
Savannah Classical Academy Charter School,130102004135,Savannah-Chatham County Public School System,Savannah,GA,traditional,elementary,,(912)395-4040,,,,,,,,,,,,,https://educationdata.urban.org/api/v1/schools/ccd/directory/2023/?fips=13|https://nces.ed.gov/ccd/|https://app3.doe.k12.ga.us/ows-bin/owa/main_pack_fcl099.entry_form,,stub
Savannah Early College High School,130102004196,Savannah-Chatham County Public School System,Savannah,GA,traditional,high,https://sec.sccpss.com/,(912)395-2535,,Caroline Gordon-Jelks,Head of School,caroline.gordon-jelks@sccpss.com,,,,,,,,,https://educationdata.urban.org/api/v1/schools/ccd/directory/2023/?fips=13|https://nces.ed.gov/ccd/|https://app3.doe.k12.ga.us/ows-bin/owa/main_pack_fcl099.entry_form|https://sec.sccpss.com/about-us/staff|https://sec.sccpss.com/,2026-09-07,verified
Savannah-Chatham E-Learning Academy,130102004381,Savannah-Chatham County Public School System,Savannah,GA,traditional,other,,(912)395-6750,,,,,,,,,,,,,https://educationdata.urban.org/api/v1/schools/ccd/directory/2023/?fips=13|https://nces.ed.gov/ccd/|https://app3.doe.k12.ga.us/ows-bin/owa/main_pack_fcl099.entry_form,,stub
School of Humanities at Juliette Gordon Low,130102004294,Savannah-Chatham County Public School System,Savannah,GA,traditional,other,,(912)395-6380,,,,,,,,,,,,,https://educationdata.urban.org/api/v1/schools/ccd/directory/2023/?fips=13|https://nces.ed.gov/ccd/|https://app3.doe.k12.ga.us/ows-bin/owa/main_pack_fcl099.entry_form,,stub
Shuman Elementary School,130102003975,Savannah-Chatham County Public School System,Savannah,GA,traditional,elementary,,(912)395-4500,,,,,,,,,,,,,https://educationdata.urban.org/api/v1/schools/ccd/directory/2023/?fips=13|https://nces.ed.gov/ccd/|https://app3.doe.k12.ga.us/ows-bin/owa/main_pack_fcl099.entry_form,,stub
Southwest Elementary School,130102002302,Savannah-Chatham County Public School System,Savannah,GA,traditional,elementary,,(912)395-3300,,,,,,,,,,,,,https://educationdata.urban.org/api/v1/schools/ccd/directory/2023/?fips=13|https://nces.ed.gov/ccd/|https://app3.doe.k12.ga.us/ows-bin/owa/main_pack_fcl099.entry_form,,stub
Southwest Middle School,130102002243,Savannah-Chatham County Public School System,Savannah,GA,traditional,middle,,(912)395-3540,,,,,,,,,,,,,https://educationdata.urban.org/api/v1/schools/ccd/directory/2023/?fips=13|https://nces.ed.gov/ccd/|https://app3.doe.k12.ga.us/ows-bin/owa/main_pack_fcl099.entry_form,,stub
Susie King Taylor Community School,130102004298,Savannah-Chatham County Public School System,Savannah,GA,traditional,elementary,,(912)395-4200,,,,,,,,,,,,,https://educationdata.urban.org/api/v1/schools/ccd/directory/2023/?fips=13|https://nces.ed.gov/ccd/|https://app3.doe.k12.ga.us/ows-bin/owa/main_pack_fcl099.entry_form,,stub
The School of Liberal Studies at Savannah High,130102003941,Savannah-Chatham County Public School System,Savannah,GA,traditional,high,https://shs.sccpss.com/,(912)395-5050,,Shomari Gilford,Principal,Shomari.Gilford@sccpss.com,,,,,,,,,https://educationdata.urban.org/api/v1/schools/ccd/directory/2023/?fips=13|https://nces.ed.gov/ccd/|https://app3.doe.k12.ga.us/ows-bin/owa/main_pack_fcl099.entry_form|https://shs.sccpss.com/|https://shs.sccpss.com/about-us,2026-09-07,verified
The STEM Academy at Bartlett,130102000393,Savannah-Chatham County Public School System,Savannah,GA,traditional,middle,,(912)395-3500,,,,,,,,,,,,,https://educationdata.urban.org/api/v1/schools/ccd/directory/2023/?fips=13|https://nces.ed.gov/ccd/|https://app3.doe.k12.ga.us/ows-bin/owa/main_pack_fcl099.entry_form,,stub
Tybee Island Maritime Academy School,130102004117,Savannah-Chatham County Public School System,Savannah,GA,traditional,elementary,,(912)395-4060,,,,,,,,,,,,,https://educationdata.urban.org/api/v1/schools/ccd/directory/2023/?fips=13|https://nces.ed.gov/ccd/|https://app3.doe.k12.ga.us/ows-bin/owa/main_pack_fcl099.entry_form,,stub
UHS of Savannah Coastal Harbor Treatment Center,130102003610,Savannah-Chatham County Public School System,Savannah,GA,traditional,other,,(912)354-3911,,,,,,,,,,,,,https://educationdata.urban.org/api/v1/schools/ccd/directory/2023/?fips=13|https://nces.ed.gov/ccd/|https://app3.doe.k12.ga.us/ows-bin/owa/main_pack_fcl099.entry_form,,stub
West Chatham Elementary School,130102002301,Savannah-Chatham County Public School System,Savannah,GA,traditional,elementary,,(912)395-3600,,,,,,,,,,,,,https://educationdata.urban.org/api/v1/schools/ccd/directory/2023/?fips=13|https://nces.ed.gov/ccd/|https://app3.doe.k12.ga.us/ows-bin/owa/main_pack_fcl099.entry_form,,stub
West Chatham Middle School,130102002242,Savannah-Chatham County Public School System,Savannah,GA,traditional,middle,,(912)395-3650,,,,,,,,,,,,,https://educationdata.urban.org/api/v1/schools/ccd/directory/2023/?fips=13|https://nces.ed.gov/ccd/|https://app3.doe.k12.ga.us/ows-bin/owa/main_pack_fcl099.entry_form,,stub
White Bluff Elementary School,130102000377,Savannah-Chatham County Public School System,Savannah,GA,traditional,elementary,,(912)395-3325,,,,,,,,,,,,,https://educationdata.urban.org/api/v1/schools/ccd/directory/2023/?fips=13|https://nces.ed.gov/ccd/|https://app3.doe.k12.ga.us/ows-bin/owa/main_pack_fcl099.entry_form,,stub
Windsor Forest Elementary School,130102000394,Savannah-Chatham County Public School System,Savannah,GA,traditional,elementary,,(912)395-3353,,,,,,,,,,,,,https://educationdata.urban.org/api/v1/schools/ccd/directory/2023/?fips=13|https://nces.ed.gov/ccd/|https://app3.doe.k12.ga.us/ows-bin/owa/main_pack_fcl099.entry_form,,stub
Windsor Forest High School,130102000415,Savannah-Chatham County Public School System,Savannah,GA,traditional,high,https://wfhs.sccpss.com/,(912)395-3400,,Joanna Brooks,Principal,Joanna.Brooks@sccpss.com,,,,,,,,,https://educationdata.urban.org/api/v1/schools/ccd/directory/2023/?fips=13|https://nces.ed.gov/ccd/|https://app3.doe.k12.ga.us/ows-bin/owa/main_pack_fcl099.entry_form|https://wfhs.sccpss.com/about-us/faculty-and-staff,2026-09-07,verified
Woodville-Tompkins Technical and Career High School,130102004044,Savannah-Chatham County Public School System,Savannah,GA,traditional,high,https://wths.sccpss.com/,(912)395-6750,,Alfred McGuire,Principal,Alfred.McGuire@sccpss.com,,,,,,,,,https://educationdata.urban.org/api/v1/schools/ccd/directory/2023/?fips=13|https://nces.ed.gov/ccd/|https://app3.doe.k12.ga.us/ows-bin/owa/main_pack_fcl099.entry_form|https://wths.sccpss.com/,2026-09-07,verified
Schley County Elementary School,130447002230,Schley County Schools,Americus,GA,traditional,elementary,,(229)937-0550,,,,,,,,,,,,,https://educationdata.urban.org/api/v1/schools/ccd/directory/2023/?fips=13|https://nces.ed.gov/ccd/|https://app3.doe.k12.ga.us/ows-bin/owa/main_pack_fcl099.entry_form,,stub
Schley Middle High School,130447002428,Schley County Schools,Americus,GA,traditional,high,,(229)937-0560,,,,,,,,,,,,,https://educationdata.urban.org/api/v1/schools/ccd/directory/2023/?fips=13|https://nces.ed.gov/ccd/|https://app3.doe.k12.ga.us/ows-bin/owa/main_pack_fcl099.entry_form,,stub
Screven County Elementary School,130450002145,Screven County School System,Rural SE Georgia,GA,traditional,elementary,,(912)451-2100,,,,,,,,,,,,,https://educationdata.urban.org/api/v1/schools/ccd/directory/2023/?fips=13|https://nces.ed.gov/ccd/|https://app3.doe.k12.ga.us/ows-bin/owa/main_pack_fcl099.entry_form,,stub
Screven County High School,130450001611,Screven County School System,Rural SE Georgia,GA,traditional,high,,(912)451-2300,,,,,,,,,,,,,https://educationdata.urban.org/api/v1/schools/ccd/directory/2023/?fips=13|https://nces.ed.gov/ccd/|https://app3.doe.k12.ga.us/ows-bin/owa/main_pack_fcl099.entry_form,,stub
Screven County Middle School,130450002231,Screven County School System,Rural SE Georgia,GA,traditional,middle,,(912)451-2200,,,,,,,,,,,,,https://educationdata.urban.org/api/v1/schools/ccd/directory/2023/?fips=13|https://nces.ed.gov/ccd/|https://app3.doe.k12.ga.us/ows-bin/owa/main_pack_fcl099.entry_form,,stub
Seminole County Elementary School,130453001392,Seminole County Schools,Rural SW Georgia,GA,traditional,elementary,,(229)524-5235,,,,,,,,,,,,,https://educationdata.urban.org/api/v1/schools/ccd/directory/2023/?fips=13|https://nces.ed.gov/ccd/|https://app3.doe.k12.ga.us/ows-bin/owa/main_pack_fcl099.entry_form,,stub
Seminole County Middle/High School,130453001391,Seminole County Schools,Rural SW Georgia,GA,traditional,high,,(229)524-5135,,,,,,,,,,,,,https://educationdata.urban.org/api/v1/schools/ccd/directory/2023/?fips=13|https://nces.ed.gov/ccd/|https://app3.doe.k12.ga.us/ows-bin/owa/main_pack_fcl099.entry_form,,stub
Social Circle Elementary School,130454001616,Social Circle City Schools,Atlanta,GA,traditional,elementary,,(770)464-2664,,,,,,,,,,,,,https://educationdata.urban.org/api/v1/schools/ccd/directory/2023/?fips=13|https://nces.ed.gov/ccd/|https://app3.doe.k12.ga.us/ows-bin/owa/main_pack_fcl099.entry_form,,stub
Social Circle High School,130454001617,Social Circle City Schools,Atlanta,GA,traditional,high,https://high.socialcircleschools.com/,(770)464-2611,,Tim Armstrong,Principal,tim.armstrong@socialcircleschools.org,(770)464-2611,,,,,,,,FY26 SCHS Student Handbook (Tim Armstrong Principal tim.armstrong@socialcircleschools.org); socialcircleschools.com Homeschool Families table Mr. Tim Armstrong SCHS Principal,2026-09-07,verified
Social Circle Middle School,130454002463,Social Circle City Schools,Atlanta,GA,traditional,middle,,(770)464-1932,,,,,,,,,,,,,https://educationdata.urban.org/api/v1/schools/ccd/directory/2023/?fips=13|https://nces.ed.gov/ccd/|https://app3.doe.k12.ga.us/ows-bin/owa/main_pack_fcl099.entry_form,,stub
Social Circle Primary School,130454002622,Social Circle City Schools,Atlanta,GA,traditional,elementary,,(770)464-1411,,,,,,,,,,,,,https://educationdata.urban.org/api/v1/schools/ccd/directory/2023/?fips=13|https://nces.ed.gov/ccd/|https://app3.doe.k12.ga.us/ows-bin/owa/main_pack_fcl099.entry_form,,stub
Big A Elementary School,130456001618,Stephens County School System,Toccoa,GA,traditional,elementary,,(706)886-2987,,,,,,,,,,,,,https://educationdata.urban.org/api/v1/schools/ccd/directory/2023/?fips=13|https://nces.ed.gov/ccd/|https://app3.doe.k12.ga.us/ows-bin/owa/main_pack_fcl099.entry_form,,stub
Liberty Elementary School,130456001987,Stephens County School System,Toccoa,GA,traditional,elementary,,(706)886-3934,,,,,,,,,,,,,https://educationdata.urban.org/api/v1/schools/ccd/directory/2023/?fips=13|https://nces.ed.gov/ccd/|https://app3.doe.k12.ga.us/ows-bin/owa/main_pack_fcl099.entry_form,,stub
Stephens County Fifth Grade Academy,130456004209,Stephens County School System,Toccoa,GA,traditional,middle,,(706)886-2880,,,,,,,,,,,,,https://educationdata.urban.org/api/v1/schools/ccd/directory/2023/?fips=13|https://nces.ed.gov/ccd/|https://app3.doe.k12.ga.us/ows-bin/owa/main_pack_fcl099.entry_form,,stub
Stephens County High School,130456001619,Stephens County School System,Toccoa,GA,traditional,high,,(706)886-6825,,,,,,,,,,,,,https://educationdata.urban.org/api/v1/schools/ccd/directory/2023/?fips=13|https://nces.ed.gov/ccd/|https://app3.doe.k12.ga.us/ows-bin/owa/main_pack_fcl099.entry_form,,stub
Stephens County Middle School,130456001624,Stephens County School System,Toccoa,GA,traditional,middle,,(706)886-2880,,,,,,,,,,,,,https://educationdata.urban.org/api/v1/schools/ccd/directory/2023/?fips=13|https://nces.ed.gov/ccd/|https://app3.doe.k12.ga.us/ows-bin/owa/main_pack_fcl099.entry_form,,stub
Toccoa Elementary School,130456001845,Stephens County School System,Toccoa,GA,traditional,elementary,,(706)886-3129,,,,,,,,,,,,,https://educationdata.urban.org/api/v1/schools/ccd/directory/2023/?fips=13|https://nces.ed.gov/ccd/|https://app3.doe.k12.ga.us/ows-bin/owa/main_pack_fcl099.entry_form,,stub
Stewart County Elementary School,130459002195,Stewart County Schools,Columbus,GA,traditional,elementary,,(229)838-4374,,,,,,,,,,,,,https://educationdata.urban.org/api/v1/schools/ccd/directory/2023/?fips=13|https://nces.ed.gov/ccd/|https://app3.doe.k12.ga.us/ows-bin/owa/main_pack_fcl099.entry_form,,stub
Stewart County High School,130459002432,Stewart County Schools,Columbus,GA,traditional,high,,(229)838-4301,,,,,,,,,,,,,https://educationdata.urban.org/api/v1/schools/ccd/directory/2023/?fips=13|https://nces.ed.gov/ccd/|https://app3.doe.k12.ga.us/ows-bin/owa/main_pack_fcl099.entry_form,,stub
Stewart County Middle School,130459002431,Stewart County Schools,Columbus,GA,traditional,middle,,(229)838-4374,,,,,,,,,,,,,https://educationdata.urban.org/api/v1/schools/ccd/directory/2023/?fips=13|https://nces.ed.gov/ccd/|https://app3.doe.k12.ga.us/ows-bin/owa/main_pack_fcl099.entry_form,,stub
Sumter County Elementary School,130462001630,Sumter County Schools,Americus,GA,traditional,elementary,,(229)924-7835,,,,,,,,,,,,,https://educationdata.urban.org/api/v1/schools/ccd/directory/2023/?fips=13|https://nces.ed.gov/ccd/|https://app3.doe.k12.ga.us/ows-bin/owa/main_pack_fcl099.entry_form,,stub
Sumter County High School,130462004415,Sumter County Schools,Americus,GA,traditional,high,,(229)924-3653,,,,,,,,,,,,,https://educationdata.urban.org/api/v1/schools/ccd/directory/2023/?fips=13|https://nces.ed.gov/ccd/|https://app3.doe.k12.ga.us/ows-bin/owa/main_pack_fcl099.entry_form,,stub
Sumter County Intermediate School,130462000004,Sumter County Schools,Americus,GA,traditional,middle,,(229)924-3168,,,,,,,,,,,,,https://educationdata.urban.org/api/v1/schools/ccd/directory/2023/?fips=13|https://nces.ed.gov/ccd/|https://app3.doe.k12.ga.us/ows-bin/owa/main_pack_fcl099.entry_form,,stub
Sumter County Middle School,130462002090,Sumter County Schools,Americus,GA,traditional,middle,,(229)924-1010,,,,,,,,,,,,,https://educationdata.urban.org/api/v1/schools/ccd/directory/2023/?fips=13|https://nces.ed.gov/ccd/|https://app3.doe.k12.ga.us/ows-bin/owa/main_pack_fcl099.entry_form,,stub
Sumter County Primary School,130462002341,Sumter County Schools,Americus,GA,traditional,elementary,,(229)924-1012,,,,,,,,,,,,,https://educationdata.urban.org/api/v1/schools/ccd/directory/2023/?fips=13|https://nces.ed.gov/ccd/|https://app3.doe.k12.ga.us/ows-bin/owa/main_pack_fcl099.entry_form,,stub
Central Elementary/High School,130465001637,Talbot County Schools,Columbus,GA,traditional,other,,(706)665-8577,,,,,,,,,,,,,https://educationdata.urban.org/api/v1/schools/ccd/directory/2023/?fips=13|https://nces.ed.gov/ccd/|https://app3.doe.k12.ga.us/ows-bin/owa/main_pack_fcl099.entry_form,,stub
Taliaferro County School,130468002514,Taliaferro County Schools,Rural Middle Georgia,GA,traditional,other,,(706)456-2575,,,,,,,,,,,,,https://educationdata.urban.org/api/v1/schools/ccd/directory/2023/?fips=13|https://nces.ed.gov/ccd/|https://app3.doe.k12.ga.us/ows-bin/owa/main_pack_fcl099.entry_form,,stub
North Tattnall Elementary School,130477004426,Tattnall County Schools,Rural SE Georgia,GA,traditional,elementary,,(912)693-2455,,,,,,,,,,,,,https://educationdata.urban.org/api/v1/schools/ccd/directory/2023/?fips=13|https://nces.ed.gov/ccd/|https://app3.doe.k12.ga.us/ows-bin/owa/main_pack_fcl099.entry_form,,stub
North Tattnall Middle School,130477002433,Tattnall County Schools,Rural SE Georgia,GA,traditional,middle,,(912)557-3993,,,,,,,,,,,,,https://educationdata.urban.org/api/v1/schools/ccd/directory/2023/?fips=13|https://nces.ed.gov/ccd/|https://app3.doe.k12.ga.us/ows-bin/owa/main_pack_fcl099.entry_form,,stub
South Tattnall Elementary School,130477004427,Tattnall County Schools,Rural SE Georgia,GA,traditional,elementary,,(912)654-3931,,,,,,,,,,,,,https://educationdata.urban.org/api/v1/schools/ccd/directory/2023/?fips=13|https://nces.ed.gov/ccd/|https://app3.doe.k12.ga.us/ows-bin/owa/main_pack_fcl099.entry_form,,stub
South Tattnall Middle School,130477002434,Tattnall County Schools,Rural SE Georgia,GA,traditional,middle,,(912)654-1467,,,,,,,,,,,,,https://educationdata.urban.org/api/v1/schools/ccd/directory/2023/?fips=13|https://nces.ed.gov/ccd/|https://app3.doe.k12.ga.us/ows-bin/owa/main_pack_fcl099.entry_form,,stub
Tattnall County High School,130477000780,Tattnall County Schools,Rural SE Georgia,GA,traditional,high,,(912)557-4374,,,,,,,,,,,,,https://educationdata.urban.org/api/v1/schools/ccd/directory/2023/?fips=13|https://nces.ed.gov/ccd/|https://app3.doe.k12.ga.us/ows-bin/owa/main_pack_fcl099.entry_form,,stub
Taylor County Elementary,130480001649,Taylor County Schools,Rural Middle Georgia,GA,traditional,elementary,,(478)862-5690,,,,,,,,,,,,,https://educationdata.urban.org/api/v1/schools/ccd/directory/2023/?fips=13|https://nces.ed.gov/ccd/|https://app3.doe.k12.ga.us/ows-bin/owa/main_pack_fcl099.entry_form,,stub
Taylor County High School,130480002440,Taylor County Schools,Rural Middle Georgia,GA,traditional,high,,(478)862-3314,,,,,,,,,,,,,https://educationdata.urban.org/api/v1/schools/ccd/directory/2023/?fips=13|https://nces.ed.gov/ccd/|https://app3.doe.k12.ga.us/ows-bin/owa/main_pack_fcl099.entry_form,,stub
Taylor County Middle School,130480002439,Taylor County Schools,Rural Middle Georgia,GA,traditional,middle,,(478)862-5285,,,,,,,,,,,,,https://educationdata.urban.org/api/v1/schools/ccd/directory/2023/?fips=13|https://nces.ed.gov/ccd/|https://app3.doe.k12.ga.us/ows-bin/owa/main_pack_fcl099.entry_form,,stub
Taylor County Primary School,130480003451,Taylor County Schools,Rural Middle Georgia,GA,traditional,elementary,,(478)862-4855,,,,,,,,,,,,,https://educationdata.urban.org/api/v1/schools/ccd/directory/2023/?fips=13|https://nces.ed.gov/ccd/|https://app3.doe.k12.ga.us/ows-bin/owa/main_pack_fcl099.entry_form,,stub
Telfair Alternative Preparation School,130483004302,Telfair County Schools,Rural South Georgia,GA,traditional,high,,(229)868-5661,,,,,,,,,,,,,https://educationdata.urban.org/api/v1/schools/ccd/directory/2023/?fips=13|https://nces.ed.gov/ccd/|https://app3.doe.k12.ga.us/ows-bin/owa/main_pack_fcl099.entry_form,,stub
Telfair County Elementary,130483002986,Telfair County Schools,Rural South Georgia,GA,traditional,elementary,,(229)868-7483,,,,,,,,,,,,,https://educationdata.urban.org/api/v1/schools/ccd/directory/2023/?fips=13|https://nces.ed.gov/ccd/|https://app3.doe.k12.ga.us/ows-bin/owa/main_pack_fcl099.entry_form,,stub
Telfair County High School,130483002442,Telfair County Schools,Rural South Georgia,GA,traditional,high,,(229)868-6096,,,,,,,,,,,,,https://educationdata.urban.org/api/v1/schools/ccd/directory/2023/?fips=13|https://nces.ed.gov/ccd/|https://app3.doe.k12.ga.us/ows-bin/owa/main_pack_fcl099.entry_form,,stub
Telfair County Middle School,130483002441,Telfair County Schools,Rural South Georgia,GA,traditional,middle,,(229)868-7465,,,,,,,,,,,,,https://educationdata.urban.org/api/v1/schools/ccd/directory/2023/?fips=13|https://nces.ed.gov/ccd/|https://app3.doe.k12.ga.us/ows-bin/owa/main_pack_fcl099.entry_form,,stub
Cooper-Carver Elementary School,130486001660,Terrell County Schools,Albany,GA,traditional,elementary,,(229)995-2843,,,,,,,,,,,,,https://educationdata.urban.org/api/v1/schools/ccd/directory/2023/?fips=13|https://nces.ed.gov/ccd/|https://app3.doe.k12.ga.us/ows-bin/owa/main_pack_fcl099.entry_form,,stub
Terrell High School,130486001658,Terrell County Schools,Albany,GA,traditional,high,,(229)995-2544,,,,,,,,,,,,,https://educationdata.urban.org/api/v1/schools/ccd/directory/2023/?fips=13|https://nces.ed.gov/ccd/|https://app3.doe.k12.ga.us/ows-bin/owa/main_pack_fcl099.entry_form,,stub
Terrell Middle School,130486003735,Terrell County Schools,Albany,GA,traditional,middle,,(229)995-2828,,,,,,,,,,,,,https://educationdata.urban.org/api/v1/schools/ccd/directory/2023/?fips=13|https://nces.ed.gov/ccd/|https://app3.doe.k12.ga.us/ows-bin/owa/main_pack_fcl099.entry_form,,stub
Bishop Hall Charter School,130489002342,Thomas County Schools,Thomasville,GA,traditional,high,,(229)227-1397,,,,,,,,,,,,,https://educationdata.urban.org/api/v1/schools/ccd/directory/2023/?fips=13|https://nces.ed.gov/ccd/|https://app3.doe.k12.ga.us/ows-bin/owa/main_pack_fcl099.entry_form,,stub
Cross Creek Elementary School,130489000592,Thomas County Schools,Thomasville,GA,traditional,elementary,,(229)225-3900,,,,,,,,,,,,,https://educationdata.urban.org/api/v1/schools/ccd/directory/2023/?fips=13|https://nces.ed.gov/ccd/|https://app3.doe.k12.ga.us/ows-bin/owa/main_pack_fcl099.entry_form,,stub
Garrison-Pilcher Elementary School,130489001666,Thomas County Schools,Thomasville,GA,traditional,elementary,,(229)225-4387,,,,,,,,,,,,,https://educationdata.urban.org/api/v1/schools/ccd/directory/2023/?fips=13|https://nces.ed.gov/ccd/|https://app3.doe.k12.ga.us/ows-bin/owa/main_pack_fcl099.entry_form,,stub
Hand In Hand Primary,130489003453,Thomas County Schools,Thomasville,GA,traditional,elementary,,(229)225-3908,,,,,,,,,,,,,https://educationdata.urban.org/api/v1/schools/ccd/directory/2023/?fips=13|https://nces.ed.gov/ccd/|https://app3.doe.k12.ga.us/ows-bin/owa/main_pack_fcl099.entry_form,,stub
The Renaissance Center for Academic and Career Development,130489004152,Thomas County Schools,Thomasville,GA,traditional,high,,(229)227-3222,,,,,,,,,,,,,https://educationdata.urban.org/api/v1/schools/ccd/directory/2023/?fips=13|https://nces.ed.gov/ccd/|https://app3.doe.k12.ga.us/ows-bin/owa/main_pack_fcl099.entry_form,,stub
Thomas County Central High School,130489002146,Thomas County Schools,Thomasville,GA,traditional,high,,(229)225-5050,,,,,,,,,,,,,https://educationdata.urban.org/api/v1/schools/ccd/directory/2023/?fips=13|https://nces.ed.gov/ccd/|https://app3.doe.k12.ga.us/ows-bin/owa/main_pack_fcl099.entry_form,,stub
Thomas County Middle School,130489002147,Thomas County Schools,Thomasville,GA,traditional,middle,,(229)225-4394,,,,,,,,,,,,,https://educationdata.urban.org/api/v1/schools/ccd/directory/2023/?fips=13|https://nces.ed.gov/ccd/|https://app3.doe.k12.ga.us/ows-bin/owa/main_pack_fcl099.entry_form,,stub
Upson-Lee Elementary School,130528002199,Thomaston-Upson County Schools,Thomaston,GA,traditional,elementary,,(706)647-3632,,,,,,,,,,,,,https://educationdata.urban.org/api/v1/schools/ccd/directory/2023/?fips=13|https://nces.ed.gov/ccd/|https://app3.doe.k12.ga.us/ows-bin/owa/main_pack_fcl099.entry_form,,stub
Upson-Lee High School,130528001724,Thomaston-Upson County Schools,Thomaston,GA,traditional,high,,(706)647-8171,,,,,,,,,,,,,https://educationdata.urban.org/api/v1/schools/ccd/directory/2023/?fips=13|https://nces.ed.gov/ccd/|https://app3.doe.k12.ga.us/ows-bin/owa/main_pack_fcl099.entry_form,,stub
Upson-Lee Middle School,130528001723,Thomaston-Upson County Schools,Thomaston,GA,traditional,middle,,(706)647-6256,,,,,,,,,,,,,https://educationdata.urban.org/api/v1/schools/ccd/directory/2023/?fips=13|https://nces.ed.gov/ccd/|https://app3.doe.k12.ga.us/ows-bin/owa/main_pack_fcl099.entry_form,,stub
Upson-Lee Primary School,130528002285,Thomaston-Upson County Schools,Thomaston,GA,traditional,elementary,,(706)647-7516,,,,,,,,,,,,,https://educationdata.urban.org/api/v1/schools/ccd/directory/2023/?fips=13|https://nces.ed.gov/ccd/|https://app3.doe.k12.ga.us/ows-bin/owa/main_pack_fcl099.entry_form,,stub
Harper Elementary School,130495001674,Thomasville City Schools,Thomasville,GA,traditional,elementary,,(229)225-2622,,,,,,,,,,,,,https://educationdata.urban.org/api/v1/schools/ccd/directory/2023/?fips=13|https://nces.ed.gov/ccd/|https://app3.doe.k12.ga.us/ows-bin/owa/main_pack_fcl099.entry_form,,stub
Jerger Elementary School,130495001671,Thomasville City Schools,Thomasville,GA,traditional,elementary,,(229)225-2625,,,,,,,,,,,,,https://educationdata.urban.org/api/v1/schools/ccd/directory/2023/?fips=13|https://nces.ed.gov/ccd/|https://app3.doe.k12.ga.us/ows-bin/owa/main_pack_fcl099.entry_form,,stub
MacIntyre Park Middle School,130495001679,Thomasville City Schools,Thomasville,GA,traditional,middle,,(229)225-2628,,,,,,,,,,,,,https://educationdata.urban.org/api/v1/schools/ccd/directory/2023/?fips=13|https://nces.ed.gov/ccd/|https://app3.doe.k12.ga.us/ows-bin/owa/main_pack_fcl099.entry_form,,stub
Scott Elementary School,130495001675,Thomasville City Schools,Thomasville,GA,traditional,elementary,,(229)225-2631,,,,,,,,,,,,,https://educationdata.urban.org/api/v1/schools/ccd/directory/2023/?fips=13|https://nces.ed.gov/ccd/|https://app3.doe.k12.ga.us/ows-bin/owa/main_pack_fcl099.entry_form,,stub
Thomasville High School,130495001673,Thomasville City Schools,Thomasville,GA,traditional,high,,(229)225-2634,,,,,,,,,,,,,https://educationdata.urban.org/api/v1/schools/ccd/directory/2023/?fips=13|https://nces.ed.gov/ccd/|https://app3.doe.k12.ga.us/ows-bin/owa/main_pack_fcl099.entry_form,,stub
Annie Belle Clark Elementary School,130498001682,Tift County Schools,Tifton,GA,traditional,elementary,,(229)387-2410,,,,,,,,,,,,,https://educationdata.urban.org/api/v1/schools/ccd/directory/2023/?fips=13|https://nces.ed.gov/ccd/|https://app3.doe.k12.ga.us/ows-bin/owa/main_pack_fcl099.entry_form,,stub
Charles Spencer Elementary School,130498001688,Tift County Schools,Tifton,GA,traditional,elementary,,(229)387-2430,,,,,,,,,,,,,https://educationdata.urban.org/api/v1/schools/ccd/directory/2023/?fips=13|https://nces.ed.gov/ccd/|https://app3.doe.k12.ga.us/ows-bin/owa/main_pack_fcl099.entry_form,,stub
Eighth Street Middle School,130498002283,Tift County Schools,Tifton,GA,traditional,middle,,(229)387-2445,,,,,,,,,,,,,https://educationdata.urban.org/api/v1/schools/ccd/directory/2023/?fips=13|https://nces.ed.gov/ccd/|https://app3.doe.k12.ga.us/ows-bin/owa/main_pack_fcl099.entry_form,,stub
G. O. Bailey Elementary School,130498001681,Tift County Schools,Tifton,GA,traditional,elementary,,(229)387-2415,,,,,,,,,,,,,https://educationdata.urban.org/api/v1/schools/ccd/directory/2023/?fips=13|https://nces.ed.gov/ccd/|https://app3.doe.k12.ga.us/ows-bin/owa/main_pack_fcl099.entry_form,,stub
J. T. Reddick Elementary School,130498001687,Tift County Schools,Tifton,GA,traditional,elementary,,(229)387-2435,,,,,,,,,,,,,https://educationdata.urban.org/api/v1/schools/ccd/directory/2023/?fips=13|https://nces.ed.gov/ccd/|https://app3.doe.k12.ga.us/ows-bin/owa/main_pack_fcl099.entry_form,,stub
Len Lastinger Elementary School,130498001686,Tift County Schools,Tifton,GA,traditional,elementary,,(229)387-2420,,,,,,,,,,,,,https://educationdata.urban.org/api/v1/schools/ccd/directory/2023/?fips=13|https://nces.ed.gov/ccd/|https://app3.doe.k12.ga.us/ows-bin/owa/main_pack_fcl099.entry_form,,stub
Matt Wilson Elementary School,130498001689,Tift County Schools,Tifton,GA,traditional,elementary,,(229)387-2440,,,,,,,,,,,,,https://educationdata.urban.org/api/v1/schools/ccd/directory/2023/?fips=13|https://nces.ed.gov/ccd/|https://app3.doe.k12.ga.us/ows-bin/owa/main_pack_fcl099.entry_form,,stub
Northeast Middle School,130498001691,Tift County Schools,Tifton,GA,traditional,middle,,(229)387-2450,,,,,,,,,,,,,https://educationdata.urban.org/api/v1/schools/ccd/directory/2023/?fips=13|https://nces.ed.gov/ccd/|https://app3.doe.k12.ga.us/ows-bin/owa/main_pack_fcl099.entry_form,,stub
Northside Elementary School,130498001684,Tift County Schools,Tifton,GA,traditional,elementary,,(229)387-2425,,,,,,,,,,,,,https://educationdata.urban.org/api/v1/schools/ccd/directory/2023/?fips=13|https://nces.ed.gov/ccd/|https://app3.doe.k12.ga.us/ows-bin/owa/main_pack_fcl099.entry_form,,stub
Omega Elementary School,130498001690,Tift County Schools,Tifton,GA,traditional,elementary,,(229)387-2418,,,,,,,,,,,,,https://educationdata.urban.org/api/v1/schools/ccd/directory/2023/?fips=13|https://nces.ed.gov/ccd/|https://app3.doe.k12.ga.us/ows-bin/owa/main_pack_fcl099.entry_form,,stub
Tift County High School,130498002282,Tift County Schools,Tifton,GA,traditional,high,,(229)387-2475,,,,,,,,,,,,,https://educationdata.urban.org/api/v1/schools/ccd/directory/2023/?fips=13|https://nces.ed.gov/ccd/|https://app3.doe.k12.ga.us/ows-bin/owa/main_pack_fcl099.entry_form,,stub
Lyons Primary School,130504002994,Toombs County Schools,Vidalia,GA,traditional,elementary,,(912)526-8391,,,,,,,,,,,,,https://educationdata.urban.org/api/v1/schools/ccd/directory/2023/?fips=13|https://nces.ed.gov/ccd/|https://app3.doe.k12.ga.us/ows-bin/owa/main_pack_fcl099.entry_form,,stub
Lyons Upper Elementary,130504002995,Toombs County Schools,Vidalia,GA,traditional,elementary,,(912)526-5816,,,,,,,,,,,,,https://educationdata.urban.org/api/v1/schools/ccd/directory/2023/?fips=13|https://nces.ed.gov/ccd/|https://app3.doe.k12.ga.us/ows-bin/owa/main_pack_fcl099.entry_form,,stub
Toombs Central Elementary School,130504001692,Toombs County Schools,Vidalia,GA,traditional,elementary,,(912)565-7781,,,,,,,,,,,,,https://educationdata.urban.org/api/v1/schools/ccd/directory/2023/?fips=13|https://nces.ed.gov/ccd/|https://app3.doe.k12.ga.us/ows-bin/owa/main_pack_fcl099.entry_form,,stub
Toombs County High School,130504001693,Toombs County Schools,Vidalia,GA,traditional,high,,(912)526-4286,,,,,,,,,,,,,https://educationdata.urban.org/api/v1/schools/ccd/directory/2023/?fips=13|https://nces.ed.gov/ccd/|https://app3.doe.k12.ga.us/ows-bin/owa/main_pack_fcl099.entry_form,,stub
Toombs County Middle School,130504002993,Toombs County Schools,Vidalia,GA,traditional,middle,,(912)526-8363,,,,,,,,,,,,,https://educationdata.urban.org/api/v1/schools/ccd/directory/2023/?fips=13|https://nces.ed.gov/ccd/|https://app3.doe.k12.ga.us/ows-bin/owa/main_pack_fcl099.entry_form,,stub
Towns County Elementary School,130507002997,Towns County Schools,Rural NE Georgia,GA,traditional,elementary,,(706)896-4131,,,,,,,,,,,,,https://educationdata.urban.org/api/v1/schools/ccd/directory/2023/?fips=13|https://nces.ed.gov/ccd/|https://app3.doe.k12.ga.us/ows-bin/owa/main_pack_fcl099.entry_form,,stub
Towns County High School,130507002999,Towns County Schools,Rural NE Georgia,GA,traditional,high,,(706)896-4131,,,,,,,,,,,,,https://educationdata.urban.org/api/v1/schools/ccd/directory/2023/?fips=13|https://nces.ed.gov/ccd/|https://app3.doe.k12.ga.us/ows-bin/owa/main_pack_fcl099.entry_form,,stub
Towns County Middle School,130507002998,Towns County Schools,Rural NE Georgia,GA,traditional,middle,,(706)896-4131,,,,,,,,,,,,,https://educationdata.urban.org/api/v1/schools/ccd/directory/2023/?fips=13|https://nces.ed.gov/ccd/|https://app3.doe.k12.ga.us/ows-bin/owa/main_pack_fcl099.entry_form,,stub
Treutlen Elementary School,130510001700,Treutlen County Schools,Rural Middle Georgia,GA,traditional,elementary,,(912)529-7161,,,,,,,,,,,,,https://educationdata.urban.org/api/v1/schools/ccd/directory/2023/?fips=13|https://nces.ed.gov/ccd/|https://app3.doe.k12.ga.us/ows-bin/owa/main_pack_fcl099.entry_form,,stub
Treutlen Middle/High School,130510001699,Treutlen County Schools,Rural Middle Georgia,GA,traditional,high,,(912)529-7131,,,,,,,,,,,,,https://educationdata.urban.org/api/v1/schools/ccd/directory/2023/?fips=13|https://nces.ed.gov/ccd/|https://app3.doe.k12.ga.us/ows-bin/owa/main_pack_fcl099.entry_form,,stub
Trion Elementary School,130513002465,Trion City Schools,Summerville,GA,traditional,elementary,,(706)734-2991,,,,,,,,,,,,,https://educationdata.urban.org/api/v1/schools/ccd/directory/2023/?fips=13|https://nces.ed.gov/ccd/|https://app3.doe.k12.ga.us/ows-bin/owa/main_pack_fcl099.entry_form,,stub
Trion High School,130513002467,Trion City Schools,Summerville,GA,traditional,high,,(706)734-7316,,,,,,,,,,,,,https://educationdata.urban.org/api/v1/schools/ccd/directory/2023/?fips=13|https://nces.ed.gov/ccd/|https://app3.doe.k12.ga.us/ows-bin/owa/main_pack_fcl099.entry_form,,stub
Trion Middle School,130513002466,Trion City Schools,Summerville,GA,traditional,middle,,(706)734-7433,,,,,,,,,,,,,https://educationdata.urban.org/api/v1/schools/ccd/directory/2023/?fips=13|https://nces.ed.gov/ccd/|https://app3.doe.k12.ga.us/ows-bin/owa/main_pack_fcl099.entry_form,,stub
Berta Weathersbee Elementary School,130000100643,Troup County School System,LaGrange,GA,traditional,elementary,,(706)883-1570,,,,,,,,,,,,,https://educationdata.urban.org/api/v1/schools/ccd/directory/2023/?fips=13|https://nces.ed.gov/ccd/|https://app3.doe.k12.ga.us/ows-bin/owa/main_pack_fcl099.entry_form,,stub
Bradfield Center - Ault Academy,130000103620,Troup County School System,LaGrange,GA,traditional,high,,(706)884-1717,,,,,,,,,,,,,https://educationdata.urban.org/api/v1/schools/ccd/directory/2023/?fips=13|https://nces.ed.gov/ccd/|https://app3.doe.k12.ga.us/ows-bin/owa/main_pack_fcl099.entry_form,,stub
Callaway Elementary School,130000103789,Troup County School System,LaGrange,GA,traditional,elementary,,(706)845-2059,,,,,,,,,,,,,https://educationdata.urban.org/api/v1/schools/ccd/directory/2023/?fips=13|https://nces.ed.gov/ccd/|https://app3.doe.k12.ga.us/ows-bin/owa/main_pack_fcl099.entry_form,,stub
Callaway High School,130000102444,Troup County School System,LaGrange,GA,traditional,high,,(706)845-2070,,,,,,,,,,,,,https://educationdata.urban.org/api/v1/schools/ccd/directory/2023/?fips=13|https://nces.ed.gov/ccd/|https://app3.doe.k12.ga.us/ows-bin/owa/main_pack_fcl099.entry_form,,stub
Callaway Middle School,130000102443,Troup County School System,LaGrange,GA,traditional,middle,,(706)845-2080,,,,,,,,,,,,,https://educationdata.urban.org/api/v1/schools/ccd/directory/2023/?fips=13|https://nces.ed.gov/ccd/|https://app3.doe.k12.ga.us/ows-bin/owa/main_pack_fcl099.entry_form,,stub
Clearview Elementary School,130000104317,Troup County School System,LaGrange,GA,traditional,elementary,,(706)812-7900,,,,,,,,,,,,,https://educationdata.urban.org/api/v1/schools/ccd/directory/2023/?fips=13|https://nces.ed.gov/ccd/|https://app3.doe.k12.ga.us/ows-bin/owa/main_pack_fcl099.entry_form,,stub
Ethel W. Kight Elementary School,130000101856,Troup County School System,LaGrange,GA,traditional,elementary,,(706)812-7943,,,,,,,,,,,,,https://educationdata.urban.org/api/v1/schools/ccd/directory/2023/?fips=13|https://nces.ed.gov/ccd/|https://app3.doe.k12.ga.us/ows-bin/owa/main_pack_fcl099.entry_form,,stub
Franklin Forest Elementary,130000103455,Troup County School System,LaGrange,GA,traditional,elementary,,(706)845-7556,,,,,,,,,,,,,https://educationdata.urban.org/api/v1/schools/ccd/directory/2023/?fips=13|https://nces.ed.gov/ccd/|https://app3.doe.k12.ga.us/ows-bin/owa/main_pack_fcl099.entry_form,,stub
Gardner-Newman Middle School,130000100593,Troup County School System,LaGrange,GA,traditional,middle,,(706)883-1535,,,,,,,,,,,,,https://educationdata.urban.org/api/v1/schools/ccd/directory/2023/?fips=13|https://nces.ed.gov/ccd/|https://app3.doe.k12.ga.us/ows-bin/owa/main_pack_fcl099.entry_form,,stub
Hillcrest Elementary School,130000101706,Troup County School System,LaGrange,GA,traditional,elementary,,(706)812-7940,,,,,,,,,,,,,https://educationdata.urban.org/api/v1/schools/ccd/directory/2023/?fips=13|https://nces.ed.gov/ccd/|https://app3.doe.k12.ga.us/ows-bin/owa/main_pack_fcl099.entry_form,,stub
Hogansville Elementary School,130000101853,Troup County School System,LaGrange,GA,traditional,elementary,,(706)812-7990,,,,,,,,,,,,,https://educationdata.urban.org/api/v1/schools/ccd/directory/2023/?fips=13|https://nces.ed.gov/ccd/|https://app3.doe.k12.ga.us/ows-bin/owa/main_pack_fcl099.entry_form,,stub
Hollis Hand Elementary School,130000100596,Troup County School System,LaGrange,GA,traditional,elementary,,(706)883-1580,,,,,,,,,,,,,https://educationdata.urban.org/api/v1/schools/ccd/directory/2023/?fips=13|https://nces.ed.gov/ccd/|https://app3.doe.k12.ga.us/ows-bin/owa/main_pack_fcl099.entry_form,,stub
LaGrange High School,130000100608,Troup County School System,LaGrange,GA,traditional,high,,(706)883-1590,,,,,,,,,,,,,https://educationdata.urban.org/api/v1/schools/ccd/directory/2023/?fips=13|https://nces.ed.gov/ccd/|https://app3.doe.k12.ga.us/ows-bin/owa/main_pack_fcl099.entry_form,,stub
Long Cane Elementary School,130000102011,Troup County School System,LaGrange,GA,traditional,elementary,,(706)812-7948,,,,,,,,,,,,,https://educationdata.urban.org/api/v1/schools/ccd/directory/2023/?fips=13|https://nces.ed.gov/ccd/|https://app3.doe.k12.ga.us/ows-bin/owa/main_pack_fcl099.entry_form,,stub
Long Cane Middle School,130000101852,Troup County School System,LaGrange,GA,traditional,middle,,(706)845-2085,,,,,,,,,,,,,https://educationdata.urban.org/api/v1/schools/ccd/directory/2023/?fips=13|https://nces.ed.gov/ccd/|https://app3.doe.k12.ga.us/ows-bin/owa/main_pack_fcl099.entry_form,,stub
Rosemont Elementary School,130000101710,Troup County School System,LaGrange,GA,traditional,elementary,,(706)812-7954,,,,,,,,,,,,,https://educationdata.urban.org/api/v1/schools/ccd/directory/2023/?fips=13|https://nces.ed.gov/ccd/|https://app3.doe.k12.ga.us/ows-bin/owa/main_pack_fcl099.entry_form,,stub
The Hope Academy School,130000104369,Troup County School System,LaGrange,GA,traditional,high,,(706)812-7988,,,,,,,,,,,,,https://educationdata.urban.org/api/v1/schools/ccd/directory/2023/?fips=13|https://nces.ed.gov/ccd/|https://app3.doe.k12.ga.us/ows-bin/owa/main_pack_fcl099.entry_form,,stub
Troup County High School,130000101964,Troup County School System,LaGrange,GA,traditional,high,,(706)812-7957,,,,,,,,,,,,,https://educationdata.urban.org/api/v1/schools/ccd/directory/2023/?fips=13|https://nces.ed.gov/ccd/|https://app3.doe.k12.ga.us/ows-bin/owa/main_pack_fcl099.entry_form,,stub
West Point Elementary School,130000101962,Troup County School System,LaGrange,GA,traditional,elementary,,(706)812-7973,,,,,,,,,,,,,https://educationdata.urban.org/api/v1/schools/ccd/directory/2023/?fips=13|https://nces.ed.gov/ccd/|https://app3.doe.k12.ga.us/ows-bin/owa/main_pack_fcl099.entry_form,,stub
Turner County Elementary School,130519001859,Turner County Schools,Tifton,GA,traditional,elementary,,(229)567-2461,,,,,,,,,,,,,https://educationdata.urban.org/api/v1/schools/ccd/directory/2023/?fips=13|https://nces.ed.gov/ccd/|https://app3.doe.k12.ga.us/ows-bin/owa/main_pack_fcl099.entry_form,,stub
Turner County High School,130519001712,Turner County Schools,Tifton,GA,traditional,high,,(229)567-4377,,,,,,,,,,,,,https://educationdata.urban.org/api/v1/schools/ccd/directory/2023/?fips=13|https://nces.ed.gov/ccd/|https://app3.doe.k12.ga.us/ows-bin/owa/main_pack_fcl099.entry_form,,stub
Turner County Middle School,130519000657,Turner County Schools,Tifton,GA,traditional,middle,,(229)567-4343,,,,,,,,,,,,,https://educationdata.urban.org/api/v1/schools/ccd/directory/2023/?fips=13|https://nces.ed.gov/ccd/|https://app3.doe.k12.ga.us/ows-bin/owa/main_pack_fcl099.entry_form,,stub
Jeffersonville Elementary,130522003707,Twiggs County Schools,Macon,GA,traditional,elementary,,(478)945-3127,,,,,,,,,,,,,https://educationdata.urban.org/api/v1/schools/ccd/directory/2023/?fips=13|https://nces.ed.gov/ccd/|https://app3.doe.k12.ga.us/ows-bin/owa/main_pack_fcl099.entry_form,,stub
Twiggs County High School,130522002446,Twiggs County Schools,Macon,GA,traditional,high,https://www.twiggs.k12.ga.us/schools,(478)945-3112,,Antonio Ingram,Principal,aingram@twiggs.k12.ga.us,,,,,,,,,https://educationdata.urban.org/api/v1/schools/ccd/directory/2023/?fips=13|https://nces.ed.gov/ccd/|https://app3.doe.k12.ga.us/ows-bin/owa/main_pack_fcl099.entry_form|https://www.twiggs.k12.ga.us/schools,2026-09-07,verified
Twiggs Middle School,130522003611,Twiggs County Schools,Macon,GA,traditional,middle,,(478)945-3113,,,,,,,,,,,,,https://educationdata.urban.org/api/v1/schools/ccd/directory/2023/?fips=13|https://nces.ed.gov/ccd/|https://app3.doe.k12.ga.us/ows-bin/owa/main_pack_fcl099.entry_form,,stub
Union County Elementary School,130525002605,Union County Schools,Rural NE Georgia,GA,traditional,elementary,,(706)745-9615,,,,,,,,,,,,,https://educationdata.urban.org/api/v1/schools/ccd/directory/2023/?fips=13|https://nces.ed.gov/ccd/|https://app3.doe.k12.ga.us/ows-bin/owa/main_pack_fcl099.entry_form,,stub
Union County High School,130525001720,Union County Schools,Rural NE Georgia,GA,traditional,high,,(706)745-2216,,,,,,,,,,,,,https://educationdata.urban.org/api/v1/schools/ccd/directory/2023/?fips=13|https://nces.ed.gov/ccd/|https://app3.doe.k12.ga.us/ows-bin/owa/main_pack_fcl099.entry_form,,stub
Union County Middle School,130525003456,Union County Schools,Rural NE Georgia,GA,traditional,middle,,(706)745-2483,,,,,,,,,,,,,https://educationdata.urban.org/api/v1/schools/ccd/directory/2023/?fips=13|https://nces.ed.gov/ccd/|https://app3.doe.k12.ga.us/ows-bin/owa/main_pack_fcl099.entry_form,,stub
Union County Primary School,130525001719,Union County Schools,Rural NE Georgia,GA,traditional,elementary,,(706)745-5450,,,,,,,,,,,,,https://educationdata.urban.org/api/v1/schools/ccd/directory/2023/?fips=13|https://nces.ed.gov/ccd/|https://app3.doe.k12.ga.us/ows-bin/owa/main_pack_fcl099.entry_form,,stub
Woody Gap High/Elementary School,130525001721,Union County Schools,Rural NE Georgia,GA,traditional,other,,(706)747-2401,,,,,,,,,,,,,https://educationdata.urban.org/api/v1/schools/ccd/directory/2023/?fips=13|https://nces.ed.gov/ccd/|https://app3.doe.k12.ga.us/ows-bin/owa/main_pack_fcl099.entry_form,,stub
J. L. Lomax Elementary School,130531001728,Valdosta City Schools,Valdosta,GA,traditional,elementary,,(229)333-8520,,,,,,,,,,,,,https://educationdata.urban.org/api/v1/schools/ccd/directory/2023/?fips=13|https://nces.ed.gov/ccd/|https://app3.doe.k12.ga.us/ows-bin/owa/main_pack_fcl099.entry_form,,stub
Newbern Middle School,130531001076,Valdosta City Schools,Valdosta,GA,traditional,middle,,(229)333-8566,,,,,,,,,,,,,https://educationdata.urban.org/api/v1/schools/ccd/directory/2023/?fips=13|https://nces.ed.gov/ccd/|https://app3.doe.k12.ga.us/ows-bin/owa/main_pack_fcl099.entry_form,,stub
Pinevale Elementary School,130531001921,Valdosta City Schools,Valdosta,GA,traditional,elementary,,(229)333-8535,,,,,,,,,,,,,https://educationdata.urban.org/api/v1/schools/ccd/directory/2023/?fips=13|https://nces.ed.gov/ccd/|https://app3.doe.k12.ga.us/ows-bin/owa/main_pack_fcl099.entry_form,,stub
S.L. Mason Elementary School,130531003812,Valdosta City Schools,Valdosta,GA,traditional,elementary,,(229)333-8525,,,,,,,,,,,,,https://educationdata.urban.org/api/v1/schools/ccd/directory/2023/?fips=13|https://nces.ed.gov/ccd/|https://app3.doe.k12.ga.us/ows-bin/owa/main_pack_fcl099.entry_form,,stub
Sallas Mahone Elementary,130531002468,Valdosta City Schools,Valdosta,GA,traditional,elementary,,(229)333-8530,,,,,,,,,,,,,https://educationdata.urban.org/api/v1/schools/ccd/directory/2023/?fips=13|https://nces.ed.gov/ccd/|https://app3.doe.k12.ga.us/ows-bin/owa/main_pack_fcl099.entry_form,,stub
Valdosta High School,130531001732,Valdosta City Schools,Valdosta,GA,traditional,high,https://www.gocats.org/o/vhs,(229)333-8540,,Dr. Johnnie Marshall,Principal,,(229) 333-8540,,,,,,,,https://www.gocats.org/article/1259799|https://www.gocats.org/o/vhs/staff,2026-09-07,verified
Valdosta Middle School,130531001734,Valdosta City Schools,Valdosta,GA,traditional,middle,,(229)333-8555,,,,,,,,,,,,,https://educationdata.urban.org/api/v1/schools/ccd/directory/2023/?fips=13|https://nces.ed.gov/ccd/|https://app3.doe.k12.ga.us/ows-bin/owa/main_pack_fcl099.entry_form,,stub
W.G. Nunn Elementary,130531001730,Valdosta City Schools,Valdosta,GA,traditional,elementary,,(229)333-8515,,,,,,,,,,,,,https://educationdata.urban.org/api/v1/schools/ccd/directory/2023/?fips=13|https://nces.ed.gov/ccd/|https://app3.doe.k12.ga.us/ows-bin/owa/main_pack_fcl099.entry_form,,stub
J. D. Dickerson Primary School,130534001738,Vidalia City Schools,Vidalia,GA,traditional,elementary,,(912)537-3421,,,,,,,,,,,,,https://educationdata.urban.org/api/v1/schools/ccd/directory/2023/?fips=13|https://nces.ed.gov/ccd/|https://app3.doe.k12.ga.us/ows-bin/owa/main_pack_fcl099.entry_form,,stub
J. R. Trippe Middle School,130534001740,Vidalia City Schools,Vidalia,GA,traditional,middle,,(912)537-3813,,,,,,,,,,,,,https://educationdata.urban.org/api/v1/schools/ccd/directory/2023/?fips=13|https://nces.ed.gov/ccd/|https://app3.doe.k12.ga.us/ows-bin/owa/main_pack_fcl099.entry_form,,stub
Sally Dailey Meadows Elementary School,130534001737,Vidalia City Schools,Vidalia,GA,traditional,elementary,,(912)537-4755,,,,,,,,,,,,,https://educationdata.urban.org/api/v1/schools/ccd/directory/2023/?fips=13|https://nces.ed.gov/ccd/|https://app3.doe.k12.ga.us/ows-bin/owa/main_pack_fcl099.entry_form,,stub
Vidalia Comprehensive High School,130534001739,Vidalia City Schools,Vidalia,GA,traditional,high,,(912)537-7931,,,,,,,,,,,,,https://educationdata.urban.org/api/v1/schools/ccd/directory/2023/?fips=13|https://nces.ed.gov/ccd/|https://app3.doe.k12.ga.us/ows-bin/owa/main_pack_fcl099.entry_form,,stub
Chattanooga Valley Elementary School,130537001760,Walker County Schools,Chattanooga,GA,traditional,elementary,,(706)820-2511,,,,,,,,,,,,,https://educationdata.urban.org/api/v1/schools/ccd/directory/2023/?fips=13|https://nces.ed.gov/ccd/|https://app3.doe.k12.ga.us/ows-bin/owa/main_pack_fcl099.entry_form,,stub
Chattanooga Valley Middle School,130537003457,Walker County Schools,Chattanooga,GA,traditional,middle,,(706)820-0735,,,,,,,,,,,,,https://educationdata.urban.org/api/v1/schools/ccd/directory/2023/?fips=13|https://nces.ed.gov/ccd/|https://app3.doe.k12.ga.us/ows-bin/owa/main_pack_fcl099.entry_form,,stub
Cherokee Ridge Elementary,130537002287,Walker County Schools,Chattanooga,GA,traditional,elementary,,(706)375-9831,,,,,,,,,,,,,https://educationdata.urban.org/api/v1/schools/ccd/directory/2023/?fips=13|https://nces.ed.gov/ccd/|https://app3.doe.k12.ga.us/ows-bin/owa/main_pack_fcl099.entry_form,,stub
Fairyland Elementary School,130537001749,Walker County Schools,Chattanooga,GA,traditional,elementary,,(706)820-1171,,,,,,,,,,,,,https://educationdata.urban.org/api/v1/schools/ccd/directory/2023/?fips=13|https://nces.ed.gov/ccd/|https://app3.doe.k12.ga.us/ows-bin/owa/main_pack_fcl099.entry_form,,stub
Gilbert Elementary School,130537001051,Walker County Schools,Chattanooga,GA,traditional,elementary,,(706)638-2432,,,,,,,,,,,,,https://educationdata.urban.org/api/v1/schools/ccd/directory/2023/?fips=13|https://nces.ed.gov/ccd/|https://app3.doe.k12.ga.us/ows-bin/owa/main_pack_fcl099.entry_form,,stub
LaFayette High School,130537002286,Walker County Schools,Chattanooga,GA,traditional,high,https://lhs.walkerschools.org/,(706)638-2342,,Maggie Stultz,Principal,,(706) 638-2342,,,,,,,,https://lhs.walkerschools.org/special-nav-button/plan-your-visit,2026-09-07,verified
LaFayette Middle School,130537001741,Walker County Schools,Chattanooga,GA,traditional,middle,,(706)638-6440,,,,,,,,,,,,,https://educationdata.urban.org/api/v1/schools/ccd/directory/2023/?fips=13|https://nces.ed.gov/ccd/|https://app3.doe.k12.ga.us/ows-bin/owa/main_pack_fcl099.entry_form,,stub
Naomi Elementary School,130537001751,Walker County Schools,Chattanooga,GA,traditional,elementary,,(706)638-2443,,,,,,,,,,,,,https://educationdata.urban.org/api/v1/schools/ccd/directory/2023/?fips=13|https://nces.ed.gov/ccd/|https://app3.doe.k12.ga.us/ows-bin/owa/main_pack_fcl099.entry_form,,stub
North LaFayette Elementary School,130537001755,Walker County Schools,Chattanooga,GA,traditional,elementary,,(706)638-1869,,,,,,,,,,,,,https://educationdata.urban.org/api/v1/schools/ccd/directory/2023/?fips=13|https://nces.ed.gov/ccd/|https://app3.doe.k12.ga.us/ows-bin/owa/main_pack_fcl099.entry_form,,stub
Ridgeland High School,130537002093,Walker County Schools,Chattanooga,GA,traditional,high,https://rhs.walkerschools.org/,(706)820-9361,,James Morrison,Principal,,(706) 820-9361,,,,,,,,https://rhs.walkerschools.org/staff/administration|https://rhs.walkerschools.org/about/principal,2026-09-07,verified
Rock Spring Elementary School,130537001764,Walker County Schools,Chattanooga,GA,traditional,elementary,,(706)764-1383,,,,,,,,,,,,,https://educationdata.urban.org/api/v1/schools/ccd/directory/2023/?fips=13|https://nces.ed.gov/ccd/|https://app3.doe.k12.ga.us/ows-bin/owa/main_pack_fcl099.entry_form,,stub
Rossville Elementary School,130537000661,Walker County Schools,Chattanooga,GA,traditional,elementary,,(706)866-5901,,,,,,,,,,,,,https://educationdata.urban.org/api/v1/schools/ccd/directory/2023/?fips=13|https://nces.ed.gov/ccd/|https://app3.doe.k12.ga.us/ows-bin/owa/main_pack_fcl099.entry_form,,stub
Rossville Middle School,130537003800,Walker County Schools,Chattanooga,GA,traditional,middle,,(706)820-0638,,,,,,,,,,,,,https://educationdata.urban.org/api/v1/schools/ccd/directory/2023/?fips=13|https://nces.ed.gov/ccd/|https://app3.doe.k12.ga.us/ows-bin/owa/main_pack_fcl099.entry_form,,stub
Saddle Ridge Elementary and Middle School,130537004121,Walker County Schools,Chattanooga,GA,traditional,elementary,,(706)375-1219,,,,,,,,,,,,,https://educationdata.urban.org/api/v1/schools/ccd/directory/2023/?fips=13|https://nces.ed.gov/ccd/|https://app3.doe.k12.ga.us/ows-bin/owa/main_pack_fcl099.entry_form,,stub
Stone Creek Elementary School,130537001762,Walker County Schools,Chattanooga,GA,traditional,elementary,,(706)866-3600,,,,,,,,,,,,,https://educationdata.urban.org/api/v1/schools/ccd/directory/2023/?fips=13|https://nces.ed.gov/ccd/|https://app3.doe.k12.ga.us/ows-bin/owa/main_pack_fcl099.entry_form,,stub
Atha Road Elementary School,130539002516,Walton County School District,Atlanta,GA,traditional,elementary,,(770)266-5995,,,,,,,,,,,,,https://educationdata.urban.org/api/v1/schools/ccd/directory/2023/?fips=13|https://nces.ed.gov/ccd/|https://app3.doe.k12.ga.us/ows-bin/owa/main_pack_fcl099.entry_form,,stub
Bay Creek Elementary School,130539001766,Walton County School District,Atlanta,GA,traditional,elementary,,(770)466-2271,,,,,,,,,,,,,https://educationdata.urban.org/api/v1/schools/ccd/directory/2023/?fips=13|https://nces.ed.gov/ccd/|https://app3.doe.k12.ga.us/ows-bin/owa/main_pack_fcl099.entry_form,,stub
Carver Middle School,130539000031,Walton County School District,Atlanta,GA,traditional,middle,,(770)267-6000,,,,,,,,,,,,,https://educationdata.urban.org/api/v1/schools/ccd/directory/2023/?fips=13|https://nces.ed.gov/ccd/|https://app3.doe.k12.ga.us/ows-bin/owa/main_pack_fcl099.entry_form,,stub
Harmony Elementary School,130539001769,Walton County School District,Atlanta,GA,traditional,elementary,,(770)267-6574,,,,,,,,,,,,,https://educationdata.urban.org/api/v1/schools/ccd/directory/2023/?fips=13|https://nces.ed.gov/ccd/|https://app3.doe.k12.ga.us/ows-bin/owa/main_pack_fcl099.entry_form,,stub
Loganville Elementary School,130539002136,Walton County School District,Atlanta,GA,traditional,elementary,,(678)684-2840,,,,,,,,,,,,,https://educationdata.urban.org/api/v1/schools/ccd/directory/2023/?fips=13|https://nces.ed.gov/ccd/|https://app3.doe.k12.ga.us/ows-bin/owa/main_pack_fcl099.entry_form,,stub
Loganville High School,130539002288,Walton County School District,Atlanta,GA,traditional,high,https://lhs.walton.k12.ga.us/,(678)684-2880,,Matthew McDonald,Principal,matthew.mcdonald@walton.k12.ga.us,(678)684-2880,,,,,,,,walton.k12.ga.us/schools-menu/school-contact-information (Loganville High Principal Matthew McDonald matthew.mcdonald@walton.k12.ga.us); lhs.walton.k12.ga.us administration page,2026-09-07,verified
Loganville Middle School,130539001767,Walton County School District,Atlanta,GA,traditional,middle,,(678)684-2960,,,,,,,,,,,,,https://educationdata.urban.org/api/v1/schools/ccd/directory/2023/?fips=13|https://nces.ed.gov/ccd/|https://app3.doe.k12.ga.us/ows-bin/owa/main_pack_fcl099.entry_form,,stub
Monroe Area High School,130539001772,Walton County School District,Atlanta,GA,traditional,high,https://mahs.walton.k12.ga.us/,(770)266-4599,,Eddie Hood,Principal,eddie.hood@walton.k12.ga.us,(770)266-4599,,,,,,,,walton.k12.ga.us/schools-menu/school-contact-information (Monroe Area High Principal Eddie Hood eddie.hood@walton.k12.ga.us),2026-09-07,verified
Monroe Elementary,130539003569,Walton County School District,Atlanta,GA,traditional,elementary,,(770)207-3205,,,,,,,,,,,,,https://educationdata.urban.org/api/v1/schools/ccd/directory/2023/?fips=13|https://nces.ed.gov/ccd/|https://app3.doe.k12.ga.us/ows-bin/owa/main_pack_fcl099.entry_form,,stub
Sharon Elementary School,130539003668,Walton County School District,Atlanta,GA,traditional,elementary,,(678)684-2850,,,,,,,,,,,,,https://educationdata.urban.org/api/v1/schools/ccd/directory/2023/?fips=13|https://nces.ed.gov/ccd/|https://app3.doe.k12.ga.us/ows-bin/owa/main_pack_fcl099.entry_form,,stub
Walker Park Elementary School,130539001768,Walton County School District,Atlanta,GA,traditional,elementary,,(770)267-8311,,,,,,,,,,,,,https://educationdata.urban.org/api/v1/schools/ccd/directory/2023/?fips=13|https://nces.ed.gov/ccd/|https://app3.doe.k12.ga.us/ows-bin/owa/main_pack_fcl099.entry_form,,stub
Walnut Grove Elementary School,130539001057,Walton County School District,Atlanta,GA,traditional,elementary,,(770)784-0023,,,,,,,,,,,,,https://educationdata.urban.org/api/v1/schools/ccd/directory/2023/?fips=13|https://nces.ed.gov/ccd/|https://app3.doe.k12.ga.us/ows-bin/owa/main_pack_fcl099.entry_form,,stub
Walnut Grove High School,130539003901,Walton County School District,Atlanta,GA,traditional,high,https://wghs.walton.k12.ga.us/,(678)507-3900,,Dr. Amanda Brantley,Principal,amanda.brantley@walton.k12.ga.us,(678)507-3900,,,,,,,,walton.k12.ga.us/schools-menu/school-contact-information (Walnut Grove High Principal Dr. Amanda Brantley amanda.brantley@walton.k12.ga.us); Monroe Local News 2026-05-18 Brantley appointed WGHS principal for 2026-27,2026-09-07,verified
Youth Elementary School,130539002607,Walton County School District,Atlanta,GA,traditional,elementary,,(770)554-0172,,,,,,,,,,,,,https://educationdata.urban.org/api/v1/schools/ccd/directory/2023/?fips=13|https://nces.ed.gov/ccd/|https://app3.doe.k12.ga.us/ows-bin/owa/main_pack_fcl099.entry_form,,stub
Youth Middle School,130539003459,Walton County School District,Atlanta,GA,traditional,middle,,(770)466-6849,,,,,,,,,,,,,https://educationdata.urban.org/api/v1/schools/ccd/directory/2023/?fips=13|https://nces.ed.gov/ccd/|https://app3.doe.k12.ga.us/ows-bin/owa/main_pack_fcl099.entry_form,,stub
Center Elementary School,130543001395,Ware County Schools,Waycross,GA,traditional,elementary,,(912)287-2366,,,,,,,,,,,,,https://educationdata.urban.org/api/v1/schools/ccd/directory/2023/?fips=13|https://nces.ed.gov/ccd/|https://app3.doe.k12.ga.us/ows-bin/owa/main_pack_fcl099.entry_form,,stub
Memorial Drive Elementary School,130543001776,Ware County Schools,Waycross,GA,traditional,elementary,,(912)287-2327,,,,,,,,,,,,,https://educationdata.urban.org/api/v1/schools/ccd/directory/2023/?fips=13|https://nces.ed.gov/ccd/|https://app3.doe.k12.ga.us/ows-bin/owa/main_pack_fcl099.entry_form,,stub
Ruskin Elementary School,130543001403,Ware County Schools,Waycross,GA,traditional,elementary,,(912)287-2325,,,,,,,,,,,,,https://educationdata.urban.org/api/v1/schools/ccd/directory/2023/?fips=13|https://nces.ed.gov/ccd/|https://app3.doe.k12.ga.us/ows-bin/owa/main_pack_fcl099.entry_form,,stub
Wacona Elementary School,130543001774,Ware County Schools,Waycross,GA,traditional,elementary,,(912)287-2362,,,,,,,,,,,,,https://educationdata.urban.org/api/v1/schools/ccd/directory/2023/?fips=13|https://nces.ed.gov/ccd/|https://app3.doe.k12.ga.us/ows-bin/owa/main_pack_fcl099.entry_form,,stub
Ware County High School,130543001777,Ware County Schools,Waycross,GA,traditional,high,,(912)287-2351,,,,,,,,,,,,,https://educationdata.urban.org/api/v1/schools/ccd/directory/2023/?fips=13|https://nces.ed.gov/ccd/|https://app3.doe.k12.ga.us/ows-bin/owa/main_pack_fcl099.entry_form,,stub
Ware County Middle School,130543001779,Ware County Schools,Waycross,GA,traditional,middle,,(912)287-2341,,,,,,,,,,,,,https://educationdata.urban.org/api/v1/schools/ccd/directory/2023/?fips=13|https://nces.ed.gov/ccd/|https://app3.doe.k12.ga.us/ows-bin/owa/main_pack_fcl099.entry_form,,stub
Waresboro Elementary School,130543001775,Ware County Schools,Waycross,GA,traditional,elementary,,(912)287-2393,,,,,,,,,,,,,https://educationdata.urban.org/api/v1/schools/ccd/directory/2023/?fips=13|https://nces.ed.gov/ccd/|https://app3.doe.k12.ga.us/ows-bin/owa/main_pack_fcl099.entry_form,,stub
Waycross Middle School,130543002204,Ware County Schools,Waycross,GA,traditional,middle,,(912)287-2333,,,,,,,,,,,,,https://educationdata.urban.org/api/v1/schools/ccd/directory/2023/?fips=13|https://nces.ed.gov/ccd/|https://app3.doe.k12.ga.us/ows-bin/owa/main_pack_fcl099.entry_form,,stub
Williams Heights Elementary School,130543001393,Ware County Schools,Waycross,GA,traditional,elementary,,(912)287-2399,,,,,,,,,,,,,https://educationdata.urban.org/api/v1/schools/ccd/directory/2023/?fips=13|https://nces.ed.gov/ccd/|https://app3.doe.k12.ga.us/ows-bin/owa/main_pack_fcl099.entry_form,,stub
Freeman Elementary School,130546001783,Warren County School System,Rural Middle Georgia,GA,traditional,elementary,,(706)465-3342,,,,,,,,,,,,,https://educationdata.urban.org/api/v1/schools/ccd/directory/2023/?fips=13|https://nces.ed.gov/ccd/|https://app3.doe.k12.ga.us/ows-bin/owa/main_pack_fcl099.entry_form,,stub
Warren County High School,130546001782,Warren County School System,Rural Middle Georgia,GA,traditional,high,,(706)465-3742,,,,,,,,,,,,,https://educationdata.urban.org/api/v1/schools/ccd/directory/2023/?fips=13|https://nces.ed.gov/ccd/|https://app3.doe.k12.ga.us/ows-bin/owa/main_pack_fcl099.entry_form,,stub
Warren County Middle School,130546003462,Warren County School System,Rural Middle Georgia,GA,traditional,middle,,(706)465-3742,,,,,,,,,,,,,https://educationdata.urban.org/api/v1/schools/ccd/directory/2023/?fips=13|https://nces.ed.gov/ccd/|https://app3.doe.k12.ga.us/ows-bin/owa/main_pack_fcl099.entry_form,,stub
Ridge Road Elementary School,130549001789,Washington County Schools,Rural Middle Georgia,GA,traditional,elementary,,(478)552-2245,,,,,,,,,,,,,https://educationdata.urban.org/api/v1/schools/ccd/directory/2023/?fips=13|https://nces.ed.gov/ccd/|https://app3.doe.k12.ga.us/ows-bin/owa/main_pack_fcl099.entry_form,,stub
Ridge Road Primary School,130549001787,Washington County Schools,Rural Middle Georgia,GA,traditional,elementary,,(478)552-6047,,,,,,,,,,,,,https://educationdata.urban.org/api/v1/schools/ccd/directory/2023/?fips=13|https://nces.ed.gov/ccd/|https://app3.doe.k12.ga.us/ows-bin/owa/main_pack_fcl099.entry_form,,stub
T. J. Elder Middle School,130549002289,Washington County Schools,Rural Middle Georgia,GA,traditional,middle,,(478)552-2007,,,,,,,,,,,,,https://educationdata.urban.org/api/v1/schools/ccd/directory/2023/?fips=13|https://nces.ed.gov/ccd/|https://app3.doe.k12.ga.us/ows-bin/owa/main_pack_fcl099.entry_form,,stub
Washington County High School,130549001788,Washington County Schools,Rural Middle Georgia,GA,traditional,high,,(478)552-2324,,,,,,,,,,,,,https://educationdata.urban.org/api/v1/schools/ccd/directory/2023/?fips=13|https://nces.ed.gov/ccd/|https://app3.doe.k12.ga.us/ows-bin/owa/main_pack_fcl099.entry_form,,stub
Arthur Williams Middle School,130555000685,Wayne County Schools,Jesup,GA,traditional,middle,,(912)427-1025,,,,,,,,,,,,,https://educationdata.urban.org/api/v1/schools/ccd/directory/2023/?fips=13|https://nces.ed.gov/ccd/|https://app3.doe.k12.ga.us/ows-bin/owa/main_pack_fcl099.entry_form,,stub
Bacon Elementary School,130555000716,Wayne County Schools,Jesup,GA,traditional,elementary,,(912)427-1077,,,,,,,,,,,,,https://educationdata.urban.org/api/v1/schools/ccd/directory/2023/?fips=13|https://nces.ed.gov/ccd/|https://app3.doe.k12.ga.us/ows-bin/owa/main_pack_fcl099.entry_form,,stub
Jesup Elementary School,130555001798,Wayne County Schools,Jesup,GA,traditional,elementary,,(912)427-1033,,,,,,,,,,,,,https://educationdata.urban.org/api/v1/schools/ccd/directory/2023/?fips=13|https://nces.ed.gov/ccd/|https://app3.doe.k12.ga.us/ows-bin/owa/main_pack_fcl099.entry_form,,stub
Martha Puckett Middle School,130555000673,Wayne County Schools,Jesup,GA,traditional,middle,,(912)427-1061,,,,,,,,,,,,,https://educationdata.urban.org/api/v1/schools/ccd/directory/2023/?fips=13|https://nces.ed.gov/ccd/|https://app3.doe.k12.ga.us/ows-bin/owa/main_pack_fcl099.entry_form,,stub
Martha Rawls Smith Elementary School,130555000706,Wayne County Schools,Jesup,GA,traditional,elementary,,(912)427-1044,,,,,,,,,,,,,https://educationdata.urban.org/api/v1/schools/ccd/directory/2023/?fips=13|https://nces.ed.gov/ccd/|https://app3.doe.k12.ga.us/ows-bin/owa/main_pack_fcl099.entry_form,,stub
Odum Elementary School,130555001799,Wayne County Schools,Jesup,GA,traditional,elementary,,(912)586-2225,,,,,,,,,,,,,https://educationdata.urban.org/api/v1/schools/ccd/directory/2023/?fips=13|https://nces.ed.gov/ccd/|https://app3.doe.k12.ga.us/ows-bin/owa/main_pack_fcl099.entry_form,,stub
Screven Elementary School,130555001802,Wayne County Schools,Jesup,GA,traditional,elementary,,(912)579-2261,,,,,,,,,,,,,https://educationdata.urban.org/api/v1/schools/ccd/directory/2023/?fips=13|https://nces.ed.gov/ccd/|https://app3.doe.k12.ga.us/ows-bin/owa/main_pack_fcl099.entry_form,,stub
Wayne County High School,130555001800,Wayne County Schools,Jesup,GA,traditional,high,,(912)427-1088,,,,,,,,,,,,,https://educationdata.urban.org/api/v1/schools/ccd/directory/2023/?fips=13|https://nces.ed.gov/ccd/|https://app3.doe.k12.ga.us/ows-bin/owa/main_pack_fcl099.entry_form,,stub
Webster County Elementary/Middle School,130558003015,Webster County Schools,Rural SW Georgia,GA,traditional,elementary,,(229)828-3365,,,,,,,,,,,,,https://educationdata.urban.org/api/v1/schools/ccd/directory/2023/?fips=13|https://nces.ed.gov/ccd/|https://app3.doe.k12.ga.us/ows-bin/owa/main_pack_fcl099.entry_form,,stub
Webster County High School,130558003575,Webster County Schools,Rural SW Georgia,GA,traditional,high,,(229)828-3365,,,,,,,,,,,,,https://educationdata.urban.org/api/v1/schools/ccd/directory/2023/?fips=13|https://nces.ed.gov/ccd/|https://app3.doe.k12.ga.us/ows-bin/owa/main_pack_fcl099.entry_form,,stub
Wheeler County Elementary School,130564001812,Wheeler County Schools,Rural Middle Georgia,GA,traditional,elementary,,(912)568-7159,,,,,,,,,,,,,https://educationdata.urban.org/api/v1/schools/ccd/directory/2023/?fips=13|https://nces.ed.gov/ccd/|https://app3.doe.k12.ga.us/ows-bin/owa/main_pack_fcl099.entry_form,,stub
Wheeler County High School,130564001811,Wheeler County Schools,Rural Middle Georgia,GA,traditional,high,,(912)568-7166,,,,,,,,,,,,,https://educationdata.urban.org/api/v1/schools/ccd/directory/2023/?fips=13|https://nces.ed.gov/ccd/|https://app3.doe.k12.ga.us/ows-bin/owa/main_pack_fcl099.entry_form,,stub
Wheeler County Middle School,130564004241,Wheeler County Schools,Rural Middle Georgia,GA,traditional,middle,,(912)568-7166,,,,,,,,,,,,,https://educationdata.urban.org/api/v1/schools/ccd/directory/2023/?fips=13|https://nces.ed.gov/ccd/|https://app3.doe.k12.ga.us/ows-bin/owa/main_pack_fcl099.entry_form,,stub
Jack P Nix Elementary School,130567002448,White County School System,Rural NE Georgia,GA,traditional,elementary,,(706)865-6935,,,,,,,,,,,,,https://educationdata.urban.org/api/v1/schools/ccd/directory/2023/?fips=13|https://nces.ed.gov/ccd/|https://app3.doe.k12.ga.us/ows-bin/owa/main_pack_fcl099.entry_form,,stub
Mossy Creek Elementary School,130567003803,White County School System,Rural NE Georgia,GA,traditional,elementary,,(706)865-5000,,,,,,,,,,,,,https://educationdata.urban.org/api/v1/schools/ccd/directory/2023/?fips=13|https://nces.ed.gov/ccd/|https://app3.doe.k12.ga.us/ows-bin/owa/main_pack_fcl099.entry_form,,stub
Mount Yonah Elementary School,130567003018,White County School System,Rural NE Georgia,GA,traditional,elementary,,(706)865-3514,,,,,,,,,,,,,https://educationdata.urban.org/api/v1/schools/ccd/directory/2023/?fips=13|https://nces.ed.gov/ccd/|https://app3.doe.k12.ga.us/ows-bin/owa/main_pack_fcl099.entry_form,,stub
Tesnatee Gap Elementary (Old White Co. Intermediate),130567002447,White County School System,Rural NE Georgia,GA,traditional,elementary,,(706)865-1037,,,,,,,,,,,,,https://educationdata.urban.org/api/v1/schools/ccd/directory/2023/?fips=13|https://nces.ed.gov/ccd/|https://app3.doe.k12.ga.us/ows-bin/owa/main_pack_fcl099.entry_form,,stub
White County High School,130567001870,White County School System,Rural NE Georgia,GA,traditional,high,,(706)865-2312,,,,,,,,,,,,,https://educationdata.urban.org/api/v1/schools/ccd/directory/2023/?fips=13|https://nces.ed.gov/ccd/|https://app3.doe.k12.ga.us/ows-bin/owa/main_pack_fcl099.entry_form,,stub
White County Middle School,130567001813,White County School System,Rural NE Georgia,GA,traditional,middle,,(706)865-4060,,,,,,,,,,,,,https://educationdata.urban.org/api/v1/schools/ccd/directory/2023/?fips=13|https://nces.ed.gov/ccd/|https://app3.doe.k12.ga.us/ows-bin/owa/main_pack_fcl099.entry_form,,stub
Antioch Elementary School,130570001833,Whitfield County Schools,Dalton,GA,traditional,elementary,,(706)278-7550,,,,,,,,,,,,,https://educationdata.urban.org/api/v1/schools/ccd/directory/2023/?fips=13|https://nces.ed.gov/ccd/|https://app3.doe.k12.ga.us/ows-bin/owa/main_pack_fcl099.entry_form,,stub
Beaverdale Elementary School,130570003684,Whitfield County Schools,Dalton,GA,traditional,elementary,,(706)275-4414,,,,,,,,,,,,,https://educationdata.urban.org/api/v1/schools/ccd/directory/2023/?fips=13|https://nces.ed.gov/ccd/|https://app3.doe.k12.ga.us/ows-bin/owa/main_pack_fcl099.entry_form,,stub
Cedar Ridge Elementary,130570003844,Whitfield County Schools,Dalton,GA,traditional,elementary,,(706)712-8400,,,,,,,,,,,,,https://educationdata.urban.org/api/v1/schools/ccd/directory/2023/?fips=13|https://nces.ed.gov/ccd/|https://app3.doe.k12.ga.us/ows-bin/owa/main_pack_fcl099.entry_form,,stub
Coahulla Creek High School,130570004053,Whitfield County Schools,Dalton,GA,traditional,high,https://cch.wcsga.net/,(706) 694-4900,,Dr. Belinda Sloan,Principal,belinda.sloan@wcsga.net,(706) 694-4900,,,,,,,,https://cch.wcsga.net/about-us,2026-09-07,verified
Cohutta Elementary School,130570001829,Whitfield County Schools,Dalton,GA,traditional,elementary,,(706)694-8812,,,,,,,,,,,,,https://educationdata.urban.org/api/v1/schools/ccd/directory/2023/?fips=13|https://nces.ed.gov/ccd/|https://app3.doe.k12.ga.us/ows-bin/owa/main_pack_fcl099.entry_form,,stub
Dawnville Elementary School,130570001826,Whitfield County Schools,Dalton,GA,traditional,elementary,,(706)259-3914,,,,,,,,,,,,,https://educationdata.urban.org/api/v1/schools/ccd/directory/2023/?fips=13|https://nces.ed.gov/ccd/|https://app3.doe.k12.ga.us/ows-bin/owa/main_pack_fcl099.entry_form,,stub
Dug Gap Elementary School,130570001825,Whitfield County Schools,Dalton,GA,traditional,elementary,,(706)226-3919,,,,,,,,,,,,,https://educationdata.urban.org/api/v1/schools/ccd/directory/2023/?fips=13|https://nces.ed.gov/ccd/|https://app3.doe.k12.ga.us/ows-bin/owa/main_pack_fcl099.entry_form,,stub
Eastbrook Middle School,130570001816,Whitfield County Schools,Dalton,GA,traditional,middle,,(706)278-6135,,,,,,,,,,,,,https://educationdata.urban.org/api/v1/schools/ccd/directory/2023/?fips=13|https://nces.ed.gov/ccd/|https://app3.doe.k12.ga.us/ows-bin/owa/main_pack_fcl099.entry_form,,stub
Eastside Elementary School,130570001832,Whitfield County Schools,Dalton,GA,traditional,elementary,,(706)278-3074,,,,,,,,,,,,,https://educationdata.urban.org/api/v1/schools/ccd/directory/2023/?fips=13|https://nces.ed.gov/ccd/|https://app3.doe.k12.ga.us/ows-bin/owa/main_pack_fcl099.entry_form,,stub
New Hope Elementary School,130570002450,Whitfield County Schools,Dalton,GA,traditional,elementary,,(706)673-3180,,,,,,,,,,,,,https://educationdata.urban.org/api/v1/schools/ccd/directory/2023/?fips=13|https://nces.ed.gov/ccd/|https://app3.doe.k12.ga.us/ows-bin/owa/main_pack_fcl099.entry_form,,stub
New Hope Middle School,130570003465,Whitfield County Schools,Dalton,GA,traditional,middle,,(706)673-2295,,,,,,,,,,,,,https://educationdata.urban.org/api/v1/schools/ccd/directory/2023/?fips=13|https://nces.ed.gov/ccd/|https://app3.doe.k12.ga.us/ows-bin/owa/main_pack_fcl099.entry_form,,stub
North Whitfield Middle School,130570001822,Whitfield County Schools,Dalton,GA,traditional,middle,,(706)259-3381,,,,,,,,,,,,,https://educationdata.urban.org/api/v1/schools/ccd/directory/2023/?fips=13|https://nces.ed.gov/ccd/|https://app3.doe.k12.ga.us/ows-bin/owa/main_pack_fcl099.entry_form,,stub
Northwest Whitfield County High School,130570001819,Whitfield County Schools,Dalton,GA,traditional,high,https://nhs.wcsga.net/,(706) 516-2200,,Mandie Jones,Principal,mandie.jones@wcsga.net,(706) 516-2200,,,,,,,,https://nhs.wcsga.net/about-us,2026-09-07,verified
Phoenix High School,130570001073,Whitfield County Schools,Dalton,GA,traditional,high,https://phs.wcsga.net/,(706)876-3600,,Sherri Travisano,Principal,sherri.travisano@wcsga.net,(706) 876-3605,,,,,,,,https://phs.wcsga.net/about-us|https://nwgcca.wcsga.net/about-us,2026-09-07,verified
Pleasant Grove Elementary School,130570001828,Whitfield County Schools,Dalton,GA,traditional,elementary,,(706)259-3920,,,,,,,,,,,,,https://educationdata.urban.org/api/v1/schools/ccd/directory/2023/?fips=13|https://nces.ed.gov/ccd/|https://app3.doe.k12.ga.us/ows-bin/owa/main_pack_fcl099.entry_form,,stub
Southeast Whitfield County High School,130570001818,Whitfield County Schools,Dalton,GA,traditional,high,https://shs.wcsga.net/,(706) 876-7000,,Anthony Hall,Principal,Anthony.hall@wcsga.net,(706) 876-7000,,,,,,,,https://shs.wcsga.net/about-us/meet-our-principals|https://shs.wcsga.net/about-us/staff-directory,2026-09-07,verified
Tunnel Hill Elementary School,130570001823,Whitfield County Schools,Dalton,GA,traditional,elementary,,(706)673-4550,,,,,,,,,,,,,https://educationdata.urban.org/api/v1/schools/ccd/directory/2023/?fips=13|https://nces.ed.gov/ccd/|https://app3.doe.k12.ga.us/ows-bin/owa/main_pack_fcl099.entry_form,,stub
Valley Point Elementary School,130570001824,Whitfield County Schools,Dalton,GA,traditional,elementary,,(706)277-3259,,,,,,,,,,,,,https://educationdata.urban.org/api/v1/schools/ccd/directory/2023/?fips=13|https://nces.ed.gov/ccd/|https://app3.doe.k12.ga.us/ows-bin/owa/main_pack_fcl099.entry_form,,stub
Valley Point Middle School,130570001821,Whitfield County Schools,Dalton,GA,traditional,middle,,(706)277-9662,,,,,,,,,,,,,https://educationdata.urban.org/api/v1/schools/ccd/directory/2023/?fips=13|https://nces.ed.gov/ccd/|https://app3.doe.k12.ga.us/ows-bin/owa/main_pack_fcl099.entry_form,,stub
Varnell Elementary School,130570001831,Whitfield County Schools,Dalton,GA,traditional,elementary,,(706)694-3471,,,,,,,,,,,,,https://educationdata.urban.org/api/v1/schools/ccd/directory/2023/?fips=13|https://nces.ed.gov/ccd/|https://app3.doe.k12.ga.us/ows-bin/owa/main_pack_fcl099.entry_form,,stub
Westside Elementary School,130570001827,Whitfield County Schools,Dalton,GA,traditional,elementary,,(706)673-6531,,,,,,,,,,,,,https://educationdata.urban.org/api/v1/schools/ccd/directory/2023/?fips=13|https://nces.ed.gov/ccd/|https://app3.doe.k12.ga.us/ows-bin/owa/main_pack_fcl099.entry_form,,stub
Westside Middle School,130570001820,Whitfield County Schools,Dalton,GA,traditional,middle,,(706)673-2611,,,,,,,,,,,,,https://educationdata.urban.org/api/v1/schools/ccd/directory/2023/?fips=13|https://nces.ed.gov/ccd/|https://app3.doe.k12.ga.us/ows-bin/owa/main_pack_fcl099.entry_form,,stub
Wilcox County Elementary School,130573001836,Wilcox County Schools,Rural South Georgia,GA,traditional,elementary,,(229)365-7858,,,,,,,,,,,,,https://educationdata.urban.org/api/v1/schools/ccd/directory/2023/?fips=13|https://nces.ed.gov/ccd/|https://app3.doe.k12.ga.us/ows-bin/owa/main_pack_fcl099.entry_form,,stub
Wilcox County High School,130573002232,Wilcox County Schools,Rural South Georgia,GA,traditional,high,,(229)365-7231,,,,,,,,,,,,,https://educationdata.urban.org/api/v1/schools/ccd/directory/2023/?fips=13|https://nces.ed.gov/ccd/|https://app3.doe.k12.ga.us/ows-bin/owa/main_pack_fcl099.entry_form,,stub
Wilcox County Middle School,130573002451,Wilcox County Schools,Rural South Georgia,GA,traditional,middle,,(229)365-7231,,,,,,,,,,,,,https://educationdata.urban.org/api/v1/schools/ccd/directory/2023/?fips=13|https://nces.ed.gov/ccd/|https://app3.doe.k12.ga.us/ows-bin/owa/main_pack_fcl099.entry_form,,stub
Washington-Wilkes Comprehensive High School,130576003852,Wilkes County Schools,Rural East Georgia,GA,traditional,high,,(706)678-2426,,,,,,,,,,,,,https://educationdata.urban.org/api/v1/schools/ccd/directory/2023/?fips=13|https://nces.ed.gov/ccd/|https://app3.doe.k12.ga.us/ows-bin/owa/main_pack_fcl099.entry_form,,stub
Washington-Wilkes Elementary School,130576001840,Wilkes County Schools,Rural East Georgia,GA,traditional,elementary,,(706)678-7124,,,,,,,,,,,,,https://educationdata.urban.org/api/v1/schools/ccd/directory/2023/?fips=13|https://nces.ed.gov/ccd/|https://app3.doe.k12.ga.us/ows-bin/owa/main_pack_fcl099.entry_form,,stub
Washington-Wilkes Middle School,130576003942,Wilkes County Schools,Rural East Georgia,GA,traditional,middle,,(706)678-7132,,,,,,,,,,,,,https://educationdata.urban.org/api/v1/schools/ccd/directory/2023/?fips=13|https://nces.ed.gov/ccd/|https://app3.doe.k12.ga.us/ows-bin/owa/main_pack_fcl099.entry_form,,stub
Washington-Wilkes Primary School,130576001839,Wilkes County Schools,Rural East Georgia,GA,traditional,elementary,,(706)678-2633,,,,,,,,,,,,,https://educationdata.urban.org/api/v1/schools/ccd/directory/2023/?fips=13|https://nces.ed.gov/ccd/|https://app3.doe.k12.ga.us/ows-bin/owa/main_pack_fcl099.entry_form,,stub
Wilkinson County Elementary School,130579001844,Wilkinson County Schools,Rural Middle Georgia,GA,traditional,elementary,,(478)946-5527,,,,,,,,,,,,,https://educationdata.urban.org/api/v1/schools/ccd/directory/2023/?fips=13|https://nces.ed.gov/ccd/|https://app3.doe.k12.ga.us/ows-bin/owa/main_pack_fcl099.entry_form,,stub
Wilkinson County High School,130579001841,Wilkinson County Schools,Rural Middle Georgia,GA,traditional,high,,(478)946-2441,,,,,,,,,,,,,https://educationdata.urban.org/api/v1/schools/ccd/directory/2023/?fips=13|https://nces.ed.gov/ccd/|https://app3.doe.k12.ga.us/ows-bin/owa/main_pack_fcl099.entry_form,,stub
Wilkinson County Middle School,130579001843,Wilkinson County Schools,Rural Middle Georgia,GA,traditional,middle,,(478)946-2541,,,,,,,,,,,,,https://educationdata.urban.org/api/v1/schools/ccd/directory/2023/?fips=13|https://nces.ed.gov/ccd/|https://app3.doe.k12.ga.us/ows-bin/owa/main_pack_fcl099.entry_form,,stub
Wilkinson County Primary School,130579001842,Wilkinson County Schools,Rural Middle Georgia,GA,traditional,elementary,,(478)946-2161,,,,,,,,,,,,,https://educationdata.urban.org/api/v1/schools/ccd/directory/2023/?fips=13|https://nces.ed.gov/ccd/|https://app3.doe.k12.ga.us/ows-bin/owa/main_pack_fcl099.entry_form,,stub
Worth County Achievement Center,130585004231,Worth County Schools,Albany,GA,traditional,high,,(229)463-3056,,,,,,,,,,,,,https://educationdata.urban.org/api/v1/schools/ccd/directory/2023/?fips=13|https://nces.ed.gov/ccd/|https://app3.doe.k12.ga.us/ows-bin/owa/main_pack_fcl099.entry_form,,stub
Worth County Elementary School,130585001854,Worth County Schools,Albany,GA,traditional,elementary,,(229)776-8605,,,,,,,,,,,,,https://educationdata.urban.org/api/v1/schools/ccd/directory/2023/?fips=13|https://nces.ed.gov/ccd/|https://app3.doe.k12.ga.us/ows-bin/owa/main_pack_fcl099.entry_form,,stub
Worth County High School,130585001849,Worth County Schools,Albany,GA,traditional,high,https://wchs.worthschools.net/,(229)776-8625,,Jared Worthy,Principal,,(229) 776-8625,,,,,,,,https://educationdata.urban.org/api/v1/schools/ccd/directory/2023/?fips=13|https://nces.ed.gov/ccd/|https://app3.doe.k12.ga.us/ows-bin/owa/main_pack_fcl099.entry_form|https://wchs.worthschools.net/staff?page_no=5,2026-09-07,verified
Worth County Middle School,130585000733,Worth County Schools,Albany,GA,traditional,middle,,(229)776-8620,,,,,,,,,,,,,https://educationdata.urban.org/api/v1/schools/ccd/directory/2023/?fips=13|https://nces.ed.gov/ccd/|https://app3.doe.k12.ga.us/ows-bin/owa/main_pack_fcl099.entry_form,,stub
Worth County Primary School,130585001409,Worth County Schools,Albany,GA,traditional,elementary,,(229)776-8660,,,,,,,,,,,,,https://educationdata.urban.org/api/v1/schools/ccd/directory/2023/?fips=13|https://nces.ed.gov/ccd/|https://app3.doe.k12.ga.us/ows-bin/owa/main_pack_fcl099.entry_form,,stub
Academy For Classical Education,130025204345,Academy for Classical Education,Macon,GA,charter,other,https://www.acemacon.org/,(478)238-5757,,Laura Perkins,Interim Head of School,,(478) 238-5757,,,,,,,,https://educationdata.urban.org/api/v1/schools/ccd/directory/2023/?fips=13|https://nces.ed.gov/ccd/|https://scsc.georgia.gov/document/document/2025-2026-master-charter-school-list/download|https://www.acemacon.org/|https://www.41nbc.com/ace-head-of-school-lara-relyea-retires-macon/|https://www.macon.com/news/local/education/article312213708.html|https://gacharters.org/school/academy-for-classical-education/,2026-09-07,verified
Academy for Innovation in Medicine,,Academy for Innovation in Medicine,Atlanta,GA,charter,other,https://scsc.georgia.gov/locations/school,,,,,,,,,,,,,,https://scsc.georgia.gov/document/document/2025-2026-master-charter-school-list/download|https://scsc.georgia.gov/locations/school,2026-09-07,stub
Amana Academy West Atlanta,130026504428,Amana Academy West Atlanta,Atlanta,GA,charter,elementary,https://amanaacademy.org/west-atlanta/,(678) 624-0989,,Ehab Jaleel,Executive Director,ejaleel@amanaacademy.org,(678) 624-0989,,,,,,,,https://educationdata.urban.org/api/v1/schools/ccd/directory/2023/?fips=13|https://nces.ed.gov/ccd/|https://scsc.georgia.gov/document/document/2025-2026-master-charter-school-list/download|https://www.amanaacademy.org/|https://amanaacademy.org/west-atlanta/|https://amanaacademy.org/about/network-leadership-staff/|https://amanaacademy.org/about/governance-board/|https://amanaacademy.org/west-atlanta/faculty/,2026-09-07,verified
Atlanta Heights Charter School,130022104021,Atlanta Heights Charter School,Atlanta,GA,charter,elementary,https://www.nhaschools.com/schools/atlanta-heights-charter-school/en,(404)472-3003,,Juanita Daunoy,Principal,84.jdaunoy@nhaschools.com,404-472-3003,,,,,,,,https://educationdata.urban.org/api/v1/schools/ccd/directory/2023/?fips=13|https://nces.ed.gov/ccd/|https://scsc.georgia.gov/document/document/2025-2026-master-charter-school-list/download|https://www.nhaschools.com/schools/atlanta-heights-charter-school/en|https://www.nhaschools.com/schools/atlanta-heights-charter-school/en/leadership|https://www.nhaschools.com/getattachment/93b751aa-7bb1-496f-94f3-9d877d9d5463/atlanta-heights-(ga)-psh-final-2026-27-8-13-26.pdf|https://www.nhaschools.com/schools/atlanta-heights-charter-school/en/school-operations,2026-09-07,verified
Atlanta SMART Academy,130025904374,Atlanta SMART Academy,Atlanta,GA,charter,middle,https://atlantasmartacademy.org/,(470) 502-3110,,Patrice Meadows,Superintendent,pmeadows@atlantasmartacademy.org,(470) 502-3110,,,,,,,,https://educationdata.urban.org/api/v1/schools/ccd/directory/2023/?fips=13|https://nces.ed.gov/ccd/|https://scsc.georgia.gov/document/document/2025-2026-master-charter-school-list/download|https://www.atlantasmart.org/|https://atlantasmartacademy.org/|https://atlantasmartacademy.org/leadership-administration/|https://atlantasmartacademy.org/board/,2026-09-07,verified
Atlanta Unbound Academy,130026104376,Atlanta Unbound Academy,Atlanta,GA,charter,elementary,https://atlantaunboundacademy.org/,(678) 973-2748,,Alaina Chipman-Leeks,Executive Director,Achipmanleeks@atlantaunboundacademy.org,(678) 973-2748,,,,,,,,https://educationdata.urban.org/api/v1/schools/ccd/directory/2023/?fips=13|https://nces.ed.gov/ccd/|https://scsc.georgia.gov/document/document/2025-2026-master-charter-school-list/download|https://www.atlantaunbound.org/|https://atlantaunboundacademy.org/|https://atlantaunboundacademy.org/our-leader-teacher-tribe/|https://atlantaunboundacademy.org/our-founder/|https://app2.boardontrack.com/public/WhtGjA/minutes/118016,2026-09-07,verified
Baconton Community Charter School,130025604363,Baconton Community Charter School,Rural SW Georgia,GA,charter,other,https://www.bccsblazers.org/,(229)787-9999,,Missy Harrod,Superintendent,mharrod@bccsblazers.org,(229) 787-9999,,,,,,,,https://educationdata.urban.org/api/v1/schools/ccd/directory/2023/?fips=13|https://nces.ed.gov/ccd/|https://scsc.georgia.gov/document/document/2025-2026-master-charter-school-list/download|https://www.bacontoncharter.org/|https://sites.google.com/view/bccsblazers/parentstudent/staff-directory|https://www.bccsblazers.org/|https://www.walb.com/2026/02/27/school-officials-address-shooting-threat-baconton-community-charter-school/,2026-09-07,verified
Brookhaven Innovation Academy,130024204249,BIA Charter School,Atlanta,GA,charter,elementary,https://www.biaschool.org/,(770)538-1550,,Neal Christian,Superintendent,nchristian@biaschool.org,770-538-1550,,,,,,,,https://educationdata.urban.org/api/v1/schools/ccd/directory/2023/?fips=13|https://nces.ed.gov/ccd/|https://scsc.georgia.gov/document/document/2025-2026-master-charter-school-list/download|https://www.biacharter.com/|https://www.biaschool.org/|https://www.biaschool.org/our-school/head-of-school/|https://www.biaschool.org/our-school/governing-board/meet-the-board/,2026-09-07,verified
Cherokee Charter Academy,130023004051,Cherokee Classical Academy,Atlanta,GA,charter,elementary,https://www.cherokeeclassical.org/,(678)385-7322,info@cherokeeclassical.org,Matt Stone,Head of School,mstone@cherokeeclassical.org,(470) 502-9720,,,,,,,,https://educationdata.urban.org/api/v1/schools/ccd/directory/2023/?fips=13|https://nces.ed.gov/ccd/|https://scsc.georgia.gov/document/document/2025-2026-master-charter-school-list/download|https://www.cherokeeclassical.org/|https://www.cherokeeclassical.org/governance|https://www.cherokeeclassical.org/handbook|https://gacharters.org/school/cherokee-classical-academy/,2026-09-07,verified
Cirrus Charter Academy,130023904226,Cirrus Academy Charter School,Macon,GA,charter,elementary,https://www.cirrusacademy.org/,(478)250-1376,,Barry Williams,Head of Schools,barry.williams@cirrusacademy.org,(478) 250-1376,,,,,,,,https://educationdata.urban.org/api/v1/schools/ccd/directory/2023/?fips=13|https://nces.ed.gov/ccd/|https://scsc.georgia.gov/document/document/2025-2026-master-charter-school-list/download|https://www.cirrusacademy.org/|https://www.cirrusacademy.org/governing-board/|https://www.cirrusacademy.org/our-leadership/|https://www.cirrusacademy.org/wp-content/uploads/2025/07/Who-and-To.pdf|https://www.cirrusacademy.org/wp-content/uploads/2025/11/CACS-CODE-Handbook-2025_2026-Adopted.10.21.25-1-1.pdf,2026-09-07,verified
Coweta Charter Academy,130022204007,Coweta Charter Academy,Atlanta,GA,charter,elementary,https://www.cowetacharteracademy.org/,(770)599-0228,,Trina Weaver,"Executive Director, Superintendent",,(770) 727-5959,,,,,,,,https://educationdata.urban.org/api/v1/schools/ccd/directory/2023/?fips=13|https://nces.ed.gov/ccd/|https://scsc.georgia.gov/document/document/2025-2026-master-charter-school-list/download|https://www.cowetacharteracademy.org/|https://www.cowetacharteracademy.org/contact-us/administration|https://www.cowetacharteracademy.org/about/governance,2026-09-07,verified
D.E.L.T.A. STEAM Academy,130026204377,D.E.L.T.A. STEAM Academy,Atlanta,GA,charter,elementary,https://deltasteamacademy.org/,(470)729-2692,info@deltasteamacademy.org,Nikki Grier,Founder/Executive Director,ngrier@deltasteamacademy.org,(470) 729-2692,,,,,,,,https://educationdata.urban.org/api/v1/schools/ccd/directory/2023/?fips=13|https://nces.ed.gov/ccd/|https://scsc.georgia.gov/document/document/2025-2026-master-charter-school-list/download|https://www.deltasteam.org/|https://deltasteamacademy.org/|https://deltasteamacademy.org/wp-content/uploads/2024/08/SY25-DSA-Family_Student-Handbook-final.pdf,2026-09-07,verified
DeKalb Brilliance Academy,130585104459,DeKalb Brilliance Academy,Atlanta,GA,charter,elementary,https://www.dekalbbrilliance.org/,(470) 563-6690,,Jocelyn Alter,Co-founder / Head of School,jocelyn.alter@dekalbbrilliance.org,(470) 563-6690,,,,,,,,https://educationdata.urban.org/api/v1/schools/ccd/directory/2023/?fips=13|https://nces.ed.gov/ccd/|https://scsc.georgia.gov/document/document/2025-2026-master-charter-school-list/download|https://www.dekalbbrilliance.org/|https://dekalbbrilliance.org/-our-team,2026-09-07,verified
Dominion Purpose Academy,,Dominion Purpose Academy,Columbus,GA,charter,elementary,,,,,,,,,,,,,,,https://scsc.georgia.gov/document/document/2025-2026-master-charter-school-list/download,2026-09-07,stub
Dubois Integrity Academy,130023704193,DuBois Integrity Academy,Atlanta,GA,charter,elementary,https://www.duboisintegrityacademy.org/,(770)629-1534,info@duboisintegrityacademy.com,Craig Cason,Executive Director,ccason@duboisintegrityacademy.com,(770) 997-4860,,,,,,,,https://educationdata.urban.org/api/v1/schools/ccd/directory/2023/?fips=13|https://nces.ed.gov/ccd/|https://scsc.georgia.gov/document/document/2025-2026-master-charter-school-list/download|https://www.duboisintegrityacademy.org/|https://www.duboisintegrityacademy.org/governance-board|https://www.duboisintegrityacademy.org/policies,2026-09-07,verified
Ethos Classical Charter School,130025504332,Ethos Classical Charter School,Atlanta,GA,charter,elementary,https://ethosclassical.org/,(470)502-0046,info@ethosclassical.org,Danielle Mack,Chief Executive Officer,danielle.mack@ethosclassical.org,470-502-0046,,,,,,,,https://educationdata.urban.org/api/v1/schools/ccd/directory/2023/?fips=13|https://nces.ed.gov/ccd/|https://scsc.georgia.gov/document/document/2025-2026-master-charter-school-list/download|https://ethosclassical.org/|https://ethosclassical.org/our-leadership/|https://ethosclassical.org/our-board/,2026-09-07,verified
Excelsior Village Academies,,Excelsior Village Academies,Atlanta,GA,charter,elementary,https://excelsiorvillageacademies.org/,(404) 986-8595,,Michelle Flowers,Head of School & CEO,mflowers@excelsiorvillageacademies.org,(404) 986-8595,,,,,,,,https://scsc.georgia.gov/document/document/2025-2026-master-charter-school-list/download|https://www.excelsiorvillage.org/|https://excelsiorvillageacademies.org/|https://excelsiorvillageacademies.org/wp-content/uploads/2026/07/2026-2027-Family-Handbook.pdf|https://app2.boardontrack.com/public/5V1ZAa/board,2026-09-07,verified
Fayette Classical Academy,,Fayette Classical Academy,Atlanta,GA,charter,other,,,,,,,,,,,,,,,https://scsc.georgia.gov/document/document/2025-2026-master-charter-school-list/download,2026-09-07,stub
Four Points Preparatory Academy,,Four Points Preparatory Academy,Jefferson,GA,charter,elementary,https://www.nhaschools.com/schools/four-points-preparatory-academy/en,(762) 425-0550,,Amanda Brown,Principal,129.abrown@nhaschools.com,(762) 425-0550,,,,,,,,https://scsc.georgia.gov/document/document/2025-2026-master-charter-school-list/download|https://www.fourpointsprepacademy.org/|https://www.nhaschools.com/schools/four-points-preparatory-academy/en|https://www.nhaschools.com/schools/four-points-preparatory-academy/en/leadership|https://www.nhaschools.com/schools/four-points-preparatory-academy/en/school-operations|https://www.nhaschools.com/getmedia/9cd5a062-caa0-4f08-8213-fc7767edeb0f/four-points-(ga)-psh-final-2026-27-8-13-26.pdf,2026-09-07,verified
Furlow Charter School,130025804373,Furlow Charter School,Americus,GA,charter,other,https://www.furlowcharter.org/,(229)931-8667,,Nichole Walker,Principal,nwalker@furlowcharter.org,229-931-8667,,,,,,,,https://educationdata.urban.org/api/v1/schools/ccd/directory/2023/?fips=13|https://nces.ed.gov/ccd/|https://scsc.georgia.gov/document/document/2025-2026-master-charter-school-list/download|https://www.furlowcharter.org/|https://www.furlowcharter.org/nichole-walker|https://www.furlowcharter.org/boardmembers|https://www.furlowcharter.org/facultyandstaff,2026-09-07,verified
Genesis Innovation Academy for Boys,130024804288,Genesis Academy for Boys,Atlanta,GA,charter,other,https://genesisinnovationacademy.org/,(404)944-8560,info@giacademy.org,Gavin A. Samms,Head of Schools,gsamms@giacademy.org,(404) 990-3844,,,,,,,,https://educationdata.urban.org/api/v1/schools/ccd/directory/2023/?fips=13|https://nces.ed.gov/ccd/|https://scsc.georgia.gov/document/document/2025-2026-master-charter-school-list/download|https://www.genesisinnovationacademy.org/|https://genesisinnovationacademy.org/governing-board/|https://genesisinnovationacademy.org/contact/|https://genesisinnovationacademy.org/wp-content/uploads/2025/06/2025.06.26-Board-Meeting-SUMMARY.pdf,2026-09-07,verified
Genesis Innovation Academy for Girls,130024404272,Genesis Academy for Girls,Atlanta,GA,charter,other,https://genesisinnovationacademy.org/,(404)944-8560,info@giacademy.org,Gavin A. Samms,Head of Schools,gsamms@giacademy.org,(404) 990-3844,,,,,,,,https://educationdata.urban.org/api/v1/schools/ccd/directory/2023/?fips=13|https://nces.ed.gov/ccd/|https://scsc.georgia.gov/document/document/2025-2026-master-charter-school-list/download|https://www.genesisinnovationacademy.org/|https://genesisinnovationacademy.org/governing-board/|https://genesisinnovationacademy.org/contact/,2026-09-07,verified
Georgia Connections Academy (Virtual),130022704031,Georgia Connections Academy,Atlanta,GA,charter,other,https://www.connectionsacademy.com/georgia-virtual-school/,(678)825-3258,,Brazilia Page,Executive Director,bbilalpage@gaca.connectionsacademy.org,(678) 374-9787,,,,,,,,https://educationdata.urban.org/api/v1/schools/ccd/directory/2023/?fips=13|https://nces.ed.gov/ccd/|https://scsc.georgia.gov/document/document/2025-2026-master-charter-school-list/download|https://www.connectionsacademy.com/georgia-virtual-school/|https://www.connectionsacademy.com/georgia-virtual-school/overview/staff/meet-our-school-leader/|https://www.connectionsacademy.com/georgia-virtual-school/overview/contact-us/,2026-09-07,verified
Georgia Cyber Academy (Virtual),130023204148,Georgia Cyber Academy,Atlanta,GA,charter,other,https://www.georgiacyber.org/,(404)334-4790,info@georgiacyber.org,Michael Kooi,Superintendent,mkooi@georgiacyber.org,404-334-4790,,,,,,,,https://educationdata.urban.org/api/v1/schools/ccd/directory/2023/?fips=13|https://nces.ed.gov/ccd/|https://scsc.georgia.gov/document/document/2025-2026-master-charter-school-list/download|https://www.georgiacyber.org/|https://www.georgiacyber.org/faculty/administration|https://www.georgiacyber.org/about/governing-board/board-directory|https://resources.finalsite.net/images/v1761612483/gcak12com/gcak12com/kcp4edhdw5oygm4n2xh4/gca-district-handbook.pdf,2026-09-07,verified
Georgia Fugees Academy Charter School,130026304378,Georgia Fugees Academy Charter School,Atlanta,GA,charter,high,https://www.gfacs.org/,(678)201-0451,,Sharlena Carson,Superintendent,sharlena@fugeesacademy.org,(470) 412-0571,,,,,,,,https://educationdata.urban.org/api/v1/schools/ccd/directory/2023/?fips=13|https://nces.ed.gov/ccd/|https://scsc.georgia.gov/document/document/2025-2026-master-charter-school-list/download|https://www.fugeesfamily.org/georgia-fugees-academy|https://www.gfacs.org/|https://www.gfacs.org/our-team|https://www.gfacs.org/team-3,2026-09-07,verified
Georgia School for Innovation and the Classics,130023804205,Georgia School for Innovation & the Classics,Augusta,GA,charter,other,https://www.gsiccharter.com/,(706)434-8085,,Jody Boulineau,Superintendent,jboulineau@gsiccharter.com,706-434-8085,,,,,,,,https://educationdata.urban.org/api/v1/schools/ccd/directory/2023/?fips=13|https://nces.ed.gov/ccd/|https://scsc.georgia.gov/document/document/2025-2026-master-charter-school-list/download|https://www.gsiccharter.com/|https://www.gsiccharter.com/administration/|https://www.gsiccharter.com/administration/jody-boulineau-superintendent/|https://www.gsiccharter.com/governing-board/,2026-09-07,verified
International Academy of Smyrna,130024904273,International Academy of Smyrna,Atlanta,GA,charter,elementary,https://www.nhaschools.com/schools/jonquil-preparatory-academy/en,(678)370-0980,,Landon Brown,Principal,127.lbrown@nhaschools.com,678-370-0980,,,,,,,,https://educationdata.urban.org/api/v1/schools/ccd/directory/2023/?fips=13|https://nces.ed.gov/ccd/|https://scsc.georgia.gov/document/document/2025-2026-master-charter-school-list/download|https://www.iasmyrna.org/|https://www.nhaschools.com/schools/jonquil-preparatory-academy/en|https://www.nhaschools.com/schools/jonquil-preparatory-academy/en/leadership|https://www.nhaschools.com/schools/jonquil-preparatory-academy/en/school-operations,2026-09-07,verified
International Charter Academy of Georgia,130025004325,International Charter Academy of Georgia,Atlanta,GA,charter,elementary,https://www.internationalcharteracademy.org/,(770)604-0007,info@internationalcharteracademy.org,Felecia Tucker-Jones,Principal,f.jones@internationalcharteracademy.org,770-604-0007,,,,,,,,https://educationdata.urban.org/api/v1/schools/ccd/directory/2023/?fips=13|https://nces.ed.gov/ccd/|https://scsc.georgia.gov/document/document/2025-2026-master-charter-school-list/download|https://www.internationalcharteracademy.org/|https://www.internationalcharteracademy.org/governance/board-members/|https://www.internationalcharteracademy.org/faculty-staff/|https://www.internationalcharteracademy.org/about-us/a-message-from-our-principal/,2026-09-07,verified
International Charter School of Atlanta,130023404179,International Charter School of Atlanta,Atlanta,GA,charter,elementary,https://www.icsatlanta.org/,(470)222-7420,info@icsatlanta.org,Tanya Parker,Head of School,,,,,,,,,,"https://educationdata.urban.org/api/v1/schools/ccd/directory/2023/?fips=13|https://nces.ed.gov/ccd/|https://scsc.georgia.gov/document/document/2025-2026-master-charter-school-list/download|https://www.internationalcharterschool.org/|https://www.icsatlanta.org/|https://www.icsatlanta.org/governing-board|https://projects.propublica.org/nonprofits/organizations/462945113|https://www.causeiq.com/organizations/international-charter-school-of-atlanta,462945113/",2026-09-07,verified
Ivy Preparatory Academy- Inc,130022604023,Ivy Preparatory Academy at Kirkwood,Atlanta,GA,charter,elementary,https://www.ivyprepschool.org/,(404)622-2727,,Elisa A. Falcó,Executive Director,efalco@ivyprepacademy.org,404-622-2727,,,,,,,,https://educationdata.urban.org/api/v1/schools/ccd/directory/2023/?fips=13|https://nces.ed.gov/ccd/|https://scsc.georgia.gov/document/document/2025-2026-master-charter-school-list/download|https://www.ivyprepacademy.org/|https://www.ivyprepschool.org/|https://www.ivyprepschool.org/board-of-trustees|https://www.ivyprepschool.org/new-executive-director,2026-09-07,verified
Liberation Academy,130585704666,Liberation Academy,Atlanta,GA,charter,middle,https://www.liberationacademy.org/,(404)632-1612,info@liberationacademy.org,Brian King,Founder and Executive Director,brian.king@liberationacademy.org,(470) 816-4910,,,,,,,,https://educationdata.urban.org/api/v1/schools/ccd/directory/2023/?fips=13|https://nces.ed.gov/ccd/|https://scsc.georgia.gov/document/document/2025-2026-master-charter-school-list/download|https://www.liberationacademy.org/|https://www.liberationacademy.org/leadership/brian-king|https://www.liberationacademy.org/board|https://app2.boardontrack.com/public/KlM5or/minutes/108534,2026-09-07,verified
Liberty Tech Charter Academy,130024104229,Liberty Tech Charter School,Atlanta,GA,charter,elementary,https://www.libertytechcharter.org/,(770)461-0005,info@libertytechcharter.org,Regina Tonnis,Principal,regina.tonnis@libertytechcharter.org,770-461-0005,,,,,,,,https://educationdata.urban.org/api/v1/schools/ccd/directory/2023/?fips=13|https://nces.ed.gov/ccd/|https://scsc.georgia.gov/document/document/2025-2026-master-charter-school-list/download|https://www.libertytechcharter.org/|https://www.libertytechcharter.org/staff.html|https://www.libertytechcharter.org/ltcs-board.html|https://docs.google.com/document/d/1U9Drwxcq5EtKeLk8HSvdFNvLaDhZvYMeafA0bmzNBXU/edit,2026-09-07,verified
Miles Ahead Charter School,130585604675,Miles Ahead Charter School,Atlanta,GA,charter,elementary,https://milesaheadcharter.org/,(770)313-4841,,Kolt Bloxson Pitts,Founder & Head of School,kolt.bloxson@milesaheadcharter.org,(770) 589-1670,,,,,,,,https://educationdata.urban.org/api/v1/schools/ccd/directory/2023/?fips=13|https://nces.ed.gov/ccd/|https://scsc.georgia.gov/document/document/2025-2026-master-charter-school-list/download|https://www.milesaheadcharter.org/|https://milesaheadcharter.org/|https://milesaheadcharter.org/macs-sr-administration-crew/|https://milesaheadcharter.org/board-of-directors/|https://milesaheadcharter.org/our-crew/kolt-bloxson-pitts/,2026-09-07,verified
Movement School South Fulton Elementary,,Movement School South Fulton Elementary,Atlanta,GA,charter,elementary,https://georgia.movementschools.org/,(470) 575-2177,,Kerri-Ann T. Thomas,CEO,,(470) 575-2177,,,,,,,,https://scsc.georgia.gov/document/document/2025-2026-master-charter-school-list/download|https://www.movementschools.org/|https://georgia.movementschools.org/|https://georgia.movementschools.org/administration-and-board/school-staff/|https://georgia.movementschools.org/administration-and-board/governing-board/|https://gacharters.org/school/movement-school-south-fulton/,2026-09-07,verified
Northwest Classical Academy,130026404424,Northwest Classical Academy,Atlanta,GA,charter,other,https://www.nwclassical.org/,(470)502-9700,Info@nwclassical.org,Matt Reger,Head of School,mreger@nwclassical.org,470-502-9700,,,,,,,,https://educationdata.urban.org/api/v1/schools/ccd/directory/2023/?fips=13|https://nces.ed.gov/ccd/|https://scsc.georgia.gov/document/document/2025-2026-master-charter-school-list/download|https://www.nwclassical.org/|https://www.nwclassical.org/governance|https://www.nwclassical.org/family-handbook,2026-09-07,verified
Northwest Georgia Charter Academy,,Northwest Georgia Charter Academy,Rome,GA,charter,other,,,,,,,,,,,,,,,https://scsc.georgia.gov/document/document/2025-2026-master-charter-school-list/download,2026-09-07,stub
Odyssey Charter School,130002303482,Odyssey School,Atlanta,GA,charter,elementary,https://odysseycharterschool.net/,(770)251-6111,,Scot Hooper,Superintendent,shooper@odysseycharterschool.net,770-251-6111,,,,,,,,https://educationdata.urban.org/api/v1/schools/ccd/directory/2023/?fips=13|https://nces.ed.gov/ccd/|https://scsc.georgia.gov/document/document/2025-2026-master-charter-school-list/download|https://www.odysseycharterschool.org/|https://odysseycharterschool.net/|https://odysseycharterschool.net/board-members/|https://odysseycharterschool.net/faculty/|https://odysseycharterschool.net/wp-content/uploads/Parent-Scholar-Handbook-Preliminary-2025-2026-January-aa4-1.pdf,2026-09-07,verified
Pataula Charter Academy,130021803964,Pataula Charter Academy,Rural SW Georgia,GA,charter,other,https://www.pataula.net/,(229)354-4001,,Kylie Holley,Superintendent,kholley@pataula.net,229-354-4001,,,,,,,,https://educationdata.urban.org/api/v1/schools/ccd/directory/2023/?fips=13|https://nces.ed.gov/ccd/|https://scsc.georgia.gov/document/document/2025-2026-master-charter-school-list/download|https://www.pataula.net/|https://www.pataula.net/apps/pages/index.jsp?uREC_ID=953108&type=d&pREC_ID=1279094|https://www.pataula.net/apps/pages/index.jsp?pREC_ID=1279127&type=d&uREC_ID=953126|https://4.files.edl.io/f207/07/23/26/174412-7931f9f7-1cb4-43f9-b4e5-2d2086708610.pdf|https://www.pataula.net/apps/pages/index.jsp?pREC_ID=1279127&type=d&uREC_ID=953108,2026-09-07,verified
PEACE Academy Charter School,130585504674,PEACE Academy,Atlanta,GA,charter,elementary,https://www.peaceacademycharter.org/,(470) 722-0706,peace@peaceacademycharter.org,Ebony Keys,Executive Director,e.keys@peaceacademycharter.org,(470) 722-0706,,,,,,,,https://educationdata.urban.org/api/v1/schools/ccd/directory/2023/?fips=13|https://nces.ed.gov/ccd/|https://scsc.georgia.gov/document/document/2025-2026-master-charter-school-list/download|https://www.peaceacademycharter.org/|https://peaceacademycharter.org/governing-board/|https://peaceacademycharter.org/staff/|https://peaceacademycharter.org/wp-content/uploads/2023-24-PEACE-Family-Student-Policies-Handbook.pdf,2026-09-07,verified
Resurgence Hall Charter School,130024704283,Resurgence Hall Charter Academy,Atlanta,GA,charter,elementary,https://www.resurgencehall.org/,(404)382-8512,info@resurgencehall.org,Tori Jackson Hines,Founder & Executive Director,tori.jackson.hines@resurgencehall.org,(404) 382-8512,,,,,,,,https://educationdata.urban.org/api/v1/schools/ccd/directory/2023/?fips=13|https://nces.ed.gov/ccd/|https://scsc.georgia.gov/document/document/2025-2026-master-charter-school-list/download|https://www.resurgencehall.org/|https://www.resurgencehall.org/about|https://charterboards.com/public/resurgence-hall-charter-school/|https://www.resurgencehall.org/phoenix-families,2026-09-07,verified
Resurgence Hall Middle Academy,130585204434,Resurgence Hall Middle Academy,Atlanta,GA,charter,middle,https://www.resurgencehall.org/,(404)549-9246,info@resurgencehall.org,Tori Jackson Hines,Founder & Executive Director,tori.jackson.hines@resurgencehall.org,(404) 549-9246,,,,,,,,https://educationdata.urban.org/api/v1/schools/ccd/directory/2023/?fips=13|https://nces.ed.gov/ccd/|https://scsc.georgia.gov/document/document/2025-2026-master-charter-school-list/download|https://www.resurgencehall.org/|https://www.resurgencehall.org/about|https://charterboards.com/public/resurgence-hall-charter-school/|https://www.resurgencehall.org/phoenix-families,2026-09-07,verified
Rocky Creek Charter Academy,,Rocky Creek Charter Academy,Augusta,GA,charter,elementary,https://rockycreekcharteracademy.org/,(706) 261-5340,,Jody Boulineau,Superintendent,,(706) 261-5340,,,,,,,,https://scsc.georgia.gov/document/document/2025-2026-master-charter-school-list/download|https://www.rockycreekcharter.org/|https://rockycreekcharteracademy.org/|https://rockycreekcharteracademy.org/faculty-staff/|https://rockycreekcharteracademy.org/governance/board-of-directors/|https://drive.google.com/file/d/1luIUTX-1P8dMTA6aE1nNGjSR-0ErXfZ8/view,2026-09-07,verified
SAIL Charter Academy - School for Arts-Infused Learning,130024504293,SAIL - School for Arts-Infused Learning,Augusta,GA,charter,elementary,https://www.sailga.org/,(762)585-1400,,Michael Petrella,Executive Director,,762-585-1400,,,,,,,,https://educationdata.urban.org/api/v1/schools/ccd/directory/2023/?fips=13|https://nces.ed.gov/ccd/|https://scsc.georgia.gov/document/document/2025-2026-master-charter-school-list/download|https://www.sailga.org/|https://sailga.org/apps/staff/|https://www.sailga.org/apps/pages/index.jsp?type=d&uREC_ID=380576|https://drive.google.com/file/d/1iPJHuv5YYQNen4cu9cE2ZR7SNCoJZhKx/view,2026-09-07,verified
Sankofa Montessori,130586004677,Sankofa Montessori School,Atlanta,GA,charter,elementary,https://www.sankofamontessori.org/,(470)502-4921,info@sankofamontessori.org,Rhushanda Barnes,Head of School,rbarnes@sankofamontessori.org,(470) 713-8930,,,,,,,,https://educationdata.urban.org/api/v1/schools/ccd/directory/2023/?fips=13|https://nces.ed.gov/ccd/|https://scsc.georgia.gov/document/document/2025-2026-master-charter-school-list/download|https://www.sankofamontessori.org/|https://www.sankofamontessori.org/flight-control-team/|https://www.sankofamontessori.org/wp-content/uploads/2026/07/School-Year-26-Sankofa-Montessori-Community-Handbook.docx.pdf|https://app2.boardontrack.com/public/FnleY6/board,2026-09-07,verified
Scintilla Charter Academy,130023604192,Scintilla Charter Academy,Valdosta,GA,charter,other,https://www.scintillacharteracademy.com/,(229)244-5750,info@scintillacharteracademy.com,Amanda Miller,Superintendent,amiller@scintillacharteracademy.com,229-244-5750,,,,,,,,https://educationdata.urban.org/api/v1/schools/ccd/directory/2023/?fips=13|https://nces.ed.gov/ccd/|https://scsc.georgia.gov/document/document/2025-2026-master-charter-school-list/download|https://www.scintillacharteracademy.com/|https://scintillacharteracademy.com/leadership-administration-and-student-support/|https://scintillacharteracademy.com/sca-board/|https://scintillacharteracademy.com/wp-content/uploads/2025/08/FY25-26-SCA-Handbook-Scholars-and-Families.pdf,2026-09-07,verified
SLAM Academy of Atlanta,130025104306,SLAM Academy of Atlanta,Atlanta,GA,charter,elementary,https://www.slamatlanta.com/,(470)819-4992,,Charles Jones,Principal & Superintendent,cjones@slamatlanta.com,470-819-4992,,,,,,,,https://educationdata.urban.org/api/v1/schools/ccd/directory/2023/?fips=13|https://nces.ed.gov/ccd/|https://scsc.georgia.gov/document/document/2025-2026-master-charter-school-list/download|https://www.slamatlanta.com/|https://www.slamatlanta.com/pdfs/25-26%20SLAM%20Atlanta%20Family%20Handbook.pdf|https://charterboards.com/public/slam-academy-of-atlanta/|https://charterboards.com/public/slam-academy-of-atlanta/board/meeting/4074/minutes|https://www.slamatlanta.com/apps/pages/index.jsp?uREC_ID=581206&type=d,2026-09-07,verified
Southwest Georgia S.T.E.M. Charter Academy,130024304253,Southwest Georgia STEM Charter,Rural SW Georgia,GA,charter,other,https://www.swgeorgiastemcharter.com/,(229)345-3033,,Ginger Almon,Superintendent/Principal,galmon@sowegastemcharter.org,(229) 345-3033,,,,,,,,https://educationdata.urban.org/api/v1/schools/ccd/directory/2023/?fips=13|https://nces.ed.gov/ccd/|https://scsc.georgia.gov/document/document/2025-2026-master-charter-school-list/download|https://www.sowegastemcharter.org/|https://www.swgeorgiastemcharter.com/|https://content.myconnectsuite.com/api/documents/b419018f42a94853968e2d0ef0087ddf,2026-09-07,verified
Spring Creek Charter Academy,130025304349,Spring Creek Charter Academy,Bainbridge,GA,charter,other,https://www.sccak12.net/,(229)792-8957,,Kylie Holley,Superintendent,kholley@pataula.net,229-792-8957,,,,,,,,https://educationdata.urban.org/api/v1/schools/ccd/directory/2023/?fips=13|https://nces.ed.gov/ccd/|https://scsc.georgia.gov/document/document/2025-2026-master-charter-school-list/download|https://www.springcreekcharteracademy.org/|https://www.sccak12.net/|https://4.files.edl.io/f207/07/23/26/174412-7931f9f7-1cb4-43f9-b4e5-2d2086708610.pdf|https://www.sccak12.net/apps/pages/index.jsp?type=u&uREC_ID=1190576|https://app2.boardontrack.com/org/t49UiW/minutes/downloadPdf/93180,2026-09-07,verified
Statesboro STEAM Academy,130000502626,Statesboro STEAM Academy,Statesboro,GA,charter,high,https://www.statesborosteam.org/,(912)764-5888,,Corliss Reese,Superintendent/Principal,,912-764-5888,,,,,,,,https://educationdata.urban.org/api/v1/schools/ccd/directory/2023/?fips=13|https://nces.ed.gov/ccd/|https://scsc.georgia.gov/document/document/2025-2026-master-charter-school-list/download|https://www.statesborosteam.org/|https://www.statesborosteam.org/faculty-and-staff|https://www.statesborosteam.org/governing-board,2026-09-07,verified
The Anchor School,130585804676,The Anchor School,Atlanta,GA,charter,high,https://www.anchorschool.org/,(678) 503-4880,info@anchorschool.org,Josh Pinto-Taylor,Head of School,joshpintotaylor@anchorschool.org,(678) 503-4880,Cassie Martin,cassiemartin@anchorschool.org,,,,,,https://educationdata.urban.org/api/v1/schools/ccd/directory/2023/?fips=13|https://nces.ed.gov/ccd/|https://scsc.georgia.gov/document/document/2025-2026-master-charter-school-list/download|https://www.theanchorschool.org/|https://www.anchorschool.org/our-team/|https://www.anchorschool.org/|https://www.anchorschool.org/board-of-directors/,2026-09-07,verified
The Meliora School,,The Meliora School,Atlanta,GA,charter,other,,,,,,,,,,,,,,,https://scsc.georgia.gov/document/document/2025-2026-master-charter-school-list/download,2026-09-07,stub
The Simple Vue Academy,,The Simple Vue Academy,Atlanta,GA,charter,middle,https://www.thesimplevueacademy.org/,(678) 275-5839,,Nandi Edouard,Founder and Executive Director,nandi@thesimplevueacademy.org,(678) 275-5839,,,,,,,,https://scsc.georgia.gov/document/document/2025-2026-master-charter-school-list/download|https://www.thesimplevueacademy.org/|https://www.thesimplevueacademy.org/thevillage|https://app2.boardontrack.com/org/bA4Npd/minutes/downloadPdf/93025|https://www.thesimplevueacademy.org/board,2026-09-07,verified
The Wright Community School,,The Wright Community School,Atlanta,GA,charter,other,,,,,,,,,,,,,,,https://scsc.georgia.gov/document/document/2025-2026-master-charter-school-list/download,2026-09-07,stub
Utopian Academy for the Arts Trilith,130585404662,Utopian Academy for the Performing Arts - Trilith,Atlanta,GA,charter,middle,https://www.utopianacademy.com/,(470)568-4780,,Artesius Miller,Founder & CEO,,(470) 500-1937,,,,,,,,https://educationdata.urban.org/api/v1/schools/ccd/directory/2023/?fips=13|https://nces.ed.gov/ccd/|https://scsc.georgia.gov/document/document/2025-2026-master-charter-school-list/download|https://www.utopianacademy.com/|https://utopianacademyforthearts.com/governanceboard/|https://utopiantrilith.com/ourteam/|https://utopiantrilith.com/wp-content/uploads/2024/10/UAFA-2024-2025-School-Student-Parent-Handbook-Trilith-with-Highlights-7.30.2024-v.2.pdf,2026-09-07,verified
Yi Hwang Academy of Language Excellence,130025704372,Yi Hwang Academy of Language Excellence,Atlanta,GA,charter,elementary,https://yhale.org/,(404)623-0003,admin@yhale.org,Anthony Chung,Principal,achung@yhale.org,(404) 738-6219,,,,,,,,https://educationdata.urban.org/api/v1/schools/ccd/directory/2023/?fips=13|https://nces.ed.gov/ccd/|https://scsc.georgia.gov/document/document/2025-2026-master-charter-school-list/download|https://www.yihwangacademy.org/|https://yhale.org/apps/pages/index.jsp?uREC_ID=626670&type=d|https://yhale.org/apps/staff/|https://yhale.org/apps/pages/index.jsp?uREC_ID=636979&type=d&pREC_ID=1214403,2026-09-07,verified
Zest Preparatory Academy School,130585904667,Zest Preparatory Academy Charter School,Atlanta,GA,charter,elementary,https://www.zestprep.org/,(770)462-9051,,,,,,,,,,,,,https://educationdata.urban.org/api/v1/schools/ccd/directory/2023/?fips=13|https://nces.ed.gov/ccd/|https://scsc.georgia.gov/document/document/2025-2026-master-charter-school-list/download|https://www.zestprep.org/,2026-09-07,stub
Aquinas High School,,Aquinas High School,Augusta,GA,private,unknown,https://www.aquinashigh.org,,,Maureen Lewis,Principal,mlewis@aquinashigh.org,,,,,,,,,https://www.aquinashigh.org|https://www.aquinashigh.org/|https://mygeorgiapromise.org/wp-content/uploads/2026/04/Year-2-List-GESA-2026-04-23.pdf,2026-09-07,verified
Arbor Montessori School,,Arbor Montessori School,Atlanta,GA,private,unknown,https://www.arbormontessori.org,,,Joseph Wood,Head of School,,,,,,,,,,https://www.arbormontessori.org|https://www.arbormontessori.org/about-arbor|https://www.arbormontessori.org/school-life/p/~board/ams-community/post/arbor-hos-joseph-wood|https://www.arbormontessori.org/about-arbor|https://www.arbormontessori.org/school-life/p/~board/ams-community/post/arbor-hos-joseph-wood|https://www.arbormontessori.org/back-to-school,2026-09-07,verified
Athens Academy,,Athens Academy,Athens,GA,private,unknown,https://www.athensacademy.org,,,Jeff Miles,Head of School,jmiles@athensacademy.org,,,,,,,,,https://www.athensacademy.org|https://www.athensacademy.org/about-us/faculty-and-staff|https://www.athensacademy.org/about-us/welcome|https://www.athensacademy.org/about-us/faculty-and-staff|https://www.athensacademy.org/about-us/welcome|https://www.athensacademy.org/about-us/academic-results|https://mygeorgiapromise.org/wp-content/uploads/2026/04/Year-2-List-GESA-2026-04-23.pdf,2026-09-07,verified
Atlanta International School,,Atlanta International School,Atlanta,GA,private,unknown,https://www.aischool.org,,,Kevin Glass,Head of School,,,,,,,,,,https://www.aischool.org|https://www.aischool.org/our-school/leadership|https://www.aischool.org/our-school/accreditation,2026-09-07,verified
Atlanta Jewish Academy,,Atlanta Jewish Academy,Atlanta,GA,private,unknown,https://www.atljewishacademy.org,,,Rabbi Avi Levitt,Head of School,,,,,,,,,,https://www.atljewishacademy.org|https://www.atljewishacademy.org/about/head-of-school|https://www.atljewishacademy.org/about|https://www.atljewishacademy.org/about/head-of-school|https://www.atljewishacademy.org/about|https://www.atljewishacademy.org/admissions/jewish-community-professional-tuition-grant,2026-09-07,verified
Augusta Preparatory Day School,,Augusta Preparatory Day School,Augusta,GA,private,unknown,https://www.augustaprep.org,,,Eric Hedinger,Head of School,,(706) 434-2424,,,,,,,,https://www.augustaprep.org|https://www.augustaprep.org/about-us/head-of-school|https://www.augustaprep.org/about-us/faculty-and-staff|https://www.augustaprep.org/about-us/head-of-school|https://www.augustaprep.org/about-us/faculty-and-staff|https://www.augustaprep.org/about-us/partnerships|https://www.augustaprep.org/about-us/our-mission/honor-code|https://mygeorgiapromise.org/wp-content/uploads/2026/04/Year-2-List-GESA-2026-04-23.pdf,2026-09-07,verified
Benedictine Military School,,Benedictine Military School,Savannah,GA,private,unknown,https://www.thebc400.com,,,"Fr. Frank Ziemkiewicz, O.S.B.",Headmaster,,,,,,,,,,https://www.thebc400.com|https://www.thebc400.com/about/leadership|https://mygeorgiapromise.org/wp-content/uploads/2026/04/Year-2-List-GESA-2026-04-23.pdf|https://www.thebc400.com/about/leadership|https://mygeorgiapromise.org/wp-content/uploads/2026/04/Year-2-List-GESA-2026-04-23.pdf|https://www.thebc400.com/student-life/school-year-information,2026-09-07,verified
Blessed Trinity Catholic High School,,Blessed Trinity Catholic High School,Atlanta,GA,private,unknown,https://www.btcatholic.org,,,Marcos Arias,President,,,,,,,,,,https://www.btcatholic.org|https://www.btcatholic.org/|https://resources.finalsite.net/images/v1733763558/btcatholicorg/wwgpeieppuobma6qfww9/SchoolProfile24-252-BrandonHarwell.pdf|https://www.btcatholic.org/|https://resources.finalsite.net/images/v1733763558/btcatholicorg/wwgpeieppuobma6qfww9/SchoolProfile24-252-BrandonHarwell.pdf|https://www.btcatholic.org/about/default-post-page/~board/news/post/superintendent-appoints-marcos-arias-president-of-blessed-trinity-catholic-high-school|https://www.btcatholic.org/fs/resource-manager/view/4a6b104b-763f-489c-8179-f81c98560abd,2026-09-07,verified
Brookstone School,,Brookstone School,Columbus,GA,private,unknown,https://www.brookstoneschool.org,,,Henry F. Heil,Head of School,,,,,,,,,,https://www.brookstoneschool.org|https://www.brookstoneschool.org/about-brookstone/leadership|https://resources.finalsite.net/images/v1755113297/brookstoneschoolorg/ugoj3ckquv2lhaeoh6qr/BrookstoneFamilyHandbook2025-2026.pdf|https://www.brookstoneschool.org/about-brookstone/leadership|https://resources.finalsite.net/images/v1755113297/brookstoneschoolorg/ugoj3ckquv2lhaeoh6qr/BrookstoneFamilyHandbook2025-2026.pdf|https://resources.finalsite.net/images/v1753883040/brookstoneschoolorg/bhtqbp5ft9c0lfzpiw3y/CollegeProfile2025_1.pdf,2026-09-07,verified
Brookwood School,,Brookwood School,Thomasville,GA,private,unknown,https://www.brookwoodschool.org,,,Dr. Randy Watts,Headmaster,rwatts@brookwoodschool.org,,,,,,,,,https://www.brookwoodschool.org|https://www.brookwoodschool.org/about/headmasters-welcome|https://www.brookwoodschool.org/academics/technology|https://www.brookwoodschool.org/about/headmasters-welcome|https://www.brookwoodschool.org/academics/technology|https://bbk12e1-cdn.myschoolcdn.com/ftpimages/1041/misc/misc_224942.pdf|https://www.brookwoodschool.org/curriculum-detail?DepartmentId=27654&LevelNum=1585,2026-09-07,verified
Calvary Day School,,Calvary Day School,Savannah,GA,private,unknown,https://www.calvarydayschool.com,,,Dr. Hunter Chadwick,Head of School,,,,,,,,,,https://www.calvarydayschool.com|https://www.calvarydayschool.com/about-us/welcome-from-the-head-of-school|https://www.calvarydayschool.com/admissions/tuition-assistance|https://www.calvarydayschool.com/about-us/welcome-from-the-head-of-school|https://www.calvarydayschool.com/admissions/tuition-assistance|https://www.calvarydayschool.com/about-us/board-of-trustees|https://mygeorgiapromise.org/wp-content/uploads/2026/04/Year-2-List-GESA-2026-04-23.pdf,2026-09-07,verified
Christ the King School,,Christ the King School,Atlanta,GA,private,unknown,https://www.christking.org,,,Mrs. Melissa Lowry,Principal,mlowry@christking.org,,,,,,,,,https://www.christking.org|https://www.christking.org/administrative-team.html|https://www.christking.org/curriculum.html|https://www.christking.org/administrative-team.html|https://www.christking.org/curriculum.html|https://www.christking.org/whoweare.html|https://www.christking.org/,2026-09-07,verified
Darlington School,,Darlington School,Rome,GA,private,unknown,https://www.darlingtonschool.org,,,Brent Bell,Head of School,BBell@darlingtonschool.org,(706) 236-0481,,,,,,,,https://www.darlingtonschool.org|https://www.darlingtonschool.org/aboutdarlington/head-of-school|https://www.darlingtonschool.org/academics/technology|https://www.darlingtonschool.org/aboutdarlington/head-of-school|https://www.darlingtonschool.org/academics/technology|https://www.darlingtonschool.org/aboutdarlington/memberships-and-affiliations|https://www.darlingtonschool.org/6561717,2026-09-07,verified
Deerfield-Windsor School,,Deerfield-Windsor School,Albany,GA,private,unknown,https://www.deerfieldwindsor.com,,,John Garrett Abernathy,Head of School,,,,,,,,,,https://www.deerfieldwindsor.com|https://www.deerfieldwindsor.com/|https://mygeorgiapromise.org/wp-content/uploads/2026/04/Year-2-List-GESA-2026-04-23.pdf,2026-09-07,verified
Fellowship Christian School,,Fellowship Christian School,Atlanta,GA,private,unknown,https://www.fellowshipchristianschool.org,,,Dr. Aaron Farrant,Head of School,,,,,,,,,,https://www.fellowshipchristianschool.org|https://www.fellowshipchristianschool.org/about/leadership|https://resources.finalsite.net/images/v1762547218/fellowshipchristian/hizu8g8f98rzkms7ntcp/SchoolProfilefor2025-26-Updated.pdf|https://www.fellowshipchristianschool.org/about/leadership|https://resources.finalsite.net/images/v1762547218/fellowshipchristian/hizu8g8f98rzkms7ntcp/SchoolProfilefor2025-26-Updated.pdf|https://resources.finalsite.net/images/v1719500821/fellowshipchristian/ha81jy1gqn4cm4avlqnk/2024-25Parent_StudentHandbook.pdf,2026-09-07,verified
First Presbyterian Day School,,First Presbyterian Day School,Macon,GA,private,unknown,https://www.fpdmacon.org,,,Matt Kitchell,Head of School,,,,,,,,,,https://www.fpdmacon.org|https://www.fpdmacon.org/head-of-school/|https://www.fpdmacon.org/history|https://www.fpdmacon.org/head-of-school/|https://www.fpdmacon.org/history|https://firstpresbyterian.static.amais.com/20252026THEPROFILE-814.pdf|https://mygeorgiapromise.org/wp-content/uploads/2026/04/Year-2-List-GESA-2026-04-23.pdf,2026-09-07,verified
Frederica Academy,,Frederica Academy,Brunswick,GA,private,unknown,https://www.fredericaacademy.org,,,Scott L. Hutchinson,Head of School,scotthutchinson@fredericaacademy.org,(912) 638-9981 ext. 100,,,,,,,,https://www.fredericaacademy.org|https://www.fredericaacademy.org/academics/technology|https://www.fredericaacademy.org/about-us/affiliations|https://www.fredericaacademy.org/academics/technology|https://www.fredericaacademy.org/about-us/affiliations|https://resources.finalsite.net/images/v1769090879/fredericaacademyorg/b1fmciyg1wyjyvd5iy1f/2025-26SchoolProfile.pdf|https://resources.finalsite.net/images/v1719584176/fredericaacademyorg/diwmy0pjy0zviukvdm7l/USHandbook_9.pdf,2026-09-07,verified
George Walton Academy,,George Walton Academy,Atlanta,GA,private,unknown,https://www.gwa.com,,,John D. Marshall,Head of School,,,,,,,,,,https://www.gwa.com|https://www.gwa.com/,2026-09-07,verified
Greater Atlanta Christian School,,Greater Atlanta Christian School,Atlanta,GA,private,unknown,https://www.greateratlantachristian.org,,,Dr. Scott Harsh,President,,,,,,,,,,https://www.greateratlantachristian.org|https://www.greateratlantachristian.org/about-us/meet-our-leaders|https://www.greateratlantachristian.org/about-us|https://www.greateratlantachristian.org/about-us/meet-our-leaders|https://www.greateratlantachristian.org/about-us|https://www.greateratlantachristian.org/news/news-detail/~board/school-news/post/gac-launches-school-developed-ai-platform-as-independent-education-technology-company|https://www.greateratlantachristian.org/news/news-detail/~board/school-news/post/christian-education-in-an-ai-world,2026-09-07,verified
Hebron Christian Academy,,Hebron Christian Academy,Atlanta,GA,private,unknown,https://www.hebronlions.org,,,Dr. James E. Taylor,Head of School,,,,,,,,,,https://www.hebronlions.org|https://www.hebronlions.org/|https://mygeorgiapromise.org/wp-content/uploads/2026/04/Year-2-List-GESA-2026-04-23.pdf,2026-09-07,verified
Holy Innocents' Episcopal School,,Holy Innocents' Episcopal School,Atlanta,GA,private,unknown,https://www.hies.org,,,Paul A. Barton,Head of School,,,,,,,,,,https://www.hies.org|https://www.hies.org/about/head-of-school|https://www.hies.org/about/board-leadership|https://www.hies.org/about/head-of-school|https://www.hies.org/about/board-leadership|https://www.hies.org/about/history,2026-09-07,verified
Holy Spirit Preparatory School,,Holy Spirit Preparatory School,Atlanta,GA,private,unknown,https://holyspiritprep.org/blog/holy-spirit-preparatory-school-announces-new-president,,,Aimee Viana,President,,,,,,,,,,https://holyspiritprep.org/blog/holy-spirit-preparatory-school-announces-new-president/|https://georgiabulletin.org/news/2024/09/new-president-of-holy-spirit-preparatory-school-envisions-a-community-of-joy/|https://holyspiritprep.org/wp-content/uploads/2024/08/LS-Handbook-24-25.pdf|https://holyspiritprep.org/blog/holy-spirit-preparatory-school-announces-new-president/|https://georgiabulletin.org/news/2024/09/new-president-of-holy-spirit-preparatory-school-envisions-a-community-of-joy/|https://holyspiritprep.org/wp-content/uploads/2024/08/LS-Handbook-24-25.pdf|https://holyspiritprep.org/wp-content/uploads/2024/08/US-Handbook-24-25.pdf|https://mygeorgiapromise.org/wp-content/uploads/2025/09/Participating-Private-Schools-Website-List-September-15-2025.pdf,2026-09-07,verified
John Milledge Academy,,John Milledge Academy,Milledgeville,GA,private,unknown,https://www.johnmilledge.org,,,Allen Simmons,Head of School,asimmons@johnmilledge.org,,,,,,,,,https://www.johnmilledge.org|https://www.johnmilledge.org/|https://mygeorgiapromise.org/wp-content/uploads/2026/04/Year-2-List-GESA-2026-04-23.pdf,2026-09-07,verified
King's Ridge Christian School,,King's Ridge Christian School,Atlanta,GA,private,unknown,https://www.kingsridgecs.org,,,Dr. Tony Fajardo,Head of School,,,,,,,,,,https://www.kingsridgecs.org|https://www.kingsridgecs.org/about/at-a-glance|https://www.kingsridgecs.org/|https://www.kingsridgecs.org/about/at-a-glance|https://www.kingsridgecs.org/|https://carterbaldwin.com/news/19111/,2026-09-07,verified
Lakeview Academy,,Lakeview Academy,Gainesville,GA,private,unknown,https://www.lakeviewacademy.org,,,John Simpson,Head of School,,,,,,,,,,https://www.lakeviewacademy.org|https://www.lakeviewacademy.org/,2026-09-07,verified
Landmark Christian School,,Landmark Christian School,Atlanta,GA,private,unknown,https://landmarkchristianschool.org,,,Dr. Daniel Wesche,Head of School,,,,,,,,,,https://landmarkchristianschool.org|https://landmarkchristianschool.org/about/|https://landmarkchristianschool.org/|https://landmarkchristianschool.org/about/|https://landmarkchristianschool.org/|https://landmarkchristianschool.org/faculty-and-staff-handbook/,2026-09-07,verified
Marist School,,Marist School,Atlanta,GA,private,unknown,https://www.marist.com,,,J. D. Childs,President,childsj@marist.com,,,,,,,,,https://www.marist.com|https://www.marist.com/about-marist/leadership|https://www.marist.com/about-marist/board-of-trustees|https://www.marist.com/about-marist/leadership|https://www.marist.com/about-marist/board-of-trustees|https://www.marist.com/about-marist|https://www.marist.com/default-board-post-page/~board/marist-school-news/post/how-marist-is-integrating-ai-into-student-learning|https://www.marist.com/magazine/post-page/~board/marist-matters/post/marist-integrates-ai-into-student-learning,2026-09-07,verified
Mount de Sales Academy,,Mount de Sales Academy,Macon,GA,private,unknown,https://www.mountdesales.net/news/newpresident,,,Brendan O'Kane,President,,,,,,,,,,https://www.mountdesales.net/news/newpresident/|http://www.mountdesales.net/wp-content/uploads/2025/09/Original-size-FINAL-Mount-de-Sales-Academy-Upper-Profile.pdf|https://www.mountdesales.net/academics/technology/|https://www.mountdesales.net/news/newpresident/|http://www.mountdesales.net/wp-content/uploads/2025/09/Original-size-FINAL-Mount-de-Sales-Academy-Upper-Profile.pdf|https://www.mountdesales.net/academics/technology/|https://mygeorgiapromise.org/wp-content/uploads/2026/04/Year-2-List-GESA-2026-04-23.pdf,2026-09-07,verified
Mount Pisgah Christian School,,Mount Pisgah Christian School,Atlanta,GA,private,unknown,https://www.mountpisgahschool.org,,,"Chris Harmon, Ed.D.",Head of School,charmon@mountpisgahschool.org,,,,,,,,,https://www.mountpisgahschool.org|https://www.mountpisgahschool.org/leadership|https://www.mountpisgahschool.org/about|https://www.mountpisgahschool.org/leadership|https://www.mountpisgahschool.org/about|https://mountpisgahsch.static.amais.com/SchoolProfile202526-663.pdf,2026-09-07,verified
Our Lady of the Assumption Catholic School,,Our Lady of the Assumption Catholic School,Atlanta,GA,private,unknown,https://www.olaschool.org,,,Mrs. Mandy Crock,Principal,mcrock@olaschool.org,,,,,,,,,https://www.olaschool.org|https://www.olaschool.org/about-us/about-ola/|https://www.olaschool.org/about-us/fact-sheet/|https://www.olaschool.org/about-us/about-ola/|https://www.olaschool.org/about-us/fact-sheet/|https://www.olaschool.org/academics/accreditation/,2026-09-07,verified
Pace Academy,,Pace Academy,Atlanta,GA,private,unknown,https://www.paceacademy.org,,,Fred Assaf,Head of School,fred.assaf@paceacademy.org,404-240-9102,,,,,,,,https://www.paceacademy.org|https://www.paceacademy.org/about/leadership|https://www.paceacademy.org/about|https://www.paceacademy.org/about/leadership|https://www.paceacademy.org/about|https://resources.finalsite.net/images/v1758722825/paceacademyorg/o6esjm5msivn9hkmtrfb/2025-2026_college_profile_0828251.pdf,2026-09-07,verified
Perimeter School,,Perimeter School,Atlanta,GA,private,unknown,https://www.perimeterschool.org,,,Brendon O’Dowd,Head of School,,,,,,,,,,https://www.perimeterschool.org|https://www.perimeterschool.org/about-perimeter-school|https://www.perimeterschool.org/perimeter-school-blog/entering-the-summer-with-purpose|https://www.perimeterschool.org/about-perimeter-school|https://www.perimeterschool.org/perimeter-school-blog/entering-the-summer-with-purpose|https://www.perimeterschool.org/perimeter-school-blog/spaces-and-places|https://www.perimeterschool.org/talk-with-someone-at-perimeter-school,2026-09-07,verified
Pinecrest Academy,,Pinecrest Academy,Atlanta,GA,private,unknown,https://www.pinecrestacademy.org,,,Jake Rodgers,"President, Head of School",,,,,,,,,,https://www.pinecrestacademy.org|https://www.pinecrestacademy.org/,2026-09-07,verified
Providence Christian Academy,,Providence Christian Academy,Atlanta,GA,private,unknown,https://www.providencechristianacademy.org,,,Dr. Jason Harrison,Head of School,j.harrison@providencechristianacademy.org,,,,,,,,,https://www.providencechristianacademy.org|https://www.providencechristianacademy.org/about-us/leadership|https://www.providencechristianacademy.org/about-us,2026-09-07,verified
Rabun Gap-Nacoochee School,,Rabun Gap-Nacoochee School,Rural NE Georgia,GA,private,unknown,https://www.rabungap.org,,,"Robert ""Bob"" Ahrens",Head of School,,,,,,,,,,https://www.rabungap.org|https://www.rabungap.org/about/school-leadership|https://www.rabungap.org/about/head-of-school-search|https://www.rabungap.org/about/school-leadership|https://www.rabungap.org/about/head-of-school-search|https://resources.finalsite.net/images/v1750861437/rabungaporg/kbhfa1ggtcrk8u4ztlqq/RGNS_AIPolicyandGuidanceDocument.pdf|https://www.rabungap.org/news/new-detail/~board/academic-ai-blog/post/nurturing-human-ingenuity-in-an-ai-driven-world|https://bbk12e1-cdn.myschoolcdn.com/ftpimages/840/misc/misc_287924.pdf|https://mygeorgiapromise.org/wp-content/uploads/2026/04/Year-2-List-GESA-2026-04-23.pdf,2026-09-07,verified
Riverside Military Academy,,Riverside Military Academy,Gainesville,GA,private,unknown,https://www.riversidemilitary.org,,,Nizar Zakka,President of RMA,,,,,,,,,,https://www.riversidemilitary.org|https://www.riversidemilitary.org/|https://www.riversideprep.org/,2026-09-07,verified
Saint Francis School,,Saint Francis School,Atlanta,GA,private,unknown,https://www.saintfrancisschools.com,,,Colette Staak,Head of School,,,,,,,,,,https://www.saintfrancisschools.com|https://www.saintfrancisschools.com/about/|https://www.saintfrancisschools.com/,2026-09-07,verified
Savannah Christian Preparatory School,,Savannah Christian Preparatory School,Savannah,GA,private,unknown,https://www.savcps.com,,,Jeffrey Plunk,Head of School,,,,,,,,,,https://www.savcps.com|https://www.savcps.com/about/school-leadership|https://www.savcps.com/about|https://www.savcps.com/about/school-leadership|https://www.savcps.com/about|https://account.sais.org/member-school-directory/savannah-christian-preparatory-school|https://mygeorgiapromise.org/wp-content/uploads/2026/04/Year-2-List-GESA-2026-04-23.pdf,2026-09-07,verified
Savannah Country Day School,,Savannah Country Day School,Savannah,GA,private,unknown,https://www.savcds.org,,,Kef L. Wilson,Head of School,kwilson@savcds.org,,,,,,,,,https://www.savcds.org|https://www.savcds.org/about-us/head-of-schools-welcome|https://resources.finalsite.net/images/v1698063316/savcdsorg/yz6yf8clrxoygpruj7xn/SCDS2023collegeprofile-digital.pdf|https://www.savcds.org/about-us/head-of-schools-welcome|https://resources.finalsite.net/images/v1698063316/savcdsorg/yz6yf8clrxoygpruj7xn/SCDS2023collegeprofile-digital.pdf|https://mygeorgiapromise.org/wp-content/uploads/2026/04/Year-2-List-GESA-2026-04-23.pdf,2026-09-07,verified
St. Andrew's School,,St. Andrew's School,Savannah,GA,private,unknown,https://www.saslions.com,,,Dr. Kelley Waldron,Head of School,waldronk@saslions.com,,,,,,,,,https://www.saslions.com|https://www.saslions.com/about-us/leadership-staff|https://www.saslions.com/|https://www.saslions.com/about-us/leadership-staff|https://www.saslions.com/|https://mygeorgiapromise.org/wp-content/uploads/2026/04/Year-2-List-GESA-2026-04-23.pdf,2026-09-07,verified
St. Anne-Pacelli Catholic School,,St. Anne-Pacelli Catholic School,Columbus,GA,private,unknown,https://www.beaviking.com,,,Carolyn Brewster,High School Principal,cbrewster@sasphs.net,,,,,,,,,https://www.beaviking.com|https://www.beaviking.com/|https://mygeorgiapromise.org/wp-content/uploads/2026/04/Year-2-List-GESA-2026-04-23.pdf,2026-09-07,verified
St. Jude the Apostle Catholic School,,St. Jude the Apostle Catholic School,Atlanta,GA,private,unknown,https://www.saintjude.net,,,Mrs. Molly Dean,Principal,mdean@saintjude.net,,,,,,,,,https://www.saintjude.net|https://www.saintjude.net/About-Us/Meet-Our-Leadership|https://www.saintjude.net/About-Us/Welcome|https://www.saintjude.net/About-Us/Meet-Our-Leadership|https://www.saintjude.net/About-Us/Welcome|https://georgiabulletin.org/news/2024/08/new-elementary-school-principals-named/,2026-09-07,verified
St. Pius X Catholic High School,,St. Pius X Catholic High School,Atlanta,GA,private,unknown,https://www.spx.org,,,Aaron Parr,President,,404-636-3023 ext. 304,,,,,,,,https://www.spx.org|https://www.spx.org/about/meet-our-leadership|https://www.spx.org/about/directory|https://www.spx.org/about/meet-our-leadership|https://www.spx.org/about/directory|https://www.spx.org/current-families|https://www.spx.org/fs/resource-manager/view/40cef17a-5460-49da-a475-4a01c36ea54f,2026-09-07,verified
St. Vincent's Academy,,St. Vincent's Academy,Savannah,GA,private,unknown,https://www.svaga.net,,,Mary Anne Hogan,President,maryanne.hogan@svaga.net,,,,,,,,,https://www.svaga.net|https://www.svaga.net/|https://mygeorgiapromise.org/wp-content/uploads/2026/04/Year-2-List-GESA-2026-04-23.pdf,2026-09-07,verified
Stratford Academy,,Stratford Academy,Macon,GA,private,unknown,https://www.stratford.org,,,Scott Wilson,Interim Head of School,,,,,,,,,,https://www.stratford.org|https://www.stratford.org/aboutus/our-leadership|https://www.stratford.org/aboutus/news-and-events|https://www.stratford.org/aboutus/our-leadership|https://www.stratford.org/aboutus/news-and-events|https://resources.finalsite.net/images/v1755625333/stratfordacademy/d2ogdcevzu4bksj9lmbt/StratfordAcademyCollegeProfile2025-2026.pdf|https://mygeorgiapromise.org/wp-content/uploads/2026/04/Year-2-List-GESA-2026-04-23.pdf,2026-09-07,verified
Strong Rock Christian School,,Strong Rock Christian School,Atlanta,GA,private,unknown,https://www.strongrockchristianschool.com,,,Paul McCracken,Chief Executive Officer,pmccracken@strong-rock.com,,,,,,,,,https://www.strongrockchristianschool.com|https://www.strongrockchristianschool.com/about/leadership|https://www.strongrockchristianschool.com/about|https://www.strongrockchristianschool.com/about/leadership|https://www.strongrockchristianschool.com/about|https://www.strongrockchristianschool.com/academics/learning-lab|https://resources.finalsite.net/images/v1690379797/strongrockchristianschoolcom/ipymukdmyiwhcy6vihjo/23-24FamilyHandbookRevised7-25-23.pdf|https://mygeorgiapromise.org/wp-content/uploads/2026/04/Year-2-List-GESA-2026-04-23.pdf,2026-09-07,verified
Tallulah Falls School,,Tallulah Falls School,Cornelia,GA,private,unknown,https://www.tallulahfalls.org,,,Dr. Larry A. Peevy,President and Head of School,,,,,,,,,,https://www.tallulahfalls.org|https://www.tallulahfalls.org/about/presidents-welcome|https://www.tallulahfalls.org/about/at-a-glance|https://www.tallulahfalls.org/about/presidents-welcome|https://www.tallulahfalls.org/about/at-a-glance|https://www.tallulahfalls.org/about/mission-history-heritage|https://mygeorgiapromise.org/wp-content/uploads/2026/04/Year-2-List-GESA-2026-04-23.pdf,2026-09-07,verified
Tattnall Square Academy,,Tattnall Square Academy,Macon,GA,private,unknown,https://www.tattnall.org,,,Dr. Travis Absher,Head of School,travis.absher@tattnall.org,,,,,,,,,https://www.tattnall.org|https://www.tattnall.org/who-we-are/|https://www.tattnall.org/who-we-are/faculty-staff/travis-absher/|https://www.tattnall.org/who-we-are/|https://www.tattnall.org/who-we-are/faculty-staff/travis-absher/|https://mygeorgiapromise.org/wp-content/uploads/2026/04/Year-2-List-GESA-2026-04-23.pdf,2026-09-07,verified
The Cottage School,,The Cottage School,Atlanta,GA,private,unknown,https://www.cottageschool.org,,,Dr. Steve Palmer,Head of School,,,,,,,,,,https://www.cottageschool.org|https://www.cottageschool.org/|https://www.cottageschool.org/apps/pages/index.jsp?uREC_ID=571036&type=d&pREC_ID=1101616|https://www.cottageschool.org/|https://www.cottageschool.org/apps/pages/index.jsp?uREC_ID=571036&type=d&pREC_ID=1101616|https://www.cottageschool.org/apps/pages/index.jsp?uREC_ID=572721&type=d,2026-09-07,verified
The Galloway School,,The Galloway School,Atlanta,GA,private,unknown,https://www.gallowayschool.org,,,Amir Farokhi,Head of School,,,,,,,,,,https://www.gallowayschool.org|https://www.gallowayschool.org/about/leadership/head-of-school|https://www.gallowayschool.org/about/leadership|https://www.gallowayschool.org/about/leadership/head-of-school|https://www.gallowayschool.org/about/leadership|https://www.gallowayschool.org/about/news-media/post/~board/news/post/the-galloway-school-earns-reaccreditation|https://www.gallowayschool.org/about/news-media/post/~board/news/post/fourth-graders-create-our-perfect-school-1705515421045,2026-09-07,verified
The Heritage School,,The Heritage School,Atlanta,GA,private,unknown,https://www.heritageschool.com,,,Kristin Skelly,Head of School,kskelly@heritageschool.com,678.423.5379,,,,,,,,https://www.heritageschool.com|https://www.heritageschool.com/about|https://www.heritageschool.com/about-our-school|https://www.heritageschool.com/about|https://www.heritageschool.com/about-our-school|https://resources.finalsite.net/images/v1769703957/heritageschoolcom/jcznyhwf2lzastrxuobu/2025-2026HeritageSchoolProfile2.pdf|https://mygeorgiapromise.org/wp-content/uploads/2026/04/Year-2-List-GESA-2026-04-23.pdf,2026-09-07,verified
The Lovett School,,The Lovett School,Atlanta,GA,private,unknown,https://www.lovett.org,,,Meredyth Cole,Head of School,,,,,,,,,,https://www.lovett.org|https://www.lovett.org/about-lovett/leadership|https://thelovettonlion.com/a-source-of-advice-a-tool-for-quiz-prep-a-replacement-for-thinking-students-weigh-in-on-ai/,2026-09-07,verified
The Mount Vernon School,,The Mount Vernon School,Atlanta,GA,private,unknown,https://mountvernonschool.org,,,Kristy Lundstrom,Head of School and Chief Executive Officer,klundstrom@mountvernonschool.org,,,,,,,,,https://mountvernonschool.org|https://mountvernonschool.org/leadership/|https://mountvernonschool.org/mount-vernon-organization/|https://mountvernonschool.org/leadership/|https://mountvernonschool.org/mount-vernon-organization/|https://mountvernonschool.org/blog/preschoolers-and-ai-unite/|http://mountvernonschool.org/wp-content/uploads/2025/08/Impact-Ready-Report-2025_Digital.pdf,2026-09-07,verified
The Paideia School,,The Paideia School,Atlanta,GA,private,unknown,https://www.paideiaschool.org/welcome/head-of-school/,,,Thomas E. Taylor,Head of School,,,,,,,,,,https://www.paideiaschool.org/welcome/head-of-school|https://www.paideiaschool.org/our-school/board-of-trustees|https://resources.finalsite.net/images/v1753802038/paideia/th9w6rherizuwnrn2lfu/24-25ProfileFINAL.pdf,2026-09-07,verified
The Walker School,,The Walker School,Atlanta,GA,private,unknown,https://www.thewalkerschool.org,,,Carl C. Carlson,Head of School,,,,,,,,,,https://www.thewalkerschool.org|https://www.thewalkerschool.org/head-of-school|https://www.thewalkerschool.org/board-of-trustees|https://www.thewalkerschool.org/head-of-school|https://www.thewalkerschool.org/board-of-trustees|https://www.thewalkerschool.org/upper-school-curriculum,2026-09-07,verified
The Weber School,,The Weber School,Atlanta,GA,private,unknown,https://www.weberschool.org,,,Rabbi Ed Harwitz,Head of School,,,,,,,,,,https://www.weberschool.org|https://www.weberschool.org/about-us/welcome-from-the-head|https://www.weberschool.org/about-us/our-mission|https://www.weberschool.org/about-us/welcome-from-the-head|https://www.weberschool.org/about-us/our-mission|https://www.weberschool.org/userfiles/weberschoolmvc/00-documents/2025-2026-College-Profile-Website.pdf|https://www.atljewishacademy.org/admissions/jewish-community-professional-tuition-grant,2026-09-07,verified
The Westfield School,,The Westfield School,Warner Robins,GA,private,unknown,https://www.westfieldschool.org,,,William Carroll,Head of School,wcarroll@westfieldschool.org,,,,,,,,,https://www.westfieldschool.org|https://www.westfieldschool.org/fast-facts|https://www.westfieldschool.org/faqs|https://www.westfieldschool.org/fast-facts|https://www.westfieldschool.org/faqs|https://thewestfieldschool.static.amais.com/school_profile_20252026-665.pdf|https://mygeorgiapromise.org/wp-content/uploads/2026/04/Year-2-List-GESA-2026-04-23.pdf,2026-09-07,verified
The Westminster Schools,,The Westminster Schools,Atlanta,GA,private,unknown,https://www.westminster.net,,,Jay Rainey,President,,,,,,,,,,https://www.westminster.net|https://www.westminster.net/about-us/leadership|https://www.westminster.net/|https://www.westminster.net/about-us/leadership|https://www.westminster.net/|https://www.westminster.net/?s=artificial+intelligence,2026-09-07,verified
Tiftarea Academy,,Tiftarea Academy,Tifton,GA,private,unknown,https://www.tiftareaacademy.com,,,Bill Shelnutt,Head of School,,,,,,,,,,https://www.tiftareaacademy.com|https://www.tiftareaacademy.com/|https://mygeorgiapromise.org/wp-content/uploads/2026/04/Year-2-List-GESA-2026-04-23.pdf,2026-09-07,verified
Trinity School,,Trinity School,Atlanta,GA,private,unknown,https://www.trinityatl.org,,,Joseph P. Marshall,Head of School,,404-231-8106,,,,,,,,https://www.trinityatl.org|https://www.trinityatl.org/about/leadership/head-of-school|https://www.trinityatl.org/about/leadership/administration|https://www.trinityatl.org/about/leadership/head-of-school|https://www.trinityatl.org/about/leadership/administration|https://www.trinityatl.org/about/at-a-glance|https://www.trinityatl.org/about/faculty-and-staff?letter=M,2026-09-07,verified
Valwood School,,Valwood School,Valdosta,GA,private,unknown,https://www.valwood.org,,,"John L. Davis, Sr.",Head of School,,,,,,,,,,https://www.valwood.org|https://www.valwood.org/leadership|https://www.valwood.org/about|https://www.valwood.org/leadership|https://www.valwood.org/about|https://www.valwood.org/hubfs/Valwood%20School%20Profile%202025-2026.pdf|https://www.valwood.org/headofschoolsearch|https://mygeorgiapromise.org/wp-content/uploads/2026/04/Year-2-List-GESA-2026-04-23.pdf,2026-09-07,verified
Wesleyan School,,Wesleyan School,Atlanta,GA,private,unknown,https://www.wesleyanschool.org,,,Chris Cleveland,Head of School,,,,,,,,,,https://www.wesleyanschool.org|https://www.wesleyanschool.org/about/leadership|https://www.wesleyanschool.org/news/post-details/~board/news/post/fourth-grade-students-present-unique-business-ideas|https://www.wesleyanschool.org/about/leadership|https://www.wesleyanschool.org/news/post-details/~board/news/post/fourth-grade-students-present-unique-business-ideas|https://www.wesleyanschool.org/news/post-details/~board/news/post/wesleyan-welcomes-new-faculty-and-staff-for-the-2025-2026-school-year,2026-09-07,verified
Whitefield Academy,,Whitefield Academy,Atlanta,GA,private,unknown,https://www.whitefieldacademy.com,,,"Kevin Bracher, Ph.D.",Head of School,,,,,,,,,,https://www.whitefieldacademy.com|https://www.whitefieldacademy.com/about-us/|https://www.whitefieldacademy.com/about-us/fellows-program/|https://www.whitefieldacademy.com/about-us/|https://www.whitefieldacademy.com/about-us/fellows-program/|https://aaais.org/school-public/whitefield-academy/,2026-09-07,verified
Woodward Academy,,Woodward Academy,Atlanta,GA,private,unknown,https://www.woodward.edu,,,Dr. Chris Freer,President,,,,,,,,,,https://www.woodward.edu|https://www.woodward.edu/who-we-are|https://www.woodward.edu/beyond-the-classroom/newsroom/blog/~board/beyondthegate/post/shaping-the-future-with-ai-education|https://www.woodward.edu/who-we-are|https://www.woodward.edu/beyond-the-classroom/newsroom/blog/~board/beyondthegate/post/shaping-the-future-with-ai-education|https://flintk12.com/ai-policy/academy-wide-ai-policy|https://flintk12.com/blog/why-woodward-academy-chose-flint-to-personalize-learning-for-students-with-ai,2026-09-07,verified
