zip,state,district,metro,entity_type,match_method,confidence,n_schools_in_zip,notes,source_urls,last_verified_at
30002,GA,DeKalb County School District,Atlanta,traditional,ccd_school_zip,high,4,,https://educationdata.urban.org/api/v1/school-districts/ccd/directory/|https://nces.ed.gov/ccd/,2026-09-07
30004,GA,Cherokee County School District,Atlanta,traditional,census_zcta_lea,medium,,"no open CCD school campus in this ZIP for this LEA; ZCTA∩LEA land from NCES EDGE GRF24; multi-LEA ZCTA; also Forsyth County Schools, Fulton County Schools; census land≈9.02 sq mi (16% of LEA land in ZCTA)",https://nces.ed.gov/programs/edge/Geographic/RelationshipFiles|https://nces.ed.gov/programs/edge/data/GRF24.zip,2026-09-07
30004,GA,Forsyth County Schools,Atlanta,traditional,ccd_school_zip,high,4,"multi-LEA ZCTA; also Cherokee County School District, Fulton County Schools; census land≈9.28 sq mi (16% of LEA land in ZCTA)",https://educationdata.urban.org/api/v1/school-districts/ccd/directory/|https://nces.ed.gov/ccd/|https://nces.ed.gov/programs/edge/Geographic/RelationshipFiles|https://nces.ed.gov/programs/edge/data/GRF24.zip,2026-09-07
30004,GA,Fulton County Schools,Atlanta,traditional,ccd_school_zip,high,9,"multi-LEA ZCTA; also Cherokee County School District, Forsyth County Schools; census land≈39.68 sq mi (68% of LEA land in ZCTA)",https://educationdata.urban.org/api/v1/school-districts/ccd/directory/|https://nces.ed.gov/ccd/|https://nces.ed.gov/programs/edge/Geographic/RelationshipFiles|https://nces.ed.gov/programs/edge/data/GRF24.zip,2026-09-07
30005,GA,Forsyth County Schools,Atlanta,traditional,census_zcta_lea,medium,,no open CCD school campus in this ZIP for this LEA; ZCTA∩LEA land from NCES EDGE GRF24; multi-LEA ZCTA; also Fulton County Schools; census land≈4.70 sq mi (30% of LEA land in ZCTA),https://nces.ed.gov/programs/edge/Geographic/RelationshipFiles|https://nces.ed.gov/programs/edge/data/GRF24.zip,2026-09-07
30005,GA,Fulton County Schools,Atlanta,traditional,ccd_school_zip,high,4,multi-LEA ZCTA; also Forsyth County Schools; census land≈11.09 sq mi (70% of LEA land in ZCTA),https://educationdata.urban.org/api/v1/school-districts/ccd/directory/|https://nces.ed.gov/ccd/|https://nces.ed.gov/programs/edge/Geographic/RelationshipFiles|https://nces.ed.gov/programs/edge/data/GRF24.zip,2026-09-07
30008,GA,Cobb County School District,Atlanta,traditional,ccd_school_zip,high,2,multi-LEA ZCTA; also Marietta City Schools; census land≈8.10 sq mi (85% of LEA land in ZCTA),https://educationdata.urban.org/api/v1/school-districts/ccd/directory/|https://nces.ed.gov/ccd/|https://nces.ed.gov/programs/edge/Geographic/RelationshipFiles|https://nces.ed.gov/programs/edge/data/GRF24.zip,2026-09-07
30008,GA,Marietta City Schools,Atlanta,traditional,ccd_school_zip,high,1,multi-LEA ZCTA; also Cobb County School District; census land≈1.44 sq mi (15% of LEA land in ZCTA),https://educationdata.urban.org/api/v1/school-districts/ccd/directory/|https://nces.ed.gov/ccd/|https://nces.ed.gov/programs/edge/Geographic/RelationshipFiles|https://nces.ed.gov/programs/edge/data/GRF24.zip,2026-09-07
30009,GA,Fulton County Schools,Atlanta,traditional,ccd_school_zip,high,3,,https://educationdata.urban.org/api/v1/school-districts/ccd/directory/|https://nces.ed.gov/ccd/,2026-09-07
30011,GA,Barrow County School System,Atlanta,traditional,ccd_school_zip,high,2,multi-LEA ZCTA; also Gwinnett County Public Schools; census land≈19.68 sq mi (73% of LEA land in ZCTA),https://educationdata.urban.org/api/v1/school-districts/ccd/directory/|https://nces.ed.gov/ccd/|https://nces.ed.gov/programs/edge/Geographic/RelationshipFiles|https://nces.ed.gov/programs/edge/data/GRF24.zip,2026-09-07
30011,GA,Gwinnett County Public Schools,Atlanta,traditional,ccd_school_zip,high,1,multi-LEA ZCTA; also Barrow County School System; census land≈7.18 sq mi (27% of LEA land in ZCTA),https://educationdata.urban.org/api/v1/school-districts/ccd/directory/|https://nces.ed.gov/ccd/|https://nces.ed.gov/programs/edge/Geographic/RelationshipFiles|https://nces.ed.gov/programs/edge/data/GRF24.zip,2026-09-07
30012,GA,DeKalb County School District,Atlanta,traditional,census_zcta_lea,low,,"no open CCD school campus in this ZIP for this LEA; ZCTA∩LEA land from NCES EDGE GRF24; multi-LEA ZCTA; also Gwinnett County Public Schools, Rockdale County Public Schools, Walton County School District; census land≈0.26 sq mi (1% of LEA land in ZCTA); tiny land sliver — boundary edge; verify before routing parents solely here",https://nces.ed.gov/programs/edge/Geographic/RelationshipFiles|https://nces.ed.gov/programs/edge/data/GRF24.zip,2026-09-07
30012,GA,Gwinnett County Public Schools,Atlanta,traditional,census_zcta_lea,low,,"no open CCD school campus in this ZIP for this LEA; ZCTA∩LEA land from NCES EDGE GRF24; multi-LEA ZCTA; also DeKalb County School District, Rockdale County Public Schools, Walton County School District; census land≈0.08 sq mi (0% of LEA land in ZCTA); tiny land sliver — boundary edge; verify before routing parents solely here",https://nces.ed.gov/programs/edge/Geographic/RelationshipFiles|https://nces.ed.gov/programs/edge/data/GRF24.zip,2026-09-07
30012,GA,Rockdale County Public Schools,Atlanta,traditional,ccd_school_zip,high,5,"multi-LEA ZCTA; also DeKalb County School District, Gwinnett County Public Schools, Walton County School District; census land≈40.91 sq mi (96% of LEA land in ZCTA)",https://educationdata.urban.org/api/v1/school-districts/ccd/directory/|https://nces.ed.gov/ccd/|https://nces.ed.gov/programs/edge/Geographic/RelationshipFiles|https://nces.ed.gov/programs/edge/data/GRF24.zip,2026-09-07
30012,GA,Walton County School District,Atlanta,traditional,census_zcta_lea,medium,,"no open CCD school campus in this ZIP for this LEA; ZCTA∩LEA land from NCES EDGE GRF24; multi-LEA ZCTA; also DeKalb County School District, Gwinnett County Public Schools, Rockdale County Public Schools; census land≈1.20 sq mi (3% of LEA land in ZCTA); small land share in ZCTA — possible city/county edge",https://nces.ed.gov/programs/edge/Geographic/RelationshipFiles|https://nces.ed.gov/programs/edge/data/GRF24.zip,2026-09-07
30013,GA,Newton County School System,Atlanta,traditional,census_zcta_lea,medium,,no open CCD school campus in this ZIP for this LEA; ZCTA∩LEA land from NCES EDGE GRF24; multi-LEA ZCTA; also Rockdale County Public Schools; census land≈1.44 sq mi (5% of LEA land in ZCTA); small land share in ZCTA — possible city/county edge,https://nces.ed.gov/programs/edge/Geographic/RelationshipFiles|https://nces.ed.gov/programs/edge/data/GRF24.zip,2026-09-07
30013,GA,Rockdale County Public Schools,Atlanta,traditional,ccd_school_zip,high,5,multi-LEA ZCTA; also Newton County School System; census land≈26.92 sq mi (95% of LEA land in ZCTA),https://educationdata.urban.org/api/v1/school-districts/ccd/directory/|https://nces.ed.gov/ccd/|https://nces.ed.gov/programs/edge/Geographic/RelationshipFiles|https://nces.ed.gov/programs/edge/data/GRF24.zip,2026-09-07
30014,GA,Jasper County Charter System,Atlanta,traditional,census_zcta_lea,medium,,"no open CCD school campus in this ZIP for this LEA; ZCTA∩LEA land from NCES EDGE GRF24; multi-LEA ZCTA; also Newton County School System, Walton County School District; census land≈1.16 sq mi (1% of LEA land in ZCTA); small land share in ZCTA — possible city/county edge",https://nces.ed.gov/programs/edge/Geographic/RelationshipFiles|https://nces.ed.gov/programs/edge/data/GRF24.zip,2026-09-07
30014,GA,Newton County School System,Atlanta,traditional,ccd_school_zip,high,10,"multi-LEA ZCTA; also Jasper County Charter System, Walton County School District; census land≈93.59 sq mi (78% of LEA land in ZCTA)",https://educationdata.urban.org/api/v1/school-districts/ccd/directory/|https://nces.ed.gov/ccd/|https://nces.ed.gov/programs/edge/Geographic/RelationshipFiles|https://nces.ed.gov/programs/edge/data/GRF24.zip,2026-09-07
30014,GA,Walton County School District,Atlanta,traditional,ccd_school_zip,high,1,"multi-LEA ZCTA; also Jasper County Charter System, Newton County School System; census land≈25.91 sq mi (21% of LEA land in ZCTA)",https://educationdata.urban.org/api/v1/school-districts/ccd/directory/|https://nces.ed.gov/ccd/|https://nces.ed.gov/programs/edge/Geographic/RelationshipFiles|https://nces.ed.gov/programs/edge/data/GRF24.zip,2026-09-07
30016,GA,Newton County School System,Atlanta,traditional,ccd_school_zip,high,10,multi-LEA ZCTA; also Rockdale County Public Schools; census land≈90.49 sq mi (100% of LEA land in ZCTA),https://educationdata.urban.org/api/v1/school-districts/ccd/directory/|https://nces.ed.gov/ccd/|https://nces.ed.gov/programs/edge/Geographic/RelationshipFiles|https://nces.ed.gov/programs/edge/data/GRF24.zip,2026-09-07
30016,GA,Rockdale County Public Schools,Atlanta,traditional,census_zcta_lea,low,,no open CCD school campus in this ZIP for this LEA; ZCTA∩LEA land from NCES EDGE GRF24; multi-LEA ZCTA; also Newton County School System; census land≈0.33 sq mi (0% of LEA land in ZCTA); tiny land sliver — boundary edge; verify before routing parents solely here,https://nces.ed.gov/programs/edge/Geographic/RelationshipFiles|https://nces.ed.gov/programs/edge/data/GRF24.zip,2026-09-07
30017,GA,Gwinnett County Public Schools,Atlanta,traditional,ccd_school_zip,high,5,,https://educationdata.urban.org/api/v1/school-districts/ccd/directory/|https://nces.ed.gov/ccd/,2026-09-07
30018,GA,Walton County School District,Atlanta,traditional,census_zcta_lea,medium,,no open CCD school campus in this ZIP for this LEA; ZCTA∩LEA land from NCES EDGE GRF24; census land≈0.56 sq mi in ZCTA; small land share in ZCTA — possible city/county edge,https://nces.ed.gov/programs/edge/Geographic/RelationshipFiles|https://nces.ed.gov/programs/edge/data/GRF24.zip,2026-09-07
30019,GA,Gwinnett County Public Schools,Atlanta,traditional,ccd_school_zip,high,8,multi-LEA ZCTA; also Walton County School District; census land≈45.04 sq mi (96% of LEA land in ZCTA),https://educationdata.urban.org/api/v1/school-districts/ccd/directory/|https://nces.ed.gov/ccd/|https://nces.ed.gov/programs/edge/Geographic/RelationshipFiles|https://nces.ed.gov/programs/edge/data/GRF24.zip,2026-09-07
30019,GA,Walton County School District,Atlanta,traditional,census_zcta_lea,medium,,no open CCD school campus in this ZIP for this LEA; ZCTA∩LEA land from NCES EDGE GRF24; multi-LEA ZCTA; also Gwinnett County Public Schools; census land≈1.84 sq mi (4% of LEA land in ZCTA); small land share in ZCTA — possible city/county edge,https://nces.ed.gov/programs/edge/Geographic/RelationshipFiles|https://nces.ed.gov/programs/edge/data/GRF24.zip,2026-09-07
30021,GA,DeKalb County School District,Atlanta,traditional,ccd_school_zip,high,3,,https://educationdata.urban.org/api/v1/school-districts/ccd/directory/|https://nces.ed.gov/ccd/,2026-09-07
30022,GA,Fulton County Schools,Atlanta,traditional,ccd_school_zip,high,12,,https://educationdata.urban.org/api/v1/school-districts/ccd/directory/|https://nces.ed.gov/ccd/,2026-09-07
30024,GA,Forsyth County Schools,Atlanta,traditional,ccd_school_zip,high,5,"multi-LEA ZCTA; also Fulton County Schools, Gwinnett County Public Schools; census land≈13.34 sq mi (32% of LEA land in ZCTA)",https://educationdata.urban.org/api/v1/school-districts/ccd/directory/|https://nces.ed.gov/ccd/|https://nces.ed.gov/programs/edge/Geographic/RelationshipFiles|https://nces.ed.gov/programs/edge/data/GRF24.zip,2026-09-07
30024,GA,Fulton County Schools,Atlanta,traditional,census_zcta_lea,medium,,"no open CCD school campus in this ZIP for this LEA; ZCTA∩LEA land from NCES EDGE GRF24; multi-LEA ZCTA; also Forsyth County Schools, Gwinnett County Public Schools; census land≈1.15 sq mi (3% of LEA land in ZCTA); small land share in ZCTA — possible city/county edge",https://nces.ed.gov/programs/edge/Geographic/RelationshipFiles|https://nces.ed.gov/programs/edge/data/GRF24.zip,2026-09-07
30024,GA,Gwinnett County Public Schools,Atlanta,traditional,ccd_school_zip,high,11,"multi-LEA ZCTA; also Forsyth County Schools, Fulton County Schools; census land≈27.17 sq mi (65% of LEA land in ZCTA)",https://educationdata.urban.org/api/v1/school-districts/ccd/directory/|https://nces.ed.gov/ccd/|https://nces.ed.gov/programs/edge/Geographic/RelationshipFiles|https://nces.ed.gov/programs/edge/data/GRF24.zip,2026-09-07
30025,GA,Morgan County Schools,Atlanta,traditional,census_zcta_lea,medium,,"no open CCD school campus in this ZIP for this LEA; ZCTA∩LEA land from NCES EDGE GRF24; multi-LEA ZCTA; also Newton County School System, Social Circle City Schools, Walton County School District; census land≈0.72 sq mi (1% of LEA land in ZCTA); small land share in ZCTA — possible city/county edge",https://nces.ed.gov/programs/edge/Geographic/RelationshipFiles|https://nces.ed.gov/programs/edge/data/GRF24.zip,2026-09-07
30025,GA,Newton County School System,Atlanta,traditional,census_zcta_lea,medium,,"no open CCD school campus in this ZIP for this LEA; ZCTA∩LEA land from NCES EDGE GRF24; multi-LEA ZCTA; also Morgan County Schools, Social Circle City Schools, Walton County School District; census land≈18.68 sq mi (27% of LEA land in ZCTA)",https://nces.ed.gov/programs/edge/Geographic/RelationshipFiles|https://nces.ed.gov/programs/edge/data/GRF24.zip,2026-09-07
30025,GA,Social Circle City Schools,Atlanta,traditional,ccd_school_zip,high,4,"multi-LEA ZCTA; also Morgan County Schools, Newton County School System, Walton County School District; census land≈14.66 sq mi (21% of LEA land in ZCTA)",https://educationdata.urban.org/api/v1/school-districts/ccd/directory/|https://nces.ed.gov/ccd/|https://nces.ed.gov/programs/edge/Geographic/RelationshipFiles|https://nces.ed.gov/programs/edge/data/GRF24.zip,2026-09-07
30025,GA,Walton County School District,Atlanta,traditional,census_zcta_lea,medium,,"no open CCD school campus in this ZIP for this LEA; ZCTA∩LEA land from NCES EDGE GRF24; multi-LEA ZCTA; also Morgan County Schools, Newton County School System, Social Circle City Schools; census land≈36.21 sq mi (52% of LEA land in ZCTA)",https://nces.ed.gov/programs/edge/Geographic/RelationshipFiles|https://nces.ed.gov/programs/edge/data/GRF24.zip,2026-09-07
30028,GA,Cherokee County School District,Atlanta,traditional,census_zcta_lea,medium,,no open CCD school campus in this ZIP for this LEA; ZCTA∩LEA land from NCES EDGE GRF24; multi-LEA ZCTA; also Forsyth County Schools; census land≈3.65 sq mi (7% of LEA land in ZCTA); small land share in ZCTA — possible city/county edge,https://nces.ed.gov/programs/edge/Geographic/RelationshipFiles|https://nces.ed.gov/programs/edge/data/GRF24.zip,2026-09-07
30028,GA,Forsyth County Schools,Atlanta,traditional,ccd_school_zip,high,7,multi-LEA ZCTA; also Cherokee County School District; census land≈46.31 sq mi (93% of LEA land in ZCTA),https://educationdata.urban.org/api/v1/school-districts/ccd/directory/|https://nces.ed.gov/ccd/|https://nces.ed.gov/programs/edge/Geographic/RelationshipFiles|https://nces.ed.gov/programs/edge/data/GRF24.zip,2026-09-07
30030,GA,City Schools of Decatur,Atlanta,traditional,ccd_school_zip,high,9,multi-LEA ZCTA; also DeKalb County School District; census land≈4.57 sq mi (68% of LEA land in ZCTA),https://educationdata.urban.org/api/v1/school-districts/ccd/directory/|https://nces.ed.gov/ccd/|https://nces.ed.gov/programs/edge/Geographic/RelationshipFiles|https://nces.ed.gov/programs/edge/data/GRF24.zip,2026-09-07
30030,GA,DeKalb County School District,Atlanta,traditional,census_zcta_lea,medium,,no open CCD school campus in this ZIP for this LEA; ZCTA∩LEA land from NCES EDGE GRF24; multi-LEA ZCTA; also City Schools of Decatur; census land≈2.17 sq mi (32% of LEA land in ZCTA),https://nces.ed.gov/programs/edge/Geographic/RelationshipFiles|https://nces.ed.gov/programs/edge/data/GRF24.zip,2026-09-07
30032,GA,Atlanta Public Schools,Atlanta,traditional,census_zcta_lea,low,,no open CCD school campus in this ZIP for this LEA; ZCTA∩LEA land from NCES EDGE GRF24; multi-LEA ZCTA; also DeKalb County School District; census land≈0.03 sq mi (0% of LEA land in ZCTA); tiny land sliver — boundary edge; verify before routing parents solely here,https://nces.ed.gov/programs/edge/Geographic/RelationshipFiles|https://nces.ed.gov/programs/edge/data/GRF24.zip,2026-09-07
30032,GA,DeKalb County School District,Atlanta,traditional,ccd_school_zip,high,11,multi-LEA ZCTA; also Atlanta Public Schools; census land≈13.62 sq mi (100% of LEA land in ZCTA),https://educationdata.urban.org/api/v1/school-districts/ccd/directory/|https://nces.ed.gov/ccd/|https://nces.ed.gov/programs/edge/Geographic/RelationshipFiles|https://nces.ed.gov/programs/edge/data/GRF24.zip,2026-09-07
30033,GA,Atlanta Public Schools,Atlanta,traditional,census_zcta_lea,low,,"no open CCD school campus in this ZIP for this LEA; ZCTA∩LEA land from NCES EDGE GRF24; multi-LEA ZCTA; also City Schools of Decatur, DeKalb County School District; census land≈0.17 sq mi (2% of LEA land in ZCTA); tiny land sliver — boundary edge; verify before routing parents solely here",https://nces.ed.gov/programs/edge/Geographic/RelationshipFiles|https://nces.ed.gov/programs/edge/data/GRF24.zip,2026-09-07
30033,GA,City Schools of Decatur,Atlanta,traditional,census_zcta_lea,low,,"no open CCD school campus in this ZIP for this LEA; ZCTA∩LEA land from NCES EDGE GRF24; multi-LEA ZCTA; also Atlanta Public Schools, DeKalb County School District; census land≈0.02 sq mi (0% of LEA land in ZCTA); tiny land sliver — boundary edge; verify before routing parents solely here",https://nces.ed.gov/programs/edge/Geographic/RelationshipFiles|https://nces.ed.gov/programs/edge/data/GRF24.zip,2026-09-07
30033,GA,DeKalb County School District,Atlanta,traditional,ccd_school_zip,high,6,"multi-LEA ZCTA; also Atlanta Public Schools, City Schools of Decatur; census land≈8.64 sq mi (98% of LEA land in ZCTA)",https://educationdata.urban.org/api/v1/school-districts/ccd/directory/|https://nces.ed.gov/ccd/|https://nces.ed.gov/programs/edge/Geographic/RelationshipFiles|https://nces.ed.gov/programs/edge/data/GRF24.zip,2026-09-07
30034,GA,DeKalb County School District,Atlanta,traditional,ccd_school_zip,high,10,,https://educationdata.urban.org/api/v1/school-districts/ccd/directory/|https://nces.ed.gov/ccd/,2026-09-07
30035,GA,DeKalb County School District,Atlanta,traditional,ccd_school_zip,high,3,,https://educationdata.urban.org/api/v1/school-districts/ccd/directory/|https://nces.ed.gov/ccd/,2026-09-07
30037,GA,DeKalb Brilliance Academy,Atlanta,charter,ccd_school_zip,high,1,charter campus ZIP (choice school; not an attendance-zone claim),https://educationdata.urban.org/api/v1/school-districts/ccd/directory/|https://nces.ed.gov/ccd/,2026-09-07
30038,GA,DeKalb County School District,Atlanta,traditional,ccd_school_zip,high,9,,https://educationdata.urban.org/api/v1/school-districts/ccd/directory/|https://nces.ed.gov/ccd/,2026-09-07
30039,GA,DeKalb County School District,Atlanta,traditional,census_zcta_lea,medium,,"no open CCD school campus in this ZIP for this LEA; ZCTA∩LEA land from NCES EDGE GRF24; multi-LEA ZCTA; also Gwinnett County Public Schools, Rockdale County Public Schools; census land≈1.40 sq mi (6% of LEA land in ZCTA); small land share in ZCTA — possible city/county edge",https://nces.ed.gov/programs/edge/Geographic/RelationshipFiles|https://nces.ed.gov/programs/edge/data/GRF24.zip,2026-09-07
30039,GA,Gwinnett County Public Schools,Atlanta,traditional,ccd_school_zip,high,8,"multi-LEA ZCTA; also DeKalb County School District, Rockdale County Public Schools; census land≈23.84 sq mi (94% of LEA land in ZCTA)",https://educationdata.urban.org/api/v1/school-districts/ccd/directory/|https://nces.ed.gov/ccd/|https://nces.ed.gov/programs/edge/Geographic/RelationshipFiles|https://nces.ed.gov/programs/edge/data/GRF24.zip,2026-09-07
30039,GA,Rockdale County Public Schools,Atlanta,traditional,census_zcta_lea,low,,"no open CCD school campus in this ZIP for this LEA; ZCTA∩LEA land from NCES EDGE GRF24; multi-LEA ZCTA; also DeKalb County School District, Gwinnett County Public Schools; census land≈0.03 sq mi (0% of LEA land in ZCTA); tiny land sliver — boundary edge; verify before routing parents solely here",https://nces.ed.gov/programs/edge/Geographic/RelationshipFiles|https://nces.ed.gov/programs/edge/data/GRF24.zip,2026-09-07
30040,GA,Cherokee County School District,Atlanta,traditional,census_zcta_lea,medium,,no open CCD school campus in this ZIP for this LEA; ZCTA∩LEA land from NCES EDGE GRF24; multi-LEA ZCTA; also Forsyth County Schools; census land≈1.25 sq mi (2% of LEA land in ZCTA); small land share in ZCTA — possible city/county edge,https://nces.ed.gov/programs/edge/Geographic/RelationshipFiles|https://nces.ed.gov/programs/edge/data/GRF24.zip,2026-09-07
30040,GA,Forsyth County Schools,Atlanta,traditional,ccd_school_zip,high,12,multi-LEA ZCTA; also Cherokee County School District; census land≈56.42 sq mi (98% of LEA land in ZCTA),https://educationdata.urban.org/api/v1/school-districts/ccd/directory/|https://nces.ed.gov/ccd/|https://nces.ed.gov/programs/edge/Geographic/RelationshipFiles|https://nces.ed.gov/programs/edge/data/GRF24.zip,2026-09-07
30041,GA,Forsyth County Schools,Atlanta,traditional,ccd_school_zip,high,12,,https://educationdata.urban.org/api/v1/school-districts/ccd/directory/|https://nces.ed.gov/ccd/,2026-09-07
30043,GA,Gwinnett County Public Schools,Atlanta,traditional,ccd_school_zip,high,10,,https://educationdata.urban.org/api/v1/school-districts/ccd/directory/|https://nces.ed.gov/ccd/,2026-09-07
30044,GA,Gwinnett County Public Schools,Atlanta,traditional,ccd_school_zip,high,13,,https://educationdata.urban.org/api/v1/school-districts/ccd/directory/|https://nces.ed.gov/ccd/,2026-09-07
30045,GA,Gwinnett County Public Schools,Atlanta,traditional,ccd_school_zip,high,3,multi-LEA ZCTA; also Walton County School District; census land≈21.15 sq mi (100% of LEA land in ZCTA),https://educationdata.urban.org/api/v1/school-districts/ccd/directory/|https://nces.ed.gov/ccd/|https://nces.ed.gov/programs/edge/Geographic/RelationshipFiles|https://nces.ed.gov/programs/edge/data/GRF24.zip,2026-09-07
30045,GA,Walton County School District,Atlanta,traditional,census_zcta_lea,low,,no open CCD school campus in this ZIP for this LEA; ZCTA∩LEA land from NCES EDGE GRF24; multi-LEA ZCTA; also Gwinnett County Public Schools; census land≈0.10 sq mi (0% of LEA land in ZCTA); tiny land sliver — boundary edge; verify before routing parents solely here,https://nces.ed.gov/programs/edge/Geographic/RelationshipFiles|https://nces.ed.gov/programs/edge/data/GRF24.zip,2026-09-07
30046,GA,Gwinnett County Public Schools,Atlanta,traditional,ccd_school_zip,high,11,,https://educationdata.urban.org/api/v1/school-districts/ccd/directory/|https://nces.ed.gov/ccd/,2026-09-07
30047,GA,Gwinnett County Public Schools,Atlanta,traditional,ccd_school_zip,high,13,,https://educationdata.urban.org/api/v1/school-districts/ccd/directory/|https://nces.ed.gov/ccd/,2026-09-07
30052,GA,Gwinnett County Public Schools,Atlanta,traditional,ccd_school_zip,high,6,"multi-LEA ZCTA; also Newton County School System, Rockdale County Public Schools, Walton County School District; census land≈24.19 sq mi (27% of LEA land in ZCTA)",https://educationdata.urban.org/api/v1/school-districts/ccd/directory/|https://nces.ed.gov/ccd/|https://nces.ed.gov/programs/edge/Geographic/RelationshipFiles|https://nces.ed.gov/programs/edge/data/GRF24.zip,2026-09-07
30052,GA,Newton County School System,Atlanta,traditional,census_zcta_lea,medium,,"no open CCD school campus in this ZIP for this LEA; ZCTA∩LEA land from NCES EDGE GRF24; multi-LEA ZCTA; also Gwinnett County Public Schools, Rockdale County Public Schools, Walton County School District; census land≈1.14 sq mi (1% of LEA land in ZCTA); small land share in ZCTA — possible city/county edge",https://nces.ed.gov/programs/edge/Geographic/RelationshipFiles|https://nces.ed.gov/programs/edge/data/GRF24.zip,2026-09-07
30052,GA,Rockdale County Public Schools,Atlanta,traditional,census_zcta_lea,medium,,"no open CCD school campus in this ZIP for this LEA; ZCTA∩LEA land from NCES EDGE GRF24; multi-LEA ZCTA; also Gwinnett County Public Schools, Newton County School System, Walton County School District; census land≈4.10 sq mi (5% of LEA land in ZCTA); small land share in ZCTA — possible city/county edge",https://nces.ed.gov/programs/edge/Geographic/RelationshipFiles|https://nces.ed.gov/programs/edge/data/GRF24.zip,2026-09-07
30052,GA,Walton County School District,Atlanta,traditional,ccd_school_zip,high,8,"multi-LEA ZCTA; also Gwinnett County Public Schools, Newton County School System, Rockdale County Public Schools; census land≈59.50 sq mi (67% of LEA land in ZCTA)",https://educationdata.urban.org/api/v1/school-districts/ccd/directory/|https://nces.ed.gov/ccd/|https://nces.ed.gov/programs/edge/Geographic/RelationshipFiles|https://nces.ed.gov/programs/edge/data/GRF24.zip,2026-09-07
30054,GA,Newton County School System,Atlanta,traditional,ccd_school_zip,high,1,multi-LEA ZCTA; also Walton County School District; census land≈34.76 sq mi (85% of LEA land in ZCTA),https://educationdata.urban.org/api/v1/school-districts/ccd/directory/|https://nces.ed.gov/ccd/|https://nces.ed.gov/programs/edge/Geographic/RelationshipFiles|https://nces.ed.gov/programs/edge/data/GRF24.zip,2026-09-07
30054,GA,Walton County School District,Atlanta,traditional,census_zcta_lea,medium,,no open CCD school campus in this ZIP for this LEA; ZCTA∩LEA land from NCES EDGE GRF24; multi-LEA ZCTA; also Newton County School System; census land≈6.17 sq mi (15% of LEA land in ZCTA),https://nces.ed.gov/programs/edge/Geographic/RelationshipFiles|https://nces.ed.gov/programs/edge/data/GRF24.zip,2026-09-07
30055,GA,Jasper County Charter System,Atlanta,traditional,census_zcta_lea,medium,,"no open CCD school campus in this ZIP for this LEA; ZCTA∩LEA land from NCES EDGE GRF24; multi-LEA ZCTA; also Morgan County Schools, Newton County School System; census land≈20.54 sq mi (39% of LEA land in ZCTA)",https://nces.ed.gov/programs/edge/Geographic/RelationshipFiles|https://nces.ed.gov/programs/edge/data/GRF24.zip,2026-09-07
30055,GA,Morgan County Schools,Atlanta,traditional,census_zcta_lea,medium,,"no open CCD school campus in this ZIP for this LEA; ZCTA∩LEA land from NCES EDGE GRF24; multi-LEA ZCTA; also Jasper County Charter System, Newton County School System; census land≈6.39 sq mi (12% of LEA land in ZCTA); small land share in ZCTA — possible city/county edge",https://nces.ed.gov/programs/edge/Geographic/RelationshipFiles|https://nces.ed.gov/programs/edge/data/GRF24.zip,2026-09-07
30055,GA,Newton County School System,Atlanta,traditional,ccd_school_zip,high,1,"multi-LEA ZCTA; also Jasper County Charter System, Morgan County Schools; census land≈26.17 sq mi (49% of LEA land in ZCTA)",https://educationdata.urban.org/api/v1/school-districts/ccd/directory/|https://nces.ed.gov/ccd/|https://nces.ed.gov/programs/edge/Geographic/RelationshipFiles|https://nces.ed.gov/programs/edge/data/GRF24.zip,2026-09-07
30056,GA,Jasper County Charter System,Atlanta,traditional,census_zcta_lea,medium,,"no open CCD school campus in this ZIP for this LEA; ZCTA∩LEA land from NCES EDGE GRF24; multi-LEA ZCTA; also Morgan County Schools, Newton County School System; census land≈20.94 sq mi (48% of LEA land in ZCTA)",https://nces.ed.gov/programs/edge/Geographic/RelationshipFiles|https://nces.ed.gov/programs/edge/data/GRF24.zip,2026-09-07
30056,GA,Morgan County Schools,Atlanta,traditional,census_zcta_lea,medium,,"no open CCD school campus in this ZIP for this LEA; ZCTA∩LEA land from NCES EDGE GRF24; multi-LEA ZCTA; also Jasper County Charter System, Newton County School System; census land≈16.78 sq mi (38% of LEA land in ZCTA)",https://nces.ed.gov/programs/edge/Geographic/RelationshipFiles|https://nces.ed.gov/programs/edge/data/GRF24.zip,2026-09-07
30056,GA,Newton County School System,Atlanta,traditional,census_zcta_lea,medium,,"no open CCD school campus in this ZIP for this LEA; ZCTA∩LEA land from NCES EDGE GRF24; multi-LEA ZCTA; also Jasper County Charter System, Morgan County Schools; census land≈6.06 sq mi (14% of LEA land in ZCTA); small land share in ZCTA — possible city/county edge",https://nces.ed.gov/programs/edge/Geographic/RelationshipFiles|https://nces.ed.gov/programs/edge/data/GRF24.zip,2026-09-07
30058,GA,DeKalb County School District,Atlanta,traditional,ccd_school_zip,high,11,"multi-LEA ZCTA; also Gwinnett County Public Schools, Rockdale County Public Schools; census land≈30.36 sq mi (99% of LEA land in ZCTA)",https://educationdata.urban.org/api/v1/school-districts/ccd/directory/|https://nces.ed.gov/ccd/|https://nces.ed.gov/programs/edge/Geographic/RelationshipFiles|https://nces.ed.gov/programs/edge/data/GRF24.zip,2026-09-07
30058,GA,Gwinnett County Public Schools,Atlanta,traditional,census_zcta_lea,low,,"no open CCD school campus in this ZIP for this LEA; ZCTA∩LEA land from NCES EDGE GRF24; multi-LEA ZCTA; also DeKalb County School District, Rockdale County Public Schools; census land≈0.02 sq mi (0% of LEA land in ZCTA); tiny land sliver — boundary edge; verify before routing parents solely here",https://nces.ed.gov/programs/edge/Geographic/RelationshipFiles|https://nces.ed.gov/programs/edge/data/GRF24.zip,2026-09-07
30058,GA,Rockdale County Public Schools,Atlanta,traditional,census_zcta_lea,low,,"no open CCD school campus in this ZIP for this LEA; ZCTA∩LEA land from NCES EDGE GRF24; multi-LEA ZCTA; also DeKalb County School District, Gwinnett County Public Schools; census land≈0.15 sq mi (0% of LEA land in ZCTA); tiny land sliver — boundary edge; verify before routing parents solely here",https://nces.ed.gov/programs/edge/Geographic/RelationshipFiles|https://nces.ed.gov/programs/edge/data/GRF24.zip,2026-09-07
30060,GA,Cobb County School District,Atlanta,traditional,ccd_school_zip,high,5,multi-LEA ZCTA; also Marietta City Schools; census land≈10.15 sq mi (65% of LEA land in ZCTA),https://educationdata.urban.org/api/v1/school-districts/ccd/directory/|https://nces.ed.gov/ccd/|https://nces.ed.gov/programs/edge/Geographic/RelationshipFiles|https://nces.ed.gov/programs/edge/data/GRF24.zip,2026-09-07
30060,GA,Marietta City Schools,Atlanta,traditional,ccd_school_zip,high,4,multi-LEA ZCTA; also Cobb County School District; census land≈5.36 sq mi (35% of LEA land in ZCTA),https://educationdata.urban.org/api/v1/school-districts/ccd/directory/|https://nces.ed.gov/ccd/|https://nces.ed.gov/programs/edge/Geographic/RelationshipFiles|https://nces.ed.gov/programs/edge/data/GRF24.zip,2026-09-07
30062,GA,Cobb County School District,Atlanta,traditional,ccd_school_zip,high,9,multi-LEA ZCTA; also Marietta City Schools; census land≈21.84 sq mi (84% of LEA land in ZCTA),https://educationdata.urban.org/api/v1/school-districts/ccd/directory/|https://nces.ed.gov/ccd/|https://nces.ed.gov/programs/edge/Geographic/RelationshipFiles|https://nces.ed.gov/programs/edge/data/GRF24.zip,2026-09-07
30062,GA,Marietta City Schools,Atlanta,traditional,ccd_school_zip,high,2,multi-LEA ZCTA; also Cobb County School District; census land≈4.04 sq mi (16% of LEA land in ZCTA),https://educationdata.urban.org/api/v1/school-districts/ccd/directory/|https://nces.ed.gov/ccd/|https://nces.ed.gov/programs/edge/Geographic/RelationshipFiles|https://nces.ed.gov/programs/edge/data/GRF24.zip,2026-09-07
30064,GA,Cobb County School District,Atlanta,traditional,ccd_school_zip,high,4,multi-LEA ZCTA; also Marietta City Schools; census land≈24.19 sq mi (79% of LEA land in ZCTA),https://educationdata.urban.org/api/v1/school-districts/ccd/directory/|https://nces.ed.gov/ccd/|https://nces.ed.gov/programs/edge/Geographic/RelationshipFiles|https://nces.ed.gov/programs/edge/data/GRF24.zip,2026-09-07
30064,GA,Marietta City Schools,Atlanta,traditional,ccd_school_zip,high,6,multi-LEA ZCTA; also Cobb County School District; census land≈6.53 sq mi (21% of LEA land in ZCTA),https://educationdata.urban.org/api/v1/school-districts/ccd/directory/|https://nces.ed.gov/ccd/|https://nces.ed.gov/programs/edge/Geographic/RelationshipFiles|https://nces.ed.gov/programs/edge/data/GRF24.zip,2026-09-07
30066,GA,Cobb County School District,Atlanta,traditional,ccd_school_zip,high,16,multi-LEA ZCTA; also Marietta City Schools; census land≈24.96 sq mi (92% of LEA land in ZCTA),https://educationdata.urban.org/api/v1/school-districts/ccd/directory/|https://nces.ed.gov/ccd/|https://nces.ed.gov/programs/edge/Geographic/RelationshipFiles|https://nces.ed.gov/programs/edge/data/GRF24.zip,2026-09-07
30066,GA,Marietta City Schools,Atlanta,traditional,census_zcta_lea,medium,,no open CCD school campus in this ZIP for this LEA; ZCTA∩LEA land from NCES EDGE GRF24; multi-LEA ZCTA; also Cobb County School District; census land≈2.20 sq mi (8% of LEA land in ZCTA); small land share in ZCTA — possible city/county edge,https://nces.ed.gov/programs/edge/Geographic/RelationshipFiles|https://nces.ed.gov/programs/edge/data/GRF24.zip,2026-09-07
30067,GA,Cobb County School District,Atlanta,traditional,ccd_school_zip,high,4,"multi-LEA ZCTA; also Fulton County Schools, Marietta City Schools; census land≈11.13 sq mi (77% of LEA land in ZCTA)",https://educationdata.urban.org/api/v1/school-districts/ccd/directory/|https://nces.ed.gov/ccd/|https://nces.ed.gov/programs/edge/Geographic/RelationshipFiles|https://nces.ed.gov/programs/edge/data/GRF24.zip,2026-09-07
30067,GA,Fulton County Schools,Atlanta,traditional,census_zcta_lea,low,,"no open CCD school campus in this ZIP for this LEA; ZCTA∩LEA land from NCES EDGE GRF24; multi-LEA ZCTA; also Cobb County School District, Marietta City Schools; census land≈0.00 sq mi (0% of LEA land in ZCTA); tiny land sliver — boundary edge; verify before routing parents solely here",https://nces.ed.gov/programs/edge/Geographic/RelationshipFiles|https://nces.ed.gov/programs/edge/data/GRF24.zip,2026-09-07
30067,GA,Marietta City Schools,Atlanta,traditional,census_zcta_lea,medium,,"no open CCD school campus in this ZIP for this LEA; ZCTA∩LEA land from NCES EDGE GRF24; multi-LEA ZCTA; also Cobb County School District, Fulton County Schools; census land≈3.24 sq mi (23% of LEA land in ZCTA)",https://nces.ed.gov/programs/edge/Geographic/RelationshipFiles|https://nces.ed.gov/programs/edge/data/GRF24.zip,2026-09-07
30068,GA,Cobb County School District,Atlanta,traditional,ccd_school_zip,high,6,"multi-LEA ZCTA; also Fulton County Schools, Marietta City Schools; census land≈14.16 sq mi (98% of LEA land in ZCTA)",https://educationdata.urban.org/api/v1/school-districts/ccd/directory/|https://nces.ed.gov/ccd/|https://nces.ed.gov/programs/edge/Geographic/RelationshipFiles|https://nces.ed.gov/programs/edge/data/GRF24.zip,2026-09-07
30068,GA,Fulton County Schools,Atlanta,traditional,census_zcta_lea,low,,"no open CCD school campus in this ZIP for this LEA; ZCTA∩LEA land from NCES EDGE GRF24; multi-LEA ZCTA; also Cobb County School District, Marietta City Schools; census land≈0.00 sq mi (0% of LEA land in ZCTA); tiny land sliver — boundary edge; verify before routing parents solely here",https://nces.ed.gov/programs/edge/Geographic/RelationshipFiles|https://nces.ed.gov/programs/edge/data/GRF24.zip,2026-09-07
30068,GA,Marietta City Schools,Atlanta,traditional,census_zcta_lea,low,,"no open CCD school campus in this ZIP for this LEA; ZCTA∩LEA land from NCES EDGE GRF24; multi-LEA ZCTA; also Cobb County School District, Fulton County Schools; census land≈0.24 sq mi (2% of LEA land in ZCTA); tiny land sliver — boundary edge; verify before routing parents solely here",https://nces.ed.gov/programs/edge/Geographic/RelationshipFiles|https://nces.ed.gov/programs/edge/data/GRF24.zip,2026-09-07
30070,GA,Newton County School System,Atlanta,traditional,census_zcta_lea,medium,,no open CCD school campus in this ZIP for this LEA; ZCTA∩LEA land from NCES EDGE GRF24; census land≈0.03 sq mi in ZCTA; small land share in ZCTA — possible city/county edge,https://nces.ed.gov/programs/edge/Geographic/RelationshipFiles|https://nces.ed.gov/programs/edge/data/GRF24.zip,2026-09-07
30071,GA,DeKalb County School District,Atlanta,traditional,census_zcta_lea,low,,no open CCD school campus in this ZIP for this LEA; ZCTA∩LEA land from NCES EDGE GRF24; multi-LEA ZCTA; also Gwinnett County Public Schools; census land≈0.00 sq mi (0% of LEA land in ZCTA); tiny land sliver — boundary edge; verify before routing parents solely here,https://nces.ed.gov/programs/edge/Geographic/RelationshipFiles|https://nces.ed.gov/programs/edge/data/GRF24.zip,2026-09-07
30071,GA,Gwinnett County Public Schools,Atlanta,traditional,ccd_school_zip,high,7,multi-LEA ZCTA; also DeKalb County School District; census land≈12.10 sq mi (100% of LEA land in ZCTA),https://educationdata.urban.org/api/v1/school-districts/ccd/directory/|https://nces.ed.gov/ccd/|https://nces.ed.gov/programs/edge/Geographic/RelationshipFiles|https://nces.ed.gov/programs/edge/data/GRF24.zip,2026-09-07
30071,GA,BIA Charter School,Atlanta,charter,ccd_school_zip,high,1,"charter campus ZIP (choice school; not an attendance-zone claim); multi-LEA zip; also DeKalb County School District, Gwinnett County Public Schools",https://educationdata.urban.org/api/v1/school-districts/ccd/directory/|https://nces.ed.gov/ccd/,2026-09-07
30072,GA,DeKalb County School District,Atlanta,traditional,census_zcta_lea,medium,,no open CCD school campus in this ZIP for this LEA; ZCTA∩LEA land from NCES EDGE GRF24; census land≈0.13 sq mi in ZCTA; small land share in ZCTA — possible city/county edge,https://nces.ed.gov/programs/edge/Geographic/RelationshipFiles|https://nces.ed.gov/programs/edge/data/GRF24.zip,2026-09-07
30075,GA,Cherokee County School District,Atlanta,traditional,census_zcta_lea,medium,,"no open CCD school campus in this ZIP for this LEA; ZCTA∩LEA land from NCES EDGE GRF24; multi-LEA ZCTA; also Cobb County School District, Fulton County Schools; census land≈0.50 sq mi (2% of LEA land in ZCTA); small land share in ZCTA — possible city/county edge",https://nces.ed.gov/programs/edge/Geographic/RelationshipFiles|https://nces.ed.gov/programs/edge/data/GRF24.zip,2026-09-07
30075,GA,Cobb County School District,Atlanta,traditional,census_zcta_lea,medium,,"no open CCD school campus in this ZIP for this LEA; ZCTA∩LEA land from NCES EDGE GRF24; multi-LEA ZCTA; also Cherokee County School District, Fulton County Schools; census land≈4.20 sq mi (14% of LEA land in ZCTA); small land share in ZCTA — possible city/county edge",https://nces.ed.gov/programs/edge/Geographic/RelationshipFiles|https://nces.ed.gov/programs/edge/data/GRF24.zip,2026-09-07
30075,GA,Fulton County Schools,Atlanta,traditional,ccd_school_zip,high,8,"multi-LEA ZCTA; also Cherokee County School District, Cobb County School District; census land≈25.05 sq mi (84% of LEA land in ZCTA)",https://educationdata.urban.org/api/v1/school-districts/ccd/directory/|https://nces.ed.gov/ccd/|https://nces.ed.gov/programs/edge/Geographic/RelationshipFiles|https://nces.ed.gov/programs/edge/data/GRF24.zip,2026-09-07
30076,GA,Fulton County Schools,Atlanta,traditional,ccd_school_zip,high,8,multi-LEA zip; also International Charter School of Atlanta,https://educationdata.urban.org/api/v1/school-districts/ccd/directory/|https://nces.ed.gov/ccd/,2026-09-07
30076,GA,International Charter School of Atlanta,Atlanta,charter,ccd_school_zip,high,1,charter campus ZIP (choice school; not an attendance-zone claim); multi-LEA zip; also Fulton County Schools,https://educationdata.urban.org/api/v1/school-districts/ccd/directory/|https://nces.ed.gov/ccd/,2026-09-07
30078,GA,Gwinnett County Public Schools,Atlanta,traditional,ccd_school_zip,high,6,,https://educationdata.urban.org/api/v1/school-districts/ccd/directory/|https://nces.ed.gov/ccd/,2026-09-07
30079,GA,DeKalb County School District,Atlanta,traditional,ccd_school_zip,high,1,,https://educationdata.urban.org/api/v1/school-districts/ccd/directory/|https://nces.ed.gov/ccd/,2026-09-07
30080,GA,Cobb County School District,Atlanta,traditional,ccd_school_zip,high,7,multi-LEA ZCTA; also Marietta City Schools; census land≈12.52 sq mi (99% of LEA land in ZCTA),https://educationdata.urban.org/api/v1/school-districts/ccd/directory/|https://nces.ed.gov/ccd/|https://nces.ed.gov/programs/edge/Geographic/RelationshipFiles|https://nces.ed.gov/programs/edge/data/GRF24.zip,2026-09-07
30080,GA,Marietta City Schools,Atlanta,traditional,census_zcta_lea,low,,no open CCD school campus in this ZIP for this LEA; ZCTA∩LEA land from NCES EDGE GRF24; multi-LEA ZCTA; also Cobb County School District; census land≈0.10 sq mi (1% of LEA land in ZCTA); tiny land sliver — boundary edge; verify before routing parents solely here,https://nces.ed.gov/programs/edge/Geographic/RelationshipFiles|https://nces.ed.gov/programs/edge/data/GRF24.zip,2026-09-07
30080,GA,International Academy of Smyrna,Atlanta,charter,ccd_school_zip,high,1,"charter campus ZIP (choice school; not an attendance-zone claim); multi-LEA zip; also Cobb County School District, Marietta City Schools",https://educationdata.urban.org/api/v1/school-districts/ccd/directory/|https://nces.ed.gov/ccd/,2026-09-07
30082,GA,Cobb County School District,Atlanta,traditional,ccd_school_zip,high,5,,https://educationdata.urban.org/api/v1/school-districts/ccd/directory/|https://nces.ed.gov/ccd/,2026-09-07
30083,GA,DeKalb County School District,Atlanta,traditional,ccd_school_zip,high,16,,https://educationdata.urban.org/api/v1/school-districts/ccd/directory/|https://nces.ed.gov/ccd/,2026-09-07
30084,GA,DeKalb County School District,Atlanta,traditional,ccd_school_zip,high,6,multi-LEA ZCTA; also Gwinnett County Public Schools; census land≈12.26 sq mi (82% of LEA land in ZCTA),https://educationdata.urban.org/api/v1/school-districts/ccd/directory/|https://nces.ed.gov/ccd/|https://nces.ed.gov/programs/edge/Geographic/RelationshipFiles|https://nces.ed.gov/programs/edge/data/GRF24.zip,2026-09-07
30084,GA,Gwinnett County Public Schools,Atlanta,traditional,ccd_school_zip,high,1,multi-LEA ZCTA; also DeKalb County School District; census land≈2.62 sq mi (18% of LEA land in ZCTA),https://educationdata.urban.org/api/v1/school-districts/ccd/directory/|https://nces.ed.gov/ccd/|https://nces.ed.gov/programs/edge/Geographic/RelationshipFiles|https://nces.ed.gov/programs/edge/data/GRF24.zip,2026-09-07
30087,GA,DeKalb County School District,Atlanta,traditional,ccd_school_zip,high,5,multi-LEA ZCTA; also Gwinnett County Public Schools; census land≈15.41 sq mi (68% of LEA land in ZCTA),https://educationdata.urban.org/api/v1/school-districts/ccd/directory/|https://nces.ed.gov/ccd/|https://nces.ed.gov/programs/edge/Geographic/RelationshipFiles|https://nces.ed.gov/programs/edge/data/GRF24.zip,2026-09-07
30087,GA,Gwinnett County Public Schools,Atlanta,traditional,census_zcta_lea,medium,,no open CCD school campus in this ZIP for this LEA; ZCTA∩LEA land from NCES EDGE GRF24; multi-LEA ZCTA; also DeKalb County School District; census land≈7.21 sq mi (32% of LEA land in ZCTA),https://nces.ed.gov/programs/edge/Geographic/RelationshipFiles|https://nces.ed.gov/programs/edge/data/GRF24.zip,2026-09-07
30088,GA,DeKalb County School District,Atlanta,traditional,ccd_school_zip,high,3,,https://educationdata.urban.org/api/v1/school-districts/ccd/directory/|https://nces.ed.gov/ccd/,2026-09-07
30090,GA,Marietta City Schools,Atlanta,traditional,census_zcta_lea,medium,,no open CCD school campus in this ZIP for this LEA; ZCTA∩LEA land from NCES EDGE GRF24; census land≈0.01 sq mi in ZCTA; small land share in ZCTA — possible city/county edge,https://nces.ed.gov/programs/edge/Geographic/RelationshipFiles|https://nces.ed.gov/programs/edge/data/GRF24.zip,2026-09-07
30092,GA,Fulton County Schools,Atlanta,traditional,census_zcta_lea,low,,no open CCD school campus in this ZIP for this LEA; ZCTA∩LEA land from NCES EDGE GRF24; multi-LEA ZCTA; also Gwinnett County Public Schools; census land≈0.17 sq mi (1% of LEA land in ZCTA); tiny land sliver — boundary edge; verify before routing parents solely here,https://nces.ed.gov/programs/edge/Geographic/RelationshipFiles|https://nces.ed.gov/programs/edge/data/GRF24.zip,2026-09-07
30092,GA,Gwinnett County Public Schools,Atlanta,traditional,ccd_school_zip,high,5,multi-LEA ZCTA; also Fulton County Schools; census land≈11.00 sq mi (99% of LEA land in ZCTA),https://educationdata.urban.org/api/v1/school-districts/ccd/directory/|https://nces.ed.gov/ccd/|https://nces.ed.gov/programs/edge/Geographic/RelationshipFiles|https://nces.ed.gov/programs/edge/data/GRF24.zip,2026-09-07
30092,GA,International Charter Academy of Georgia,Atlanta,charter,ccd_school_zip,high,1,"charter campus ZIP (choice school; not an attendance-zone claim); multi-LEA zip; also Fulton County Schools, Gwinnett County Public Schools",https://educationdata.urban.org/api/v1/school-districts/ccd/directory/|https://nces.ed.gov/ccd/,2026-09-07
30093,GA,DeKalb County School District,Atlanta,traditional,census_zcta_lea,low,,no open CCD school campus in this ZIP for this LEA; ZCTA∩LEA land from NCES EDGE GRF24; multi-LEA ZCTA; also Gwinnett County Public Schools; census land≈0.01 sq mi (0% of LEA land in ZCTA); tiny land sliver — boundary edge; verify before routing parents solely here,https://nces.ed.gov/programs/edge/Geographic/RelationshipFiles|https://nces.ed.gov/programs/edge/data/GRF24.zip,2026-09-07
30093,GA,Gwinnett County Public Schools,Atlanta,traditional,ccd_school_zip,high,4,multi-LEA ZCTA; also DeKalb County School District; census land≈11.99 sq mi (100% of LEA land in ZCTA),https://educationdata.urban.org/api/v1/school-districts/ccd/directory/|https://nces.ed.gov/ccd/|https://nces.ed.gov/programs/edge/Geographic/RelationshipFiles|https://nces.ed.gov/programs/edge/data/GRF24.zip,2026-09-07
30094,GA,DeKalb County School District,Atlanta,traditional,census_zcta_lea,low,,no open CCD school campus in this ZIP for this LEA; ZCTA∩LEA land from NCES EDGE GRF24; multi-LEA ZCTA; also Rockdale County Public Schools; census land≈0.25 sq mi (1% of LEA land in ZCTA); tiny land sliver — boundary edge; verify before routing parents solely here,https://nces.ed.gov/programs/edge/Geographic/RelationshipFiles|https://nces.ed.gov/programs/edge/data/GRF24.zip,2026-09-07
30094,GA,Rockdale County Public Schools,Atlanta,traditional,ccd_school_zip,high,6,multi-LEA ZCTA; also DeKalb County School District; census land≈39.04 sq mi (99% of LEA land in ZCTA),https://educationdata.urban.org/api/v1/school-districts/ccd/directory/|https://nces.ed.gov/ccd/|https://nces.ed.gov/programs/edge/Geographic/RelationshipFiles|https://nces.ed.gov/programs/edge/data/GRF24.zip,2026-09-07
30096,GA,Fulton County Schools,Atlanta,traditional,census_zcta_lea,low,,no open CCD school campus in this ZIP for this LEA; ZCTA∩LEA land from NCES EDGE GRF24; multi-LEA ZCTA; also Gwinnett County Public Schools; census land≈0.00 sq mi (0% of LEA land in ZCTA); tiny land sliver — boundary edge; verify before routing parents solely here,https://nces.ed.gov/programs/edge/Geographic/RelationshipFiles|https://nces.ed.gov/programs/edge/data/GRF24.zip,2026-09-07
30096,GA,Gwinnett County Public Schools,Atlanta,traditional,ccd_school_zip,high,11,multi-LEA ZCTA; also Fulton County Schools; census land≈22.74 sq mi (100% of LEA land in ZCTA),https://educationdata.urban.org/api/v1/school-districts/ccd/directory/|https://nces.ed.gov/ccd/|https://nces.ed.gov/programs/edge/Geographic/RelationshipFiles|https://nces.ed.gov/programs/edge/data/GRF24.zip,2026-09-07
30096,GA,Yi Hwang Academy of Language Excellence,Atlanta,charter,ccd_school_zip,high,1,"charter campus ZIP (choice school; not an attendance-zone claim); multi-LEA zip; also Fulton County Schools, Gwinnett County Public Schools",https://educationdata.urban.org/api/v1/school-districts/ccd/directory/|https://nces.ed.gov/ccd/,2026-09-07
30097,GA,Forsyth County Schools,Atlanta,traditional,census_zcta_lea,medium,,"no open CCD school campus in this ZIP for this LEA; ZCTA∩LEA land from NCES EDGE GRF24; multi-LEA ZCTA; also Fulton County Schools, Gwinnett County Public Schools; census land≈1.73 sq mi (7% of LEA land in ZCTA); small land share in ZCTA — possible city/county edge",https://nces.ed.gov/programs/edge/Geographic/RelationshipFiles|https://nces.ed.gov/programs/edge/data/GRF24.zip,2026-09-07
30097,GA,Fulton County Schools,Atlanta,traditional,ccd_school_zip,high,6,"multi-LEA ZCTA; also Forsyth County Schools, Gwinnett County Public Schools; census land≈11.68 sq mi (50% of LEA land in ZCTA)",https://educationdata.urban.org/api/v1/school-districts/ccd/directory/|https://nces.ed.gov/ccd/|https://nces.ed.gov/programs/edge/Geographic/RelationshipFiles|https://nces.ed.gov/programs/edge/data/GRF24.zip,2026-09-07
30097,GA,Gwinnett County Public Schools,Atlanta,traditional,ccd_school_zip,high,2,"multi-LEA ZCTA; also Forsyth County Schools, Fulton County Schools; census land≈10.11 sq mi (43% of LEA land in ZCTA)",https://educationdata.urban.org/api/v1/school-districts/ccd/directory/|https://nces.ed.gov/ccd/|https://nces.ed.gov/programs/edge/Geographic/RelationshipFiles|https://nces.ed.gov/programs/edge/data/GRF24.zip,2026-09-07
30097,GA,Georgia Connections Academy,Atlanta,charter,ccd_school_zip,high,1,"charter campus ZIP (choice school; not an attendance-zone claim); multi-LEA zip; also Forsyth County Schools, Fulton County Schools, Gwinnett County Public Schools",https://educationdata.urban.org/api/v1/school-districts/ccd/directory/|https://nces.ed.gov/ccd/,2026-09-07
30101,GA,Bartow County School System,Atlanta,traditional,census_zcta_lea,medium,,"no open CCD school campus in this ZIP for this LEA; ZCTA∩LEA land from NCES EDGE GRF24; multi-LEA ZCTA; also Cartersville City Schools, Cherokee County School District, Cobb County School District, Paulding County School District; census land≈1.99 sq mi (5% of LEA land in ZCTA); small land share in ZCTA — possible city/county edge",https://nces.ed.gov/programs/edge/Geographic/RelationshipFiles|https://nces.ed.gov/programs/edge/data/GRF24.zip,2026-09-07
30101,GA,Cartersville City Schools,Atlanta,traditional,census_zcta_lea,low,,"no open CCD school campus in this ZIP for this LEA; ZCTA∩LEA land from NCES EDGE GRF24; multi-LEA ZCTA; also Bartow County School System, Cherokee County School District, Cobb County School District, Paulding County School District; census land≈0.01 sq mi (0% of LEA land in ZCTA); tiny land sliver — boundary edge; verify before routing parents solely here",https://nces.ed.gov/programs/edge/Geographic/RelationshipFiles|https://nces.ed.gov/programs/edge/data/GRF24.zip,2026-09-07
30101,GA,Cherokee County School District,Atlanta,traditional,census_zcta_lea,low,,"no open CCD school campus in this ZIP for this LEA; ZCTA∩LEA land from NCES EDGE GRF24; multi-LEA ZCTA; also Bartow County School System, Cartersville City Schools, Cobb County School District, Paulding County School District; census land≈0.24 sq mi (1% of LEA land in ZCTA); tiny land sliver — boundary edge; verify before routing parents solely here",https://nces.ed.gov/programs/edge/Geographic/RelationshipFiles|https://nces.ed.gov/programs/edge/data/GRF24.zip,2026-09-07
30101,GA,Cobb County School District,Atlanta,traditional,ccd_school_zip,high,9,"multi-LEA ZCTA; also Bartow County School System, Cartersville City Schools, Cherokee County School District, Paulding County School District; census land≈27.90 sq mi (68% of LEA land in ZCTA)",https://educationdata.urban.org/api/v1/school-districts/ccd/directory/|https://nces.ed.gov/ccd/|https://nces.ed.gov/programs/edge/Geographic/RelationshipFiles|https://nces.ed.gov/programs/edge/data/GRF24.zip,2026-09-07
30101,GA,Paulding County School District,Atlanta,traditional,census_zcta_lea,medium,,"no open CCD school campus in this ZIP for this LEA; ZCTA∩LEA land from NCES EDGE GRF24; multi-LEA ZCTA; also Bartow County School System, Cartersville City Schools, Cherokee County School District, Cobb County School District; census land≈10.81 sq mi (26% of LEA land in ZCTA)",https://nces.ed.gov/programs/edge/Geographic/RelationshipFiles|https://nces.ed.gov/programs/edge/data/GRF24.zip,2026-09-07
30102,GA,Bartow County School System,Atlanta,traditional,ccd_school_zip,high,1,"multi-LEA ZCTA; also Cherokee County School District, Cobb County School District; census land≈12.25 sq mi (39% of LEA land in ZCTA)",https://educationdata.urban.org/api/v1/school-districts/ccd/directory/|https://nces.ed.gov/ccd/|https://nces.ed.gov/programs/edge/Geographic/RelationshipFiles|https://nces.ed.gov/programs/edge/data/GRF24.zip,2026-09-07
30102,GA,Cherokee County School District,Atlanta,traditional,ccd_school_zip,high,2,"multi-LEA ZCTA; also Bartow County School System, Cobb County School District; census land≈15.57 sq mi (50% of LEA land in ZCTA)",https://educationdata.urban.org/api/v1/school-districts/ccd/directory/|https://nces.ed.gov/ccd/|https://nces.ed.gov/programs/edge/Geographic/RelationshipFiles|https://nces.ed.gov/programs/edge/data/GRF24.zip,2026-09-07
30102,GA,Cobb County School District,Atlanta,traditional,ccd_school_zip,high,1,"multi-LEA ZCTA; also Bartow County School System, Cherokee County School District; census land≈3.61 sq mi (11% of LEA land in ZCTA)",https://educationdata.urban.org/api/v1/school-districts/ccd/directory/|https://nces.ed.gov/ccd/|https://nces.ed.gov/programs/edge/Geographic/RelationshipFiles|https://nces.ed.gov/programs/edge/data/GRF24.zip,2026-09-07
30103,GA,Bartow County School System,Atlanta,traditional,ccd_school_zip,high,3,"multi-LEA ZCTA; also Calhoun City Schools, Floyd County Schools, Gordon County Schools; census land≈71.26 sq mi (69% of LEA land in ZCTA)",https://educationdata.urban.org/api/v1/school-districts/ccd/directory/|https://nces.ed.gov/ccd/|https://nces.ed.gov/programs/edge/Geographic/RelationshipFiles|https://nces.ed.gov/programs/edge/data/GRF24.zip,2026-09-07
30103,GA,Calhoun City Schools,Calhoun,traditional,census_zcta_lea,medium,,"no open CCD school campus in this ZIP for this LEA; ZCTA∩LEA land from NCES EDGE GRF24; multi-LEA ZCTA; also Bartow County School System, Floyd County Schools, Gordon County Schools; census land≈0.57 sq mi (1% of LEA land in ZCTA); small land share in ZCTA — possible city/county edge",https://nces.ed.gov/programs/edge/Geographic/RelationshipFiles|https://nces.ed.gov/programs/edge/data/GRF24.zip,2026-09-07
30103,GA,Floyd County Schools,Rome,traditional,census_zcta_lea,medium,,"no open CCD school campus in this ZIP for this LEA; ZCTA∩LEA land from NCES EDGE GRF24; multi-LEA ZCTA; also Bartow County School System, Calhoun City Schools, Gordon County Schools; census land≈7.65 sq mi (7% of LEA land in ZCTA); small land share in ZCTA — possible city/county edge",https://nces.ed.gov/programs/edge/Geographic/RelationshipFiles|https://nces.ed.gov/programs/edge/data/GRF24.zip,2026-09-07
30103,GA,Gordon County Schools,Calhoun,traditional,census_zcta_lea,medium,,"no open CCD school campus in this ZIP for this LEA; ZCTA∩LEA land from NCES EDGE GRF24; multi-LEA ZCTA; also Bartow County School System, Calhoun City Schools, Floyd County Schools; census land≈24.43 sq mi (24% of LEA land in ZCTA)",https://nces.ed.gov/programs/edge/Geographic/RelationshipFiles|https://nces.ed.gov/programs/edge/data/GRF24.zip,2026-09-07
30104,GA,Bartow County School System,Atlanta,traditional,census_zcta_lea,medium,,"no open CCD school campus in this ZIP for this LEA; ZCTA∩LEA land from NCES EDGE GRF24; multi-LEA ZCTA; also Floyd County Schools, Polk County Schools; census land≈4.20 sq mi (12% of LEA land in ZCTA); small land share in ZCTA — possible city/county edge",https://nces.ed.gov/programs/edge/Geographic/RelationshipFiles|https://nces.ed.gov/programs/edge/data/GRF24.zip,2026-09-07
30104,GA,Floyd County Schools,Rome,traditional,census_zcta_lea,medium,,"no open CCD school campus in this ZIP for this LEA; ZCTA∩LEA land from NCES EDGE GRF24; multi-LEA ZCTA; also Bartow County School System, Polk County Schools; census land≈10.44 sq mi (31% of LEA land in ZCTA)",https://nces.ed.gov/programs/edge/Geographic/RelationshipFiles|https://nces.ed.gov/programs/edge/data/GRF24.zip,2026-09-07
30104,GA,Polk County Schools,Cedartown,traditional,census_zcta_lea,medium,,"no open CCD school campus in this ZIP for this LEA; ZCTA∩LEA land from NCES EDGE GRF24; multi-LEA ZCTA; also Bartow County School System, Floyd County Schools; census land≈19.35 sq mi (57% of LEA land in ZCTA)",https://nces.ed.gov/programs/edge/Geographic/RelationshipFiles|https://nces.ed.gov/programs/edge/data/GRF24.zip,2026-09-07
30105,GA,Chattooga County Schools,Summerville,traditional,census_zcta_lea,medium,,no open CCD school campus in this ZIP for this LEA; ZCTA∩LEA land from NCES EDGE GRF24; multi-LEA ZCTA; also Floyd County Schools; census land≈10.58 sq mi (19% of LEA land in ZCTA),https://nces.ed.gov/programs/edge/Geographic/RelationshipFiles|https://nces.ed.gov/programs/edge/data/GRF24.zip,2026-09-07
30105,GA,Floyd County Schools,Rome,traditional,ccd_school_zip,high,1,multi-LEA ZCTA; also Chattooga County Schools; census land≈43.84 sq mi (81% of LEA land in ZCTA),https://educationdata.urban.org/api/v1/school-districts/ccd/directory/|https://nces.ed.gov/ccd/|https://nces.ed.gov/programs/edge/Geographic/RelationshipFiles|https://nces.ed.gov/programs/edge/data/GRF24.zip,2026-09-07
30106,GA,Cobb County School District,Atlanta,traditional,ccd_school_zip,high,6,multi-LEA ZCTA; also Douglas County School System; census land≈12.29 sq mi (97% of LEA land in ZCTA),https://educationdata.urban.org/api/v1/school-districts/ccd/directory/|https://nces.ed.gov/ccd/|https://nces.ed.gov/programs/edge/Geographic/RelationshipFiles|https://nces.ed.gov/programs/edge/data/GRF24.zip,2026-09-07
30106,GA,Douglas County School System,Atlanta,traditional,census_zcta_lea,low,,no open CCD school campus in this ZIP for this LEA; ZCTA∩LEA land from NCES EDGE GRF24; multi-LEA ZCTA; also Cobb County School District; census land≈0.32 sq mi (3% of LEA land in ZCTA); tiny land sliver — boundary edge; verify before routing parents solely here,https://nces.ed.gov/programs/edge/Geographic/RelationshipFiles|https://nces.ed.gov/programs/edge/data/GRF24.zip,2026-09-07
30107,GA,Cherokee County School District,Atlanta,traditional,ccd_school_zip,high,1,"multi-LEA ZCTA; also Forsyth County Schools, Pickens County Schools; census land≈86.95 sq mi (80% of LEA land in ZCTA)",https://educationdata.urban.org/api/v1/school-districts/ccd/directory/|https://nces.ed.gov/ccd/|https://nces.ed.gov/programs/edge/Geographic/RelationshipFiles|https://nces.ed.gov/programs/edge/data/GRF24.zip,2026-09-07
30107,GA,Forsyth County Schools,Atlanta,traditional,census_zcta_lea,medium,,"no open CCD school campus in this ZIP for this LEA; ZCTA∩LEA land from NCES EDGE GRF24; multi-LEA ZCTA; also Cherokee County School District, Pickens County Schools; census land≈4.83 sq mi (4% of LEA land in ZCTA); small land share in ZCTA — possible city/county edge",https://nces.ed.gov/programs/edge/Geographic/RelationshipFiles|https://nces.ed.gov/programs/edge/data/GRF24.zip,2026-09-07
30107,GA,Pickens County Schools,Atlanta,traditional,census_zcta_lea,medium,,"no open CCD school campus in this ZIP for this LEA; ZCTA∩LEA land from NCES EDGE GRF24; multi-LEA ZCTA; also Cherokee County School District, Forsyth County Schools; census land≈16.34 sq mi (15% of LEA land in ZCTA)",https://nces.ed.gov/programs/edge/Geographic/RelationshipFiles|https://nces.ed.gov/programs/edge/data/GRF24.zip,2026-09-07
30108,GA,Carroll County Schools,Atlanta,traditional,ccd_school_zip,high,4,multi-LEA ZCTA; also Heard County School District; census land≈86.15 sq mi (96% of LEA land in ZCTA),https://educationdata.urban.org/api/v1/school-districts/ccd/directory/|https://nces.ed.gov/ccd/|https://nces.ed.gov/programs/edge/Geographic/RelationshipFiles|https://nces.ed.gov/programs/edge/data/GRF24.zip,2026-09-07
30108,GA,Heard County School District,Atlanta,traditional,census_zcta_lea,medium,,no open CCD school campus in this ZIP for this LEA; ZCTA∩LEA land from NCES EDGE GRF24; multi-LEA ZCTA; also Carroll County Schools; census land≈3.22 sq mi (4% of LEA land in ZCTA); small land share in ZCTA — possible city/county edge,https://nces.ed.gov/programs/edge/Geographic/RelationshipFiles|https://nces.ed.gov/programs/edge/data/GRF24.zip,2026-09-07
30110,GA,Bremen City Schools,Atlanta,traditional,ccd_school_zip,high,4,"multi-LEA ZCTA; also Carroll County Schools, Haralson County Schools; census land≈9.23 sq mi (13% of LEA land in ZCTA)",https://educationdata.urban.org/api/v1/school-districts/ccd/directory/|https://nces.ed.gov/ccd/|https://nces.ed.gov/programs/edge/Geographic/RelationshipFiles|https://nces.ed.gov/programs/edge/data/GRF24.zip,2026-09-07
30110,GA,Carroll County Schools,Atlanta,traditional,census_zcta_lea,medium,,"no open CCD school campus in this ZIP for this LEA; ZCTA∩LEA land from NCES EDGE GRF24; multi-LEA ZCTA; also Bremen City Schools, Haralson County Schools; census land≈6.52 sq mi (9% of LEA land in ZCTA); small land share in ZCTA — possible city/county edge",https://nces.ed.gov/programs/edge/Geographic/RelationshipFiles|https://nces.ed.gov/programs/edge/data/GRF24.zip,2026-09-07
30110,GA,Haralson County Schools,Atlanta,traditional,census_zcta_lea,medium,,"no open CCD school campus in this ZIP for this LEA; ZCTA∩LEA land from NCES EDGE GRF24; multi-LEA ZCTA; also Bremen City Schools, Carroll County Schools; census land≈56.29 sq mi (78% of LEA land in ZCTA)",https://nces.ed.gov/programs/edge/Geographic/RelationshipFiles|https://nces.ed.gov/programs/edge/data/GRF24.zip,2026-09-07
30111,GA,Cobb County School District,Atlanta,traditional,census_zcta_lea,medium,,no open CCD school campus in this ZIP for this LEA; ZCTA∩LEA land from NCES EDGE GRF24; census land≈0.41 sq mi in ZCTA; small land share in ZCTA — possible city/county edge,https://nces.ed.gov/programs/edge/Geographic/RelationshipFiles|https://nces.ed.gov/programs/edge/data/GRF24.zip,2026-09-07
30113,GA,Haralson County Schools,Atlanta,traditional,ccd_school_zip,high,2,multi-LEA ZCTA; also Polk County Schools; census land≈94.24 sq mi (92% of LEA land in ZCTA),https://educationdata.urban.org/api/v1/school-districts/ccd/directory/|https://nces.ed.gov/ccd/|https://nces.ed.gov/programs/edge/Geographic/RelationshipFiles|https://nces.ed.gov/programs/edge/data/GRF24.zip,2026-09-07
30113,GA,Polk County Schools,Cedartown,traditional,census_zcta_lea,medium,,no open CCD school campus in this ZIP for this LEA; ZCTA∩LEA land from NCES EDGE GRF24; multi-LEA ZCTA; also Haralson County Schools; census land≈7.80 sq mi (8% of LEA land in ZCTA); small land share in ZCTA — possible city/county edge,https://nces.ed.gov/programs/edge/Geographic/RelationshipFiles|https://nces.ed.gov/programs/edge/data/GRF24.zip,2026-09-07
30114,GA,Cherokee County School District,Atlanta,traditional,ccd_school_zip,high,9,multi-LEA zip; also Cherokee Classical Academy,https://educationdata.urban.org/api/v1/school-districts/ccd/directory/|https://nces.ed.gov/ccd/,2026-09-07
30114,GA,Cherokee Classical Academy,Atlanta,charter,ccd_school_zip,high,1,charter campus ZIP (choice school; not an attendance-zone claim); multi-LEA zip; also Cherokee County School District,https://educationdata.urban.org/api/v1/school-districts/ccd/directory/|https://nces.ed.gov/ccd/,2026-09-07
30115,GA,Cherokee County School District,Atlanta,traditional,ccd_school_zip,high,10,,https://educationdata.urban.org/api/v1/school-districts/ccd/directory/|https://nces.ed.gov/ccd/,2026-09-07
30116,GA,Carroll County Schools,Atlanta,traditional,ccd_school_zip,high,5,multi-LEA ZCTA; also Carrollton City Schools; census land≈101.09 sq mi (96% of LEA land in ZCTA),https://educationdata.urban.org/api/v1/school-districts/ccd/directory/|https://nces.ed.gov/ccd/|https://nces.ed.gov/programs/edge/Geographic/RelationshipFiles|https://nces.ed.gov/programs/edge/data/GRF24.zip,2026-09-07
30116,GA,Carrollton City Schools,Atlanta,traditional,census_zcta_lea,medium,,no open CCD school campus in this ZIP for this LEA; ZCTA∩LEA land from NCES EDGE GRF24; multi-LEA ZCTA; also Carroll County Schools; census land≈3.86 sq mi (4% of LEA land in ZCTA); small land share in ZCTA — possible city/county edge,https://nces.ed.gov/programs/edge/Geographic/RelationshipFiles|https://nces.ed.gov/programs/edge/data/GRF24.zip,2026-09-07
30117,GA,Bremen City Schools,Atlanta,traditional,census_zcta_lea,low,,"no open CCD school campus in this ZIP for this LEA; ZCTA∩LEA land from NCES EDGE GRF24; multi-LEA ZCTA; also Carroll County Schools, Carrollton City Schools; census land≈0.11 sq mi (0% of LEA land in ZCTA); tiny land sliver — boundary edge; verify before routing parents solely here",https://nces.ed.gov/programs/edge/Geographic/RelationshipFiles|https://nces.ed.gov/programs/edge/data/GRF24.zip,2026-09-07
30117,GA,Carroll County Schools,Atlanta,traditional,ccd_school_zip,high,3,"multi-LEA ZCTA; also Bremen City Schools, Carrollton City Schools; census land≈89.33 sq mi (83% of LEA land in ZCTA)",https://educationdata.urban.org/api/v1/school-districts/ccd/directory/|https://nces.ed.gov/ccd/|https://nces.ed.gov/programs/edge/Geographic/RelationshipFiles|https://nces.ed.gov/programs/edge/data/GRF24.zip,2026-09-07
30117,GA,Carrollton City Schools,Atlanta,traditional,ccd_school_zip,high,4,"multi-LEA ZCTA; also Bremen City Schools, Carroll County Schools; census land≈18.66 sq mi (17% of LEA land in ZCTA)",https://educationdata.urban.org/api/v1/school-districts/ccd/directory/|https://nces.ed.gov/ccd/|https://nces.ed.gov/programs/edge/Geographic/RelationshipFiles|https://nces.ed.gov/programs/edge/data/GRF24.zip,2026-09-07
30118,GA,Carrollton City Schools,Atlanta,traditional,census_zcta_lea,medium,,no open CCD school campus in this ZIP for this LEA; ZCTA∩LEA land from NCES EDGE GRF24; census land≈0.20 sq mi in ZCTA; small land share in ZCTA — possible city/county edge,https://nces.ed.gov/programs/edge/Geographic/RelationshipFiles|https://nces.ed.gov/programs/edge/data/GRF24.zip,2026-09-07
30120,GA,Bartow County School System,Atlanta,traditional,ccd_school_zip,high,4,"multi-LEA ZCTA; also Cartersville City Schools, Paulding County School District; census land≈74.19 sq mi (80% of LEA land in ZCTA)",https://educationdata.urban.org/api/v1/school-districts/ccd/directory/|https://nces.ed.gov/ccd/|https://nces.ed.gov/programs/edge/Geographic/RelationshipFiles|https://nces.ed.gov/programs/edge/data/GRF24.zip,2026-09-07
30120,GA,Cartersville City Schools,Atlanta,traditional,ccd_school_zip,high,4,"multi-LEA ZCTA; also Bartow County School System, Paulding County School District; census land≈18.44 sq mi (20% of LEA land in ZCTA)",https://educationdata.urban.org/api/v1/school-districts/ccd/directory/|https://nces.ed.gov/ccd/|https://nces.ed.gov/programs/edge/Geographic/RelationshipFiles|https://nces.ed.gov/programs/edge/data/GRF24.zip,2026-09-07
30120,GA,Paulding County School District,Atlanta,traditional,census_zcta_lea,low,,"no open CCD school campus in this ZIP for this LEA; ZCTA∩LEA land from NCES EDGE GRF24; multi-LEA ZCTA; also Bartow County School System, Cartersville City Schools; census land≈0.35 sq mi (0% of LEA land in ZCTA); tiny land sliver — boundary edge; verify before routing parents solely here",https://nces.ed.gov/programs/edge/Geographic/RelationshipFiles|https://nces.ed.gov/programs/edge/data/GRF24.zip,2026-09-07
30121,GA,Bartow County School System,Atlanta,traditional,ccd_school_zip,high,2,multi-LEA ZCTA; also Cartersville City Schools; census land≈49.17 sq mi (85% of LEA land in ZCTA),https://educationdata.urban.org/api/v1/school-districts/ccd/directory/|https://nces.ed.gov/ccd/|https://nces.ed.gov/programs/edge/Geographic/RelationshipFiles|https://nces.ed.gov/programs/edge/data/GRF24.zip,2026-09-07
30121,GA,Cartersville City Schools,Atlanta,traditional,census_zcta_lea,medium,,no open CCD school campus in this ZIP for this LEA; ZCTA∩LEA land from NCES EDGE GRF24; multi-LEA ZCTA; also Bartow County School System; census land≈8.53 sq mi (15% of LEA land in ZCTA); small land share in ZCTA — possible city/county edge,https://nces.ed.gov/programs/edge/Geographic/RelationshipFiles|https://nces.ed.gov/programs/edge/data/GRF24.zip,2026-09-07
30122,GA,Cobb County School District,Atlanta,traditional,census_zcta_lea,low,,no open CCD school campus in this ZIP for this LEA; ZCTA∩LEA land from NCES EDGE GRF24; multi-LEA ZCTA; also Douglas County School System; census land≈0.16 sq mi (1% of LEA land in ZCTA); tiny land sliver — boundary edge; verify before routing parents solely here,https://nces.ed.gov/programs/edge/Geographic/RelationshipFiles|https://nces.ed.gov/programs/edge/data/GRF24.zip,2026-09-07
30122,GA,Douglas County School System,Atlanta,traditional,ccd_school_zip,high,6,multi-LEA ZCTA; also Cobb County School District; census land≈24.58 sq mi (99% of LEA land in ZCTA),https://educationdata.urban.org/api/v1/school-districts/ccd/directory/|https://nces.ed.gov/ccd/|https://nces.ed.gov/programs/edge/Geographic/RelationshipFiles|https://nces.ed.gov/programs/edge/data/GRF24.zip,2026-09-07
30122,GA,D.E.L.T.A. STEAM Academy,Atlanta,charter,ccd_school_zip,high,1,"charter campus ZIP (choice school; not an attendance-zone claim); multi-LEA zip; also Cobb County School District, Douglas County School System",https://educationdata.urban.org/api/v1/school-districts/ccd/directory/|https://nces.ed.gov/ccd/,2026-09-07
30124,GA,Floyd County Schools,Rome,traditional,census_zcta_lea,medium,,no open CCD school campus in this ZIP for this LEA; ZCTA∩LEA land from NCES EDGE GRF24; multi-LEA ZCTA; also Polk County Schools; census land≈59.37 sq mi (99% of LEA land in ZCTA),https://nces.ed.gov/programs/edge/Geographic/RelationshipFiles|https://nces.ed.gov/programs/edge/data/GRF24.zip,2026-09-07
30124,GA,Polk County Schools,Cedartown,traditional,census_zcta_lea,medium,,no open CCD school campus in this ZIP for this LEA; ZCTA∩LEA land from NCES EDGE GRF24; multi-LEA ZCTA; also Floyd County Schools; census land≈0.64 sq mi (1% of LEA land in ZCTA); small land share in ZCTA — possible city/county edge,https://nces.ed.gov/programs/edge/Geographic/RelationshipFiles|https://nces.ed.gov/programs/edge/data/GRF24.zip,2026-09-07
30125,GA,Floyd County Schools,Rome,traditional,census_zcta_lea,medium,,"no open CCD school campus in this ZIP for this LEA; ZCTA∩LEA land from NCES EDGE GRF24; multi-LEA ZCTA; also Haralson County Schools, Polk County Schools; census land≈4.03 sq mi (2% of LEA land in ZCTA); small land share in ZCTA — possible city/county edge",https://nces.ed.gov/programs/edge/Geographic/RelationshipFiles|https://nces.ed.gov/programs/edge/data/GRF24.zip,2026-09-07
30125,GA,Haralson County Schools,Atlanta,traditional,census_zcta_lea,medium,,"no open CCD school campus in this ZIP for this LEA; ZCTA∩LEA land from NCES EDGE GRF24; multi-LEA ZCTA; also Floyd County Schools, Polk County Schools; census land≈0.88 sq mi (0% of LEA land in ZCTA); small land share in ZCTA — possible city/county edge",https://nces.ed.gov/programs/edge/Geographic/RelationshipFiles|https://nces.ed.gov/programs/edge/data/GRF24.zip,2026-09-07
30125,GA,Polk County Schools,Cedartown,traditional,ccd_school_zip,high,7,"multi-LEA ZCTA; also Floyd County Schools, Haralson County Schools; census land≈177.34 sq mi (97% of LEA land in ZCTA)",https://educationdata.urban.org/api/v1/school-districts/ccd/directory/|https://nces.ed.gov/ccd/|https://nces.ed.gov/programs/edge/Geographic/RelationshipFiles|https://nces.ed.gov/programs/edge/data/GRF24.zip,2026-09-07
30126,GA,Cobb County School District,Atlanta,traditional,ccd_school_zip,high,9,multi-LEA zip; also Amana Academy West Atlanta,https://educationdata.urban.org/api/v1/school-districts/ccd/directory/|https://nces.ed.gov/ccd/,2026-09-07
30126,GA,Amana Academy West Atlanta,Atlanta,charter,ccd_school_zip,high,1,charter campus ZIP (choice school; not an attendance-zone claim); multi-LEA zip; also Cobb County School District,https://educationdata.urban.org/api/v1/school-districts/ccd/directory/|https://nces.ed.gov/ccd/,2026-09-07
30127,GA,Cobb County School District,Atlanta,traditional,ccd_school_zip,high,11,"multi-LEA ZCTA; also Douglas County School System, Paulding County School District; census land≈43.55 sq mi (85% of LEA land in ZCTA)",https://educationdata.urban.org/api/v1/school-districts/ccd/directory/|https://nces.ed.gov/ccd/|https://nces.ed.gov/programs/edge/Geographic/RelationshipFiles|https://nces.ed.gov/programs/edge/data/GRF24.zip,2026-09-07
30127,GA,Douglas County School System,Atlanta,traditional,census_zcta_lea,low,,"no open CCD school campus in this ZIP for this LEA; ZCTA∩LEA land from NCES EDGE GRF24; multi-LEA ZCTA; also Cobb County School District, Paulding County School District; census land≈0.01 sq mi (0% of LEA land in ZCTA); tiny land sliver — boundary edge; verify before routing parents solely here",https://nces.ed.gov/programs/edge/Geographic/RelationshipFiles|https://nces.ed.gov/programs/edge/data/GRF24.zip,2026-09-07
30127,GA,Paulding County School District,Atlanta,traditional,ccd_school_zip,high,2,"multi-LEA ZCTA; also Cobb County School District, Douglas County School System; census land≈7.74 sq mi (15% of LEA land in ZCTA)",https://educationdata.urban.org/api/v1/school-districts/ccd/directory/|https://nces.ed.gov/ccd/|https://nces.ed.gov/programs/edge/Geographic/RelationshipFiles|https://nces.ed.gov/programs/edge/data/GRF24.zip,2026-09-07
30132,GA,Paulding County School District,Atlanta,traditional,ccd_school_zip,high,11,,https://educationdata.urban.org/api/v1/school-districts/ccd/directory/|https://nces.ed.gov/ccd/,2026-09-07
30134,GA,Douglas County School System,Atlanta,traditional,ccd_school_zip,high,7,multi-LEA ZCTA; also Paulding County School District; census land≈35.24 sq mi (68% of LEA land in ZCTA),https://educationdata.urban.org/api/v1/school-districts/ccd/directory/|https://nces.ed.gov/ccd/|https://nces.ed.gov/programs/edge/Geographic/RelationshipFiles|https://nces.ed.gov/programs/edge/data/GRF24.zip,2026-09-07
30134,GA,Paulding County School District,Atlanta,traditional,ccd_school_zip,high,4,multi-LEA ZCTA; also Douglas County School System; census land≈16.86 sq mi (32% of LEA land in ZCTA),https://educationdata.urban.org/api/v1/school-districts/ccd/directory/|https://nces.ed.gov/ccd/|https://nces.ed.gov/programs/edge/Geographic/RelationshipFiles|https://nces.ed.gov/programs/edge/data/GRF24.zip,2026-09-07
30135,GA,Douglas County School System,Atlanta,traditional,ccd_school_zip,high,18,,https://educationdata.urban.org/api/v1/school-districts/ccd/directory/|https://nces.ed.gov/ccd/,2026-09-07
30137,GA,Bartow County School System,Atlanta,traditional,ccd_school_zip,high,2,,https://educationdata.urban.org/api/v1/school-districts/ccd/directory/|https://nces.ed.gov/ccd/,2026-09-07
30139,GA,Bartow County School System,Atlanta,traditional,census_zcta_lea,medium,,"no open CCD school campus in this ZIP for this LEA; ZCTA∩LEA land from NCES EDGE GRF24; multi-LEA ZCTA; also Cherokee County School District, Gordon County Schools, Pickens County Schools; census land≈13.10 sq mi (18% of LEA land in ZCTA)",https://nces.ed.gov/programs/edge/Geographic/RelationshipFiles|https://nces.ed.gov/programs/edge/data/GRF24.zip,2026-09-07
30139,GA,Cherokee County School District,Atlanta,traditional,census_zcta_lea,medium,,"no open CCD school campus in this ZIP for this LEA; ZCTA∩LEA land from NCES EDGE GRF24; multi-LEA ZCTA; also Bartow County School System, Gordon County Schools, Pickens County Schools; census land≈0.72 sq mi (1% of LEA land in ZCTA); small land share in ZCTA — possible city/county edge",https://nces.ed.gov/programs/edge/Geographic/RelationshipFiles|https://nces.ed.gov/programs/edge/data/GRF24.zip,2026-09-07
30139,GA,Gordon County Schools,Calhoun,traditional,ccd_school_zip,high,1,"multi-LEA ZCTA; also Bartow County School System, Cherokee County School District, Pickens County Schools; census land≈43.62 sq mi (60% of LEA land in ZCTA)",https://educationdata.urban.org/api/v1/school-districts/ccd/directory/|https://nces.ed.gov/ccd/|https://nces.ed.gov/programs/edge/Geographic/RelationshipFiles|https://nces.ed.gov/programs/edge/data/GRF24.zip,2026-09-07
30139,GA,Pickens County Schools,Atlanta,traditional,census_zcta_lea,medium,,"no open CCD school campus in this ZIP for this LEA; ZCTA∩LEA land from NCES EDGE GRF24; multi-LEA ZCTA; also Bartow County School System, Cherokee County School District, Gordon County Schools; census land≈15.07 sq mi (21% of LEA land in ZCTA)",https://nces.ed.gov/programs/edge/Geographic/RelationshipFiles|https://nces.ed.gov/programs/edge/data/GRF24.zip,2026-09-07
30141,GA,Cobb County School District,Atlanta,traditional,census_zcta_lea,low,,no open CCD school campus in this ZIP for this LEA; ZCTA∩LEA land from NCES EDGE GRF24; multi-LEA ZCTA; also Paulding County School District; census land≈0.06 sq mi (0% of LEA land in ZCTA); tiny land sliver — boundary edge; verify before routing parents solely here,https://nces.ed.gov/programs/edge/Geographic/RelationshipFiles|https://nces.ed.gov/programs/edge/data/GRF24.zip,2026-09-07
30141,GA,Paulding County School District,Atlanta,traditional,ccd_school_zip,high,4,multi-LEA ZCTA; also Cobb County School District; census land≈27.56 sq mi (100% of LEA land in ZCTA),https://educationdata.urban.org/api/v1/school-districts/ccd/directory/|https://nces.ed.gov/ccd/|https://nces.ed.gov/programs/edge/Geographic/RelationshipFiles|https://nces.ed.gov/programs/edge/data/GRF24.zip,2026-09-07
30143,GA,Cherokee County School District,Atlanta,traditional,census_zcta_lea,medium,,"no open CCD school campus in this ZIP for this LEA; ZCTA∩LEA land from NCES EDGE GRF24; multi-LEA ZCTA; also Dawson County School System, Pickens County Schools; census land≈2.91 sq mi (2% of LEA land in ZCTA); small land share in ZCTA — possible city/county edge",https://nces.ed.gov/programs/edge/Geographic/RelationshipFiles|https://nces.ed.gov/programs/edge/data/GRF24.zip,2026-09-07
30143,GA,Dawson County School System,Atlanta,traditional,census_zcta_lea,medium,,"no open CCD school campus in this ZIP for this LEA; ZCTA∩LEA land from NCES EDGE GRF24; multi-LEA ZCTA; also Cherokee County School District, Pickens County Schools; census land≈14.37 sq mi (10% of LEA land in ZCTA); small land share in ZCTA — possible city/county edge",https://nces.ed.gov/programs/edge/Geographic/RelationshipFiles|https://nces.ed.gov/programs/edge/data/GRF24.zip,2026-09-07
30143,GA,Pickens County Schools,Atlanta,traditional,ccd_school_zip,high,5,"multi-LEA ZCTA; also Cherokee County School District, Dawson County School System; census land≈128.02 sq mi (88% of LEA land in ZCTA)",https://educationdata.urban.org/api/v1/school-districts/ccd/directory/|https://nces.ed.gov/ccd/|https://nces.ed.gov/programs/edge/Geographic/RelationshipFiles|https://nces.ed.gov/programs/edge/data/GRF24.zip,2026-09-07
30144,GA,Cobb County School District,Atlanta,traditional,ccd_school_zip,high,6,multi-LEA ZCTA; also Marietta City Schools; census land≈22.11 sq mi (100% of LEA land in ZCTA),https://educationdata.urban.org/api/v1/school-districts/ccd/directory/|https://nces.ed.gov/ccd/|https://nces.ed.gov/programs/edge/Geographic/RelationshipFiles|https://nces.ed.gov/programs/edge/data/GRF24.zip,2026-09-07
30144,GA,Marietta City Schools,Atlanta,traditional,census_zcta_lea,low,,no open CCD school campus in this ZIP for this LEA; ZCTA∩LEA land from NCES EDGE GRF24; multi-LEA ZCTA; also Cobb County School District; census land≈0.02 sq mi (0% of LEA land in ZCTA); tiny land sliver — boundary edge; verify before routing parents solely here,https://nces.ed.gov/programs/edge/Geographic/RelationshipFiles|https://nces.ed.gov/programs/edge/data/GRF24.zip,2026-09-07
30145,GA,Bartow County School System,Atlanta,traditional,ccd_school_zip,high,3,multi-LEA ZCTA; also Floyd County Schools; census land≈60.98 sq mi (82% of LEA land in ZCTA),https://educationdata.urban.org/api/v1/school-districts/ccd/directory/|https://nces.ed.gov/ccd/|https://nces.ed.gov/programs/edge/Geographic/RelationshipFiles|https://nces.ed.gov/programs/edge/data/GRF24.zip,2026-09-07
30145,GA,Floyd County Schools,Rome,traditional,census_zcta_lea,medium,,no open CCD school campus in this ZIP for this LEA; ZCTA∩LEA land from NCES EDGE GRF24; multi-LEA ZCTA; also Bartow County School System; census land≈13.44 sq mi (18% of LEA land in ZCTA),https://nces.ed.gov/programs/edge/Geographic/RelationshipFiles|https://nces.ed.gov/programs/edge/data/GRF24.zip,2026-09-07
30147,GA,Floyd County Schools,Rome,traditional,ccd_school_zip,high,4,multi-LEA ZCTA; also Polk County Schools; census land≈17.45 sq mi (92% of LEA land in ZCTA),https://educationdata.urban.org/api/v1/school-districts/ccd/directory/|https://nces.ed.gov/ccd/|https://nces.ed.gov/programs/edge/Geographic/RelationshipFiles|https://nces.ed.gov/programs/edge/data/GRF24.zip,2026-09-07
30147,GA,Polk County Schools,Cedartown,traditional,census_zcta_lea,medium,,no open CCD school campus in this ZIP for this LEA; ZCTA∩LEA land from NCES EDGE GRF24; multi-LEA ZCTA; also Floyd County Schools; census land≈1.42 sq mi (8% of LEA land in ZCTA); small land share in ZCTA — possible city/county edge,https://nces.ed.gov/programs/edge/Geographic/RelationshipFiles|https://nces.ed.gov/programs/edge/data/GRF24.zip,2026-09-07
30148,GA,Dawson County School System,Atlanta,traditional,census_zcta_lea,medium,,no open CCD school campus in this ZIP for this LEA; ZCTA∩LEA land from NCES EDGE GRF24; multi-LEA ZCTA; also Pickens County Schools; census land≈5.38 sq mi (55% of LEA land in ZCTA),https://nces.ed.gov/programs/edge/Geographic/RelationshipFiles|https://nces.ed.gov/programs/edge/data/GRF24.zip,2026-09-07
30148,GA,Pickens County Schools,Atlanta,traditional,census_zcta_lea,medium,,no open CCD school campus in this ZIP for this LEA; ZCTA∩LEA land from NCES EDGE GRF24; multi-LEA ZCTA; also Dawson County School System; census land≈4.48 sq mi (45% of LEA land in ZCTA),https://nces.ed.gov/programs/edge/Geographic/RelationshipFiles|https://nces.ed.gov/programs/edge/data/GRF24.zip,2026-09-07
30149,GA,Floyd County Schools,Rome,traditional,census_zcta_lea,medium,,no open CCD school campus in this ZIP for this LEA; ZCTA∩LEA land from NCES EDGE GRF24; census land≈6.71 sq mi in ZCTA,https://nces.ed.gov/programs/edge/Geographic/RelationshipFiles|https://nces.ed.gov/programs/edge/data/GRF24.zip,2026-09-07
30152,GA,Cobb County School District,Atlanta,traditional,ccd_school_zip,high,9,multi-LEA ZCTA; also Marietta City Schools; census land≈21.73 sq mi (97% of LEA land in ZCTA),https://educationdata.urban.org/api/v1/school-districts/ccd/directory/|https://nces.ed.gov/ccd/|https://nces.ed.gov/programs/edge/Geographic/RelationshipFiles|https://nces.ed.gov/programs/edge/data/GRF24.zip,2026-09-07
30152,GA,Marietta City Schools,Atlanta,traditional,census_zcta_lea,medium,,no open CCD school campus in this ZIP for this LEA; ZCTA∩LEA land from NCES EDGE GRF24; multi-LEA ZCTA; also Cobb County School District; census land≈0.59 sq mi (3% of LEA land in ZCTA); small land share in ZCTA — possible city/county edge,https://nces.ed.gov/programs/edge/Geographic/RelationshipFiles|https://nces.ed.gov/programs/edge/data/GRF24.zip,2026-09-07
30152,GA,Northwest Classical Academy,Atlanta,charter,ccd_school_zip,high,1,"charter campus ZIP (choice school; not an attendance-zone claim); multi-LEA zip; also Cobb County School District, Marietta City Schools",https://educationdata.urban.org/api/v1/school-districts/ccd/directory/|https://nces.ed.gov/ccd/,2026-09-07
30153,GA,Haralson County Schools,Atlanta,traditional,census_zcta_lea,medium,,"no open CCD school campus in this ZIP for this LEA; ZCTA∩LEA land from NCES EDGE GRF24; multi-LEA ZCTA; also Paulding County School District, Polk County Schools; census land≈11.24 sq mi (9% of LEA land in ZCTA); small land share in ZCTA — possible city/county edge",https://nces.ed.gov/programs/edge/Geographic/RelationshipFiles|https://nces.ed.gov/programs/edge/data/GRF24.zip,2026-09-07
30153,GA,Paulding County School District,Atlanta,traditional,ccd_school_zip,high,1,"multi-LEA ZCTA; also Haralson County Schools, Polk County Schools; census land≈24.77 sq mi (20% of LEA land in ZCTA)",https://educationdata.urban.org/api/v1/school-districts/ccd/directory/|https://nces.ed.gov/ccd/|https://nces.ed.gov/programs/edge/Geographic/RelationshipFiles|https://nces.ed.gov/programs/edge/data/GRF24.zip,2026-09-07
30153,GA,Polk County Schools,Cedartown,traditional,ccd_school_zip,high,4,"multi-LEA ZCTA; also Haralson County Schools, Paulding County School District; census land≈87.25 sq mi (71% of LEA land in ZCTA)",https://educationdata.urban.org/api/v1/school-districts/ccd/directory/|https://nces.ed.gov/ccd/|https://nces.ed.gov/programs/edge/Geographic/RelationshipFiles|https://nces.ed.gov/programs/edge/data/GRF24.zip,2026-09-07
30157,GA,Cobb County School District,Atlanta,traditional,census_zcta_lea,medium,,no open CCD school campus in this ZIP for this LEA; ZCTA∩LEA land from NCES EDGE GRF24; multi-LEA ZCTA; also Paulding County School District; census land≈0.84 sq mi (1% of LEA land in ZCTA); small land share in ZCTA — possible city/county edge,https://nces.ed.gov/programs/edge/Geographic/RelationshipFiles|https://nces.ed.gov/programs/edge/data/GRF24.zip,2026-09-07
30157,GA,Paulding County School District,Atlanta,traditional,ccd_school_zip,high,9,multi-LEA ZCTA; also Cobb County School District; census land≈84.26 sq mi (99% of LEA land in ZCTA),https://educationdata.urban.org/api/v1/school-districts/ccd/directory/|https://nces.ed.gov/ccd/|https://nces.ed.gov/programs/edge/Geographic/RelationshipFiles|https://nces.ed.gov/programs/edge/data/GRF24.zip,2026-09-07
30161,GA,Bartow County School System,Atlanta,traditional,census_zcta_lea,medium,,"no open CCD school campus in this ZIP for this LEA; ZCTA∩LEA land from NCES EDGE GRF24; multi-LEA ZCTA; also Floyd County Schools, Rome City Schools; census land≈2.16 sq mi (2% of LEA land in ZCTA); small land share in ZCTA — possible city/county edge",https://nces.ed.gov/programs/edge/Geographic/RelationshipFiles|https://nces.ed.gov/programs/edge/data/GRF24.zip,2026-09-07
30161,GA,Floyd County Schools,Rome,traditional,ccd_school_zip,high,4,"multi-LEA ZCTA; also Bartow County School System, Rome City Schools; census land≈126.30 sq mi (88% of LEA land in ZCTA)",https://educationdata.urban.org/api/v1/school-districts/ccd/directory/|https://nces.ed.gov/ccd/|https://nces.ed.gov/programs/edge/Geographic/RelationshipFiles|https://nces.ed.gov/programs/edge/data/GRF24.zip,2026-09-07
30161,GA,Rome City Schools,Rome,traditional,ccd_school_zip,high,5,"multi-LEA ZCTA; also Bartow County School System, Floyd County Schools; census land≈14.79 sq mi (10% of LEA land in ZCTA)",https://educationdata.urban.org/api/v1/school-districts/ccd/directory/|https://nces.ed.gov/ccd/|https://nces.ed.gov/programs/edge/Geographic/RelationshipFiles|https://nces.ed.gov/programs/edge/data/GRF24.zip,2026-09-07
30165,GA,Chattooga County Schools,Summerville,traditional,census_zcta_lea,medium,,"no open CCD school campus in this ZIP for this LEA; ZCTA∩LEA land from NCES EDGE GRF24; multi-LEA ZCTA; also Floyd County Schools, Rome City Schools; census land≈1.57 sq mi (1% of LEA land in ZCTA); small land share in ZCTA — possible city/county edge",https://nces.ed.gov/programs/edge/Geographic/RelationshipFiles|https://nces.ed.gov/programs/edge/data/GRF24.zip,2026-09-07
30165,GA,Floyd County Schools,Rome,traditional,ccd_school_zip,high,6,"multi-LEA ZCTA; also Chattooga County Schools, Rome City Schools; census land≈147.28 sq mi (89% of LEA land in ZCTA)",https://educationdata.urban.org/api/v1/school-districts/ccd/directory/|https://nces.ed.gov/ccd/|https://nces.ed.gov/programs/edge/Geographic/RelationshipFiles|https://nces.ed.gov/programs/edge/data/GRF24.zip,2026-09-07
30165,GA,Rome City Schools,Rome,traditional,ccd_school_zip,high,3,"multi-LEA ZCTA; also Chattooga County Schools, Floyd County Schools; census land≈16.50 sq mi (10% of LEA land in ZCTA)",https://educationdata.urban.org/api/v1/school-districts/ccd/directory/|https://nces.ed.gov/ccd/|https://nces.ed.gov/programs/edge/Geographic/RelationshipFiles|https://nces.ed.gov/programs/edge/data/GRF24.zip,2026-09-07
30168,GA,Cobb County School District,Atlanta,traditional,census_zcta_lea,medium,,"no open CCD school campus in this ZIP for this LEA; ZCTA∩LEA land from NCES EDGE GRF24; multi-LEA ZCTA; also Douglas County School System, Fulton County Schools; census land≈11.18 sq mi (90% of LEA land in ZCTA)",https://nces.ed.gov/programs/edge/Geographic/RelationshipFiles|https://nces.ed.gov/programs/edge/data/GRF24.zip,2026-09-07
30168,GA,Douglas County School System,Atlanta,traditional,census_zcta_lea,medium,,"no open CCD school campus in this ZIP for this LEA; ZCTA∩LEA land from NCES EDGE GRF24; multi-LEA ZCTA; also Cobb County School District, Fulton County Schools; census land≈1.19 sq mi (10% of LEA land in ZCTA); small land share in ZCTA — possible city/county edge",https://nces.ed.gov/programs/edge/Geographic/RelationshipFiles|https://nces.ed.gov/programs/edge/data/GRF24.zip,2026-09-07
30168,GA,Fulton County Schools,Atlanta,traditional,census_zcta_lea,low,,"no open CCD school campus in this ZIP for this LEA; ZCTA∩LEA land from NCES EDGE GRF24; multi-LEA ZCTA; also Cobb County School District, Douglas County School System; census land≈0.00 sq mi (0% of LEA land in ZCTA); tiny land sliver — boundary edge; verify before routing parents solely here",https://nces.ed.gov/programs/edge/Geographic/RelationshipFiles|https://nces.ed.gov/programs/edge/data/GRF24.zip,2026-09-07
30170,GA,Carroll County Schools,Atlanta,traditional,ccd_school_zip,high,1,multi-LEA ZCTA; also Heard County School District; census land≈23.63 sq mi (52% of LEA land in ZCTA),https://educationdata.urban.org/api/v1/school-districts/ccd/directory/|https://nces.ed.gov/ccd/|https://nces.ed.gov/programs/edge/Geographic/RelationshipFiles|https://nces.ed.gov/programs/edge/data/GRF24.zip,2026-09-07
30170,GA,Heard County School District,Atlanta,traditional,ccd_school_zip,high,1,multi-LEA ZCTA; also Carroll County Schools; census land≈21.76 sq mi (48% of LEA land in ZCTA),https://educationdata.urban.org/api/v1/school-districts/ccd/directory/|https://nces.ed.gov/ccd/|https://nces.ed.gov/programs/edge/Geographic/RelationshipFiles|https://nces.ed.gov/programs/edge/data/GRF24.zip,2026-09-07
30171,GA,Bartow County School System,Atlanta,traditional,ccd_school_zip,high,1,multi-LEA ZCTA; also Gordon County Schools; census land≈35.33 sq mi (86% of LEA land in ZCTA),https://educationdata.urban.org/api/v1/school-districts/ccd/directory/|https://nces.ed.gov/ccd/|https://nces.ed.gov/programs/edge/Geographic/RelationshipFiles|https://nces.ed.gov/programs/edge/data/GRF24.zip,2026-09-07
30171,GA,Gordon County Schools,Calhoun,traditional,census_zcta_lea,medium,,no open CCD school campus in this ZIP for this LEA; ZCTA∩LEA land from NCES EDGE GRF24; multi-LEA ZCTA; also Bartow County School System; census land≈5.80 sq mi (14% of LEA land in ZCTA); small land share in ZCTA — possible city/county edge,https://nces.ed.gov/programs/edge/Geographic/RelationshipFiles|https://nces.ed.gov/programs/edge/data/GRF24.zip,2026-09-07
30173,GA,Floyd County Schools,Rome,traditional,census_zcta_lea,medium,,"no open CCD school campus in this ZIP for this LEA; ZCTA∩LEA land from NCES EDGE GRF24; multi-LEA ZCTA; also Polk County Schools, Rome City Schools; census land≈30.99 sq mi (89% of LEA land in ZCTA)",https://nces.ed.gov/programs/edge/Geographic/RelationshipFiles|https://nces.ed.gov/programs/edge/data/GRF24.zip,2026-09-07
30173,GA,Polk County Schools,Cedartown,traditional,census_zcta_lea,medium,,"no open CCD school campus in this ZIP for this LEA; ZCTA∩LEA land from NCES EDGE GRF24; multi-LEA ZCTA; also Floyd County Schools, Rome City Schools; census land≈3.36 sq mi (10% of LEA land in ZCTA); small land share in ZCTA — possible city/county edge",https://nces.ed.gov/programs/edge/Geographic/RelationshipFiles|https://nces.ed.gov/programs/edge/data/GRF24.zip,2026-09-07
30173,GA,Rome City Schools,Rome,traditional,census_zcta_lea,medium,,"no open CCD school campus in this ZIP for this LEA; ZCTA∩LEA land from NCES EDGE GRF24; multi-LEA ZCTA; also Floyd County Schools, Polk County Schools; census land≈0.55 sq mi (2% of LEA land in ZCTA); small land share in ZCTA — possible city/county edge",https://nces.ed.gov/programs/edge/Geographic/RelationshipFiles|https://nces.ed.gov/programs/edge/data/GRF24.zip,2026-09-07
30175,GA,Gilmer County Schools,Rural North Georgia,traditional,census_zcta_lea,medium,,no open CCD school campus in this ZIP for this LEA; ZCTA∩LEA land from NCES EDGE GRF24; multi-LEA ZCTA; also Pickens County Schools; census land≈37.36 sq mi (43% of LEA land in ZCTA),https://nces.ed.gov/programs/edge/Geographic/RelationshipFiles|https://nces.ed.gov/programs/edge/data/GRF24.zip,2026-09-07
30175,GA,Pickens County Schools,Atlanta,traditional,census_zcta_lea,medium,,no open CCD school campus in this ZIP for this LEA; ZCTA∩LEA land from NCES EDGE GRF24; multi-LEA ZCTA; also Gilmer County Schools; census land≈49.82 sq mi (57% of LEA land in ZCTA),https://nces.ed.gov/programs/edge/Geographic/RelationshipFiles|https://nces.ed.gov/programs/edge/data/GRF24.zip,2026-09-07
30176,GA,Haralson County Schools,Atlanta,traditional,ccd_school_zip,high,5,,https://educationdata.urban.org/api/v1/school-districts/ccd/directory/|https://nces.ed.gov/ccd/,2026-09-07
30177,GA,Pickens County Schools,Atlanta,traditional,ccd_school_zip,high,1,,https://educationdata.urban.org/api/v1/school-districts/ccd/directory/|https://nces.ed.gov/ccd/,2026-09-07
30178,GA,Bartow County School System,Atlanta,traditional,ccd_school_zip,high,1,"multi-LEA ZCTA; also Paulding County School District, Polk County Schools; census land≈35.94 sq mi (61% of LEA land in ZCTA)",https://educationdata.urban.org/api/v1/school-districts/ccd/directory/|https://nces.ed.gov/ccd/|https://nces.ed.gov/programs/edge/Geographic/RelationshipFiles|https://nces.ed.gov/programs/edge/data/GRF24.zip,2026-09-07
30178,GA,Paulding County School District,Atlanta,traditional,census_zcta_lea,medium,,"no open CCD school campus in this ZIP for this LEA; ZCTA∩LEA land from NCES EDGE GRF24; multi-LEA ZCTA; also Bartow County School System, Polk County Schools; census land≈9.94 sq mi (17% of LEA land in ZCTA)",https://nces.ed.gov/programs/edge/Geographic/RelationshipFiles|https://nces.ed.gov/programs/edge/data/GRF24.zip,2026-09-07
30178,GA,Polk County Schools,Cedartown,traditional,census_zcta_lea,medium,,"no open CCD school campus in this ZIP for this LEA; ZCTA∩LEA land from NCES EDGE GRF24; multi-LEA ZCTA; also Bartow County School System, Paulding County School District; census land≈13.19 sq mi (22% of LEA land in ZCTA)",https://nces.ed.gov/programs/edge/Geographic/RelationshipFiles|https://nces.ed.gov/programs/edge/data/GRF24.zip,2026-09-07
30179,GA,Carroll County Schools,Atlanta,traditional,ccd_school_zip,high,5,"multi-LEA ZCTA; also Haralson County Schools, Paulding County School District; census land≈37.85 sq mi (52% of LEA land in ZCTA)",https://educationdata.urban.org/api/v1/school-districts/ccd/directory/|https://nces.ed.gov/ccd/|https://nces.ed.gov/programs/edge/Geographic/RelationshipFiles|https://nces.ed.gov/programs/edge/data/GRF24.zip,2026-09-07
30179,GA,Haralson County Schools,Atlanta,traditional,census_zcta_lea,medium,,"no open CCD school campus in this ZIP for this LEA; ZCTA∩LEA land from NCES EDGE GRF24; multi-LEA ZCTA; also Carroll County Schools, Paulding County School District; census land≈15.41 sq mi (21% of LEA land in ZCTA)",https://nces.ed.gov/programs/edge/Geographic/RelationshipFiles|https://nces.ed.gov/programs/edge/data/GRF24.zip,2026-09-07
30179,GA,Paulding County School District,Atlanta,traditional,ccd_school_zip,high,1,"multi-LEA ZCTA; also Carroll County Schools, Haralson County Schools; census land≈20.08 sq mi (27% of LEA land in ZCTA)",https://educationdata.urban.org/api/v1/school-districts/ccd/directory/|https://nces.ed.gov/ccd/|https://nces.ed.gov/programs/edge/Geographic/RelationshipFiles|https://nces.ed.gov/programs/edge/data/GRF24.zip,2026-09-07
30180,GA,Carroll County Schools,Atlanta,traditional,ccd_school_zip,high,5,"multi-LEA ZCTA; also Douglas County School System, Paulding County School District; census land≈48.41 sq mi (63% of LEA land in ZCTA)",https://educationdata.urban.org/api/v1/school-districts/ccd/directory/|https://nces.ed.gov/ccd/|https://nces.ed.gov/programs/edge/Geographic/RelationshipFiles|https://nces.ed.gov/programs/edge/data/GRF24.zip,2026-09-07
30180,GA,Douglas County School System,Atlanta,traditional,ccd_school_zip,high,1,"multi-LEA ZCTA; also Carroll County Schools, Paulding County School District; census land≈21.42 sq mi (28% of LEA land in ZCTA)",https://educationdata.urban.org/api/v1/school-districts/ccd/directory/|https://nces.ed.gov/ccd/|https://nces.ed.gov/programs/edge/Geographic/RelationshipFiles|https://nces.ed.gov/programs/edge/data/GRF24.zip,2026-09-07
30180,GA,Paulding County School District,Atlanta,traditional,ccd_school_zip,high,1,"multi-LEA ZCTA; also Carroll County Schools, Douglas County School System; census land≈7.57 sq mi (10% of LEA land in ZCTA)",https://educationdata.urban.org/api/v1/school-districts/ccd/directory/|https://nces.ed.gov/ccd/|https://nces.ed.gov/programs/edge/Geographic/RelationshipFiles|https://nces.ed.gov/programs/edge/data/GRF24.zip,2026-09-07
30182,GA,Bremen City Schools,Atlanta,traditional,census_zcta_lea,medium,,"no open CCD school campus in this ZIP for this LEA; ZCTA∩LEA land from NCES EDGE GRF24; multi-LEA ZCTA; also Carroll County Schools, Haralson County Schools; census land≈1.33 sq mi (4% of LEA land in ZCTA); small land share in ZCTA — possible city/county edge",https://nces.ed.gov/programs/edge/Geographic/RelationshipFiles|https://nces.ed.gov/programs/edge/data/GRF24.zip,2026-09-07
30182,GA,Carroll County Schools,Atlanta,traditional,census_zcta_lea,medium,,"no open CCD school campus in this ZIP for this LEA; ZCTA∩LEA land from NCES EDGE GRF24; multi-LEA ZCTA; also Bremen City Schools, Haralson County Schools; census land≈21.12 sq mi (60% of LEA land in ZCTA)",https://nces.ed.gov/programs/edge/Geographic/RelationshipFiles|https://nces.ed.gov/programs/edge/data/GRF24.zip,2026-09-07
30182,GA,Haralson County Schools,Atlanta,traditional,census_zcta_lea,medium,,"no open CCD school campus in this ZIP for this LEA; ZCTA∩LEA land from NCES EDGE GRF24; multi-LEA ZCTA; also Bremen City Schools, Carroll County Schools; census land≈12.66 sq mi (36% of LEA land in ZCTA)",https://nces.ed.gov/programs/edge/Geographic/RelationshipFiles|https://nces.ed.gov/programs/edge/data/GRF24.zip,2026-09-07
30183,GA,Bartow County School System,Atlanta,traditional,census_zcta_lea,low,,"no open CCD school campus in this ZIP for this LEA; ZCTA∩LEA land from NCES EDGE GRF24; multi-LEA ZCTA; also Cherokee County School District, Pickens County Schools; census land≈0.27 sq mi (0% of LEA land in ZCTA); tiny land sliver — boundary edge; verify before routing parents solely here",https://nces.ed.gov/programs/edge/Geographic/RelationshipFiles|https://nces.ed.gov/programs/edge/data/GRF24.zip,2026-09-07
30183,GA,Cherokee County School District,Atlanta,traditional,ccd_school_zip,high,1,"multi-LEA ZCTA; also Bartow County School System, Pickens County Schools; census land≈60.71 sq mi (96% of LEA land in ZCTA)",https://educationdata.urban.org/api/v1/school-districts/ccd/directory/|https://nces.ed.gov/ccd/|https://nces.ed.gov/programs/edge/Geographic/RelationshipFiles|https://nces.ed.gov/programs/edge/data/GRF24.zip,2026-09-07
30183,GA,Pickens County Schools,Atlanta,traditional,census_zcta_lea,medium,,"no open CCD school campus in this ZIP for this LEA; ZCTA∩LEA land from NCES EDGE GRF24; multi-LEA ZCTA; also Bartow County School System, Cherokee County School District; census land≈1.94 sq mi (3% of LEA land in ZCTA); small land share in ZCTA — possible city/county edge",https://nces.ed.gov/programs/edge/Geographic/RelationshipFiles|https://nces.ed.gov/programs/edge/data/GRF24.zip,2026-09-07
30184,GA,Bartow County School System,Atlanta,traditional,ccd_school_zip,high,2,"multi-LEA ZCTA; also Cartersville City Schools, Cherokee County School District; census land≈66.29 sq mi (87% of LEA land in ZCTA)",https://educationdata.urban.org/api/v1/school-districts/ccd/directory/|https://nces.ed.gov/ccd/|https://nces.ed.gov/programs/edge/Geographic/RelationshipFiles|https://nces.ed.gov/programs/edge/data/GRF24.zip,2026-09-07
30184,GA,Cartersville City Schools,Atlanta,traditional,census_zcta_lea,medium,,"no open CCD school campus in this ZIP for this LEA; ZCTA∩LEA land from NCES EDGE GRF24; multi-LEA ZCTA; also Bartow County School System, Cherokee County School District; census land≈1.72 sq mi (2% of LEA land in ZCTA); small land share in ZCTA — possible city/county edge",https://nces.ed.gov/programs/edge/Geographic/RelationshipFiles|https://nces.ed.gov/programs/edge/data/GRF24.zip,2026-09-07
30184,GA,Cherokee County School District,Atlanta,traditional,census_zcta_lea,medium,,"no open CCD school campus in this ZIP for this LEA; ZCTA∩LEA land from NCES EDGE GRF24; multi-LEA ZCTA; also Bartow County School System, Cartersville City Schools; census land≈8.17 sq mi (11% of LEA land in ZCTA); small land share in ZCTA — possible city/county edge",https://nces.ed.gov/programs/edge/Geographic/RelationshipFiles|https://nces.ed.gov/programs/edge/data/GRF24.zip,2026-09-07
30185,GA,Carroll County Schools,Atlanta,traditional,ccd_school_zip,high,1,multi-LEA ZCTA; also Douglas County School System; census land≈59.49 sq mi (95% of LEA land in ZCTA),https://educationdata.urban.org/api/v1/school-districts/ccd/directory/|https://nces.ed.gov/ccd/|https://nces.ed.gov/programs/edge/Geographic/RelationshipFiles|https://nces.ed.gov/programs/edge/data/GRF24.zip,2026-09-07
30185,GA,Douglas County School System,Atlanta,traditional,census_zcta_lea,medium,,no open CCD school campus in this ZIP for this LEA; ZCTA∩LEA land from NCES EDGE GRF24; multi-LEA ZCTA; also Carroll County Schools; census land≈2.83 sq mi (5% of LEA land in ZCTA); small land share in ZCTA — possible city/county edge,https://nces.ed.gov/programs/edge/Geographic/RelationshipFiles|https://nces.ed.gov/programs/edge/data/GRF24.zip,2026-09-07
30187,GA,Carroll County Schools,Atlanta,traditional,census_zcta_lea,low,,no open CCD school campus in this ZIP for this LEA; ZCTA∩LEA land from NCES EDGE GRF24; multi-LEA ZCTA; also Douglas County School System; census land≈0.46 sq mi (1% of LEA land in ZCTA); tiny land sliver — boundary edge; verify before routing parents solely here,https://nces.ed.gov/programs/edge/Geographic/RelationshipFiles|https://nces.ed.gov/programs/edge/data/GRF24.zip,2026-09-07
30187,GA,Douglas County School System,Atlanta,traditional,ccd_school_zip,high,3,multi-LEA ZCTA; also Carroll County Schools; census land≈31.01 sq mi (99% of LEA land in ZCTA),https://educationdata.urban.org/api/v1/school-districts/ccd/directory/|https://nces.ed.gov/ccd/|https://nces.ed.gov/programs/edge/Geographic/RelationshipFiles|https://nces.ed.gov/programs/edge/data/GRF24.zip,2026-09-07
30188,GA,Cherokee County School District,Atlanta,traditional,ccd_school_zip,high,7,multi-LEA ZCTA; also Cobb County School District; census land≈43.22 sq mi (99% of LEA land in ZCTA),https://educationdata.urban.org/api/v1/school-districts/ccd/directory/|https://nces.ed.gov/ccd/|https://nces.ed.gov/programs/edge/Geographic/RelationshipFiles|https://nces.ed.gov/programs/edge/data/GRF24.zip,2026-09-07
30188,GA,Cobb County School District,Atlanta,traditional,census_zcta_lea,low,,no open CCD school campus in this ZIP for this LEA; ZCTA∩LEA land from NCES EDGE GRF24; multi-LEA ZCTA; also Cherokee County School District; census land≈0.42 sq mi (1% of LEA land in ZCTA); tiny land sliver — boundary edge; verify before routing parents solely here,https://nces.ed.gov/programs/edge/Geographic/RelationshipFiles|https://nces.ed.gov/programs/edge/data/GRF24.zip,2026-09-07
30189,GA,Cherokee County School District,Atlanta,traditional,ccd_school_zip,high,7,,https://educationdata.urban.org/api/v1/school-districts/ccd/directory/|https://nces.ed.gov/ccd/,2026-09-07
30204,GA,Lamar County Schools,Rural Middle Georgia,traditional,ccd_school_zip,high,4,"multi-LEA ZCTA; also Monroe County Schools, Thomaston-Upson County Schools; census land≈115.19 sq mi (92% of LEA land in ZCTA)",https://educationdata.urban.org/api/v1/school-districts/ccd/directory/|https://nces.ed.gov/ccd/|https://nces.ed.gov/programs/edge/Geographic/RelationshipFiles|https://nces.ed.gov/programs/edge/data/GRF24.zip,2026-09-07
30204,GA,Monroe County Schools,Macon,traditional,census_zcta_lea,medium,,"no open CCD school campus in this ZIP for this LEA; ZCTA∩LEA land from NCES EDGE GRF24; multi-LEA ZCTA; also Lamar County Schools, Thomaston-Upson County Schools; census land≈4.90 sq mi (4% of LEA land in ZCTA); small land share in ZCTA — possible city/county edge",https://nces.ed.gov/programs/edge/Geographic/RelationshipFiles|https://nces.ed.gov/programs/edge/data/GRF24.zip,2026-09-07
30204,GA,Thomaston-Upson County Schools,Thomaston,traditional,census_zcta_lea,medium,,"no open CCD school campus in this ZIP for this LEA; ZCTA∩LEA land from NCES EDGE GRF24; multi-LEA ZCTA; also Lamar County Schools, Monroe County Schools; census land≈5.21 sq mi (4% of LEA land in ZCTA); small land share in ZCTA — possible city/county edge",https://nces.ed.gov/programs/edge/Geographic/RelationshipFiles|https://nces.ed.gov/programs/edge/data/GRF24.zip,2026-09-07
30205,GA,Fayette County Public Schools,Atlanta,traditional,census_zcta_lea,medium,,no open CCD school campus in this ZIP for this LEA; ZCTA∩LEA land from NCES EDGE GRF24; multi-LEA ZCTA; also Griffin-Spalding County School System; census land≈22.22 sq mi (60% of LEA land in ZCTA),https://nces.ed.gov/programs/edge/Geographic/RelationshipFiles|https://nces.ed.gov/programs/edge/data/GRF24.zip,2026-09-07
30205,GA,Griffin-Spalding County School System,Atlanta,traditional,census_zcta_lea,medium,,no open CCD school campus in this ZIP for this LEA; ZCTA∩LEA land from NCES EDGE GRF24; multi-LEA ZCTA; also Fayette County Public Schools; census land≈14.53 sq mi (40% of LEA land in ZCTA),https://nces.ed.gov/programs/edge/Geographic/RelationshipFiles|https://nces.ed.gov/programs/edge/data/GRF24.zip,2026-09-07
30205,GA,Liberty Tech Charter School,Atlanta,charter,ccd_school_zip,high,1,"charter campus ZIP (choice school; not an attendance-zone claim); multi-LEA zip; also Fayette County Public Schools, Griffin-Spalding County School System",https://educationdata.urban.org/api/v1/school-districts/ccd/directory/|https://nces.ed.gov/ccd/,2026-09-07
30206,GA,Pike County School District,Atlanta,traditional,census_zcta_lea,medium,,no open CCD school campus in this ZIP for this LEA; ZCTA∩LEA land from NCES EDGE GRF24; census land≈49.38 sq mi in ZCTA,https://nces.ed.gov/programs/edge/Geographic/RelationshipFiles|https://nces.ed.gov/programs/edge/data/GRF24.zip,2026-09-07
30213,GA,Fayette County Public Schools,Atlanta,traditional,census_zcta_lea,low,,no open CCD school campus in this ZIP for this LEA; ZCTA∩LEA land from NCES EDGE GRF24; multi-LEA ZCTA; also Fulton County Schools; census land≈0.17 sq mi (0% of LEA land in ZCTA); tiny land sliver — boundary edge; verify before routing parents solely here,https://nces.ed.gov/programs/edge/Geographic/RelationshipFiles|https://nces.ed.gov/programs/edge/data/GRF24.zip,2026-09-07
30213,GA,Fulton County Schools,Atlanta,traditional,ccd_school_zip,high,9,multi-LEA ZCTA; also Fayette County Public Schools; census land≈61.91 sq mi (100% of LEA land in ZCTA),https://educationdata.urban.org/api/v1/school-districts/ccd/directory/|https://nces.ed.gov/ccd/|https://nces.ed.gov/programs/edge/Geographic/RelationshipFiles|https://nces.ed.gov/programs/edge/data/GRF24.zip,2026-09-07
30214,GA,Fayette County Public Schools,Atlanta,traditional,ccd_school_zip,high,3,multi-LEA ZCTA; also Fulton County Schools; census land≈52.57 sq mi (100% of LEA land in ZCTA),https://educationdata.urban.org/api/v1/school-districts/ccd/directory/|https://nces.ed.gov/ccd/|https://nces.ed.gov/programs/edge/Geographic/RelationshipFiles|https://nces.ed.gov/programs/edge/data/GRF24.zip,2026-09-07
30214,GA,Fulton County Schools,Atlanta,traditional,census_zcta_lea,low,,no open CCD school campus in this ZIP for this LEA; ZCTA∩LEA land from NCES EDGE GRF24; multi-LEA ZCTA; also Fayette County Public Schools; census land≈0.18 sq mi (0% of LEA land in ZCTA); tiny land sliver — boundary edge; verify before routing parents solely here,https://nces.ed.gov/programs/edge/Geographic/RelationshipFiles|https://nces.ed.gov/programs/edge/data/GRF24.zip,2026-09-07
30215,GA,Clayton County Public Schools,Atlanta,traditional,ccd_school_zip,high,1,multi-LEA ZCTA; also Fayette County Public Schools; census land≈1.59 sq mi (2% of LEA land in ZCTA),https://educationdata.urban.org/api/v1/school-districts/ccd/directory/|https://nces.ed.gov/ccd/|https://nces.ed.gov/programs/edge/Geographic/RelationshipFiles|https://nces.ed.gov/programs/edge/data/GRF24.zip,2026-09-07
30215,GA,Fayette County Public Schools,Atlanta,traditional,ccd_school_zip,high,10,multi-LEA ZCTA; also Clayton County Public Schools; census land≈69.28 sq mi (98% of LEA land in ZCTA),https://educationdata.urban.org/api/v1/school-districts/ccd/directory/|https://nces.ed.gov/ccd/|https://nces.ed.gov/programs/edge/Geographic/RelationshipFiles|https://nces.ed.gov/programs/edge/data/GRF24.zip,2026-09-07
30216,GA,Butts County School System,Atlanta,traditional,census_zcta_lea,medium,,no open CCD school campus in this ZIP for this LEA; ZCTA∩LEA land from NCES EDGE GRF24; census land≈39.50 sq mi in ZCTA,https://nces.ed.gov/programs/edge/Geographic/RelationshipFiles|https://nces.ed.gov/programs/edge/data/GRF24.zip,2026-09-07
30217,GA,Heard County School District,Atlanta,traditional,ccd_school_zip,high,5,multi-LEA ZCTA; also Troup County School System; census land≈246.60 sq mi (97% of LEA land in ZCTA),https://educationdata.urban.org/api/v1/school-districts/ccd/directory/|https://nces.ed.gov/ccd/|https://nces.ed.gov/programs/edge/Geographic/RelationshipFiles|https://nces.ed.gov/programs/edge/data/GRF24.zip,2026-09-07
30217,GA,Troup County School System,LaGrange,traditional,census_zcta_lea,medium,,no open CCD school campus in this ZIP for this LEA; ZCTA∩LEA land from NCES EDGE GRF24; multi-LEA ZCTA; also Heard County School District; census land≈7.27 sq mi (3% of LEA land in ZCTA); small land share in ZCTA — possible city/county edge,https://nces.ed.gov/programs/edge/Geographic/RelationshipFiles|https://nces.ed.gov/programs/edge/data/GRF24.zip,2026-09-07
30218,GA,Meriwether County Schools,Atlanta,traditional,census_zcta_lea,medium,,no open CCD school campus in this ZIP for this LEA; ZCTA∩LEA land from NCES EDGE GRF24; census land≈65.75 sq mi in ZCTA,https://nces.ed.gov/programs/edge/Geographic/RelationshipFiles|https://nces.ed.gov/programs/edge/data/GRF24.zip,2026-09-07
30220,GA,Coweta County School System,Atlanta,traditional,ccd_school_zip,high,1,multi-LEA ZCTA; also Meriwether County Schools; census land≈28.84 sq mi (57% of LEA land in ZCTA),https://educationdata.urban.org/api/v1/school-districts/ccd/directory/|https://nces.ed.gov/ccd/|https://nces.ed.gov/programs/edge/Geographic/RelationshipFiles|https://nces.ed.gov/programs/edge/data/GRF24.zip,2026-09-07
30220,GA,Meriwether County Schools,Atlanta,traditional,census_zcta_lea,medium,,no open CCD school campus in this ZIP for this LEA; ZCTA∩LEA land from NCES EDGE GRF24; multi-LEA ZCTA; also Coweta County School System; census land≈22.09 sq mi (43% of LEA land in ZCTA),https://nces.ed.gov/programs/edge/Geographic/RelationshipFiles|https://nces.ed.gov/programs/edge/data/GRF24.zip,2026-09-07
30222,GA,Meriwether County Schools,Atlanta,traditional,ccd_school_zip,high,2,,https://educationdata.urban.org/api/v1/school-districts/ccd/directory/|https://nces.ed.gov/ccd/,2026-09-07
30223,GA,Griffin-Spalding County School System,Atlanta,traditional,ccd_school_zip,high,10,multi-LEA ZCTA; also Henry County Schools; census land≈107.91 sq mi (100% of LEA land in ZCTA),https://educationdata.urban.org/api/v1/school-districts/ccd/directory/|https://nces.ed.gov/ccd/|https://nces.ed.gov/programs/edge/Geographic/RelationshipFiles|https://nces.ed.gov/programs/edge/data/GRF24.zip,2026-09-07
30223,GA,Henry County Schools,Atlanta,traditional,census_zcta_lea,low,,no open CCD school campus in this ZIP for this LEA; ZCTA∩LEA land from NCES EDGE GRF24; multi-LEA ZCTA; also Griffin-Spalding County School System; census land≈0.07 sq mi (0% of LEA land in ZCTA); tiny land sliver — boundary edge; verify before routing parents solely here,https://nces.ed.gov/programs/edge/Geographic/RelationshipFiles|https://nces.ed.gov/programs/edge/data/GRF24.zip,2026-09-07
30224,GA,Griffin-Spalding County School System,Atlanta,traditional,ccd_school_zip,high,8,"multi-LEA ZCTA; also Lamar County Schools, Pike County School District; census land≈50.56 sq mi (75% of LEA land in ZCTA)",https://educationdata.urban.org/api/v1/school-districts/ccd/directory/|https://nces.ed.gov/ccd/|https://nces.ed.gov/programs/edge/Geographic/RelationshipFiles|https://nces.ed.gov/programs/edge/data/GRF24.zip,2026-09-07
30224,GA,Lamar County Schools,Rural Middle Georgia,traditional,census_zcta_lea,medium,,"no open CCD school campus in this ZIP for this LEA; ZCTA∩LEA land from NCES EDGE GRF24; multi-LEA ZCTA; also Griffin-Spalding County School System, Pike County School District; census land≈6.86 sq mi (10% of LEA land in ZCTA); small land share in ZCTA — possible city/county edge",https://nces.ed.gov/programs/edge/Geographic/RelationshipFiles|https://nces.ed.gov/programs/edge/data/GRF24.zip,2026-09-07
30224,GA,Pike County School District,Atlanta,traditional,census_zcta_lea,medium,,"no open CCD school campus in this ZIP for this LEA; ZCTA∩LEA land from NCES EDGE GRF24; multi-LEA ZCTA; also Griffin-Spalding County School System, Lamar County Schools; census land≈10.24 sq mi (15% of LEA land in ZCTA)",https://nces.ed.gov/programs/edge/Geographic/RelationshipFiles|https://nces.ed.gov/programs/edge/data/GRF24.zip,2026-09-07
30228,GA,Clayton County Public Schools,Atlanta,traditional,ccd_school_zip,high,6,"multi-LEA ZCTA; also Griffin-Spalding County School System, Henry County Schools; census land≈20.77 sq mi (28% of LEA land in ZCTA)",https://educationdata.urban.org/api/v1/school-districts/ccd/directory/|https://nces.ed.gov/ccd/|https://nces.ed.gov/programs/edge/Geographic/RelationshipFiles|https://nces.ed.gov/programs/edge/data/GRF24.zip,2026-09-07
30228,GA,Griffin-Spalding County School System,Atlanta,traditional,census_zcta_lea,medium,,"no open CCD school campus in this ZIP for this LEA; ZCTA∩LEA land from NCES EDGE GRF24; multi-LEA ZCTA; also Clayton County Public Schools, Henry County Schools; census land≈4.31 sq mi (6% of LEA land in ZCTA); small land share in ZCTA — possible city/county edge",https://nces.ed.gov/programs/edge/Geographic/RelationshipFiles|https://nces.ed.gov/programs/edge/data/GRF24.zip,2026-09-07
30228,GA,Henry County Schools,Atlanta,traditional,ccd_school_zip,high,8,"multi-LEA ZCTA; also Clayton County Public Schools, Griffin-Spalding County School System; census land≈48.05 sq mi (66% of LEA land in ZCTA)",https://educationdata.urban.org/api/v1/school-districts/ccd/directory/|https://nces.ed.gov/ccd/|https://nces.ed.gov/programs/edge/Geographic/RelationshipFiles|https://nces.ed.gov/programs/edge/data/GRF24.zip,2026-09-07
30229,GA,Coweta County School System,Atlanta,traditional,census_zcta_lea,medium,,no open CCD school campus in this ZIP for this LEA; ZCTA∩LEA land from NCES EDGE GRF24; census land≈0.03 sq mi in ZCTA; small land share in ZCTA — possible city/county edge,https://nces.ed.gov/programs/edge/Geographic/RelationshipFiles|https://nces.ed.gov/programs/edge/data/GRF24.zip,2026-09-07
30230,GA,Coweta County School System,Atlanta,traditional,census_zcta_lea,medium,,"no open CCD school campus in this ZIP for this LEA; ZCTA∩LEA land from NCES EDGE GRF24; multi-LEA ZCTA; also Heard County School District, Meriwether County Schools, Troup County School System; census land≈7.23 sq mi (5% of LEA land in ZCTA); small land share in ZCTA — possible city/county edge",https://nces.ed.gov/programs/edge/Geographic/RelationshipFiles|https://nces.ed.gov/programs/edge/data/GRF24.zip,2026-09-07
30230,GA,Heard County School District,Atlanta,traditional,census_zcta_lea,medium,,"no open CCD school campus in this ZIP for this LEA; ZCTA∩LEA land from NCES EDGE GRF24; multi-LEA ZCTA; also Coweta County School System, Meriwether County Schools, Troup County School System; census land≈23.06 sq mi (17% of LEA land in ZCTA)",https://nces.ed.gov/programs/edge/Geographic/RelationshipFiles|https://nces.ed.gov/programs/edge/data/GRF24.zip,2026-09-07
30230,GA,Meriwether County Schools,Atlanta,traditional,census_zcta_lea,medium,,"no open CCD school campus in this ZIP for this LEA; ZCTA∩LEA land from NCES EDGE GRF24; multi-LEA ZCTA; also Coweta County School System, Heard County School District, Troup County School System; census land≈31.22 sq mi (22% of LEA land in ZCTA)",https://nces.ed.gov/programs/edge/Geographic/RelationshipFiles|https://nces.ed.gov/programs/edge/data/GRF24.zip,2026-09-07
30230,GA,Troup County School System,LaGrange,traditional,ccd_school_zip,high,2,"multi-LEA ZCTA; also Coweta County School System, Heard County School District, Meriwether County Schools; census land≈78.15 sq mi (56% of LEA land in ZCTA)",https://educationdata.urban.org/api/v1/school-districts/ccd/directory/|https://nces.ed.gov/ccd/|https://nces.ed.gov/programs/edge/Geographic/RelationshipFiles|https://nces.ed.gov/programs/edge/data/GRF24.zip,2026-09-07
30233,GA,Butts County School System,Atlanta,traditional,ccd_school_zip,high,5,"multi-LEA ZCTA; also Henry County Schools, Lamar County Schools, Monroe County Schools, Newton County School System; census land≈128.63 sq mi (87% of LEA land in ZCTA)",https://educationdata.urban.org/api/v1/school-districts/ccd/directory/|https://nces.ed.gov/ccd/|https://nces.ed.gov/programs/edge/Geographic/RelationshipFiles|https://nces.ed.gov/programs/edge/data/GRF24.zip,2026-09-07
30233,GA,Henry County Schools,Atlanta,traditional,census_zcta_lea,medium,,"no open CCD school campus in this ZIP for this LEA; ZCTA∩LEA land from NCES EDGE GRF24; multi-LEA ZCTA; also Butts County School System, Lamar County Schools, Monroe County Schools, Newton County School System; census land≈6.58 sq mi (4% of LEA land in ZCTA); small land share in ZCTA — possible city/county edge",https://nces.ed.gov/programs/edge/Geographic/RelationshipFiles|https://nces.ed.gov/programs/edge/data/GRF24.zip,2026-09-07
30233,GA,Lamar County Schools,Rural Middle Georgia,traditional,census_zcta_lea,medium,,"no open CCD school campus in this ZIP for this LEA; ZCTA∩LEA land from NCES EDGE GRF24; multi-LEA ZCTA; also Butts County School System, Henry County Schools, Monroe County Schools, Newton County School System; census land≈4.42 sq mi (3% of LEA land in ZCTA); small land share in ZCTA — possible city/county edge",https://nces.ed.gov/programs/edge/Geographic/RelationshipFiles|https://nces.ed.gov/programs/edge/data/GRF24.zip,2026-09-07
30233,GA,Monroe County Schools,Macon,traditional,census_zcta_lea,medium,,"no open CCD school campus in this ZIP for this LEA; ZCTA∩LEA land from NCES EDGE GRF24; multi-LEA ZCTA; also Butts County School System, Henry County Schools, Lamar County Schools, Newton County School System; census land≈8.10 sq mi (5% of LEA land in ZCTA); small land share in ZCTA — possible city/county edge",https://nces.ed.gov/programs/edge/Geographic/RelationshipFiles|https://nces.ed.gov/programs/edge/data/GRF24.zip,2026-09-07
30233,GA,Newton County School System,Atlanta,traditional,census_zcta_lea,low,,"no open CCD school campus in this ZIP for this LEA; ZCTA∩LEA land from NCES EDGE GRF24; multi-LEA ZCTA; also Butts County School System, Henry County Schools, Lamar County Schools, Monroe County Schools; census land≈0.18 sq mi (0% of LEA land in ZCTA); tiny land sliver — boundary edge; verify before routing parents solely here",https://nces.ed.gov/programs/edge/Geographic/RelationshipFiles|https://nces.ed.gov/programs/edge/data/GRF24.zip,2026-09-07
30234,GA,Butts County School System,Atlanta,traditional,census_zcta_lea,medium,,no open CCD school campus in this ZIP for this LEA; ZCTA∩LEA land from NCES EDGE GRF24; multi-LEA ZCTA; also Henry County Schools; census land≈9.50 sq mi (93% of LEA land in ZCTA),https://nces.ed.gov/programs/edge/Geographic/RelationshipFiles|https://nces.ed.gov/programs/edge/data/GRF24.zip,2026-09-07
30234,GA,Henry County Schools,Atlanta,traditional,census_zcta_lea,medium,,no open CCD school campus in this ZIP for this LEA; ZCTA∩LEA land from NCES EDGE GRF24; multi-LEA ZCTA; also Butts County School System; census land≈0.71 sq mi (7% of LEA land in ZCTA); small land share in ZCTA — possible city/county edge,https://nces.ed.gov/programs/edge/Geographic/RelationshipFiles|https://nces.ed.gov/programs/edge/data/GRF24.zip,2026-09-07
30236,GA,Clayton County Public Schools,Atlanta,traditional,ccd_school_zip,high,15,multi-LEA ZCTA; also Henry County Schools; census land≈29.36 sq mi (91% of LEA land in ZCTA),https://educationdata.urban.org/api/v1/school-districts/ccd/directory/|https://nces.ed.gov/ccd/|https://nces.ed.gov/programs/edge/Geographic/RelationshipFiles|https://nces.ed.gov/programs/edge/data/GRF24.zip,2026-09-07
30236,GA,Henry County Schools,Atlanta,traditional,census_zcta_lea,medium,,no open CCD school campus in this ZIP for this LEA; ZCTA∩LEA land from NCES EDGE GRF24; multi-LEA ZCTA; also Clayton County Public Schools; census land≈3.03 sq mi (9% of LEA land in ZCTA); small land share in ZCTA — possible city/county edge,https://nces.ed.gov/programs/edge/Geographic/RelationshipFiles|https://nces.ed.gov/programs/edge/data/GRF24.zip,2026-09-07
30238,GA,Clayton County Public Schools,Atlanta,traditional,ccd_school_zip,high,7,multi-LEA ZCTA; also Fayette County Public Schools; census land≈14.91 sq mi (86% of LEA land in ZCTA),https://educationdata.urban.org/api/v1/school-districts/ccd/directory/|https://nces.ed.gov/ccd/|https://nces.ed.gov/programs/edge/Geographic/RelationshipFiles|https://nces.ed.gov/programs/edge/data/GRF24.zip,2026-09-07
30238,GA,Fayette County Public Schools,Atlanta,traditional,census_zcta_lea,medium,,no open CCD school campus in this ZIP for this LEA; ZCTA∩LEA land from NCES EDGE GRF24; multi-LEA ZCTA; also Clayton County Public Schools; census land≈2.39 sq mi (14% of LEA land in ZCTA); small land share in ZCTA — possible city/county edge,https://nces.ed.gov/programs/edge/Geographic/RelationshipFiles|https://nces.ed.gov/programs/edge/data/GRF24.zip,2026-09-07
30240,GA,Heard County School District,Atlanta,traditional,census_zcta_lea,low,,no open CCD school campus in this ZIP for this LEA; ZCTA∩LEA land from NCES EDGE GRF24; multi-LEA ZCTA; also Troup County School System; census land≈0.29 sq mi (0% of LEA land in ZCTA); tiny land sliver — boundary edge; verify before routing parents solely here,https://nces.ed.gov/programs/edge/Geographic/RelationshipFiles|https://nces.ed.gov/programs/edge/data/GRF24.zip,2026-09-07
30240,GA,Troup County School System,LaGrange,traditional,ccd_school_zip,high,9,multi-LEA ZCTA; also Heard County School District; census land≈139.29 sq mi (100% of LEA land in ZCTA),https://educationdata.urban.org/api/v1/school-districts/ccd/directory/|https://nces.ed.gov/ccd/|https://nces.ed.gov/programs/edge/Geographic/RelationshipFiles|https://nces.ed.gov/programs/edge/data/GRF24.zip,2026-09-07
30241,GA,Troup County School System,LaGrange,traditional,ccd_school_zip,high,7,,https://educationdata.urban.org/api/v1/school-districts/ccd/directory/|https://nces.ed.gov/ccd/,2026-09-07
30248,GA,Butts County School System,Atlanta,traditional,census_zcta_lea,medium,,"no open CCD school campus in this ZIP for this LEA; ZCTA∩LEA land from NCES EDGE GRF24; multi-LEA ZCTA; also Griffin-Spalding County School System, Henry County Schools; census land≈5.90 sq mi (8% of LEA land in ZCTA); small land share in ZCTA — possible city/county edge",https://nces.ed.gov/programs/edge/Geographic/RelationshipFiles|https://nces.ed.gov/programs/edge/data/GRF24.zip,2026-09-07
30248,GA,Griffin-Spalding County School System,Atlanta,traditional,census_zcta_lea,medium,,"no open CCD school campus in this ZIP for this LEA; ZCTA∩LEA land from NCES EDGE GRF24; multi-LEA ZCTA; also Butts County School System, Henry County Schools; census land≈5.63 sq mi (8% of LEA land in ZCTA); small land share in ZCTA — possible city/county edge",https://nces.ed.gov/programs/edge/Geographic/RelationshipFiles|https://nces.ed.gov/programs/edge/data/GRF24.zip,2026-09-07
30248,GA,Henry County Schools,Atlanta,traditional,ccd_school_zip,high,9,"multi-LEA ZCTA; also Butts County School System, Griffin-Spalding County School System; census land≈59.15 sq mi (84% of LEA land in ZCTA)",https://educationdata.urban.org/api/v1/school-districts/ccd/directory/|https://nces.ed.gov/ccd/|https://nces.ed.gov/programs/edge/Geographic/RelationshipFiles|https://nces.ed.gov/programs/edge/data/GRF24.zip,2026-09-07
30250,GA,Clayton County Public Schools,Atlanta,traditional,census_zcta_lea,medium,,no open CCD school campus in this ZIP for this LEA; ZCTA∩LEA land from NCES EDGE GRF24; census land≈0.03 sq mi in ZCTA; small land share in ZCTA — possible city/county edge,https://nces.ed.gov/programs/edge/Geographic/RelationshipFiles|https://nces.ed.gov/programs/edge/data/GRF24.zip,2026-09-07
30251,GA,Coweta County School System,Atlanta,traditional,census_zcta_lea,medium,,no open CCD school campus in this ZIP for this LEA; ZCTA∩LEA land from NCES EDGE GRF24; multi-LEA ZCTA; also Meriwether County Schools; census land≈1.03 sq mi (3% of LEA land in ZCTA); small land share in ZCTA — possible city/county edge,https://nces.ed.gov/programs/edge/Geographic/RelationshipFiles|https://nces.ed.gov/programs/edge/data/GRF24.zip,2026-09-07
30251,GA,Meriwether County Schools,Atlanta,traditional,ccd_school_zip,high,1,multi-LEA ZCTA; also Coweta County School System; census land≈35.34 sq mi (97% of LEA land in ZCTA),https://educationdata.urban.org/api/v1/school-districts/ccd/directory/|https://nces.ed.gov/ccd/|https://nces.ed.gov/programs/edge/Geographic/RelationshipFiles|https://nces.ed.gov/programs/edge/data/GRF24.zip,2026-09-07
30252,GA,Henry County Schools,Atlanta,traditional,ccd_school_zip,high,9,multi-LEA ZCTA; also Rockdale County Public Schools; census land≈89.41 sq mi (95% of LEA land in ZCTA),https://educationdata.urban.org/api/v1/school-districts/ccd/directory/|https://nces.ed.gov/ccd/|https://nces.ed.gov/programs/edge/Geographic/RelationshipFiles|https://nces.ed.gov/programs/edge/data/GRF24.zip,2026-09-07
30252,GA,Rockdale County Public Schools,Atlanta,traditional,census_zcta_lea,medium,,no open CCD school campus in this ZIP for this LEA; ZCTA∩LEA land from NCES EDGE GRF24; multi-LEA ZCTA; also Henry County Schools; census land≈4.67 sq mi (5% of LEA land in ZCTA); small land share in ZCTA — possible city/county edge,https://nces.ed.gov/programs/edge/Geographic/RelationshipFiles|https://nces.ed.gov/programs/edge/data/GRF24.zip,2026-09-07
30253,GA,Henry County Schools,Atlanta,traditional,ccd_school_zip,high,10,,https://educationdata.urban.org/api/v1/school-districts/ccd/directory/|https://nces.ed.gov/ccd/,2026-09-07
30256,GA,Lamar County Schools,Rural Middle Georgia,traditional,census_zcta_lea,medium,,"no open CCD school campus in this ZIP for this LEA; ZCTA∩LEA land from NCES EDGE GRF24; multi-LEA ZCTA; also Pike County School District, Thomaston-Upson County Schools; census land≈3.06 sq mi (9% of LEA land in ZCTA); small land share in ZCTA — possible city/county edge",https://nces.ed.gov/programs/edge/Geographic/RelationshipFiles|https://nces.ed.gov/programs/edge/data/GRF24.zip,2026-09-07
30256,GA,Pike County School District,Atlanta,traditional,census_zcta_lea,medium,,"no open CCD school campus in this ZIP for this LEA; ZCTA∩LEA land from NCES EDGE GRF24; multi-LEA ZCTA; also Lamar County Schools, Thomaston-Upson County Schools; census land≈25.24 sq mi (71% of LEA land in ZCTA)",https://nces.ed.gov/programs/edge/Geographic/RelationshipFiles|https://nces.ed.gov/programs/edge/data/GRF24.zip,2026-09-07
30256,GA,Thomaston-Upson County Schools,Thomaston,traditional,census_zcta_lea,medium,,"no open CCD school campus in this ZIP for this LEA; ZCTA∩LEA land from NCES EDGE GRF24; multi-LEA ZCTA; also Lamar County Schools, Pike County School District; census land≈7.34 sq mi (21% of LEA land in ZCTA)",https://nces.ed.gov/programs/edge/Geographic/RelationshipFiles|https://nces.ed.gov/programs/edge/data/GRF24.zip,2026-09-07
30257,GA,Lamar County Schools,Rural Middle Georgia,traditional,census_zcta_lea,medium,,no open CCD school campus in this ZIP for this LEA; ZCTA∩LEA land from NCES EDGE GRF24; multi-LEA ZCTA; also Pike County School District; census land≈38.29 sq mi (91% of LEA land in ZCTA),https://nces.ed.gov/programs/edge/Geographic/RelationshipFiles|https://nces.ed.gov/programs/edge/data/GRF24.zip,2026-09-07
30257,GA,Pike County School District,Atlanta,traditional,census_zcta_lea,medium,,no open CCD school campus in this ZIP for this LEA; ZCTA∩LEA land from NCES EDGE GRF24; multi-LEA ZCTA; also Lamar County Schools; census land≈3.80 sq mi (9% of LEA land in ZCTA); small land share in ZCTA — possible city/county edge,https://nces.ed.gov/programs/edge/Geographic/RelationshipFiles|https://nces.ed.gov/programs/edge/data/GRF24.zip,2026-09-07
30258,GA,Pike County School District,Atlanta,traditional,census_zcta_lea,medium,,no open CCD school campus in this ZIP for this LEA; ZCTA∩LEA land from NCES EDGE GRF24; multi-LEA ZCTA; also Thomaston-Upson County Schools; census land≈33.45 sq mi (62% of LEA land in ZCTA),https://nces.ed.gov/programs/edge/Geographic/RelationshipFiles|https://nces.ed.gov/programs/edge/data/GRF24.zip,2026-09-07
30258,GA,Thomaston-Upson County Schools,Thomaston,traditional,census_zcta_lea,medium,,no open CCD school campus in this ZIP for this LEA; ZCTA∩LEA land from NCES EDGE GRF24; multi-LEA ZCTA; also Pike County School District; census land≈20.60 sq mi (38% of LEA land in ZCTA),https://nces.ed.gov/programs/edge/Geographic/RelationshipFiles|https://nces.ed.gov/programs/edge/data/GRF24.zip,2026-09-07
30259,GA,Coweta County School System,Atlanta,traditional,ccd_school_zip,high,1,,https://educationdata.urban.org/api/v1/school-districts/ccd/directory/|https://nces.ed.gov/ccd/,2026-09-07
30260,GA,Clayton County Public Schools,Atlanta,traditional,ccd_school_zip,high,9,,https://educationdata.urban.org/api/v1/school-districts/ccd/directory/|https://nces.ed.gov/ccd/,2026-09-07
30263,GA,Coweta County School System,Atlanta,traditional,ccd_school_zip,high,12,multi-LEA ZCTA; also Heard County School District; census land≈197.05 sq mi (99% of LEA land in ZCTA),https://educationdata.urban.org/api/v1/school-districts/ccd/directory/|https://nces.ed.gov/ccd/|https://nces.ed.gov/programs/edge/Geographic/RelationshipFiles|https://nces.ed.gov/programs/edge/data/GRF24.zip,2026-09-07
30263,GA,Heard County School District,Atlanta,traditional,census_zcta_lea,medium,,no open CCD school campus in this ZIP for this LEA; ZCTA∩LEA land from NCES EDGE GRF24; multi-LEA ZCTA; also Coweta County School System; census land≈1.03 sq mi (1% of LEA land in ZCTA); small land share in ZCTA — possible city/county edge,https://nces.ed.gov/programs/edge/Geographic/RelationshipFiles|https://nces.ed.gov/programs/edge/data/GRF24.zip,2026-09-07
30265,GA,Coweta County School System,Atlanta,traditional,ccd_school_zip,high,6,multi-LEA zip; also Odyssey School,https://educationdata.urban.org/api/v1/school-districts/ccd/directory/|https://nces.ed.gov/ccd/,2026-09-07
30265,GA,Odyssey School,Atlanta,charter,ccd_school_zip,high,1,charter campus ZIP (choice school; not an attendance-zone claim); multi-LEA zip; also Coweta County School System,https://educationdata.urban.org/api/v1/school-districts/ccd/directory/|https://nces.ed.gov/ccd/,2026-09-07
30268,GA,Coweta County School System,Atlanta,traditional,census_zcta_lea,medium,,"no open CCD school campus in this ZIP for this LEA; ZCTA∩LEA land from NCES EDGE GRF24; multi-LEA ZCTA; also Fayette County Public Schools, Fulton County Schools; census land≈8.95 sq mi (13% of LEA land in ZCTA); small land share in ZCTA — possible city/county edge",https://nces.ed.gov/programs/edge/Geographic/RelationshipFiles|https://nces.ed.gov/programs/edge/data/GRF24.zip,2026-09-07
30268,GA,Fayette County Public Schools,Atlanta,traditional,census_zcta_lea,low,,"no open CCD school campus in this ZIP for this LEA; ZCTA∩LEA land from NCES EDGE GRF24; multi-LEA ZCTA; also Coweta County School System, Fulton County Schools; census land≈0.00 sq mi (0% of LEA land in ZCTA); tiny land sliver — boundary edge; verify before routing parents solely here",https://nces.ed.gov/programs/edge/Geographic/RelationshipFiles|https://nces.ed.gov/programs/edge/data/GRF24.zip,2026-09-07
30268,GA,Fulton County Schools,Atlanta,traditional,ccd_school_zip,high,2,"multi-LEA ZCTA; also Coweta County School System, Fayette County Public Schools; census land≈60.33 sq mi (87% of LEA land in ZCTA)",https://educationdata.urban.org/api/v1/school-districts/ccd/directory/|https://nces.ed.gov/ccd/|https://nces.ed.gov/programs/edge/Geographic/RelationshipFiles|https://nces.ed.gov/programs/edge/data/GRF24.zip,2026-09-07
30269,GA,Fayette County Public Schools,Atlanta,traditional,ccd_school_zip,high,8,,https://educationdata.urban.org/api/v1/school-districts/ccd/directory/|https://nces.ed.gov/ccd/,2026-09-07
30272,GA,Fulton County Schools,Atlanta,traditional,census_zcta_lea,medium,,no open CCD school campus in this ZIP for this LEA; ZCTA∩LEA land from NCES EDGE GRF24; census land≈0.06 sq mi in ZCTA; small land share in ZCTA — possible city/county edge,https://nces.ed.gov/programs/edge/Geographic/RelationshipFiles|https://nces.ed.gov/programs/edge/data/GRF24.zip,2026-09-07
30273,GA,Clayton County Public Schools,Atlanta,traditional,ccd_school_zip,high,3,multi-LEA ZCTA; also Henry County Schools; census land≈6.17 sq mi (86% of LEA land in ZCTA),https://educationdata.urban.org/api/v1/school-districts/ccd/directory/|https://nces.ed.gov/ccd/|https://nces.ed.gov/programs/edge/Geographic/RelationshipFiles|https://nces.ed.gov/programs/edge/data/GRF24.zip,2026-09-07
30273,GA,Henry County Schools,Atlanta,traditional,census_zcta_lea,medium,,no open CCD school campus in this ZIP for this LEA; ZCTA∩LEA land from NCES EDGE GRF24; multi-LEA ZCTA; also Clayton County Public Schools; census land≈0.98 sq mi (14% of LEA land in ZCTA); small land share in ZCTA — possible city/county edge,https://nces.ed.gov/programs/edge/Geographic/RelationshipFiles|https://nces.ed.gov/programs/edge/data/GRF24.zip,2026-09-07
30274,GA,Clayton County Public Schools,Atlanta,traditional,ccd_school_zip,high,8,multi-LEA zip; also DuBois Integrity Academy,https://educationdata.urban.org/api/v1/school-districts/ccd/directory/|https://nces.ed.gov/ccd/,2026-09-07
30274,GA,DuBois Integrity Academy,Atlanta,charter,ccd_school_zip,high,1,charter campus ZIP (choice school; not an attendance-zone claim); multi-LEA zip; also Clayton County Public Schools,https://educationdata.urban.org/api/v1/school-districts/ccd/directory/|https://nces.ed.gov/ccd/,2026-09-07
30275,GA,Coweta County School System,Atlanta,traditional,census_zcta_lea,medium,,no open CCD school campus in this ZIP for this LEA; ZCTA∩LEA land from NCES EDGE GRF24; census land≈0.03 sq mi in ZCTA; small land share in ZCTA — possible city/county edge,https://nces.ed.gov/programs/edge/Geographic/RelationshipFiles|https://nces.ed.gov/programs/edge/data/GRF24.zip,2026-09-07
30276,GA,Coweta County School System,Atlanta,traditional,ccd_school_zip,high,2,"multi-LEA ZCTA; also Fayette County Public Schools, Meriwether County Schools; census land≈73.86 sq mi (77% of LEA land in ZCTA)",https://educationdata.urban.org/api/v1/school-districts/ccd/directory/|https://nces.ed.gov/ccd/|https://nces.ed.gov/programs/edge/Geographic/RelationshipFiles|https://nces.ed.gov/programs/edge/data/GRF24.zip,2026-09-07
30276,GA,Fayette County Public Schools,Atlanta,traditional,census_zcta_lea,medium,,"no open CCD school campus in this ZIP for this LEA; ZCTA∩LEA land from NCES EDGE GRF24; multi-LEA ZCTA; also Coweta County School System, Meriwether County Schools; census land≈4.00 sq mi (4% of LEA land in ZCTA); small land share in ZCTA — possible city/county edge",https://nces.ed.gov/programs/edge/Geographic/RelationshipFiles|https://nces.ed.gov/programs/edge/data/GRF24.zip,2026-09-07
30276,GA,Meriwether County Schools,Atlanta,traditional,census_zcta_lea,medium,,"no open CCD school campus in this ZIP for this LEA; ZCTA∩LEA land from NCES EDGE GRF24; multi-LEA ZCTA; also Coweta County School System, Fayette County Public Schools; census land≈18.21 sq mi (19% of LEA land in ZCTA)",https://nces.ed.gov/programs/edge/Geographic/RelationshipFiles|https://nces.ed.gov/programs/edge/data/GRF24.zip,2026-09-07
30276,GA,Coweta Charter Academy,Atlanta,charter,ccd_school_zip,high,1,"charter campus ZIP (choice school; not an attendance-zone claim); multi-LEA zip; also Coweta County School System, Fayette County Public Schools, Meriwether County Schools",https://educationdata.urban.org/api/v1/school-districts/ccd/directory/|https://nces.ed.gov/ccd/,2026-09-07
30277,GA,Coweta County School System,Atlanta,traditional,ccd_school_zip,high,7,,https://educationdata.urban.org/api/v1/school-districts/ccd/directory/|https://nces.ed.gov/ccd/,2026-09-07
30281,GA,Clayton County Public Schools,Atlanta,traditional,census_zcta_lea,medium,,"no open CCD school campus in this ZIP for this LEA; ZCTA∩LEA land from NCES EDGE GRF24; multi-LEA ZCTA; also Henry County Schools, Rockdale County Public Schools; census land≈1.13 sq mi (2% of LEA land in ZCTA); small land share in ZCTA — possible city/county edge",https://nces.ed.gov/programs/edge/Geographic/RelationshipFiles|https://nces.ed.gov/programs/edge/data/GRF24.zip,2026-09-07
30281,GA,Henry County Schools,Atlanta,traditional,ccd_school_zip,high,14,"multi-LEA ZCTA; also Clayton County Public Schools, Rockdale County Public Schools; census land≈54.90 sq mi (79% of LEA land in ZCTA)",https://educationdata.urban.org/api/v1/school-districts/ccd/directory/|https://nces.ed.gov/ccd/|https://nces.ed.gov/programs/edge/Geographic/RelationshipFiles|https://nces.ed.gov/programs/edge/data/GRF24.zip,2026-09-07
30281,GA,Rockdale County Public Schools,Atlanta,traditional,ccd_school_zip,high,2,"multi-LEA ZCTA; also Clayton County Public Schools, Henry County Schools; census land≈13.24 sq mi (19% of LEA land in ZCTA)",https://educationdata.urban.org/api/v1/school-districts/ccd/directory/|https://nces.ed.gov/ccd/|https://nces.ed.gov/programs/edge/Geographic/RelationshipFiles|https://nces.ed.gov/programs/edge/data/GRF24.zip,2026-09-07
30284,GA,Griffin-Spalding County School System,Atlanta,traditional,census_zcta_lea,medium,,no open CCD school campus in this ZIP for this LEA; ZCTA∩LEA land from NCES EDGE GRF24; census land≈0.02 sq mi in ZCTA; small land share in ZCTA — possible city/county edge,https://nces.ed.gov/programs/edge/Geographic/RelationshipFiles|https://nces.ed.gov/programs/edge/data/GRF24.zip,2026-09-07
30285,GA,Lamar County Schools,Rural Middle Georgia,traditional,census_zcta_lea,medium,,"no open CCD school campus in this ZIP for this LEA; ZCTA∩LEA land from NCES EDGE GRF24; multi-LEA ZCTA; also Pike County School District, Thomaston-Upson County Schools; census land≈3.34 sq mi (21% of LEA land in ZCTA)",https://nces.ed.gov/programs/edge/Geographic/RelationshipFiles|https://nces.ed.gov/programs/edge/data/GRF24.zip,2026-09-07
30285,GA,Pike County School District,Atlanta,traditional,census_zcta_lea,medium,,"no open CCD school campus in this ZIP for this LEA; ZCTA∩LEA land from NCES EDGE GRF24; multi-LEA ZCTA; also Lamar County Schools, Thomaston-Upson County Schools; census land≈2.78 sq mi (17% of LEA land in ZCTA)",https://nces.ed.gov/programs/edge/Geographic/RelationshipFiles|https://nces.ed.gov/programs/edge/data/GRF24.zip,2026-09-07
30285,GA,Thomaston-Upson County Schools,Thomaston,traditional,census_zcta_lea,medium,,"no open CCD school campus in this ZIP for this LEA; ZCTA∩LEA land from NCES EDGE GRF24; multi-LEA ZCTA; also Lamar County Schools, Pike County School District; census land≈9.91 sq mi (62% of LEA land in ZCTA)",https://nces.ed.gov/programs/edge/Geographic/RelationshipFiles|https://nces.ed.gov/programs/edge/data/GRF24.zip,2026-09-07
30286,GA,Thomaston-Upson County Schools,Thomaston,traditional,ccd_school_zip,high,4,,https://educationdata.urban.org/api/v1/school-districts/ccd/directory/|https://nces.ed.gov/ccd/,2026-09-07
30288,GA,Clayton County Public Schools,Atlanta,traditional,ccd_school_zip,high,1,multi-LEA ZCTA; also DeKalb County School District; census land≈2.00 sq mi (29% of LEA land in ZCTA),https://educationdata.urban.org/api/v1/school-districts/ccd/directory/|https://nces.ed.gov/ccd/|https://nces.ed.gov/programs/edge/Geographic/RelationshipFiles|https://nces.ed.gov/programs/edge/data/GRF24.zip,2026-09-07
30288,GA,DeKalb County School District,Atlanta,traditional,census_zcta_lea,medium,,no open CCD school campus in this ZIP for this LEA; ZCTA∩LEA land from NCES EDGE GRF24; multi-LEA ZCTA; also Clayton County Public Schools; census land≈4.93 sq mi (71% of LEA land in ZCTA),https://nces.ed.gov/programs/edge/Geographic/RelationshipFiles|https://nces.ed.gov/programs/edge/data/GRF24.zip,2026-09-07
30289,GA,Coweta County School System,Atlanta,traditional,census_zcta_lea,medium,,no open CCD school campus in this ZIP for this LEA; ZCTA∩LEA land from NCES EDGE GRF24; census land≈0.12 sq mi in ZCTA; small land share in ZCTA — possible city/county edge,https://nces.ed.gov/programs/edge/Geographic/RelationshipFiles|https://nces.ed.gov/programs/edge/data/GRF24.zip,2026-09-07
30290,GA,Fayette County Public Schools,Atlanta,traditional,ccd_school_zip,high,3,,https://educationdata.urban.org/api/v1/school-districts/ccd/directory/|https://nces.ed.gov/ccd/,2026-09-07
30291,GA,Fulton County Schools,Atlanta,traditional,ccd_school_zip,high,3,,https://educationdata.urban.org/api/v1/school-districts/ccd/directory/|https://nces.ed.gov/ccd/,2026-09-07
30292,GA,Griffin-Spalding County School System,Atlanta,traditional,census_zcta_lea,medium,,no open CCD school campus in this ZIP for this LEA; ZCTA∩LEA land from NCES EDGE GRF24; multi-LEA ZCTA; also Pike County School District; census land≈13.01 sq mi (22% of LEA land in ZCTA),https://nces.ed.gov/programs/edge/Geographic/RelationshipFiles|https://nces.ed.gov/programs/edge/data/GRF24.zip,2026-09-07
30292,GA,Pike County School District,Atlanta,traditional,census_zcta_lea,medium,,no open CCD school campus in this ZIP for this LEA; ZCTA∩LEA land from NCES EDGE GRF24; multi-LEA ZCTA; also Griffin-Spalding County School System; census land≈44.99 sq mi (78% of LEA land in ZCTA),https://nces.ed.gov/programs/edge/Geographic/RelationshipFiles|https://nces.ed.gov/programs/edge/data/GRF24.zip,2026-09-07
30293,GA,Meriwether County Schools,Atlanta,traditional,census_zcta_lea,medium,,no open CCD school campus in this ZIP for this LEA; ZCTA∩LEA land from NCES EDGE GRF24; census land≈75.68 sq mi in ZCTA,https://nces.ed.gov/programs/edge/Geographic/RelationshipFiles|https://nces.ed.gov/programs/edge/data/GRF24.zip,2026-09-07
30294,GA,Clayton County Public Schools,Atlanta,traditional,ccd_school_zip,high,3,"multi-LEA ZCTA; also DeKalb County School District, Henry County Schools, Rockdale County Public Schools; census land≈11.59 sq mi (35% of LEA land in ZCTA)",https://educationdata.urban.org/api/v1/school-districts/ccd/directory/|https://nces.ed.gov/ccd/|https://nces.ed.gov/programs/edge/Geographic/RelationshipFiles|https://nces.ed.gov/programs/edge/data/GRF24.zip,2026-09-07
30294,GA,DeKalb County School District,Atlanta,traditional,ccd_school_zip,high,2,"multi-LEA ZCTA; also Clayton County Public Schools, Henry County Schools, Rockdale County Public Schools; census land≈11.84 sq mi (36% of LEA land in ZCTA)",https://educationdata.urban.org/api/v1/school-districts/ccd/directory/|https://nces.ed.gov/ccd/|https://nces.ed.gov/programs/edge/Geographic/RelationshipFiles|https://nces.ed.gov/programs/edge/data/GRF24.zip,2026-09-07
30294,GA,Henry County Schools,Atlanta,traditional,census_zcta_lea,medium,,"no open CCD school campus in this ZIP for this LEA; ZCTA∩LEA land from NCES EDGE GRF24; multi-LEA ZCTA; also Clayton County Public Schools, DeKalb County School District, Rockdale County Public Schools; census land≈8.96 sq mi (27% of LEA land in ZCTA)",https://nces.ed.gov/programs/edge/Geographic/RelationshipFiles|https://nces.ed.gov/programs/edge/data/GRF24.zip,2026-09-07
30294,GA,Rockdale County Public Schools,Atlanta,traditional,census_zcta_lea,low,,"no open CCD school campus in this ZIP for this LEA; ZCTA∩LEA land from NCES EDGE GRF24; multi-LEA ZCTA; also Clayton County Public Schools, DeKalb County School District, Henry County Schools; census land≈0.38 sq mi (1% of LEA land in ZCTA); tiny land sliver — boundary edge; verify before routing parents solely here",https://nces.ed.gov/programs/edge/Geographic/RelationshipFiles|https://nces.ed.gov/programs/edge/data/GRF24.zip,2026-09-07
30295,GA,Lamar County Schools,Rural Middle Georgia,traditional,census_zcta_lea,medium,,no open CCD school campus in this ZIP for this LEA; ZCTA∩LEA land from NCES EDGE GRF24; multi-LEA ZCTA; also Pike County School District; census land≈1.27 sq mi (3% of LEA land in ZCTA); small land share in ZCTA — possible city/county edge,https://nces.ed.gov/programs/edge/Geographic/RelationshipFiles|https://nces.ed.gov/programs/edge/data/GRF24.zip,2026-09-07
30295,GA,Pike County School District,Atlanta,traditional,ccd_school_zip,high,5,multi-LEA ZCTA; also Lamar County Schools; census land≈46.21 sq mi (97% of LEA land in ZCTA),https://educationdata.urban.org/api/v1/school-districts/ccd/directory/|https://nces.ed.gov/ccd/|https://nces.ed.gov/programs/edge/Geographic/RelationshipFiles|https://nces.ed.gov/programs/edge/data/GRF24.zip,2026-09-07
30296,GA,Clayton County Public Schools,Atlanta,traditional,ccd_school_zip,high,2,multi-LEA ZCTA; also Fulton County Schools; census land≈8.36 sq mi (80% of LEA land in ZCTA),https://educationdata.urban.org/api/v1/school-districts/ccd/directory/|https://nces.ed.gov/ccd/|https://nces.ed.gov/programs/edge/Geographic/RelationshipFiles|https://nces.ed.gov/programs/edge/data/GRF24.zip,2026-09-07
30296,GA,Fulton County Schools,Atlanta,traditional,census_zcta_lea,medium,,no open CCD school campus in this ZIP for this LEA; ZCTA∩LEA land from NCES EDGE GRF24; multi-LEA ZCTA; also Clayton County Public Schools; census land≈2.08 sq mi (20% of LEA land in ZCTA),https://nces.ed.gov/programs/edge/Geographic/RelationshipFiles|https://nces.ed.gov/programs/edge/data/GRF24.zip,2026-09-07
30297,GA,Clayton County Public Schools,Atlanta,traditional,ccd_school_zip,high,7,,https://educationdata.urban.org/api/v1/school-districts/ccd/directory/|https://nces.ed.gov/ccd/,2026-09-07
30303,GA,Atlanta Public Schools,Atlanta,traditional,census_zcta_lea,medium,,no open CCD school campus in this ZIP for this LEA; ZCTA∩LEA land from NCES EDGE GRF24; census land≈1.04 sq mi in ZCTA,https://nces.ed.gov/programs/edge/Geographic/RelationshipFiles|https://nces.ed.gov/programs/edge/data/GRF24.zip,2026-09-07
30305,GA,Atlanta Public Schools,Atlanta,traditional,ccd_school_zip,high,5,,https://educationdata.urban.org/api/v1/school-districts/ccd/directory/|https://nces.ed.gov/ccd/,2026-09-07
30306,GA,Atlanta Public Schools,Atlanta,traditional,ccd_school_zip,high,2,multi-LEA ZCTA; also DeKalb County School District; census land≈3.40 sq mi (75% of LEA land in ZCTA),https://educationdata.urban.org/api/v1/school-districts/ccd/directory/|https://nces.ed.gov/ccd/|https://nces.ed.gov/programs/edge/Geographic/RelationshipFiles|https://nces.ed.gov/programs/edge/data/GRF24.zip,2026-09-07
30306,GA,DeKalb County School District,Atlanta,traditional,ccd_school_zip,high,1,multi-LEA ZCTA; also Atlanta Public Schools; census land≈1.16 sq mi (25% of LEA land in ZCTA),https://educationdata.urban.org/api/v1/school-districts/ccd/directory/|https://nces.ed.gov/ccd/|https://nces.ed.gov/programs/edge/Geographic/RelationshipFiles|https://nces.ed.gov/programs/edge/data/GRF24.zip,2026-09-07
30307,GA,Atlanta Public Schools,Atlanta,traditional,ccd_school_zip,high,1,"multi-LEA ZCTA; also City Schools of Decatur, DeKalb County School District; census land≈2.80 sq mi (62% of LEA land in ZCTA)",https://educationdata.urban.org/api/v1/school-districts/ccd/directory/|https://nces.ed.gov/ccd/|https://nces.ed.gov/programs/edge/Geographic/RelationshipFiles|https://nces.ed.gov/programs/edge/data/GRF24.zip,2026-09-07
30307,GA,City Schools of Decatur,Atlanta,traditional,census_zcta_lea,low,,"no open CCD school campus in this ZIP for this LEA; ZCTA∩LEA land from NCES EDGE GRF24; multi-LEA ZCTA; also Atlanta Public Schools, DeKalb County School District; census land≈0.01 sq mi (0% of LEA land in ZCTA); tiny land sliver — boundary edge; verify before routing parents solely here",https://nces.ed.gov/programs/edge/Geographic/RelationshipFiles|https://nces.ed.gov/programs/edge/data/GRF24.zip,2026-09-07
30307,GA,DeKalb County School District,Atlanta,traditional,ccd_school_zip,high,2,"multi-LEA ZCTA; also Atlanta Public Schools, City Schools of Decatur; census land≈1.73 sq mi (38% of LEA land in ZCTA)",https://educationdata.urban.org/api/v1/school-districts/ccd/directory/|https://nces.ed.gov/ccd/|https://nces.ed.gov/programs/edge/Geographic/RelationshipFiles|https://nces.ed.gov/programs/edge/data/GRF24.zip,2026-09-07
30308,GA,Atlanta Public Schools,Atlanta,traditional,ccd_school_zip,high,1,,https://educationdata.urban.org/api/v1/school-districts/ccd/directory/|https://nces.ed.gov/ccd/,2026-09-07
30309,GA,Atlanta Public Schools,Atlanta,traditional,ccd_school_zip,high,1,,https://educationdata.urban.org/api/v1/school-districts/ccd/directory/|https://nces.ed.gov/ccd/,2026-09-07
30310,GA,Atlanta Public Schools,Atlanta,traditional,ccd_school_zip,high,7,multi-LEA ZCTA; also Fulton County Schools; census land≈8.59 sq mi (100% of LEA land in ZCTA),https://educationdata.urban.org/api/v1/school-districts/ccd/directory/|https://nces.ed.gov/ccd/|https://nces.ed.gov/programs/edge/Geographic/RelationshipFiles|https://nces.ed.gov/programs/edge/data/GRF24.zip,2026-09-07
30310,GA,Fulton County Schools,Atlanta,traditional,census_zcta_lea,low,,no open CCD school campus in this ZIP for this LEA; ZCTA∩LEA land from NCES EDGE GRF24; multi-LEA ZCTA; also Atlanta Public Schools; census land≈0.00 sq mi (0% of LEA land in ZCTA); tiny land sliver — boundary edge; verify before routing parents solely here,https://nces.ed.gov/programs/edge/Geographic/RelationshipFiles|https://nces.ed.gov/programs/edge/data/GRF24.zip,2026-09-07
30311,GA,Atlanta Public Schools,Atlanta,traditional,ccd_school_zip,high,8,multi-LEA ZCTA; also Fulton County Schools; census land≈12.36 sq mi (99% of LEA land in ZCTA),https://educationdata.urban.org/api/v1/school-districts/ccd/directory/|https://nces.ed.gov/ccd/|https://nces.ed.gov/programs/edge/Geographic/RelationshipFiles|https://nces.ed.gov/programs/edge/data/GRF24.zip,2026-09-07
30311,GA,Fulton County Schools,Atlanta,traditional,census_zcta_lea,low,,no open CCD school campus in this ZIP for this LEA; ZCTA∩LEA land from NCES EDGE GRF24; multi-LEA ZCTA; also Atlanta Public Schools; census land≈0.10 sq mi (1% of LEA land in ZCTA); tiny land sliver — boundary edge; verify before routing parents solely here,https://nces.ed.gov/programs/edge/Geographic/RelationshipFiles|https://nces.ed.gov/programs/edge/data/GRF24.zip,2026-09-07
30311,GA,Atlanta SMART Academy,Atlanta,charter,ccd_school_zip,high,1,"charter campus ZIP (choice school; not an attendance-zone claim); multi-LEA zip; also Atlanta Public Schools, Fulton County Schools",https://educationdata.urban.org/api/v1/school-districts/ccd/directory/|https://nces.ed.gov/ccd/,2026-09-07
30312,GA,Atlanta Public Schools,Atlanta,traditional,ccd_school_zip,high,6,,https://educationdata.urban.org/api/v1/school-districts/ccd/directory/|https://nces.ed.gov/ccd/,2026-09-07
30313,GA,Atlanta Public Schools,Atlanta,traditional,ccd_school_zip,high,1,,https://educationdata.urban.org/api/v1/school-districts/ccd/directory/|https://nces.ed.gov/ccd/,2026-09-07
30314,GA,Atlanta Public Schools,Atlanta,traditional,ccd_school_zip,high,7,,https://educationdata.urban.org/api/v1/school-districts/ccd/directory/|https://nces.ed.gov/ccd/,2026-09-07
30315,GA,Atlanta Public Schools,Atlanta,traditional,ccd_school_zip,high,14,"multi-LEA ZCTA; also DeKalb County School District, Fulton County Schools; census land≈11.38 sq mi (99% of LEA land in ZCTA)",https://educationdata.urban.org/api/v1/school-districts/ccd/directory/|https://nces.ed.gov/ccd/|https://nces.ed.gov/programs/edge/Geographic/RelationshipFiles|https://nces.ed.gov/programs/edge/data/GRF24.zip,2026-09-07
30315,GA,DeKalb County School District,Atlanta,traditional,census_zcta_lea,low,,"no open CCD school campus in this ZIP for this LEA; ZCTA∩LEA land from NCES EDGE GRF24; multi-LEA ZCTA; also Atlanta Public Schools, Fulton County Schools; census land≈0.08 sq mi (1% of LEA land in ZCTA); tiny land sliver — boundary edge; verify before routing parents solely here",https://nces.ed.gov/programs/edge/Geographic/RelationshipFiles|https://nces.ed.gov/programs/edge/data/GRF24.zip,2026-09-07
30315,GA,Fulton County Schools,Atlanta,traditional,census_zcta_lea,low,,"no open CCD school campus in this ZIP for this LEA; ZCTA∩LEA land from NCES EDGE GRF24; multi-LEA ZCTA; also Atlanta Public Schools, DeKalb County School District; census land≈0.02 sq mi (0% of LEA land in ZCTA); tiny land sliver — boundary edge; verify before routing parents solely here",https://nces.ed.gov/programs/edge/Geographic/RelationshipFiles|https://nces.ed.gov/programs/edge/data/GRF24.zip,2026-09-07
30315,GA,Ethos Classical Charter School,Atlanta,charter,ccd_school_zip,high,1,"charter campus ZIP (choice school; not an attendance-zone claim); multi-LEA zip; also Atlanta Public Schools, DeKalb County School District, Fulton County Schools",https://educationdata.urban.org/api/v1/school-districts/ccd/directory/|https://nces.ed.gov/ccd/,2026-09-07
30316,GA,Atlanta Public Schools,Atlanta,traditional,ccd_school_zip,high,3,multi-LEA ZCTA; also DeKalb County School District; census land≈3.81 sq mi (29% of LEA land in ZCTA),https://educationdata.urban.org/api/v1/school-districts/ccd/directory/|https://nces.ed.gov/ccd/|https://nces.ed.gov/programs/edge/Geographic/RelationshipFiles|https://nces.ed.gov/programs/edge/data/GRF24.zip,2026-09-07
30316,GA,DeKalb County School District,Atlanta,traditional,ccd_school_zip,high,2,multi-LEA ZCTA; also Atlanta Public Schools; census land≈9.23 sq mi (71% of LEA land in ZCTA),https://educationdata.urban.org/api/v1/school-districts/ccd/directory/|https://nces.ed.gov/ccd/|https://nces.ed.gov/programs/edge/Geographic/RelationshipFiles|https://nces.ed.gov/programs/edge/data/GRF24.zip,2026-09-07
30316,GA,Genesis Academy for Boys,Atlanta,charter,ccd_school_zip,high,1,"charter campus ZIP (choice school; not an attendance-zone claim); multi-LEA zip; also Atlanta Public Schools, DeKalb County School District, Genesis Academy for Girls",https://educationdata.urban.org/api/v1/school-districts/ccd/directory/|https://nces.ed.gov/ccd/,2026-09-07
30316,GA,Genesis Academy for Girls,Atlanta,charter,ccd_school_zip,high,1,"charter campus ZIP (choice school; not an attendance-zone claim); multi-LEA zip; also Atlanta Public Schools, DeKalb County School District, Genesis Academy for Boys",https://educationdata.urban.org/api/v1/school-districts/ccd/directory/|https://nces.ed.gov/ccd/,2026-09-07
30317,GA,Atlanta Public Schools,Atlanta,traditional,ccd_school_zip,high,3,"multi-LEA ZCTA; also City Schools of Decatur, DeKalb County School District; census land≈3.14 sq mi (89% of LEA land in ZCTA)",https://educationdata.urban.org/api/v1/school-districts/ccd/directory/|https://nces.ed.gov/ccd/|https://nces.ed.gov/programs/edge/Geographic/RelationshipFiles|https://nces.ed.gov/programs/edge/data/GRF24.zip,2026-09-07
30317,GA,City Schools of Decatur,Atlanta,traditional,census_zcta_lea,low,,"no open CCD school campus in this ZIP for this LEA; ZCTA∩LEA land from NCES EDGE GRF24; multi-LEA ZCTA; also Atlanta Public Schools, DeKalb County School District; census land≈0.00 sq mi (0% of LEA land in ZCTA); tiny land sliver — boundary edge; verify before routing parents solely here",https://nces.ed.gov/programs/edge/Geographic/RelationshipFiles|https://nces.ed.gov/programs/edge/data/GRF24.zip,2026-09-07
30317,GA,DeKalb County School District,Atlanta,traditional,census_zcta_lea,medium,,"no open CCD school campus in this ZIP for this LEA; ZCTA∩LEA land from NCES EDGE GRF24; multi-LEA ZCTA; also Atlanta Public Schools, City Schools of Decatur; census land≈0.39 sq mi (11% of LEA land in ZCTA); small land share in ZCTA — possible city/county edge",https://nces.ed.gov/programs/edge/Geographic/RelationshipFiles|https://nces.ed.gov/programs/edge/data/GRF24.zip,2026-09-07
30317,GA,Ivy Preparatory Academy at Kirkwood,Atlanta,charter,ccd_school_zip,high,1,"charter campus ZIP (choice school; not an attendance-zone claim); multi-LEA zip; also Atlanta Public Schools, City Schools of Decatur, DeKalb County School District",https://educationdata.urban.org/api/v1/school-districts/ccd/directory/|https://nces.ed.gov/ccd/,2026-09-07
30318,GA,Atlanta Public Schools,Atlanta,traditional,ccd_school_zip,high,10,,https://educationdata.urban.org/api/v1/school-districts/ccd/directory/|https://nces.ed.gov/ccd/,2026-09-07
30319,GA,Atlanta Public Schools,Atlanta,traditional,census_zcta_lea,medium,,"no open CCD school campus in this ZIP for this LEA; ZCTA∩LEA land from NCES EDGE GRF24; multi-LEA ZCTA; also DeKalb County School District, Fulton County Schools; census land≈1.14 sq mi (11% of LEA land in ZCTA); small land share in ZCTA — possible city/county edge",https://nces.ed.gov/programs/edge/Geographic/RelationshipFiles|https://nces.ed.gov/programs/edge/data/GRF24.zip,2026-09-07
30319,GA,DeKalb County School District,Atlanta,traditional,ccd_school_zip,high,7,"multi-LEA ZCTA; also Atlanta Public Schools, Fulton County Schools; census land≈8.82 sq mi (86% of LEA land in ZCTA)",https://educationdata.urban.org/api/v1/school-districts/ccd/directory/|https://nces.ed.gov/ccd/|https://nces.ed.gov/programs/edge/Geographic/RelationshipFiles|https://nces.ed.gov/programs/edge/data/GRF24.zip,2026-09-07
30319,GA,Fulton County Schools,Atlanta,traditional,census_zcta_lea,low,,"no open CCD school campus in this ZIP for this LEA; ZCTA∩LEA land from NCES EDGE GRF24; multi-LEA ZCTA; also Atlanta Public Schools, DeKalb County School District; census land≈0.34 sq mi (3% of LEA land in ZCTA); tiny land sliver — boundary edge; verify before routing parents solely here",https://nces.ed.gov/programs/edge/Geographic/RelationshipFiles|https://nces.ed.gov/programs/edge/data/GRF24.zip,2026-09-07
30322,GA,Atlanta Public Schools,Atlanta,traditional,census_zcta_lea,medium,,no open CCD school campus in this ZIP for this LEA; ZCTA∩LEA land from NCES EDGE GRF24; multi-LEA ZCTA; also DeKalb County School District; census land≈0.46 sq mi (99% of LEA land in ZCTA); small land share in ZCTA — possible city/county edge,https://nces.ed.gov/programs/edge/Geographic/RelationshipFiles|https://nces.ed.gov/programs/edge/data/GRF24.zip,2026-09-07
30322,GA,DeKalb County School District,Atlanta,traditional,census_zcta_lea,low,,no open CCD school campus in this ZIP for this LEA; ZCTA∩LEA land from NCES EDGE GRF24; multi-LEA ZCTA; also Atlanta Public Schools; census land≈0.01 sq mi (1% of LEA land in ZCTA); tiny land sliver — boundary edge; verify before routing parents solely here,https://nces.ed.gov/programs/edge/Geographic/RelationshipFiles|https://nces.ed.gov/programs/edge/data/GRF24.zip,2026-09-07
30324,GA,Atlanta Public Schools,Atlanta,traditional,census_zcta_lea,medium,,no open CCD school campus in this ZIP for this LEA; ZCTA∩LEA land from NCES EDGE GRF24; multi-LEA ZCTA; also DeKalb County School District; census land≈3.97 sq mi (75% of LEA land in ZCTA),https://nces.ed.gov/programs/edge/Geographic/RelationshipFiles|https://nces.ed.gov/programs/edge/data/GRF24.zip,2026-09-07
30324,GA,DeKalb County School District,Atlanta,traditional,ccd_school_zip,high,1,multi-LEA ZCTA; also Atlanta Public Schools; census land≈1.31 sq mi (25% of LEA land in ZCTA),https://educationdata.urban.org/api/v1/school-districts/ccd/directory/|https://nces.ed.gov/ccd/|https://nces.ed.gov/programs/edge/Geographic/RelationshipFiles|https://nces.ed.gov/programs/edge/data/GRF24.zip,2026-09-07
30326,GA,Atlanta Public Schools,Atlanta,traditional,census_zcta_lea,medium,,no open CCD school campus in this ZIP for this LEA; ZCTA∩LEA land from NCES EDGE GRF24; census land≈0.75 sq mi in ZCTA; small land share in ZCTA — possible city/county edge,https://nces.ed.gov/programs/edge/Geographic/RelationshipFiles|https://nces.ed.gov/programs/edge/data/GRF24.zip,2026-09-07
30327,GA,Atlanta Public Schools,Atlanta,traditional,ccd_school_zip,high,3,multi-LEA ZCTA; also Fulton County Schools; census land≈11.10 sq mi (64% of LEA land in ZCTA),https://educationdata.urban.org/api/v1/school-districts/ccd/directory/|https://nces.ed.gov/ccd/|https://nces.ed.gov/programs/edge/Geographic/RelationshipFiles|https://nces.ed.gov/programs/edge/data/GRF24.zip,2026-09-07
30327,GA,Fulton County Schools,Atlanta,traditional,census_zcta_lea,medium,,no open CCD school campus in this ZIP for this LEA; ZCTA∩LEA land from NCES EDGE GRF24; multi-LEA ZCTA; also Atlanta Public Schools; census land≈6.37 sq mi (36% of LEA land in ZCTA),https://nces.ed.gov/programs/edge/Geographic/RelationshipFiles|https://nces.ed.gov/programs/edge/data/GRF24.zip,2026-09-07
30328,GA,Cobb County School District,Atlanta,traditional,census_zcta_lea,low,,no open CCD school campus in this ZIP for this LEA; ZCTA∩LEA land from NCES EDGE GRF24; multi-LEA ZCTA; also Fulton County Schools; census land≈0.00 sq mi (0% of LEA land in ZCTA); tiny land sliver — boundary edge; verify before routing parents solely here,https://nces.ed.gov/programs/edge/Geographic/RelationshipFiles|https://nces.ed.gov/programs/edge/data/GRF24.zip,2026-09-07
30328,GA,Fulton County Schools,Atlanta,traditional,ccd_school_zip,high,4,multi-LEA ZCTA; also Cobb County School District; census land≈12.77 sq mi (100% of LEA land in ZCTA),https://educationdata.urban.org/api/v1/school-districts/ccd/directory/|https://nces.ed.gov/ccd/|https://nces.ed.gov/programs/edge/Geographic/RelationshipFiles|https://nces.ed.gov/programs/edge/data/GRF24.zip,2026-09-07
30329,GA,Atlanta Public Schools,Atlanta,traditional,census_zcta_lea,low,,no open CCD school campus in this ZIP for this LEA; ZCTA∩LEA land from NCES EDGE GRF24; multi-LEA ZCTA; also DeKalb County School District; census land≈0.49 sq mi (9% of LEA land in ZCTA); tiny land sliver — boundary edge; verify before routing parents solely here,https://nces.ed.gov/programs/edge/Geographic/RelationshipFiles|https://nces.ed.gov/programs/edge/data/GRF24.zip,2026-09-07
30329,GA,DeKalb County School District,Atlanta,traditional,ccd_school_zip,high,3,multi-LEA ZCTA; also Atlanta Public Schools; census land≈4.99 sq mi (91% of LEA land in ZCTA),https://educationdata.urban.org/api/v1/school-districts/ccd/directory/|https://nces.ed.gov/ccd/|https://nces.ed.gov/programs/edge/Geographic/RelationshipFiles|https://nces.ed.gov/programs/edge/data/GRF24.zip,2026-09-07
30331,GA,Atlanta Public Schools,Atlanta,traditional,ccd_school_zip,high,10,multi-LEA ZCTA; also Fulton County Schools; census land≈18.52 sq mi (49% of LEA land in ZCTA),https://educationdata.urban.org/api/v1/school-districts/ccd/directory/|https://nces.ed.gov/ccd/|https://nces.ed.gov/programs/edge/Geographic/RelationshipFiles|https://nces.ed.gov/programs/edge/data/GRF24.zip,2026-09-07
30331,GA,Fulton County Schools,Atlanta,traditional,ccd_school_zip,high,3,multi-LEA ZCTA; also Atlanta Public Schools; census land≈19.17 sq mi (51% of LEA land in ZCTA),https://educationdata.urban.org/api/v1/school-districts/ccd/directory/|https://nces.ed.gov/ccd/|https://nces.ed.gov/programs/edge/Geographic/RelationshipFiles|https://nces.ed.gov/programs/edge/data/GRF24.zip,2026-09-07
30331,GA,Atlanta Heights Charter School,Atlanta,charter,ccd_school_zip,high,1,"charter campus ZIP (choice school; not an attendance-zone claim); multi-LEA zip; also Atlanta Public Schools, Fulton County Schools, SLAM Academy of Atlanta",https://educationdata.urban.org/api/v1/school-districts/ccd/directory/|https://nces.ed.gov/ccd/,2026-09-07
30331,GA,SLAM Academy of Atlanta,Atlanta,charter,ccd_school_zip,high,1,"charter campus ZIP (choice school; not an attendance-zone claim); multi-LEA zip; also Atlanta Heights Charter School, Atlanta Public Schools, Fulton County Schools",https://educationdata.urban.org/api/v1/school-districts/ccd/directory/|https://nces.ed.gov/ccd/,2026-09-07
30332,GA,Atlanta Public Schools,Atlanta,traditional,census_zcta_lea,medium,,no open CCD school campus in this ZIP for this LEA; ZCTA∩LEA land from NCES EDGE GRF24; census land≈0.09 sq mi in ZCTA; small land share in ZCTA — possible city/county edge,https://nces.ed.gov/programs/edge/Geographic/RelationshipFiles|https://nces.ed.gov/programs/edge/data/GRF24.zip,2026-09-07
30334,GA,Atlanta Public Schools,Atlanta,traditional,census_zcta_lea,medium,,no open CCD school campus in this ZIP for this LEA; ZCTA∩LEA land from NCES EDGE GRF24; census land≈0.02 sq mi in ZCTA; small land share in ZCTA — possible city/county edge,https://nces.ed.gov/programs/edge/Geographic/RelationshipFiles|https://nces.ed.gov/programs/edge/data/GRF24.zip,2026-09-07
30336,GA,Fulton County Schools,Atlanta,traditional,census_zcta_lea,medium,,no open CCD school campus in this ZIP for this LEA; ZCTA∩LEA land from NCES EDGE GRF24; census land≈10.16 sq mi in ZCTA,https://nces.ed.gov/programs/edge/Geographic/RelationshipFiles|https://nces.ed.gov/programs/edge/data/GRF24.zip,2026-09-07
30337,GA,Clayton County Public Schools,Atlanta,traditional,census_zcta_lea,medium,,no open CCD school campus in this ZIP for this LEA; ZCTA∩LEA land from NCES EDGE GRF24; multi-LEA ZCTA; also Fulton County Schools; census land≈5.71 sq mi (47% of LEA land in ZCTA),https://nces.ed.gov/programs/edge/Geographic/RelationshipFiles|https://nces.ed.gov/programs/edge/data/GRF24.zip,2026-09-07
30337,GA,Fulton County Schools,Atlanta,traditional,ccd_school_zip,high,2,multi-LEA ZCTA; also Clayton County Public Schools; census land≈6.52 sq mi (53% of LEA land in ZCTA),https://educationdata.urban.org/api/v1/school-districts/ccd/directory/|https://nces.ed.gov/ccd/|https://nces.ed.gov/programs/edge/Geographic/RelationshipFiles|https://nces.ed.gov/programs/edge/data/GRF24.zip,2026-09-07
30337,GA,Atlanta Unbound Academy,Atlanta,charter,ccd_school_zip,high,1,"charter campus ZIP (choice school; not an attendance-zone claim); multi-LEA zip; also Clayton County Public Schools, Fulton County Schools",https://educationdata.urban.org/api/v1/school-districts/ccd/directory/|https://nces.ed.gov/ccd/,2026-09-07
30338,GA,DeKalb County School District,Atlanta,traditional,ccd_school_zip,high,7,multi-LEA ZCTA; also Fulton County Schools; census land≈9.64 sq mi (98% of LEA land in ZCTA),https://educationdata.urban.org/api/v1/school-districts/ccd/directory/|https://nces.ed.gov/ccd/|https://nces.ed.gov/programs/edge/Geographic/RelationshipFiles|https://nces.ed.gov/programs/edge/data/GRF24.zip,2026-09-07
30338,GA,Fulton County Schools,Atlanta,traditional,census_zcta_lea,low,,no open CCD school campus in this ZIP for this LEA; ZCTA∩LEA land from NCES EDGE GRF24; multi-LEA ZCTA; also DeKalb County School District; census land≈0.20 sq mi (2% of LEA land in ZCTA); tiny land sliver — boundary edge; verify before routing parents solely here,https://nces.ed.gov/programs/edge/Geographic/RelationshipFiles|https://nces.ed.gov/programs/edge/data/GRF24.zip,2026-09-07
30339,GA,Atlanta Public Schools,Atlanta,traditional,census_zcta_lea,low,,"no open CCD school campus in this ZIP for this LEA; ZCTA∩LEA land from NCES EDGE GRF24; multi-LEA ZCTA; also Cobb County School District, Fulton County Schools, Marietta City Schools; census land≈0.03 sq mi (0% of LEA land in ZCTA); tiny land sliver — boundary edge; verify before routing parents solely here",https://nces.ed.gov/programs/edge/Geographic/RelationshipFiles|https://nces.ed.gov/programs/edge/data/GRF24.zip,2026-09-07
30339,GA,Cobb County School District,Atlanta,traditional,ccd_school_zip,high,1,"multi-LEA ZCTA; also Atlanta Public Schools, Fulton County Schools, Marietta City Schools; census land≈9.37 sq mi (95% of LEA land in ZCTA)",https://educationdata.urban.org/api/v1/school-districts/ccd/directory/|https://nces.ed.gov/ccd/|https://nces.ed.gov/programs/edge/Geographic/RelationshipFiles|https://nces.ed.gov/programs/edge/data/GRF24.zip,2026-09-07
30339,GA,Fulton County Schools,Atlanta,traditional,ccd_school_zip,high,2,"multi-LEA ZCTA; also Atlanta Public Schools, Cobb County School District, Marietta City Schools; census land≈0.44 sq mi (4% of LEA land in ZCTA)",https://educationdata.urban.org/api/v1/school-districts/ccd/directory/|https://nces.ed.gov/ccd/|https://nces.ed.gov/programs/edge/Geographic/RelationshipFiles|https://nces.ed.gov/programs/edge/data/GRF24.zip,2026-09-07
30339,GA,Marietta City Schools,Atlanta,traditional,census_zcta_lea,low,,"no open CCD school campus in this ZIP for this LEA; ZCTA∩LEA land from NCES EDGE GRF24; multi-LEA ZCTA; also Atlanta Public Schools, Cobb County School District, Fulton County Schools; census land≈0.03 sq mi (0% of LEA land in ZCTA); tiny land sliver — boundary edge; verify before routing parents solely here",https://nces.ed.gov/programs/edge/Geographic/RelationshipFiles|https://nces.ed.gov/programs/edge/data/GRF24.zip,2026-09-07
30340,GA,DeKalb County School District,Atlanta,traditional,ccd_school_zip,high,6,multi-LEA ZCTA; also Gwinnett County Public Schools; census land≈6.64 sq mi (80% of LEA land in ZCTA),https://educationdata.urban.org/api/v1/school-districts/ccd/directory/|https://nces.ed.gov/ccd/|https://nces.ed.gov/programs/edge/Geographic/RelationshipFiles|https://nces.ed.gov/programs/edge/data/GRF24.zip,2026-09-07
30340,GA,Gwinnett County Public Schools,Atlanta,traditional,census_zcta_lea,medium,,no open CCD school campus in this ZIP for this LEA; ZCTA∩LEA land from NCES EDGE GRF24; multi-LEA ZCTA; also DeKalb County School District; census land≈1.61 sq mi (20% of LEA land in ZCTA),https://nces.ed.gov/programs/edge/Geographic/RelationshipFiles|https://nces.ed.gov/programs/edge/data/GRF24.zip,2026-09-07
30340,GA,Georgia Fugees Academy Charter School,Atlanta,charter,ccd_school_zip,high,1,"charter campus ZIP (choice school; not an attendance-zone claim); multi-LEA zip; also DeKalb County School District, Gwinnett County Public Schools",https://educationdata.urban.org/api/v1/school-districts/ccd/directory/|https://nces.ed.gov/ccd/,2026-09-07
30341,GA,DeKalb County School District,Atlanta,traditional,ccd_school_zip,high,5,,https://educationdata.urban.org/api/v1/school-districts/ccd/directory/|https://nces.ed.gov/ccd/,2026-09-07
30342,GA,Atlanta Public Schools,Atlanta,traditional,ccd_school_zip,high,1,multi-LEA ZCTA; also Fulton County Schools; census land≈4.09 sq mi (46% of LEA land in ZCTA),https://educationdata.urban.org/api/v1/school-districts/ccd/directory/|https://nces.ed.gov/ccd/|https://nces.ed.gov/programs/edge/Geographic/RelationshipFiles|https://nces.ed.gov/programs/edge/data/GRF24.zip,2026-09-07
30342,GA,Fulton County Schools,Atlanta,traditional,ccd_school_zip,high,2,multi-LEA ZCTA; also Atlanta Public Schools; census land≈4.89 sq mi (54% of LEA land in ZCTA),https://educationdata.urban.org/api/v1/school-districts/ccd/directory/|https://nces.ed.gov/ccd/|https://nces.ed.gov/programs/edge/Geographic/RelationshipFiles|https://nces.ed.gov/programs/edge/data/GRF24.zip,2026-09-07
30344,GA,Atlanta Public Schools,Atlanta,traditional,census_zcta_lea,low,,no open CCD school campus in this ZIP for this LEA; ZCTA∩LEA land from NCES EDGE GRF24; multi-LEA ZCTA; also Fulton County Schools; census land≈0.10 sq mi (1% of LEA land in ZCTA); tiny land sliver — boundary edge; verify before routing parents solely here,https://nces.ed.gov/programs/edge/Geographic/RelationshipFiles|https://nces.ed.gov/programs/edge/data/GRF24.zip,2026-09-07
30344,GA,Fulton County Schools,Atlanta,traditional,ccd_school_zip,high,9,multi-LEA ZCTA; also Atlanta Public Schools; census land≈12.04 sq mi (99% of LEA land in ZCTA),https://educationdata.urban.org/api/v1/school-districts/ccd/directory/|https://nces.ed.gov/ccd/|https://nces.ed.gov/programs/edge/Geographic/RelationshipFiles|https://nces.ed.gov/programs/edge/data/GRF24.zip,2026-09-07
30344,GA,Resurgence Hall Charter Academy,Atlanta,charter,ccd_school_zip,high,1,"charter campus ZIP (choice school; not an attendance-zone claim); multi-LEA zip; also Atlanta Public Schools, Fulton County Schools, Resurgence Hall Middle Academy",https://educationdata.urban.org/api/v1/school-districts/ccd/directory/|https://nces.ed.gov/ccd/,2026-09-07
30344,GA,Resurgence Hall Middle Academy,Atlanta,charter,ccd_school_zip,high,1,"charter campus ZIP (choice school; not an attendance-zone claim); multi-LEA zip; also Atlanta Public Schools, Fulton County Schools, Resurgence Hall Charter Academy",https://educationdata.urban.org/api/v1/school-districts/ccd/directory/|https://nces.ed.gov/ccd/,2026-09-07
30345,GA,DeKalb County School District,Atlanta,traditional,ccd_school_zip,high,6,,https://educationdata.urban.org/api/v1/school-districts/ccd/directory/|https://nces.ed.gov/ccd/,2026-09-07
30346,GA,DeKalb County School District,Atlanta,traditional,census_zcta_lea,medium,,no open CCD school campus in this ZIP for this LEA; ZCTA∩LEA land from NCES EDGE GRF24; census land≈1.01 sq mi in ZCTA,https://nces.ed.gov/programs/edge/Geographic/RelationshipFiles|https://nces.ed.gov/programs/edge/data/GRF24.zip,2026-09-07
30349,GA,Atlanta Public Schools,Atlanta,traditional,census_zcta_lea,low,,"no open CCD school campus in this ZIP for this LEA; ZCTA∩LEA land from NCES EDGE GRF24; multi-LEA ZCTA; also Clayton County Public Schools, Fulton County Schools; census land≈0.00 sq mi (0% of LEA land in ZCTA); tiny land sliver — boundary edge; verify before routing parents solely here",https://nces.ed.gov/programs/edge/Geographic/RelationshipFiles|https://nces.ed.gov/programs/edge/data/GRF24.zip,2026-09-07
30349,GA,Clayton County Public Schools,Atlanta,traditional,ccd_school_zip,high,5,"multi-LEA ZCTA; also Atlanta Public Schools, Fulton County Schools; census land≈6.59 sq mi (14% of LEA land in ZCTA)",https://educationdata.urban.org/api/v1/school-districts/ccd/directory/|https://nces.ed.gov/ccd/|https://nces.ed.gov/programs/edge/Geographic/RelationshipFiles|https://nces.ed.gov/programs/edge/data/GRF24.zip,2026-09-07
30349,GA,Fulton County Schools,Atlanta,traditional,ccd_school_zip,high,15,"multi-LEA ZCTA; also Atlanta Public Schools, Clayton County Public Schools; census land≈39.29 sq mi (86% of LEA land in ZCTA)",https://educationdata.urban.org/api/v1/school-districts/ccd/directory/|https://nces.ed.gov/ccd/|https://nces.ed.gov/programs/edge/Geographic/RelationshipFiles|https://nces.ed.gov/programs/edge/data/GRF24.zip,2026-09-07
30349,GA,Georgia Cyber Academy,Atlanta,charter,ccd_school_zip,high,1,"charter campus ZIP (choice school; not an attendance-zone claim); multi-LEA zip; also Atlanta Public Schools, Clayton County Public Schools, Fulton County Schools",https://educationdata.urban.org/api/v1/school-districts/ccd/directory/|https://nces.ed.gov/ccd/,2026-09-07
30350,GA,DeKalb County School District,Atlanta,traditional,census_zcta_lea,low,,"no open CCD school campus in this ZIP for this LEA; ZCTA∩LEA land from NCES EDGE GRF24; multi-LEA ZCTA; also Fulton County Schools, Gwinnett County Public Schools; census land≈0.07 sq mi (1% of LEA land in ZCTA); tiny land sliver — boundary edge; verify before routing parents solely here",https://nces.ed.gov/programs/edge/Geographic/RelationshipFiles|https://nces.ed.gov/programs/edge/data/GRF24.zip,2026-09-07
30350,GA,Fulton County Schools,Atlanta,traditional,ccd_school_zip,high,4,"multi-LEA ZCTA; also DeKalb County School District, Gwinnett County Public Schools; census land≈12.54 sq mi (99% of LEA land in ZCTA)",https://educationdata.urban.org/api/v1/school-districts/ccd/directory/|https://nces.ed.gov/ccd/|https://nces.ed.gov/programs/edge/Geographic/RelationshipFiles|https://nces.ed.gov/programs/edge/data/GRF24.zip,2026-09-07
30350,GA,Gwinnett County Public Schools,Atlanta,traditional,census_zcta_lea,low,,"no open CCD school campus in this ZIP for this LEA; ZCTA∩LEA land from NCES EDGE GRF24; multi-LEA ZCTA; also DeKalb County School District, Fulton County Schools; census land≈0.00 sq mi (0% of LEA land in ZCTA); tiny land sliver — boundary edge; verify before routing parents solely here",https://nces.ed.gov/programs/edge/Geographic/RelationshipFiles|https://nces.ed.gov/programs/edge/data/GRF24.zip,2026-09-07
30354,GA,Atlanta Public Schools,Atlanta,traditional,ccd_school_zip,high,3,"multi-LEA ZCTA; also Clayton County Public Schools, Fulton County Schools; census land≈6.76 sq mi (63% of LEA land in ZCTA)",https://educationdata.urban.org/api/v1/school-districts/ccd/directory/|https://nces.ed.gov/ccd/|https://nces.ed.gov/programs/edge/Geographic/RelationshipFiles|https://nces.ed.gov/programs/edge/data/GRF24.zip,2026-09-07
30354,GA,Clayton County Public Schools,Atlanta,traditional,census_zcta_lea,medium,,"no open CCD school campus in this ZIP for this LEA; ZCTA∩LEA land from NCES EDGE GRF24; multi-LEA ZCTA; also Atlanta Public Schools, Fulton County Schools; census land≈1.40 sq mi (13% of LEA land in ZCTA); small land share in ZCTA — possible city/county edge",https://nces.ed.gov/programs/edge/Geographic/RelationshipFiles|https://nces.ed.gov/programs/edge/data/GRF24.zip,2026-09-07
30354,GA,Fulton County Schools,Atlanta,traditional,ccd_school_zip,high,1,"multi-LEA ZCTA; also Atlanta Public Schools, Clayton County Public Schools; census land≈2.54 sq mi (24% of LEA land in ZCTA)",https://educationdata.urban.org/api/v1/school-districts/ccd/directory/|https://nces.ed.gov/ccd/|https://nces.ed.gov/programs/edge/Geographic/RelationshipFiles|https://nces.ed.gov/programs/edge/data/GRF24.zip,2026-09-07
30360,GA,DeKalb County School District,Atlanta,traditional,ccd_school_zip,high,1,"multi-LEA ZCTA; also Fulton County Schools, Gwinnett County Public Schools; census land≈4.40 sq mi (72% of LEA land in ZCTA)",https://educationdata.urban.org/api/v1/school-districts/ccd/directory/|https://nces.ed.gov/ccd/|https://nces.ed.gov/programs/edge/Geographic/RelationshipFiles|https://nces.ed.gov/programs/edge/data/GRF24.zip,2026-09-07
30360,GA,Fulton County Schools,Atlanta,traditional,census_zcta_lea,low,,"no open CCD school campus in this ZIP for this LEA; ZCTA∩LEA land from NCES EDGE GRF24; multi-LEA ZCTA; also DeKalb County School District, Gwinnett County Public Schools; census land≈0.01 sq mi (0% of LEA land in ZCTA); tiny land sliver — boundary edge; verify before routing parents solely here",https://nces.ed.gov/programs/edge/Geographic/RelationshipFiles|https://nces.ed.gov/programs/edge/data/GRF24.zip,2026-09-07
30360,GA,Gwinnett County Public Schools,Atlanta,traditional,census_zcta_lea,medium,,"no open CCD school campus in this ZIP for this LEA; ZCTA∩LEA land from NCES EDGE GRF24; multi-LEA ZCTA; also DeKalb County School District, Fulton County Schools; census land≈1.71 sq mi (28% of LEA land in ZCTA)",https://nces.ed.gov/programs/edge/Geographic/RelationshipFiles|https://nces.ed.gov/programs/edge/data/GRF24.zip,2026-09-07
30363,GA,Atlanta Public Schools,Atlanta,traditional,census_zcta_lea,medium,,no open CCD school campus in this ZIP for this LEA; ZCTA∩LEA land from NCES EDGE GRF24; census land≈0.25 sq mi in ZCTA; small land share in ZCTA — possible city/county edge,https://nces.ed.gov/programs/edge/Geographic/RelationshipFiles|https://nces.ed.gov/programs/edge/data/GRF24.zip,2026-09-07
30401,GA,Emanuel County Schools,Rural SE Georgia,traditional,ccd_school_zip,high,4,,https://educationdata.urban.org/api/v1/school-districts/ccd/directory/|https://nces.ed.gov/ccd/,2026-09-07
30410,GA,Montgomery County Schools,Vidalia,traditional,ccd_school_zip,high,1,,https://educationdata.urban.org/api/v1/school-districts/ccd/directory/|https://nces.ed.gov/ccd/,2026-09-07
30411,GA,Laurens County Schools,Dublin,traditional,census_zcta_lea,medium,,no open CCD school campus in this ZIP for this LEA; ZCTA∩LEA land from NCES EDGE GRF24; multi-LEA ZCTA; also Wheeler County Schools; census land≈19.38 sq mi (15% of LEA land in ZCTA); small land share in ZCTA — possible city/county edge,https://nces.ed.gov/programs/edge/Geographic/RelationshipFiles|https://nces.ed.gov/programs/edge/data/GRF24.zip,2026-09-07
30411,GA,Wheeler County Schools,Rural Middle Georgia,traditional,ccd_school_zip,high,3,multi-LEA ZCTA; also Laurens County Schools; census land≈110.48 sq mi (85% of LEA land in ZCTA),https://educationdata.urban.org/api/v1/school-districts/ccd/directory/|https://nces.ed.gov/ccd/|https://nces.ed.gov/programs/edge/Geographic/RelationshipFiles|https://nces.ed.gov/programs/edge/data/GRF24.zip,2026-09-07
30412,GA,Montgomery County Schools,Vidalia,traditional,census_zcta_lea,medium,,no open CCD school campus in this ZIP for this LEA; ZCTA∩LEA land from NCES EDGE GRF24; census land≈2.81 sq mi in ZCTA,https://nces.ed.gov/programs/edge/Geographic/RelationshipFiles|https://nces.ed.gov/programs/edge/data/GRF24.zip,2026-09-07
30413,GA,Jefferson County Schools,Rural Middle Georgia,traditional,census_zcta_lea,medium,,"no open CCD school campus in this ZIP for this LEA; ZCTA∩LEA land from NCES EDGE GRF24; multi-LEA ZCTA; also Johnson County Schools, Washington County Schools; census land≈72.12 sq mi (55% of LEA land in ZCTA)",https://nces.ed.gov/programs/edge/Geographic/RelationshipFiles|https://nces.ed.gov/programs/edge/data/GRF24.zip,2026-09-07
30413,GA,Johnson County Schools,Dublin,traditional,census_zcta_lea,medium,,"no open CCD school campus in this ZIP for this LEA; ZCTA∩LEA land from NCES EDGE GRF24; multi-LEA ZCTA; also Jefferson County Schools, Washington County Schools; census land≈18.63 sq mi (14% of LEA land in ZCTA); small land share in ZCTA — possible city/county edge",https://nces.ed.gov/programs/edge/Geographic/RelationshipFiles|https://nces.ed.gov/programs/edge/data/GRF24.zip,2026-09-07
30413,GA,Washington County Schools,Rural Middle Georgia,traditional,census_zcta_lea,medium,,"no open CCD school campus in this ZIP for this LEA; ZCTA∩LEA land from NCES EDGE GRF24; multi-LEA ZCTA; also Jefferson County Schools, Johnson County Schools; census land≈40.45 sq mi (31% of LEA land in ZCTA)",https://nces.ed.gov/programs/edge/Geographic/RelationshipFiles|https://nces.ed.gov/programs/edge/data/GRF24.zip,2026-09-07
30414,GA,Evans County Schools,Statesboro,traditional,census_zcta_lea,medium,,no open CCD school campus in this ZIP for this LEA; ZCTA∩LEA land from NCES EDGE GRF24; census land≈0.33 sq mi in ZCTA; small land share in ZCTA — possible city/county edge,https://nces.ed.gov/programs/edge/Geographic/RelationshipFiles|https://nces.ed.gov/programs/edge/data/GRF24.zip,2026-09-07
30415,GA,Bulloch County Schools,Statesboro,traditional,ccd_school_zip,high,4,,https://educationdata.urban.org/api/v1/school-districts/ccd/directory/|https://nces.ed.gov/ccd/,2026-09-07
30417,GA,Evans County Schools,Statesboro,traditional,ccd_school_zip,high,4,multi-LEA ZCTA; also Tattnall County Schools; census land≈146.74 sq mi (86% of LEA land in ZCTA),https://educationdata.urban.org/api/v1/school-districts/ccd/directory/|https://nces.ed.gov/ccd/|https://nces.ed.gov/programs/edge/Geographic/RelationshipFiles|https://nces.ed.gov/programs/edge/data/GRF24.zip,2026-09-07
30417,GA,Tattnall County Schools,Rural SE Georgia,traditional,census_zcta_lea,medium,,no open CCD school campus in this ZIP for this LEA; ZCTA∩LEA land from NCES EDGE GRF24; multi-LEA ZCTA; also Evans County Schools; census land≈23.44 sq mi (14% of LEA land in ZCTA); small land share in ZCTA — possible city/county edge,https://nces.ed.gov/programs/edge/Geographic/RelationshipFiles|https://nces.ed.gov/programs/edge/data/GRF24.zip,2026-09-07
30420,GA,Candler County Schools,Rural SE Georgia,traditional,census_zcta_lea,medium,,"no open CCD school campus in this ZIP for this LEA; ZCTA∩LEA land from NCES EDGE GRF24; multi-LEA ZCTA; also Evans County Schools, Tattnall County Schools; census land≈38.30 sq mi (58% of LEA land in ZCTA)",https://nces.ed.gov/programs/edge/Geographic/RelationshipFiles|https://nces.ed.gov/programs/edge/data/GRF24.zip,2026-09-07
30420,GA,Evans County Schools,Statesboro,traditional,census_zcta_lea,low,,"no open CCD school campus in this ZIP for this LEA; ZCTA∩LEA land from NCES EDGE GRF24; multi-LEA ZCTA; also Candler County Schools, Tattnall County Schools; census land≈0.50 sq mi (1% of LEA land in ZCTA); tiny land sliver — boundary edge; verify before routing parents solely here",https://nces.ed.gov/programs/edge/Geographic/RelationshipFiles|https://nces.ed.gov/programs/edge/data/GRF24.zip,2026-09-07
30420,GA,Tattnall County Schools,Rural SE Georgia,traditional,census_zcta_lea,medium,,"no open CCD school campus in this ZIP for this LEA; ZCTA∩LEA land from NCES EDGE GRF24; multi-LEA ZCTA; also Candler County Schools, Evans County Schools; census land≈27.80 sq mi (42% of LEA land in ZCTA)",https://nces.ed.gov/programs/edge/Geographic/RelationshipFiles|https://nces.ed.gov/programs/edge/data/GRF24.zip,2026-09-07
30421,GA,Tattnall County Schools,Rural SE Georgia,traditional,ccd_school_zip,high,1,,https://educationdata.urban.org/api/v1/school-districts/ccd/directory/|https://nces.ed.gov/ccd/,2026-09-07
30423,GA,Evans County Schools,Statesboro,traditional,census_zcta_lea,medium,,no open CCD school campus in this ZIP for this LEA; ZCTA∩LEA land from NCES EDGE GRF24; census land≈0.77 sq mi in ZCTA; small land share in ZCTA — possible city/county edge,https://nces.ed.gov/programs/edge/Geographic/RelationshipFiles|https://nces.ed.gov/programs/edge/data/GRF24.zip,2026-09-07
30425,GA,Bulloch County Schools,Statesboro,traditional,census_zcta_lea,medium,,"no open CCD school campus in this ZIP for this LEA; ZCTA∩LEA land from NCES EDGE GRF24; multi-LEA ZCTA; also Emanuel County Schools, Jenkins County School System; census land≈9.82 sq mi (13% of LEA land in ZCTA); small land share in ZCTA — possible city/county edge",https://nces.ed.gov/programs/edge/Geographic/RelationshipFiles|https://nces.ed.gov/programs/edge/data/GRF24.zip,2026-09-07
30425,GA,Emanuel County Schools,Rural SE Georgia,traditional,census_zcta_lea,medium,,"no open CCD school campus in this ZIP for this LEA; ZCTA∩LEA land from NCES EDGE GRF24; multi-LEA ZCTA; also Bulloch County Schools, Jenkins County School System; census land≈39.50 sq mi (50% of LEA land in ZCTA)",https://nces.ed.gov/programs/edge/Geographic/RelationshipFiles|https://nces.ed.gov/programs/edge/data/GRF24.zip,2026-09-07
30425,GA,Jenkins County School System,Rural Middle Georgia,traditional,census_zcta_lea,medium,,"no open CCD school campus in this ZIP for this LEA; ZCTA∩LEA land from NCES EDGE GRF24; multi-LEA ZCTA; also Bulloch County Schools, Emanuel County Schools; census land≈29.18 sq mi (37% of LEA land in ZCTA)",https://nces.ed.gov/programs/edge/Geographic/RelationshipFiles|https://nces.ed.gov/programs/edge/data/GRF24.zip,2026-09-07
30426,GA,Burke County Public Schools,Augusta,traditional,census_zcta_lea,medium,,no open CCD school campus in this ZIP for this LEA; ZCTA∩LEA land from NCES EDGE GRF24; multi-LEA ZCTA; also Screven County School System; census land≈83.64 sq mi (72% of LEA land in ZCTA),https://nces.ed.gov/programs/edge/Geographic/RelationshipFiles|https://nces.ed.gov/programs/edge/data/GRF24.zip,2026-09-07
30426,GA,Screven County School System,Rural SE Georgia,traditional,census_zcta_lea,medium,,no open CCD school campus in this ZIP for this LEA; ZCTA∩LEA land from NCES EDGE GRF24; multi-LEA ZCTA; also Burke County Public Schools; census land≈32.37 sq mi (28% of LEA land in ZCTA),https://nces.ed.gov/programs/edge/Geographic/RelationshipFiles|https://nces.ed.gov/programs/edge/data/GRF24.zip,2026-09-07
30427,GA,Evans County Schools,Statesboro,traditional,census_zcta_lea,medium,,"no open CCD school campus in this ZIP for this LEA; ZCTA∩LEA land from NCES EDGE GRF24; multi-LEA ZCTA; also Long County Schools, Tattnall County Schools; census land≈1.25 sq mi (1% of LEA land in ZCTA); small land share in ZCTA — possible city/county edge",https://nces.ed.gov/programs/edge/Geographic/RelationshipFiles|https://nces.ed.gov/programs/edge/data/GRF24.zip,2026-09-07
30427,GA,Long County Schools,Hinesville,traditional,census_zcta_lea,medium,,"no open CCD school campus in this ZIP for this LEA; ZCTA∩LEA land from NCES EDGE GRF24; multi-LEA ZCTA; also Evans County Schools, Tattnall County Schools; census land≈39.23 sq mi (17% of LEA land in ZCTA)",https://nces.ed.gov/programs/edge/Geographic/RelationshipFiles|https://nces.ed.gov/programs/edge/data/GRF24.zip,2026-09-07
30427,GA,Tattnall County Schools,Rural SE Georgia,traditional,ccd_school_zip,high,2,"multi-LEA ZCTA; also Evans County Schools, Long County Schools; census land≈185.97 sq mi (82% of LEA land in ZCTA)",https://educationdata.urban.org/api/v1/school-districts/ccd/directory/|https://nces.ed.gov/ccd/|https://nces.ed.gov/programs/edge/Geographic/RelationshipFiles|https://nces.ed.gov/programs/edge/data/GRF24.zip,2026-09-07
30428,GA,Laurens County Schools,Dublin,traditional,census_zcta_lea,medium,,no open CCD school campus in this ZIP for this LEA; ZCTA∩LEA land from NCES EDGE GRF24; multi-LEA ZCTA; also Wheeler County Schools; census land≈39.86 sq mi (25% of LEA land in ZCTA),https://nces.ed.gov/programs/edge/Geographic/RelationshipFiles|https://nces.ed.gov/programs/edge/data/GRF24.zip,2026-09-07
30428,GA,Wheeler County Schools,Rural Middle Georgia,traditional,census_zcta_lea,medium,,no open CCD school campus in this ZIP for this LEA; ZCTA∩LEA land from NCES EDGE GRF24; multi-LEA ZCTA; also Laurens County Schools; census land≈117.17 sq mi (75% of LEA land in ZCTA),https://nces.ed.gov/programs/edge/Geographic/RelationshipFiles|https://nces.ed.gov/programs/edge/data/GRF24.zip,2026-09-07
30429,GA,Evans County Schools,Statesboro,traditional,census_zcta_lea,medium,,no open CCD school campus in this ZIP for this LEA; ZCTA∩LEA land from NCES EDGE GRF24; census land≈0.22 sq mi in ZCTA; small land share in ZCTA — possible city/county edge,https://nces.ed.gov/programs/edge/Geographic/RelationshipFiles|https://nces.ed.gov/programs/edge/data/GRF24.zip,2026-09-07
30434,GA,Burke County Public Schools,Augusta,traditional,census_zcta_lea,medium,,no open CCD school campus in this ZIP for this LEA; ZCTA∩LEA land from NCES EDGE GRF24; multi-LEA ZCTA; also Jefferson County Schools; census land≈36.99 sq mi (18% of LEA land in ZCTA),https://nces.ed.gov/programs/edge/Geographic/RelationshipFiles|https://nces.ed.gov/programs/edge/data/GRF24.zip,2026-09-07
30434,GA,Jefferson County Schools,Rural Middle Georgia,traditional,ccd_school_zip,high,2,multi-LEA ZCTA; also Burke County Public Schools; census land≈166.17 sq mi (82% of LEA land in ZCTA),https://educationdata.urban.org/api/v1/school-districts/ccd/directory/|https://nces.ed.gov/ccd/|https://nces.ed.gov/programs/edge/Geographic/RelationshipFiles|https://nces.ed.gov/programs/edge/data/GRF24.zip,2026-09-07
30436,GA,Emanuel County Schools,Rural SE Georgia,traditional,census_zcta_lea,medium,,"no open CCD school campus in this ZIP for this LEA; ZCTA∩LEA land from NCES EDGE GRF24; multi-LEA ZCTA; also Tattnall County Schools, Toombs County Schools, Treutlen County Schools, Vidalia City Schools; census land≈47.02 sq mi (17% of LEA land in ZCTA)",https://nces.ed.gov/programs/edge/Geographic/RelationshipFiles|https://nces.ed.gov/programs/edge/data/GRF24.zip,2026-09-07
30436,GA,Tattnall County Schools,Rural SE Georgia,traditional,census_zcta_lea,medium,,"no open CCD school campus in this ZIP for this LEA; ZCTA∩LEA land from NCES EDGE GRF24; multi-LEA ZCTA; also Emanuel County Schools, Toombs County Schools, Treutlen County Schools, Vidalia City Schools; census land≈6.02 sq mi (2% of LEA land in ZCTA); small land share in ZCTA — possible city/county edge",https://nces.ed.gov/programs/edge/Geographic/RelationshipFiles|https://nces.ed.gov/programs/edge/data/GRF24.zip,2026-09-07
30436,GA,Toombs County Schools,Vidalia,traditional,ccd_school_zip,high,5,"multi-LEA ZCTA; also Emanuel County Schools, Tattnall County Schools, Treutlen County Schools, Vidalia City Schools; census land≈227.95 sq mi (81% of LEA land in ZCTA)",https://educationdata.urban.org/api/v1/school-districts/ccd/directory/|https://nces.ed.gov/ccd/|https://nces.ed.gov/programs/edge/Geographic/RelationshipFiles|https://nces.ed.gov/programs/edge/data/GRF24.zip,2026-09-07
30436,GA,Treutlen County Schools,Rural Middle Georgia,traditional,census_zcta_lea,medium,,"no open CCD school campus in this ZIP for this LEA; ZCTA∩LEA land from NCES EDGE GRF24; multi-LEA ZCTA; also Emanuel County Schools, Tattnall County Schools, Toombs County Schools, Vidalia City Schools; census land≈1.12 sq mi (0% of LEA land in ZCTA); small land share in ZCTA — possible city/county edge",https://nces.ed.gov/programs/edge/Geographic/RelationshipFiles|https://nces.ed.gov/programs/edge/data/GRF24.zip,2026-09-07
30436,GA,Vidalia City Schools,Vidalia,traditional,census_zcta_lea,medium,,"no open CCD school campus in this ZIP for this LEA; ZCTA∩LEA land from NCES EDGE GRF24; multi-LEA ZCTA; also Emanuel County Schools, Tattnall County Schools, Toombs County Schools, Treutlen County Schools; census land≈0.68 sq mi (0% of LEA land in ZCTA); small land share in ZCTA — possible city/county edge",https://nces.ed.gov/programs/edge/Geographic/RelationshipFiles|https://nces.ed.gov/programs/edge/data/GRF24.zip,2026-09-07
30439,GA,Bulloch County Schools,Statesboro,traditional,census_zcta_lea,low,,"no open CCD school campus in this ZIP for this LEA; ZCTA∩LEA land from NCES EDGE GRF24; multi-LEA ZCTA; also Candler County Schools, Emanuel County Schools; census land≈0.28 sq mi (0% of LEA land in ZCTA); tiny land sliver — boundary edge; verify before routing parents solely here",https://nces.ed.gov/programs/edge/Geographic/RelationshipFiles|https://nces.ed.gov/programs/edge/data/GRF24.zip,2026-09-07
30439,GA,Candler County Schools,Rural SE Georgia,traditional,ccd_school_zip,high,4,"multi-LEA ZCTA; also Bulloch County Schools, Emanuel County Schools; census land≈201.63 sq mi (97% of LEA land in ZCTA)",https://educationdata.urban.org/api/v1/school-districts/ccd/directory/|https://nces.ed.gov/ccd/|https://nces.ed.gov/programs/edge/Geographic/RelationshipFiles|https://nces.ed.gov/programs/edge/data/GRF24.zip,2026-09-07
30439,GA,Emanuel County Schools,Rural SE Georgia,traditional,census_zcta_lea,medium,,"no open CCD school campus in this ZIP for this LEA; ZCTA∩LEA land from NCES EDGE GRF24; multi-LEA ZCTA; also Bulloch County Schools, Candler County Schools; census land≈5.35 sq mi (3% of LEA land in ZCTA); small land share in ZCTA — possible city/county edge",https://nces.ed.gov/programs/edge/Geographic/RelationshipFiles|https://nces.ed.gov/programs/edge/data/GRF24.zip,2026-09-07
30441,GA,Burke County Public Schools,Augusta,traditional,census_zcta_lea,medium,,"no open CCD school campus in this ZIP for this LEA; ZCTA∩LEA land from NCES EDGE GRF24; multi-LEA ZCTA; also Emanuel County Schools, Jenkins County School System; census land≈72.28 sq mi (42% of LEA land in ZCTA)",https://nces.ed.gov/programs/edge/Geographic/RelationshipFiles|https://nces.ed.gov/programs/edge/data/GRF24.zip,2026-09-07
30441,GA,Emanuel County Schools,Rural SE Georgia,traditional,census_zcta_lea,medium,,"no open CCD school campus in this ZIP for this LEA; ZCTA∩LEA land from NCES EDGE GRF24; multi-LEA ZCTA; also Burke County Public Schools, Jenkins County School System; census land≈95.77 sq mi (56% of LEA land in ZCTA)",https://nces.ed.gov/programs/edge/Geographic/RelationshipFiles|https://nces.ed.gov/programs/edge/data/GRF24.zip,2026-09-07
30441,GA,Jenkins County School System,Rural Middle Georgia,traditional,census_zcta_lea,medium,,"no open CCD school campus in this ZIP for this LEA; ZCTA∩LEA land from NCES EDGE GRF24; multi-LEA ZCTA; also Burke County Public Schools, Emanuel County Schools; census land≈2.36 sq mi (1% of LEA land in ZCTA); small land share in ZCTA — possible city/county edge",https://nces.ed.gov/programs/edge/Geographic/RelationshipFiles|https://nces.ed.gov/programs/edge/data/GRF24.zip,2026-09-07
30442,GA,Burke County Public Schools,Augusta,traditional,census_zcta_lea,medium,,"no open CCD school campus in this ZIP for this LEA; ZCTA∩LEA land from NCES EDGE GRF24; multi-LEA ZCTA; also Jenkins County School System, Screven County School System; census land≈37.51 sq mi (11% of LEA land in ZCTA); small land share in ZCTA — possible city/county edge",https://nces.ed.gov/programs/edge/Geographic/RelationshipFiles|https://nces.ed.gov/programs/edge/data/GRF24.zip,2026-09-07
30442,GA,Jenkins County School System,Rural Middle Georgia,traditional,ccd_school_zip,high,3,"multi-LEA ZCTA; also Burke County Public Schools, Screven County School System; census land≈313.33 sq mi (89% of LEA land in ZCTA)",https://educationdata.urban.org/api/v1/school-districts/ccd/directory/|https://nces.ed.gov/ccd/|https://nces.ed.gov/programs/edge/Geographic/RelationshipFiles|https://nces.ed.gov/programs/edge/data/GRF24.zip,2026-09-07
30442,GA,Screven County School System,Rural SE Georgia,traditional,census_zcta_lea,medium,,"no open CCD school campus in this ZIP for this LEA; ZCTA∩LEA land from NCES EDGE GRF24; multi-LEA ZCTA; also Burke County Public Schools, Jenkins County School System; census land≈2.62 sq mi (1% of LEA land in ZCTA); small land share in ZCTA — possible city/county edge",https://nces.ed.gov/programs/edge/Geographic/RelationshipFiles|https://nces.ed.gov/programs/edge/data/GRF24.zip,2026-09-07
30445,GA,Montgomery County Schools,Vidalia,traditional,ccd_school_zip,high,2,multi-LEA ZCTA; also Treutlen County Schools; census land≈83.15 sq mi (99% of LEA land in ZCTA),https://educationdata.urban.org/api/v1/school-districts/ccd/directory/|https://nces.ed.gov/ccd/|https://nces.ed.gov/programs/edge/Geographic/RelationshipFiles|https://nces.ed.gov/programs/edge/data/GRF24.zip,2026-09-07
30445,GA,Treutlen County Schools,Rural Middle Georgia,traditional,census_zcta_lea,medium,,no open CCD school campus in this ZIP for this LEA; ZCTA∩LEA land from NCES EDGE GRF24; multi-LEA ZCTA; also Montgomery County Schools; census land≈0.72 sq mi (1% of LEA land in ZCTA); small land share in ZCTA — possible city/county edge,https://nces.ed.gov/programs/edge/Geographic/RelationshipFiles|https://nces.ed.gov/programs/edge/data/GRF24.zip,2026-09-07
30446,GA,Effingham County Schools,Savannah,traditional,census_zcta_lea,medium,,no open CCD school campus in this ZIP for this LEA; ZCTA∩LEA land from NCES EDGE GRF24; multi-LEA ZCTA; also Screven County School System; census land≈21.05 sq mi (38% of LEA land in ZCTA),https://nces.ed.gov/programs/edge/Geographic/RelationshipFiles|https://nces.ed.gov/programs/edge/data/GRF24.zip,2026-09-07
30446,GA,Screven County School System,Rural SE Georgia,traditional,census_zcta_lea,medium,,no open CCD school campus in this ZIP for this LEA; ZCTA∩LEA land from NCES EDGE GRF24; multi-LEA ZCTA; also Effingham County Schools; census land≈33.74 sq mi (62% of LEA land in ZCTA),https://nces.ed.gov/programs/edge/Geographic/RelationshipFiles|https://nces.ed.gov/programs/edge/data/GRF24.zip,2026-09-07
30448,GA,Emanuel County Schools,Rural SE Georgia,traditional,census_zcta_lea,medium,,no open CCD school campus in this ZIP for this LEA; ZCTA∩LEA land from NCES EDGE GRF24; census land≈2.31 sq mi in ZCTA,https://nces.ed.gov/programs/edge/Geographic/RelationshipFiles|https://nces.ed.gov/programs/edge/data/GRF24.zip,2026-09-07
30449,GA,Screven County School System,Rural SE Georgia,traditional,census_zcta_lea,medium,,no open CCD school campus in this ZIP for this LEA; ZCTA∩LEA land from NCES EDGE GRF24; census land≈0.30 sq mi in ZCTA; small land share in ZCTA — possible city/county edge,https://nces.ed.gov/programs/edge/Geographic/RelationshipFiles|https://nces.ed.gov/programs/edge/data/GRF24.zip,2026-09-07
30450,GA,Bulloch County Schools,Statesboro,traditional,ccd_school_zip,high,2,multi-LEA ZCTA; also Emanuel County Schools; census land≈55.18 sq mi (98% of LEA land in ZCTA),https://educationdata.urban.org/api/v1/school-districts/ccd/directory/|https://nces.ed.gov/ccd/|https://nces.ed.gov/programs/edge/Geographic/RelationshipFiles|https://nces.ed.gov/programs/edge/data/GRF24.zip,2026-09-07
30450,GA,Emanuel County Schools,Rural SE Georgia,traditional,census_zcta_lea,medium,,no open CCD school campus in this ZIP for this LEA; ZCTA∩LEA land from NCES EDGE GRF24; multi-LEA ZCTA; also Bulloch County Schools; census land≈1.12 sq mi (2% of LEA land in ZCTA); small land share in ZCTA — possible city/county edge,https://nces.ed.gov/programs/edge/Geographic/RelationshipFiles|https://nces.ed.gov/programs/edge/data/GRF24.zip,2026-09-07
30451,GA,Candler County Schools,Rural SE Georgia,traditional,census_zcta_lea,medium,,no open CCD school campus in this ZIP for this LEA; ZCTA∩LEA land from NCES EDGE GRF24; census land≈0.24 sq mi in ZCTA; small land share in ZCTA — possible city/county edge,https://nces.ed.gov/programs/edge/Geographic/RelationshipFiles|https://nces.ed.gov/programs/edge/data/GRF24.zip,2026-09-07
30452,GA,Bulloch County Schools,Statesboro,traditional,census_zcta_lea,medium,,"no open CCD school campus in this ZIP for this LEA; ZCTA∩LEA land from NCES EDGE GRF24; multi-LEA ZCTA; also Candler County Schools, Evans County Schools; census land≈53.23 sq mi (93% of LEA land in ZCTA)",https://nces.ed.gov/programs/edge/Geographic/RelationshipFiles|https://nces.ed.gov/programs/edge/data/GRF24.zip,2026-09-07
30452,GA,Candler County Schools,Rural SE Georgia,traditional,census_zcta_lea,low,,"no open CCD school campus in this ZIP for this LEA; ZCTA∩LEA land from NCES EDGE GRF24; multi-LEA ZCTA; also Bulloch County Schools, Evans County Schools; census land≈0.38 sq mi (1% of LEA land in ZCTA); tiny land sliver — boundary edge; verify before routing parents solely here",https://nces.ed.gov/programs/edge/Geographic/RelationshipFiles|https://nces.ed.gov/programs/edge/data/GRF24.zip,2026-09-07
30452,GA,Evans County Schools,Statesboro,traditional,census_zcta_lea,medium,,"no open CCD school campus in this ZIP for this LEA; ZCTA∩LEA land from NCES EDGE GRF24; multi-LEA ZCTA; also Bulloch County Schools, Candler County Schools; census land≈3.93 sq mi (7% of LEA land in ZCTA); small land share in ZCTA — possible city/county edge",https://nces.ed.gov/programs/edge/Geographic/RelationshipFiles|https://nces.ed.gov/programs/edge/data/GRF24.zip,2026-09-07
30453,GA,Tattnall County Schools,Rural SE Georgia,traditional,ccd_school_zip,high,2,,https://educationdata.urban.org/api/v1/school-districts/ccd/directory/|https://nces.ed.gov/ccd/,2026-09-07
30454,GA,Laurens County Schools,Dublin,traditional,census_zcta_lea,medium,,no open CCD school campus in this ZIP for this LEA; ZCTA∩LEA land from NCES EDGE GRF24; census land≈37.80 sq mi in ZCTA,https://nces.ed.gov/programs/edge/Geographic/RelationshipFiles|https://nces.ed.gov/programs/edge/data/GRF24.zip,2026-09-07
30455,GA,Jenkins County School System,Rural Middle Georgia,traditional,census_zcta_lea,medium,,no open CCD school campus in this ZIP for this LEA; ZCTA∩LEA land from NCES EDGE GRF24; multi-LEA ZCTA; also Screven County School System; census land≈1.34 sq mi (3% of LEA land in ZCTA); small land share in ZCTA — possible city/county edge,https://nces.ed.gov/programs/edge/Geographic/RelationshipFiles|https://nces.ed.gov/programs/edge/data/GRF24.zip,2026-09-07
30455,GA,Screven County School System,Rural SE Georgia,traditional,census_zcta_lea,medium,,no open CCD school campus in this ZIP for this LEA; ZCTA∩LEA land from NCES EDGE GRF24; multi-LEA ZCTA; also Jenkins County School System; census land≈49.93 sq mi (97% of LEA land in ZCTA),https://nces.ed.gov/programs/edge/Geographic/RelationshipFiles|https://nces.ed.gov/programs/edge/data/GRF24.zip,2026-09-07
30456,GA,Burke County Public Schools,Augusta,traditional,ccd_school_zip,high,1,,https://educationdata.urban.org/api/v1/school-districts/ccd/directory/|https://nces.ed.gov/ccd/,2026-09-07
30457,GA,Emanuel County Schools,Rural SE Georgia,traditional,census_zcta_lea,medium,,"no open CCD school campus in this ZIP for this LEA; ZCTA∩LEA land from NCES EDGE GRF24; multi-LEA ZCTA; also Montgomery County Schools, Treutlen County Schools; census land≈4.81 sq mi (3% of LEA land in ZCTA); small land share in ZCTA — possible city/county edge",https://nces.ed.gov/programs/edge/Geographic/RelationshipFiles|https://nces.ed.gov/programs/edge/data/GRF24.zip,2026-09-07
30457,GA,Montgomery County Schools,Vidalia,traditional,census_zcta_lea,medium,,"no open CCD school campus in this ZIP for this LEA; ZCTA∩LEA land from NCES EDGE GRF24; multi-LEA ZCTA; also Emanuel County Schools, Treutlen County Schools; census land≈7.99 sq mi (5% of LEA land in ZCTA); small land share in ZCTA — possible city/county edge",https://nces.ed.gov/programs/edge/Geographic/RelationshipFiles|https://nces.ed.gov/programs/edge/data/GRF24.zip,2026-09-07
30457,GA,Treutlen County Schools,Rural Middle Georgia,traditional,ccd_school_zip,high,2,"multi-LEA ZCTA; also Emanuel County Schools, Montgomery County Schools; census land≈161.41 sq mi (93% of LEA land in ZCTA)",https://educationdata.urban.org/api/v1/school-districts/ccd/directory/|https://nces.ed.gov/ccd/|https://nces.ed.gov/programs/edge/Geographic/RelationshipFiles|https://nces.ed.gov/programs/edge/data/GRF24.zip,2026-09-07
30458,GA,Bulloch County Schools,Statesboro,traditional,ccd_school_zip,high,7,multi-LEA zip; also Statesboro STEAM Academy,https://educationdata.urban.org/api/v1/school-districts/ccd/directory/|https://nces.ed.gov/ccd/,2026-09-07
30458,GA,Statesboro STEAM Academy,Statesboro,charter,ccd_school_zip,high,1,charter campus ZIP (choice school; not an attendance-zone claim); multi-LEA zip; also Bulloch County Schools,https://educationdata.urban.org/api/v1/school-districts/ccd/directory/|https://nces.ed.gov/ccd/,2026-09-07
30460,GA,Bulloch County Schools,Statesboro,traditional,census_zcta_lea,medium,,no open CCD school campus in this ZIP for this LEA; ZCTA∩LEA land from NCES EDGE GRF24; census land≈0.33 sq mi in ZCTA; small land share in ZCTA — possible city/county edge,https://nces.ed.gov/programs/edge/Geographic/RelationshipFiles|https://nces.ed.gov/programs/edge/data/GRF24.zip,2026-09-07
30461,GA,Bulloch County Schools,Statesboro,traditional,ccd_school_zip,high,2,,https://educationdata.urban.org/api/v1/school-districts/ccd/directory/|https://nces.ed.gov/ccd/,2026-09-07
30464,GA,Emanuel County Schools,Rural SE Georgia,traditional,census_zcta_lea,medium,,no open CCD school campus in this ZIP for this LEA; ZCTA∩LEA land from NCES EDGE GRF24; census land≈0.82 sq mi in ZCTA; small land share in ZCTA — possible city/county edge,https://nces.ed.gov/programs/edge/Geographic/RelationshipFiles|https://nces.ed.gov/programs/edge/data/GRF24.zip,2026-09-07
30467,GA,Screven County School System,Rural SE Georgia,traditional,ccd_school_zip,high,3,,https://educationdata.urban.org/api/v1/school-districts/ccd/directory/|https://nces.ed.gov/ccd/,2026-09-07
30470,GA,Montgomery County Schools,Vidalia,traditional,census_zcta_lea,medium,,no open CCD school campus in this ZIP for this LEA; ZCTA∩LEA land from NCES EDGE GRF24; multi-LEA ZCTA; also Treutlen County Schools; census land≈23.15 sq mi (57% of LEA land in ZCTA),https://nces.ed.gov/programs/edge/Geographic/RelationshipFiles|https://nces.ed.gov/programs/edge/data/GRF24.zip,2026-09-07
30470,GA,Treutlen County Schools,Rural Middle Georgia,traditional,census_zcta_lea,medium,,no open CCD school campus in this ZIP for this LEA; ZCTA∩LEA land from NCES EDGE GRF24; multi-LEA ZCTA; also Montgomery County Schools; census land≈17.69 sq mi (43% of LEA land in ZCTA),https://nces.ed.gov/programs/edge/Geographic/RelationshipFiles|https://nces.ed.gov/programs/edge/data/GRF24.zip,2026-09-07
30471,GA,Bulloch County Schools,Statesboro,traditional,census_zcta_lea,medium,,"no open CCD school campus in this ZIP for this LEA; ZCTA∩LEA land from NCES EDGE GRF24; multi-LEA ZCTA; also Candler County Schools, Emanuel County Schools; census land≈5.10 sq mi (3% of LEA land in ZCTA); small land share in ZCTA — possible city/county edge",https://nces.ed.gov/programs/edge/Geographic/RelationshipFiles|https://nces.ed.gov/programs/edge/data/GRF24.zip,2026-09-07
30471,GA,Candler County Schools,Rural SE Georgia,traditional,census_zcta_lea,medium,,"no open CCD school campus in this ZIP for this LEA; ZCTA∩LEA land from NCES EDGE GRF24; multi-LEA ZCTA; also Bulloch County Schools, Emanuel County Schools; census land≈2.49 sq mi (2% of LEA land in ZCTA); small land share in ZCTA — possible city/county edge",https://nces.ed.gov/programs/edge/Geographic/RelationshipFiles|https://nces.ed.gov/programs/edge/data/GRF24.zip,2026-09-07
30471,GA,Emanuel County Schools,Rural SE Georgia,traditional,ccd_school_zip,high,2,"multi-LEA ZCTA; also Bulloch County Schools, Candler County Schools; census land≈142.04 sq mi (95% of LEA land in ZCTA)",https://educationdata.urban.org/api/v1/school-districts/ccd/directory/|https://nces.ed.gov/ccd/|https://nces.ed.gov/programs/edge/Geographic/RelationshipFiles|https://nces.ed.gov/programs/edge/data/GRF24.zip,2026-09-07
30473,GA,Montgomery County Schools,Vidalia,traditional,census_zcta_lea,medium,,no open CCD school campus in this ZIP for this LEA; ZCTA∩LEA land from NCES EDGE GRF24; multi-LEA ZCTA; also Toombs County Schools; census land≈37.52 sq mi (46% of LEA land in ZCTA),https://nces.ed.gov/programs/edge/Geographic/RelationshipFiles|https://nces.ed.gov/programs/edge/data/GRF24.zip,2026-09-07
30473,GA,Toombs County Schools,Vidalia,traditional,census_zcta_lea,medium,,no open CCD school campus in this ZIP for this LEA; ZCTA∩LEA land from NCES EDGE GRF24; multi-LEA ZCTA; also Montgomery County Schools; census land≈44.33 sq mi (54% of LEA land in ZCTA),https://nces.ed.gov/programs/edge/Geographic/RelationshipFiles|https://nces.ed.gov/programs/edge/data/GRF24.zip,2026-09-07
30474,GA,Emanuel County Schools,Rural SE Georgia,traditional,census_zcta_lea,medium,,"no open CCD school campus in this ZIP for this LEA; ZCTA∩LEA land from NCES EDGE GRF24; multi-LEA ZCTA; also Montgomery County Schools, Toombs County Schools, Treutlen County Schools, Vidalia City Schools; census land≈5.88 sq mi (5% of LEA land in ZCTA); small land share in ZCTA — possible city/county edge",https://nces.ed.gov/programs/edge/Geographic/RelationshipFiles|https://nces.ed.gov/programs/edge/data/GRF24.zip,2026-09-07
30474,GA,Montgomery County Schools,Vidalia,traditional,census_zcta_lea,medium,,"no open CCD school campus in this ZIP for this LEA; ZCTA∩LEA land from NCES EDGE GRF24; multi-LEA ZCTA; also Emanuel County Schools, Toombs County Schools, Treutlen County Schools, Vidalia City Schools; census land≈26.67 sq mi (21% of LEA land in ZCTA)",https://nces.ed.gov/programs/edge/Geographic/RelationshipFiles|https://nces.ed.gov/programs/edge/data/GRF24.zip,2026-09-07
30474,GA,Toombs County Schools,Vidalia,traditional,census_zcta_lea,medium,,"no open CCD school campus in this ZIP for this LEA; ZCTA∩LEA land from NCES EDGE GRF24; multi-LEA ZCTA; also Emanuel County Schools, Montgomery County Schools, Treutlen County Schools, Vidalia City Schools; census land≈74.63 sq mi (58% of LEA land in ZCTA)",https://nces.ed.gov/programs/edge/Geographic/RelationshipFiles|https://nces.ed.gov/programs/edge/data/GRF24.zip,2026-09-07
30474,GA,Treutlen County Schools,Rural Middle Georgia,traditional,census_zcta_lea,medium,,"no open CCD school campus in this ZIP for this LEA; ZCTA∩LEA land from NCES EDGE GRF24; multi-LEA ZCTA; also Emanuel County Schools, Montgomery County Schools, Toombs County Schools, Vidalia City Schools; census land≈3.68 sq mi (3% of LEA land in ZCTA); small land share in ZCTA — possible city/county edge",https://nces.ed.gov/programs/edge/Geographic/RelationshipFiles|https://nces.ed.gov/programs/edge/data/GRF24.zip,2026-09-07
30474,GA,Vidalia City Schools,Vidalia,traditional,ccd_school_zip,high,4,"multi-LEA ZCTA; also Emanuel County Schools, Montgomery County Schools, Toombs County Schools, Treutlen County Schools; census land≈17.21 sq mi (13% of LEA land in ZCTA)",https://educationdata.urban.org/api/v1/school-districts/ccd/directory/|https://nces.ed.gov/ccd/|https://nces.ed.gov/programs/edge/Geographic/RelationshipFiles|https://nces.ed.gov/programs/edge/data/GRF24.zip,2026-09-07
30477,GA,Jefferson County Schools,Rural Middle Georgia,traditional,ccd_school_zip,high,1,,https://educationdata.urban.org/api/v1/school-districts/ccd/directory/|https://nces.ed.gov/ccd/,2026-09-07
30501,GA,Gainesville City Schools,Gainesville,traditional,ccd_school_zip,high,6,multi-LEA ZCTA; also Hall County Schools; census land≈14.09 sq mi (64% of LEA land in ZCTA),https://educationdata.urban.org/api/v1/school-districts/ccd/directory/|https://nces.ed.gov/ccd/|https://nces.ed.gov/programs/edge/Geographic/RelationshipFiles|https://nces.ed.gov/programs/edge/data/GRF24.zip,2026-09-07
30501,GA,Hall County Schools,Gainesville,traditional,ccd_school_zip,high,1,multi-LEA ZCTA; also Gainesville City Schools; census land≈7.77 sq mi (36% of LEA land in ZCTA),https://educationdata.urban.org/api/v1/school-districts/ccd/directory/|https://nces.ed.gov/ccd/|https://nces.ed.gov/programs/edge/Geographic/RelationshipFiles|https://nces.ed.gov/programs/edge/data/GRF24.zip,2026-09-07
30504,GA,Gainesville City Schools,Gainesville,traditional,ccd_school_zip,high,3,multi-LEA ZCTA; also Hall County Schools; census land≈7.88 sq mi (43% of LEA land in ZCTA),https://educationdata.urban.org/api/v1/school-districts/ccd/directory/|https://nces.ed.gov/ccd/|https://nces.ed.gov/programs/edge/Geographic/RelationshipFiles|https://nces.ed.gov/programs/edge/data/GRF24.zip,2026-09-07
30504,GA,Hall County Schools,Gainesville,traditional,ccd_school_zip,high,4,multi-LEA ZCTA; also Gainesville City Schools; census land≈10.27 sq mi (57% of LEA land in ZCTA),https://educationdata.urban.org/api/v1/school-districts/ccd/directory/|https://nces.ed.gov/ccd/|https://nces.ed.gov/programs/edge/Geographic/RelationshipFiles|https://nces.ed.gov/programs/edge/data/GRF24.zip,2026-09-07
30506,GA,Forsyth County Schools,Atlanta,traditional,ccd_school_zip,high,2,"multi-LEA ZCTA; also Gainesville City Schools, Hall County Schools; census land≈21.82 sq mi (22% of LEA land in ZCTA)",https://educationdata.urban.org/api/v1/school-districts/ccd/directory/|https://nces.ed.gov/ccd/|https://nces.ed.gov/programs/edge/Geographic/RelationshipFiles|https://nces.ed.gov/programs/edge/data/GRF24.zip,2026-09-07
30506,GA,Gainesville City Schools,Gainesville,traditional,census_zcta_lea,medium,,"no open CCD school campus in this ZIP for this LEA; ZCTA∩LEA land from NCES EDGE GRF24; multi-LEA ZCTA; also Forsyth County Schools, Hall County Schools; census land≈1.79 sq mi (2% of LEA land in ZCTA); small land share in ZCTA — possible city/county edge",https://nces.ed.gov/programs/edge/Geographic/RelationshipFiles|https://nces.ed.gov/programs/edge/data/GRF24.zip,2026-09-07
30506,GA,Hall County Schools,Gainesville,traditional,ccd_school_zip,high,8,"multi-LEA ZCTA; also Forsyth County Schools, Gainesville City Schools; census land≈76.88 sq mi (77% of LEA land in ZCTA)",https://educationdata.urban.org/api/v1/school-districts/ccd/directory/|https://nces.ed.gov/ccd/|https://nces.ed.gov/programs/edge/Geographic/RelationshipFiles|https://nces.ed.gov/programs/edge/data/GRF24.zip,2026-09-07
30507,GA,Gainesville City Schools,Gainesville,traditional,census_zcta_lea,medium,,no open CCD school campus in this ZIP for this LEA; ZCTA∩LEA land from NCES EDGE GRF24; multi-LEA ZCTA; also Hall County Schools; census land≈9.40 sq mi (13% of LEA land in ZCTA); small land share in ZCTA — possible city/county edge,https://nces.ed.gov/programs/edge/Geographic/RelationshipFiles|https://nces.ed.gov/programs/edge/data/GRF24.zip,2026-09-07
30507,GA,Hall County Schools,Gainesville,traditional,ccd_school_zip,high,10,multi-LEA ZCTA; also Gainesville City Schools; census land≈61.38 sq mi (87% of LEA land in ZCTA),https://educationdata.urban.org/api/v1/school-districts/ccd/directory/|https://nces.ed.gov/ccd/|https://nces.ed.gov/programs/edge/Geographic/RelationshipFiles|https://nces.ed.gov/programs/edge/data/GRF24.zip,2026-09-07
30510,GA,Banks County Schools,Rural NE Georgia,traditional,census_zcta_lea,medium,,"no open CCD school campus in this ZIP for this LEA; ZCTA∩LEA land from NCES EDGE GRF24; multi-LEA ZCTA; also Habersham County Schools, Hall County Schools; census land≈25.05 sq mi (57% of LEA land in ZCTA)",https://nces.ed.gov/programs/edge/Geographic/RelationshipFiles|https://nces.ed.gov/programs/edge/data/GRF24.zip,2026-09-07
30510,GA,Habersham County Schools,Cornelia,traditional,census_zcta_lea,medium,,"no open CCD school campus in this ZIP for this LEA; ZCTA∩LEA land from NCES EDGE GRF24; multi-LEA ZCTA; also Banks County Schools, Hall County Schools; census land≈12.44 sq mi (28% of LEA land in ZCTA)",https://nces.ed.gov/programs/edge/Geographic/RelationshipFiles|https://nces.ed.gov/programs/edge/data/GRF24.zip,2026-09-07
30510,GA,Hall County Schools,Gainesville,traditional,census_zcta_lea,medium,,"no open CCD school campus in this ZIP for this LEA; ZCTA∩LEA land from NCES EDGE GRF24; multi-LEA ZCTA; also Banks County Schools, Habersham County Schools; census land≈6.57 sq mi (15% of LEA land in ZCTA); small land share in ZCTA — possible city/county edge",https://nces.ed.gov/programs/edge/Geographic/RelationshipFiles|https://nces.ed.gov/programs/edge/data/GRF24.zip,2026-09-07
30511,GA,Banks County Schools,Rural NE Georgia,traditional,census_zcta_lea,medium,,"no open CCD school campus in this ZIP for this LEA; ZCTA∩LEA land from NCES EDGE GRF24; multi-LEA ZCTA; also Habersham County Schools, Stephens County School System; census land≈29.88 sq mi (93% of LEA land in ZCTA)",https://nces.ed.gov/programs/edge/Geographic/RelationshipFiles|https://nces.ed.gov/programs/edge/data/GRF24.zip,2026-09-07
30511,GA,Habersham County Schools,Cornelia,traditional,ccd_school_zip,high,1,"multi-LEA ZCTA; also Banks County Schools, Stephens County School System; census land≈1.00 sq mi (3% of LEA land in ZCTA)",https://educationdata.urban.org/api/v1/school-districts/ccd/directory/|https://nces.ed.gov/ccd/|https://nces.ed.gov/programs/edge/Geographic/RelationshipFiles|https://nces.ed.gov/programs/edge/data/GRF24.zip,2026-09-07
30511,GA,Stephens County School System,Toccoa,traditional,census_zcta_lea,medium,,"no open CCD school campus in this ZIP for this LEA; ZCTA∩LEA land from NCES EDGE GRF24; multi-LEA ZCTA; also Banks County Schools, Habersham County Schools; census land≈1.31 sq mi (4% of LEA land in ZCTA); small land share in ZCTA — possible city/county edge",https://nces.ed.gov/programs/edge/Geographic/RelationshipFiles|https://nces.ed.gov/programs/edge/data/GRF24.zip,2026-09-07
30512,GA,Fannin County Schools,Rural North Georgia,traditional,census_zcta_lea,medium,,no open CCD school campus in this ZIP for this LEA; ZCTA∩LEA land from NCES EDGE GRF24; multi-LEA ZCTA; also Union County Schools; census land≈1.90 sq mi (1% of LEA land in ZCTA); small land share in ZCTA — possible city/county edge,https://nces.ed.gov/programs/edge/Geographic/RelationshipFiles|https://nces.ed.gov/programs/edge/data/GRF24.zip,2026-09-07
30512,GA,Union County Schools,Rural NE Georgia,traditional,ccd_school_zip,high,4,multi-LEA ZCTA; also Fannin County Schools; census land≈219.97 sq mi (99% of LEA land in ZCTA),https://educationdata.urban.org/api/v1/school-districts/ccd/directory/|https://nces.ed.gov/ccd/|https://nces.ed.gov/programs/edge/Geographic/RelationshipFiles|https://nces.ed.gov/programs/edge/data/GRF24.zip,2026-09-07
30513,GA,Fannin County Schools,Rural North Georgia,traditional,ccd_school_zip,high,4,multi-LEA ZCTA; also Gilmer County Schools; census land≈141.26 sq mi (95% of LEA land in ZCTA),https://educationdata.urban.org/api/v1/school-districts/ccd/directory/|https://nces.ed.gov/ccd/|https://nces.ed.gov/programs/edge/Geographic/RelationshipFiles|https://nces.ed.gov/programs/edge/data/GRF24.zip,2026-09-07
30513,GA,Gilmer County Schools,Rural North Georgia,traditional,census_zcta_lea,medium,,no open CCD school campus in this ZIP for this LEA; ZCTA∩LEA land from NCES EDGE GRF24; multi-LEA ZCTA; also Fannin County Schools; census land≈7.24 sq mi (5% of LEA land in ZCTA); small land share in ZCTA — possible city/county edge,https://nces.ed.gov/programs/edge/Geographic/RelationshipFiles|https://nces.ed.gov/programs/edge/data/GRF24.zip,2026-09-07
30516,GA,Franklin County School System,Rural NE Georgia,traditional,census_zcta_lea,low,,no open CCD school campus in this ZIP for this LEA; ZCTA∩LEA land from NCES EDGE GRF24; multi-LEA ZCTA; also Hart County Charter System; census land≈0.03 sq mi (0% of LEA land in ZCTA); tiny land sliver — boundary edge; verify before routing parents solely here,https://nces.ed.gov/programs/edge/Geographic/RelationshipFiles|https://nces.ed.gov/programs/edge/data/GRF24.zip,2026-09-07
30516,GA,Hart County Charter System,Rural NE Georgia,traditional,ccd_school_zip,high,1,multi-LEA ZCTA; also Franklin County School System; census land≈20.62 sq mi (100% of LEA land in ZCTA),https://educationdata.urban.org/api/v1/school-districts/ccd/directory/|https://nces.ed.gov/ccd/|https://nces.ed.gov/programs/edge/Geographic/RelationshipFiles|https://nces.ed.gov/programs/edge/data/GRF24.zip,2026-09-07
30517,GA,Barrow County School System,Atlanta,traditional,census_zcta_lea,medium,,"no open CCD school campus in this ZIP for this LEA; ZCTA∩LEA land from NCES EDGE GRF24; multi-LEA ZCTA; also Gwinnett County Public Schools, Hall County Schools, Jackson County School System; census land≈2.01 sq mi (7% of LEA land in ZCTA); small land share in ZCTA — possible city/county edge",https://nces.ed.gov/programs/edge/Geographic/RelationshipFiles|https://nces.ed.gov/programs/edge/data/GRF24.zip,2026-09-07
30517,GA,Gwinnett County Public Schools,Atlanta,traditional,census_zcta_lea,medium,,"no open CCD school campus in this ZIP for this LEA; ZCTA∩LEA land from NCES EDGE GRF24; multi-LEA ZCTA; also Barrow County School System, Hall County Schools, Jackson County School System; census land≈2.99 sq mi (11% of LEA land in ZCTA); small land share in ZCTA — possible city/county edge",https://nces.ed.gov/programs/edge/Geographic/RelationshipFiles|https://nces.ed.gov/programs/edge/data/GRF24.zip,2026-09-07
30517,GA,Hall County Schools,Gainesville,traditional,census_zcta_lea,medium,,"no open CCD school campus in this ZIP for this LEA; ZCTA∩LEA land from NCES EDGE GRF24; multi-LEA ZCTA; also Barrow County School System, Gwinnett County Public Schools, Jackson County School System; census land≈8.25 sq mi (30% of LEA land in ZCTA)",https://nces.ed.gov/programs/edge/Geographic/RelationshipFiles|https://nces.ed.gov/programs/edge/data/GRF24.zip,2026-09-07
30517,GA,Jackson County School System,Jefferson,traditional,census_zcta_lea,medium,,"no open CCD school campus in this ZIP for this LEA; ZCTA∩LEA land from NCES EDGE GRF24; multi-LEA ZCTA; also Barrow County School System, Gwinnett County Public Schools, Hall County Schools; census land≈14.41 sq mi (52% of LEA land in ZCTA)",https://nces.ed.gov/programs/edge/Geographic/RelationshipFiles|https://nces.ed.gov/programs/edge/data/GRF24.zip,2026-09-07
30518,GA,Buford City Schools,Atlanta,traditional,ccd_school_zip,high,5,"multi-LEA ZCTA; also Gwinnett County Public Schools, Hall County Schools; census land≈14.50 sq mi (36% of LEA land in ZCTA)",https://educationdata.urban.org/api/v1/school-districts/ccd/directory/|https://nces.ed.gov/ccd/|https://nces.ed.gov/programs/edge/Geographic/RelationshipFiles|https://nces.ed.gov/programs/edge/data/GRF24.zip,2026-09-07
30518,GA,Gwinnett County Public Schools,Atlanta,traditional,ccd_school_zip,high,6,"multi-LEA ZCTA; also Buford City Schools, Hall County Schools; census land≈20.29 sq mi (51% of LEA land in ZCTA)",https://educationdata.urban.org/api/v1/school-districts/ccd/directory/|https://nces.ed.gov/ccd/|https://nces.ed.gov/programs/edge/Geographic/RelationshipFiles|https://nces.ed.gov/programs/edge/data/GRF24.zip,2026-09-07
30518,GA,Hall County Schools,Gainesville,traditional,census_zcta_lea,medium,,"no open CCD school campus in this ZIP for this LEA; ZCTA∩LEA land from NCES EDGE GRF24; multi-LEA ZCTA; also Buford City Schools, Gwinnett County Public Schools; census land≈5.24 sq mi (13% of LEA land in ZCTA); small land share in ZCTA — possible city/county edge",https://nces.ed.gov/programs/edge/Geographic/RelationshipFiles|https://nces.ed.gov/programs/edge/data/GRF24.zip,2026-09-07
30519,GA,Buford City Schools,Atlanta,traditional,census_zcta_lea,medium,,"no open CCD school campus in this ZIP for this LEA; ZCTA∩LEA land from NCES EDGE GRF24; multi-LEA ZCTA; also Gwinnett County Public Schools, Hall County Schools; census land≈3.99 sq mi (12% of LEA land in ZCTA); small land share in ZCTA — possible city/county edge",https://nces.ed.gov/programs/edge/Geographic/RelationshipFiles|https://nces.ed.gov/programs/edge/data/GRF24.zip,2026-09-07
30519,GA,Gwinnett County Public Schools,Atlanta,traditional,ccd_school_zip,high,6,"multi-LEA ZCTA; also Buford City Schools, Hall County Schools; census land≈26.53 sq mi (79% of LEA land in ZCTA)",https://educationdata.urban.org/api/v1/school-districts/ccd/directory/|https://nces.ed.gov/ccd/|https://nces.ed.gov/programs/edge/Geographic/RelationshipFiles|https://nces.ed.gov/programs/edge/data/GRF24.zip,2026-09-07
30519,GA,Hall County Schools,Gainesville,traditional,ccd_school_zip,high,1,"multi-LEA ZCTA; also Buford City Schools, Gwinnett County Public Schools; census land≈3.28 sq mi (10% of LEA land in ZCTA)",https://educationdata.urban.org/api/v1/school-districts/ccd/directory/|https://nces.ed.gov/ccd/|https://nces.ed.gov/programs/edge/Geographic/RelationshipFiles|https://nces.ed.gov/programs/edge/data/GRF24.zip,2026-09-07
30520,GA,Franklin County School System,Rural NE Georgia,traditional,census_zcta_lea,medium,,no open CCD school campus in this ZIP for this LEA; ZCTA∩LEA land from NCES EDGE GRF24; multi-LEA ZCTA; also Hart County Charter System; census land≈26.51 sq mi (47% of LEA land in ZCTA),https://nces.ed.gov/programs/edge/Geographic/RelationshipFiles|https://nces.ed.gov/programs/edge/data/GRF24.zip,2026-09-07
30520,GA,Hart County Charter System,Rural NE Georgia,traditional,census_zcta_lea,medium,,no open CCD school campus in this ZIP for this LEA; ZCTA∩LEA land from NCES EDGE GRF24; multi-LEA ZCTA; also Franklin County School System; census land≈29.53 sq mi (53% of LEA land in ZCTA),https://nces.ed.gov/programs/edge/Geographic/RelationshipFiles|https://nces.ed.gov/programs/edge/data/GRF24.zip,2026-09-07
30521,GA,Banks County Schools,Rural NE Georgia,traditional,census_zcta_lea,medium,,no open CCD school campus in this ZIP for this LEA; ZCTA∩LEA land from NCES EDGE GRF24; multi-LEA ZCTA; also Franklin County School System; census land≈5.33 sq mi (6% of LEA land in ZCTA); small land share in ZCTA — possible city/county edge,https://nces.ed.gov/programs/edge/Geographic/RelationshipFiles|https://nces.ed.gov/programs/edge/data/GRF24.zip,2026-09-07
30521,GA,Franklin County School System,Rural NE Georgia,traditional,ccd_school_zip,high,3,multi-LEA ZCTA; also Banks County Schools; census land≈86.71 sq mi (94% of LEA land in ZCTA),https://educationdata.urban.org/api/v1/school-districts/ccd/directory/|https://nces.ed.gov/ccd/|https://nces.ed.gov/programs/edge/Geographic/RelationshipFiles|https://nces.ed.gov/programs/edge/data/GRF24.zip,2026-09-07
30522,GA,Fannin County Schools,Rural North Georgia,traditional,census_zcta_lea,medium,,no open CCD school campus in this ZIP for this LEA; ZCTA∩LEA land from NCES EDGE GRF24; multi-LEA ZCTA; also Gilmer County Schools; census land≈12.50 sq mi (27% of LEA land in ZCTA),https://nces.ed.gov/programs/edge/Geographic/RelationshipFiles|https://nces.ed.gov/programs/edge/data/GRF24.zip,2026-09-07
30522,GA,Gilmer County Schools,Rural North Georgia,traditional,census_zcta_lea,medium,,no open CCD school campus in this ZIP for this LEA; ZCTA∩LEA land from NCES EDGE GRF24; multi-LEA ZCTA; also Fannin County Schools; census land≈34.02 sq mi (73% of LEA land in ZCTA),https://nces.ed.gov/programs/edge/Geographic/RelationshipFiles|https://nces.ed.gov/programs/edge/data/GRF24.zip,2026-09-07
30523,GA,Habersham County Schools,Cornelia,traditional,ccd_school_zip,high,3,"multi-LEA ZCTA; also Rabun County Schools, White County School System; census land≈156.50 sq mi (85% of LEA land in ZCTA)",https://educationdata.urban.org/api/v1/school-districts/ccd/directory/|https://nces.ed.gov/ccd/|https://nces.ed.gov/programs/edge/Geographic/RelationshipFiles|https://nces.ed.gov/programs/edge/data/GRF24.zip,2026-09-07
30523,GA,Rabun County Schools,Rural NE Georgia,traditional,census_zcta_lea,medium,,"no open CCD school campus in this ZIP for this LEA; ZCTA∩LEA land from NCES EDGE GRF24; multi-LEA ZCTA; also Habersham County Schools, White County School System; census land≈27.59 sq mi (15% of LEA land in ZCTA); small land share in ZCTA — possible city/county edge",https://nces.ed.gov/programs/edge/Geographic/RelationshipFiles|https://nces.ed.gov/programs/edge/data/GRF24.zip,2026-09-07
30523,GA,White County School System,Rural NE Georgia,traditional,census_zcta_lea,low,,"no open CCD school campus in this ZIP for this LEA; ZCTA∩LEA land from NCES EDGE GRF24; multi-LEA ZCTA; also Habersham County Schools, Rabun County Schools; census land≈0.12 sq mi (0% of LEA land in ZCTA); tiny land sliver — boundary edge; verify before routing parents solely here",https://nces.ed.gov/programs/edge/Geographic/RelationshipFiles|https://nces.ed.gov/programs/edge/data/GRF24.zip,2026-09-07
30525,GA,Rabun County Schools,Rural NE Georgia,traditional,census_zcta_lea,medium,,no open CCD school campus in this ZIP for this LEA; ZCTA∩LEA land from NCES EDGE GRF24; multi-LEA ZCTA; also Towns County Schools; census land≈194.16 sq mi (98% of LEA land in ZCTA),https://nces.ed.gov/programs/edge/Geographic/RelationshipFiles|https://nces.ed.gov/programs/edge/data/GRF24.zip,2026-09-07
30525,GA,Towns County Schools,Rural NE Georgia,traditional,census_zcta_lea,medium,,no open CCD school campus in this ZIP for this LEA; ZCTA∩LEA land from NCES EDGE GRF24; multi-LEA ZCTA; also Rabun County Schools; census land≈3.87 sq mi (2% of LEA land in ZCTA); small land share in ZCTA — possible city/county edge,https://nces.ed.gov/programs/edge/Geographic/RelationshipFiles|https://nces.ed.gov/programs/edge/data/GRF24.zip,2026-09-07
30527,GA,Hall County Schools,Gainesville,traditional,census_zcta_lea,medium,,no open CCD school campus in this ZIP for this LEA; ZCTA∩LEA land from NCES EDGE GRF24; multi-LEA ZCTA; also White County School System; census land≈25.41 sq mi (100% of LEA land in ZCTA),https://nces.ed.gov/programs/edge/Geographic/RelationshipFiles|https://nces.ed.gov/programs/edge/data/GRF24.zip,2026-09-07
30527,GA,White County School System,Rural NE Georgia,traditional,census_zcta_lea,low,,no open CCD school campus in this ZIP for this LEA; ZCTA∩LEA land from NCES EDGE GRF24; multi-LEA ZCTA; also Hall County Schools; census land≈0.00 sq mi (0% of LEA land in ZCTA); tiny land sliver — boundary edge; verify before routing parents solely here,https://nces.ed.gov/programs/edge/Geographic/RelationshipFiles|https://nces.ed.gov/programs/edge/data/GRF24.zip,2026-09-07
30528,GA,Lumpkin County Schools,Atlanta,traditional,census_zcta_lea,medium,,no open CCD school campus in this ZIP for this LEA; ZCTA∩LEA land from NCES EDGE GRF24; multi-LEA ZCTA; also White County School System; census land≈18.36 sq mi (11% of LEA land in ZCTA); small land share in ZCTA — possible city/county edge,https://nces.ed.gov/programs/edge/Geographic/RelationshipFiles|https://nces.ed.gov/programs/edge/data/GRF24.zip,2026-09-07
30528,GA,White County School System,Rural NE Georgia,traditional,ccd_school_zip,high,5,multi-LEA ZCTA; also Lumpkin County Schools; census land≈147.82 sq mi (89% of LEA land in ZCTA),https://educationdata.urban.org/api/v1/school-districts/ccd/directory/|https://nces.ed.gov/ccd/|https://nces.ed.gov/programs/edge/Geographic/RelationshipFiles|https://nces.ed.gov/programs/edge/data/GRF24.zip,2026-09-07
30529,GA,Banks County Schools,Rural NE Georgia,traditional,census_zcta_lea,medium,,"no open CCD school campus in this ZIP for this LEA; ZCTA∩LEA land from NCES EDGE GRF24; multi-LEA ZCTA; also Commerce City Schools, Jackson County School System; census land≈13.04 sq mi (26% of LEA land in ZCTA)",https://nces.ed.gov/programs/edge/Geographic/RelationshipFiles|https://nces.ed.gov/programs/edge/data/GRF24.zip,2026-09-07
30529,GA,Commerce City Schools,Jefferson,traditional,ccd_school_zip,high,4,"multi-LEA ZCTA; also Banks County Schools, Jackson County School System; census land≈11.89 sq mi (24% of LEA land in ZCTA)",https://educationdata.urban.org/api/v1/school-districts/ccd/directory/|https://nces.ed.gov/ccd/|https://nces.ed.gov/programs/edge/Geographic/RelationshipFiles|https://nces.ed.gov/programs/edge/data/GRF24.zip,2026-09-07
30529,GA,Jackson County School System,Jefferson,traditional,ccd_school_zip,high,3,"multi-LEA ZCTA; also Banks County Schools, Commerce City Schools; census land≈25.59 sq mi (51% of LEA land in ZCTA)",https://educationdata.urban.org/api/v1/school-districts/ccd/directory/|https://nces.ed.gov/ccd/|https://nces.ed.gov/programs/edge/Geographic/RelationshipFiles|https://nces.ed.gov/programs/edge/data/GRF24.zip,2026-09-07
30530,GA,Banks County Schools,Rural NE Georgia,traditional,census_zcta_lea,medium,,"no open CCD school campus in this ZIP for this LEA; ZCTA∩LEA land from NCES EDGE GRF24; multi-LEA ZCTA; also Commerce City Schools, Franklin County School System, Jackson County School System, Madison County Schools; census land≈33.12 sq mi (42% of LEA land in ZCTA)",https://nces.ed.gov/programs/edge/Geographic/RelationshipFiles|https://nces.ed.gov/programs/edge/data/GRF24.zip,2026-09-07
30530,GA,Commerce City Schools,Jefferson,traditional,census_zcta_lea,medium,,"no open CCD school campus in this ZIP for this LEA; ZCTA∩LEA land from NCES EDGE GRF24; multi-LEA ZCTA; also Banks County Schools, Franklin County School System, Jackson County School System, Madison County Schools; census land≈0.51 sq mi (1% of LEA land in ZCTA); small land share in ZCTA — possible city/county edge",https://nces.ed.gov/programs/edge/Geographic/RelationshipFiles|https://nces.ed.gov/programs/edge/data/GRF24.zip,2026-09-07
30530,GA,Franklin County School System,Rural NE Georgia,traditional,census_zcta_lea,medium,,"no open CCD school campus in this ZIP for this LEA; ZCTA∩LEA land from NCES EDGE GRF24; multi-LEA ZCTA; also Banks County Schools, Commerce City Schools, Jackson County School System, Madison County Schools; census land≈11.93 sq mi (15% of LEA land in ZCTA)",https://nces.ed.gov/programs/edge/Geographic/RelationshipFiles|https://nces.ed.gov/programs/edge/data/GRF24.zip,2026-09-07
30530,GA,Jackson County School System,Jefferson,traditional,census_zcta_lea,medium,,"no open CCD school campus in this ZIP for this LEA; ZCTA∩LEA land from NCES EDGE GRF24; multi-LEA ZCTA; also Banks County Schools, Commerce City Schools, Franklin County School System, Madison County Schools; census land≈19.89 sq mi (25% of LEA land in ZCTA)",https://nces.ed.gov/programs/edge/Geographic/RelationshipFiles|https://nces.ed.gov/programs/edge/data/GRF24.zip,2026-09-07
30530,GA,Madison County Schools,Athens,traditional,census_zcta_lea,medium,,"no open CCD school campus in this ZIP for this LEA; ZCTA∩LEA land from NCES EDGE GRF24; multi-LEA ZCTA; also Banks County Schools, Commerce City Schools, Franklin County School System, Jackson County School System; census land≈13.73 sq mi (17% of LEA land in ZCTA)",https://nces.ed.gov/programs/edge/Geographic/RelationshipFiles|https://nces.ed.gov/programs/edge/data/GRF24.zip,2026-09-07
30531,GA,Habersham County Schools,Cornelia,traditional,ccd_school_zip,high,3,multi-LEA ZCTA; also Hall County Schools; census land≈32.17 sq mi (85% of LEA land in ZCTA),https://educationdata.urban.org/api/v1/school-districts/ccd/directory/|https://nces.ed.gov/ccd/|https://nces.ed.gov/programs/edge/Geographic/RelationshipFiles|https://nces.ed.gov/programs/edge/data/GRF24.zip,2026-09-07
30531,GA,Hall County Schools,Gainesville,traditional,census_zcta_lea,medium,,no open CCD school campus in this ZIP for this LEA; ZCTA∩LEA land from NCES EDGE GRF24; multi-LEA ZCTA; also Habersham County Schools; census land≈5.56 sq mi (15% of LEA land in ZCTA); small land share in ZCTA — possible city/county edge,https://nces.ed.gov/programs/edge/Geographic/RelationshipFiles|https://nces.ed.gov/programs/edge/data/GRF24.zip,2026-09-07
30533,GA,Dawson County School System,Atlanta,traditional,census_zcta_lea,medium,,"no open CCD school campus in this ZIP for this LEA; ZCTA∩LEA land from NCES EDGE GRF24; multi-LEA ZCTA; also Hall County Schools, Lumpkin County Schools, White County School System; census land≈6.22 sq mi (3% of LEA land in ZCTA); small land share in ZCTA — possible city/county edge",https://nces.ed.gov/programs/edge/Geographic/RelationshipFiles|https://nces.ed.gov/programs/edge/data/GRF24.zip,2026-09-07
30533,GA,Hall County Schools,Gainesville,traditional,census_zcta_lea,medium,,"no open CCD school campus in this ZIP for this LEA; ZCTA∩LEA land from NCES EDGE GRF24; multi-LEA ZCTA; also Dawson County School System, Lumpkin County Schools, White County School System; census land≈4.16 sq mi (2% of LEA land in ZCTA); small land share in ZCTA — possible city/county edge",https://nces.ed.gov/programs/edge/Geographic/RelationshipFiles|https://nces.ed.gov/programs/edge/data/GRF24.zip,2026-09-07
30533,GA,Lumpkin County Schools,Atlanta,traditional,ccd_school_zip,high,4,"multi-LEA ZCTA; also Dawson County School System, Hall County Schools, White County School System; census land≈231.54 sq mi (95% of LEA land in ZCTA)",https://educationdata.urban.org/api/v1/school-districts/ccd/directory/|https://nces.ed.gov/ccd/|https://nces.ed.gov/programs/edge/Geographic/RelationshipFiles|https://nces.ed.gov/programs/edge/data/GRF24.zip,2026-09-07
30533,GA,White County School System,Rural NE Georgia,traditional,census_zcta_lea,medium,,"no open CCD school campus in this ZIP for this LEA; ZCTA∩LEA land from NCES EDGE GRF24; multi-LEA ZCTA; also Dawson County School System, Hall County Schools, Lumpkin County Schools; census land≈0.96 sq mi (0% of LEA land in ZCTA); small land share in ZCTA — possible city/county edge",https://nces.ed.gov/programs/edge/Geographic/RelationshipFiles|https://nces.ed.gov/programs/edge/data/GRF24.zip,2026-09-07
30534,GA,Cherokee County School District,Atlanta,traditional,census_zcta_lea,medium,,"no open CCD school campus in this ZIP for this LEA; ZCTA∩LEA land from NCES EDGE GRF24; multi-LEA ZCTA; also Dawson County School System, Forsyth County Schools, Lumpkin County Schools, Pickens County Schools; census land≈1.43 sq mi (1% of LEA land in ZCTA); small land share in ZCTA — possible city/county edge",https://nces.ed.gov/programs/edge/Geographic/RelationshipFiles|https://nces.ed.gov/programs/edge/data/GRF24.zip,2026-09-07
30534,GA,Dawson County School System,Atlanta,traditional,ccd_school_zip,high,7,"multi-LEA ZCTA; also Cherokee County School District, Forsyth County Schools, Lumpkin County Schools, Pickens County Schools; census land≈181.40 sq mi (85% of LEA land in ZCTA)",https://educationdata.urban.org/api/v1/school-districts/ccd/directory/|https://nces.ed.gov/ccd/|https://nces.ed.gov/programs/edge/Geographic/RelationshipFiles|https://nces.ed.gov/programs/edge/data/GRF24.zip,2026-09-07
30534,GA,Forsyth County Schools,Atlanta,traditional,census_zcta_lea,medium,,"no open CCD school campus in this ZIP for this LEA; ZCTA∩LEA land from NCES EDGE GRF24; multi-LEA ZCTA; also Cherokee County School District, Dawson County School System, Lumpkin County Schools, Pickens County Schools; census land≈6.46 sq mi (3% of LEA land in ZCTA); small land share in ZCTA — possible city/county edge",https://nces.ed.gov/programs/edge/Geographic/RelationshipFiles|https://nces.ed.gov/programs/edge/data/GRF24.zip,2026-09-07
30534,GA,Lumpkin County Schools,Atlanta,traditional,ccd_school_zip,high,1,"multi-LEA ZCTA; also Cherokee County School District, Dawson County School System, Forsyth County Schools, Pickens County Schools; census land≈20.89 sq mi (10% of LEA land in ZCTA)",https://educationdata.urban.org/api/v1/school-districts/ccd/directory/|https://nces.ed.gov/ccd/|https://nces.ed.gov/programs/edge/Geographic/RelationshipFiles|https://nces.ed.gov/programs/edge/data/GRF24.zip,2026-09-07
30534,GA,Pickens County Schools,Atlanta,traditional,census_zcta_lea,medium,,"no open CCD school campus in this ZIP for this LEA; ZCTA∩LEA land from NCES EDGE GRF24; multi-LEA ZCTA; also Cherokee County School District, Dawson County School System, Forsyth County Schools, Lumpkin County Schools; census land≈2.75 sq mi (1% of LEA land in ZCTA); small land share in ZCTA — possible city/county edge",https://nces.ed.gov/programs/edge/Geographic/RelationshipFiles|https://nces.ed.gov/programs/edge/data/GRF24.zip,2026-09-07
30535,GA,Habersham County Schools,Cornelia,traditional,ccd_school_zip,high,3,,https://educationdata.urban.org/api/v1/school-districts/ccd/directory/|https://nces.ed.gov/ccd/,2026-09-07
30536,GA,Dawson County School System,Atlanta,traditional,census_zcta_lea,medium,,no open CCD school campus in this ZIP for this LEA; ZCTA∩LEA land from NCES EDGE GRF24; multi-LEA ZCTA; also Gilmer County Schools; census land≈3.45 sq mi (2% of LEA land in ZCTA); small land share in ZCTA — possible city/county edge,https://nces.ed.gov/programs/edge/Geographic/RelationshipFiles|https://nces.ed.gov/programs/edge/data/GRF24.zip,2026-09-07
30536,GA,Gilmer County Schools,Rural North Georgia,traditional,ccd_school_zip,high,2,multi-LEA ZCTA; also Dawson County School System; census land≈150.72 sq mi (98% of LEA land in ZCTA),https://educationdata.urban.org/api/v1/school-districts/ccd/directory/|https://nces.ed.gov/ccd/|https://nces.ed.gov/programs/edge/Geographic/RelationshipFiles|https://nces.ed.gov/programs/edge/data/GRF24.zip,2026-09-07
30537,GA,Rabun County Schools,Rural NE Georgia,traditional,census_zcta_lea,medium,,no open CCD school campus in this ZIP for this LEA; ZCTA∩LEA land from NCES EDGE GRF24; census land≈18.75 sq mi in ZCTA,https://nces.ed.gov/programs/edge/Geographic/RelationshipFiles|https://nces.ed.gov/programs/edge/data/GRF24.zip,2026-09-07
30538,GA,Franklin County School System,Rural NE Georgia,traditional,census_zcta_lea,medium,,no open CCD school campus in this ZIP for this LEA; ZCTA∩LEA land from NCES EDGE GRF24; multi-LEA ZCTA; also Stephens County School System; census land≈3.22 sq mi (12% of LEA land in ZCTA); small land share in ZCTA — possible city/county edge,https://nces.ed.gov/programs/edge/Geographic/RelationshipFiles|https://nces.ed.gov/programs/edge/data/GRF24.zip,2026-09-07
30538,GA,Stephens County School System,Toccoa,traditional,ccd_school_zip,high,1,multi-LEA ZCTA; also Franklin County School System; census land≈23.99 sq mi (88% of LEA land in ZCTA),https://educationdata.urban.org/api/v1/school-districts/ccd/directory/|https://nces.ed.gov/ccd/|https://nces.ed.gov/programs/edge/Geographic/RelationshipFiles|https://nces.ed.gov/programs/edge/data/GRF24.zip,2026-09-07
30539,GA,Gilmer County Schools,Rural North Georgia,traditional,census_zcta_lea,medium,,no open CCD school campus in this ZIP for this LEA; ZCTA∩LEA land from NCES EDGE GRF24; census land≈0.33 sq mi in ZCTA; small land share in ZCTA — possible city/county edge,https://nces.ed.gov/programs/edge/Geographic/RelationshipFiles|https://nces.ed.gov/programs/edge/data/GRF24.zip,2026-09-07
30540,GA,Gilmer County Schools,Rural North Georgia,traditional,ccd_school_zip,high,3,,https://educationdata.urban.org/api/v1/school-districts/ccd/directory/|https://nces.ed.gov/ccd/,2026-09-07
30541,GA,Fannin County Schools,Rural North Georgia,traditional,census_zcta_lea,medium,,no open CCD school campus in this ZIP for this LEA; ZCTA∩LEA land from NCES EDGE GRF24; census land≈73.73 sq mi in ZCTA,https://nces.ed.gov/programs/edge/Geographic/RelationshipFiles|https://nces.ed.gov/programs/edge/data/GRF24.zip,2026-09-07
30542,GA,Buford City Schools,Atlanta,traditional,census_zcta_lea,low,,no open CCD school campus in this ZIP for this LEA; ZCTA∩LEA land from NCES EDGE GRF24; multi-LEA ZCTA; also Hall County Schools; census land≈0.34 sq mi (1% of LEA land in ZCTA); tiny land sliver — boundary edge; verify before routing parents solely here,https://nces.ed.gov/programs/edge/Geographic/RelationshipFiles|https://nces.ed.gov/programs/edge/data/GRF24.zip,2026-09-07
30542,GA,Hall County Schools,Gainesville,traditional,ccd_school_zip,high,9,multi-LEA ZCTA; also Buford City Schools; census land≈42.11 sq mi (99% of LEA land in ZCTA),https://educationdata.urban.org/api/v1/school-districts/ccd/directory/|https://nces.ed.gov/ccd/|https://nces.ed.gov/programs/edge/Geographic/RelationshipFiles|https://nces.ed.gov/programs/edge/data/GRF24.zip,2026-09-07
30543,GA,Banks County Schools,Rural NE Georgia,traditional,census_zcta_lea,medium,,"no open CCD school campus in this ZIP for this LEA; ZCTA∩LEA land from NCES EDGE GRF24; multi-LEA ZCTA; also Hall County Schools, Jackson County School System; census land≈12.45 sq mi (33% of LEA land in ZCTA)",https://nces.ed.gov/programs/edge/Geographic/RelationshipFiles|https://nces.ed.gov/programs/edge/data/GRF24.zip,2026-09-07
30543,GA,Hall County Schools,Gainesville,traditional,census_zcta_lea,medium,,"no open CCD school campus in this ZIP for this LEA; ZCTA∩LEA land from NCES EDGE GRF24; multi-LEA ZCTA; also Banks County Schools, Jackson County School System; census land≈21.73 sq mi (57% of LEA land in ZCTA)",https://nces.ed.gov/programs/edge/Geographic/RelationshipFiles|https://nces.ed.gov/programs/edge/data/GRF24.zip,2026-09-07
30543,GA,Jackson County School System,Jefferson,traditional,census_zcta_lea,medium,,"no open CCD school campus in this ZIP for this LEA; ZCTA∩LEA land from NCES EDGE GRF24; multi-LEA ZCTA; also Banks County Schools, Hall County Schools; census land≈4.12 sq mi (11% of LEA land in ZCTA); small land share in ZCTA — possible city/county edge",https://nces.ed.gov/programs/edge/Geographic/RelationshipFiles|https://nces.ed.gov/programs/edge/data/GRF24.zip,2026-09-07
30545,GA,White County School System,Rural NE Georgia,traditional,census_zcta_lea,medium,,no open CCD school campus in this ZIP for this LEA; ZCTA∩LEA land from NCES EDGE GRF24; census land≈46.59 sq mi in ZCTA,https://nces.ed.gov/programs/edge/Geographic/RelationshipFiles|https://nces.ed.gov/programs/edge/data/GRF24.zip,2026-09-07
30546,GA,Towns County Schools,Rural NE Georgia,traditional,ccd_school_zip,high,3,,https://educationdata.urban.org/api/v1/school-districts/ccd/directory/|https://nces.ed.gov/ccd/,2026-09-07
30547,GA,Banks County Schools,Rural NE Georgia,traditional,ccd_school_zip,high,4,,https://educationdata.urban.org/api/v1/school-districts/ccd/directory/|https://nces.ed.gov/ccd/,2026-09-07
30548,GA,Barrow County School System,Atlanta,traditional,census_zcta_lea,medium,,"no open CCD school campus in this ZIP for this LEA; ZCTA∩LEA land from NCES EDGE GRF24; multi-LEA ZCTA; also Gwinnett County Public Schools, Hall County Schools, Jackson County School System; census land≈8.02 sq mi (20% of LEA land in ZCTA)",https://nces.ed.gov/programs/edge/Geographic/RelationshipFiles|https://nces.ed.gov/programs/edge/data/GRF24.zip,2026-09-07
30548,GA,Gwinnett County Public Schools,Atlanta,traditional,ccd_school_zip,high,3,"multi-LEA ZCTA; also Barrow County School System, Hall County Schools, Jackson County School System; census land≈3.70 sq mi (9% of LEA land in ZCTA)",https://educationdata.urban.org/api/v1/school-districts/ccd/directory/|https://nces.ed.gov/ccd/|https://nces.ed.gov/programs/edge/Geographic/RelationshipFiles|https://nces.ed.gov/programs/edge/data/GRF24.zip,2026-09-07
30548,GA,Hall County Schools,Gainesville,traditional,census_zcta_lea,medium,,"no open CCD school campus in this ZIP for this LEA; ZCTA∩LEA land from NCES EDGE GRF24; multi-LEA ZCTA; also Barrow County School System, Gwinnett County Public Schools, Jackson County School System; census land≈3.64 sq mi (9% of LEA land in ZCTA); small land share in ZCTA — possible city/county edge",https://nces.ed.gov/programs/edge/Geographic/RelationshipFiles|https://nces.ed.gov/programs/edge/data/GRF24.zip,2026-09-07
30548,GA,Jackson County School System,Jefferson,traditional,ccd_school_zip,high,2,"multi-LEA ZCTA; also Barrow County School System, Gwinnett County Public Schools, Hall County Schools; census land≈25.07 sq mi (62% of LEA land in ZCTA)",https://educationdata.urban.org/api/v1/school-districts/ccd/directory/|https://nces.ed.gov/ccd/|https://nces.ed.gov/programs/edge/Geographic/RelationshipFiles|https://nces.ed.gov/programs/edge/data/GRF24.zip,2026-09-07
30549,GA,Jackson County School System,Jefferson,traditional,ccd_school_zip,high,2,multi-LEA ZCTA; also Jefferson City Schools; census land≈83.57 sq mi (79% of LEA land in ZCTA),https://educationdata.urban.org/api/v1/school-districts/ccd/directory/|https://nces.ed.gov/ccd/|https://nces.ed.gov/programs/edge/Geographic/RelationshipFiles|https://nces.ed.gov/programs/edge/data/GRF24.zip,2026-09-07
30549,GA,Jefferson City Schools,Jefferson,traditional,ccd_school_zip,high,4,multi-LEA ZCTA; also Jackson County School System; census land≈21.98 sq mi (21% of LEA land in ZCTA),https://educationdata.urban.org/api/v1/school-districts/ccd/directory/|https://nces.ed.gov/ccd/|https://nces.ed.gov/programs/edge/Geographic/RelationshipFiles|https://nces.ed.gov/programs/edge/data/GRF24.zip,2026-09-07
30552,GA,Rabun County Schools,Rural NE Georgia,traditional,census_zcta_lea,medium,,no open CCD school campus in this ZIP for this LEA; ZCTA∩LEA land from NCES EDGE GRF24; census land≈55.71 sq mi in ZCTA,https://nces.ed.gov/programs/edge/Geographic/RelationshipFiles|https://nces.ed.gov/programs/edge/data/GRF24.zip,2026-09-07
30553,GA,Franklin County School System,Rural NE Georgia,traditional,ccd_school_zip,high,1,multi-LEA ZCTA; also Hart County Charter System; census land≈34.88 sq mi (59% of LEA land in ZCTA),https://educationdata.urban.org/api/v1/school-districts/ccd/directory/|https://nces.ed.gov/ccd/|https://nces.ed.gov/programs/edge/Geographic/RelationshipFiles|https://nces.ed.gov/programs/edge/data/GRF24.zip,2026-09-07
30553,GA,Hart County Charter System,Rural NE Georgia,traditional,census_zcta_lea,medium,,no open CCD school campus in this ZIP for this LEA; ZCTA∩LEA land from NCES EDGE GRF24; multi-LEA ZCTA; also Franklin County School System; census land≈24.32 sq mi (41% of LEA land in ZCTA),https://nces.ed.gov/programs/edge/Geographic/RelationshipFiles|https://nces.ed.gov/programs/edge/data/GRF24.zip,2026-09-07
30554,GA,Banks County Schools,Rural NE Georgia,traditional,census_zcta_lea,medium,,no open CCD school campus in this ZIP for this LEA; ZCTA∩LEA land from NCES EDGE GRF24; multi-LEA ZCTA; also Hall County Schools; census land≈28.58 sq mi (40% of LEA land in ZCTA),https://nces.ed.gov/programs/edge/Geographic/RelationshipFiles|https://nces.ed.gov/programs/edge/data/GRF24.zip,2026-09-07
30554,GA,Hall County Schools,Gainesville,traditional,ccd_school_zip,high,1,multi-LEA ZCTA; also Banks County Schools; census land≈42.93 sq mi (60% of LEA land in ZCTA),https://educationdata.urban.org/api/v1/school-districts/ccd/directory/|https://nces.ed.gov/ccd/|https://nces.ed.gov/programs/edge/Geographic/RelationshipFiles|https://nces.ed.gov/programs/edge/data/GRF24.zip,2026-09-07
30555,GA,Fannin County Schools,Rural North Georgia,traditional,census_zcta_lea,medium,,no open CCD school campus in this ZIP for this LEA; ZCTA∩LEA land from NCES EDGE GRF24; census land≈11.43 sq mi in ZCTA,https://nces.ed.gov/programs/edge/Geographic/RelationshipFiles|https://nces.ed.gov/programs/edge/data/GRF24.zip,2026-09-07
30557,GA,Franklin County School System,Rural NE Georgia,traditional,census_zcta_lea,medium,,no open CCD school campus in this ZIP for this LEA; ZCTA∩LEA land from NCES EDGE GRF24; multi-LEA ZCTA; also Stephens County School System; census land≈35.82 sq mi (62% of LEA land in ZCTA),https://nces.ed.gov/programs/edge/Geographic/RelationshipFiles|https://nces.ed.gov/programs/edge/data/GRF24.zip,2026-09-07
30557,GA,Stephens County School System,Toccoa,traditional,census_zcta_lea,medium,,no open CCD school campus in this ZIP for this LEA; ZCTA∩LEA land from NCES EDGE GRF24; multi-LEA ZCTA; also Franklin County School System; census land≈22.34 sq mi (38% of LEA land in ZCTA),https://nces.ed.gov/programs/edge/Geographic/RelationshipFiles|https://nces.ed.gov/programs/edge/data/GRF24.zip,2026-09-07
30558,GA,Banks County Schools,Rural NE Georgia,traditional,census_zcta_lea,medium,,"no open CCD school campus in this ZIP for this LEA; ZCTA∩LEA land from NCES EDGE GRF24; multi-LEA ZCTA; also Commerce City Schools, Jackson County School System; census land≈28.38 sq mi (46% of LEA land in ZCTA)",https://nces.ed.gov/programs/edge/Geographic/RelationshipFiles|https://nces.ed.gov/programs/edge/data/GRF24.zip,2026-09-07
30558,GA,Commerce City Schools,Jefferson,traditional,census_zcta_lea,medium,,"no open CCD school campus in this ZIP for this LEA; ZCTA∩LEA land from NCES EDGE GRF24; multi-LEA ZCTA; also Banks County Schools, Jackson County School System; census land≈1.07 sq mi (2% of LEA land in ZCTA); small land share in ZCTA — possible city/county edge",https://nces.ed.gov/programs/edge/Geographic/RelationshipFiles|https://nces.ed.gov/programs/edge/data/GRF24.zip,2026-09-07
30558,GA,Jackson County School System,Jefferson,traditional,ccd_school_zip,high,1,"multi-LEA ZCTA; also Banks County Schools, Commerce City Schools; census land≈31.96 sq mi (52% of LEA land in ZCTA)",https://educationdata.urban.org/api/v1/school-districts/ccd/directory/|https://nces.ed.gov/ccd/|https://nces.ed.gov/programs/edge/Geographic/RelationshipFiles|https://nces.ed.gov/programs/edge/data/GRF24.zip,2026-09-07
30559,GA,Fannin County Schools,Rural North Georgia,traditional,census_zcta_lea,medium,,no open CCD school campus in this ZIP for this LEA; ZCTA∩LEA land from NCES EDGE GRF24; census land≈50.32 sq mi in ZCTA,https://nces.ed.gov/programs/edge/Geographic/RelationshipFiles|https://nces.ed.gov/programs/edge/data/GRF24.zip,2026-09-07
30560,GA,Fannin County Schools,Rural North Georgia,traditional,ccd_school_zip,high,1,multi-LEA ZCTA; also Union County Schools; census land≈63.43 sq mi (89% of LEA land in ZCTA),https://educationdata.urban.org/api/v1/school-districts/ccd/directory/|https://nces.ed.gov/ccd/|https://nces.ed.gov/programs/edge/Geographic/RelationshipFiles|https://nces.ed.gov/programs/edge/data/GRF24.zip,2026-09-07
30560,GA,Union County Schools,Rural NE Georgia,traditional,census_zcta_lea,medium,,no open CCD school campus in this ZIP for this LEA; ZCTA∩LEA land from NCES EDGE GRF24; multi-LEA ZCTA; also Fannin County Schools; census land≈7.97 sq mi (11% of LEA land in ZCTA); small land share in ZCTA — possible city/county edge,https://nces.ed.gov/programs/edge/Geographic/RelationshipFiles|https://nces.ed.gov/programs/edge/data/GRF24.zip,2026-09-07
30562,GA,Rabun County Schools,Rural NE Georgia,traditional,census_zcta_lea,medium,,no open CCD school campus in this ZIP for this LEA; ZCTA∩LEA land from NCES EDGE GRF24; census land≈1.18 sq mi in ZCTA,https://nces.ed.gov/programs/edge/Geographic/RelationshipFiles|https://nces.ed.gov/programs/edge/data/GRF24.zip,2026-09-07
30563,GA,Habersham County Schools,Cornelia,traditional,ccd_school_zip,high,4,multi-LEA ZCTA; also Stephens County School System; census land≈38.42 sq mi (99% of LEA land in ZCTA),https://educationdata.urban.org/api/v1/school-districts/ccd/directory/|https://nces.ed.gov/ccd/|https://nces.ed.gov/programs/edge/Geographic/RelationshipFiles|https://nces.ed.gov/programs/edge/data/GRF24.zip,2026-09-07
30563,GA,Stephens County School System,Toccoa,traditional,census_zcta_lea,low,,no open CCD school campus in this ZIP for this LEA; ZCTA∩LEA land from NCES EDGE GRF24; multi-LEA ZCTA; also Habersham County Schools; census land≈0.48 sq mi (1% of LEA land in ZCTA); tiny land sliver — boundary edge; verify before routing parents solely here,https://nces.ed.gov/programs/edge/Geographic/RelationshipFiles|https://nces.ed.gov/programs/edge/data/GRF24.zip,2026-09-07
30564,GA,Hall County Schools,Gainesville,traditional,census_zcta_lea,medium,,"no open CCD school campus in this ZIP for this LEA; ZCTA∩LEA land from NCES EDGE GRF24; multi-LEA ZCTA; also Lumpkin County Schools, White County School System; census land≈18.25 sq mi (57% of LEA land in ZCTA)",https://nces.ed.gov/programs/edge/Geographic/RelationshipFiles|https://nces.ed.gov/programs/edge/data/GRF24.zip,2026-09-07
30564,GA,Lumpkin County Schools,Atlanta,traditional,census_zcta_lea,medium,,"no open CCD school campus in this ZIP for this LEA; ZCTA∩LEA land from NCES EDGE GRF24; multi-LEA ZCTA; also Hall County Schools, White County School System; census land≈12.01 sq mi (38% of LEA land in ZCTA)",https://nces.ed.gov/programs/edge/Geographic/RelationshipFiles|https://nces.ed.gov/programs/edge/data/GRF24.zip,2026-09-07
30564,GA,White County School System,Rural NE Georgia,traditional,census_zcta_lea,medium,,"no open CCD school campus in this ZIP for this LEA; ZCTA∩LEA land from NCES EDGE GRF24; multi-LEA ZCTA; also Hall County Schools, Lumpkin County Schools; census land≈1.60 sq mi (5% of LEA land in ZCTA); small land share in ZCTA — possible city/county edge",https://nces.ed.gov/programs/edge/Geographic/RelationshipFiles|https://nces.ed.gov/programs/edge/data/GRF24.zip,2026-09-07
30565,GA,Clarke County Schools,Athens,traditional,census_zcta_lea,low,,"no open CCD school campus in this ZIP for this LEA; ZCTA∩LEA land from NCES EDGE GRF24; multi-LEA ZCTA; also Jackson County School System, Madison County Schools; census land≈0.01 sq mi (0% of LEA land in ZCTA); tiny land sliver — boundary edge; verify before routing parents solely here",https://nces.ed.gov/programs/edge/Geographic/RelationshipFiles|https://nces.ed.gov/programs/edge/data/GRF24.zip,2026-09-07
30565,GA,Jackson County School System,Jefferson,traditional,census_zcta_lea,medium,,"no open CCD school campus in this ZIP for this LEA; ZCTA∩LEA land from NCES EDGE GRF24; multi-LEA ZCTA; also Clarke County Schools, Madison County Schools; census land≈29.30 sq mi (87% of LEA land in ZCTA)",https://nces.ed.gov/programs/edge/Geographic/RelationshipFiles|https://nces.ed.gov/programs/edge/data/GRF24.zip,2026-09-07
30565,GA,Madison County Schools,Athens,traditional,census_zcta_lea,medium,,"no open CCD school campus in this ZIP for this LEA; ZCTA∩LEA land from NCES EDGE GRF24; multi-LEA ZCTA; also Clarke County Schools, Jackson County School System; census land≈4.36 sq mi (13% of LEA land in ZCTA); small land share in ZCTA — possible city/county edge",https://nces.ed.gov/programs/edge/Geographic/RelationshipFiles|https://nces.ed.gov/programs/edge/data/GRF24.zip,2026-09-07
30566,GA,Gainesville City Schools,Gainesville,traditional,census_zcta_lea,low,,no open CCD school campus in this ZIP for this LEA; ZCTA∩LEA land from NCES EDGE GRF24; multi-LEA ZCTA; also Hall County Schools; census land≈0.33 sq mi (4% of LEA land in ZCTA); tiny land sliver — boundary edge; verify before routing parents solely here,https://nces.ed.gov/programs/edge/Geographic/RelationshipFiles|https://nces.ed.gov/programs/edge/data/GRF24.zip,2026-09-07
30566,GA,Hall County Schools,Gainesville,traditional,ccd_school_zip,high,3,multi-LEA ZCTA; also Gainesville City Schools; census land≈7.71 sq mi (96% of LEA land in ZCTA),https://educationdata.urban.org/api/v1/school-districts/ccd/directory/|https://nces.ed.gov/ccd/|https://nces.ed.gov/programs/edge/Geographic/RelationshipFiles|https://nces.ed.gov/programs/edge/data/GRF24.zip,2026-09-07
30567,GA,Hall County Schools,Gainesville,traditional,census_zcta_lea,low,,"no open CCD school campus in this ZIP for this LEA; ZCTA∩LEA land from NCES EDGE GRF24; multi-LEA ZCTA; also Jackson County School System, Jefferson City Schools; census land≈0.35 sq mi (1% of LEA land in ZCTA); tiny land sliver — boundary edge; verify before routing parents solely here",https://nces.ed.gov/programs/edge/Geographic/RelationshipFiles|https://nces.ed.gov/programs/edge/data/GRF24.zip,2026-09-07
30567,GA,Jackson County School System,Jefferson,traditional,census_zcta_lea,medium,,"no open CCD school campus in this ZIP for this LEA; ZCTA∩LEA land from NCES EDGE GRF24; multi-LEA ZCTA; also Hall County Schools, Jefferson City Schools; census land≈27.66 sq mi (95% of LEA land in ZCTA)",https://nces.ed.gov/programs/edge/Geographic/RelationshipFiles|https://nces.ed.gov/programs/edge/data/GRF24.zip,2026-09-07
30567,GA,Jefferson City Schools,Jefferson,traditional,census_zcta_lea,medium,,"no open CCD school campus in this ZIP for this LEA; ZCTA∩LEA land from NCES EDGE GRF24; multi-LEA ZCTA; also Hall County Schools, Jackson County School System; census land≈1.02 sq mi (4% of LEA land in ZCTA); small land share in ZCTA — possible city/county edge",https://nces.ed.gov/programs/edge/Geographic/RelationshipFiles|https://nces.ed.gov/programs/edge/data/GRF24.zip,2026-09-07
30568,GA,Rabun County Schools,Rural NE Georgia,traditional,census_zcta_lea,medium,,no open CCD school campus in this ZIP for this LEA; ZCTA∩LEA land from NCES EDGE GRF24; census land≈30.57 sq mi in ZCTA,https://nces.ed.gov/programs/edge/Geographic/RelationshipFiles|https://nces.ed.gov/programs/edge/data/GRF24.zip,2026-09-07
30571,GA,White County School System,Rural NE Georgia,traditional,ccd_school_zip,high,1,,https://educationdata.urban.org/api/v1/school-districts/ccd/directory/|https://nces.ed.gov/ccd/,2026-09-07
30572,GA,Fannin County Schools,Rural North Georgia,traditional,census_zcta_lea,medium,,no open CCD school campus in this ZIP for this LEA; ZCTA∩LEA land from NCES EDGE GRF24; multi-LEA ZCTA; also Union County Schools; census land≈32.54 sq mi (30% of LEA land in ZCTA),https://nces.ed.gov/programs/edge/Geographic/RelationshipFiles|https://nces.ed.gov/programs/edge/data/GRF24.zip,2026-09-07
30572,GA,Union County Schools,Rural NE Georgia,traditional,ccd_school_zip,high,1,multi-LEA ZCTA; also Fannin County Schools; census land≈74.68 sq mi (70% of LEA land in ZCTA),https://educationdata.urban.org/api/v1/school-districts/ccd/directory/|https://nces.ed.gov/ccd/|https://nces.ed.gov/programs/edge/Geographic/RelationshipFiles|https://nces.ed.gov/programs/edge/data/GRF24.zip,2026-09-07
30573,GA,Rabun County Schools,Rural NE Georgia,traditional,census_zcta_lea,medium,,no open CCD school campus in this ZIP for this LEA; ZCTA∩LEA land from NCES EDGE GRF24; census land≈1.99 sq mi in ZCTA,https://nces.ed.gov/programs/edge/Geographic/RelationshipFiles|https://nces.ed.gov/programs/edge/data/GRF24.zip,2026-09-07
30575,GA,Hall County Schools,Gainesville,traditional,census_zcta_lea,medium,,no open CCD school campus in this ZIP for this LEA; ZCTA∩LEA land from NCES EDGE GRF24; multi-LEA ZCTA; also Jackson County School System; census land≈3.59 sq mi (32% of LEA land in ZCTA),https://nces.ed.gov/programs/edge/Geographic/RelationshipFiles|https://nces.ed.gov/programs/edge/data/GRF24.zip,2026-09-07
30575,GA,Jackson County School System,Jefferson,traditional,ccd_school_zip,high,1,multi-LEA ZCTA; also Hall County Schools; census land≈7.50 sq mi (68% of LEA land in ZCTA),https://educationdata.urban.org/api/v1/school-districts/ccd/directory/|https://nces.ed.gov/ccd/|https://nces.ed.gov/programs/edge/Geographic/RelationshipFiles|https://nces.ed.gov/programs/edge/data/GRF24.zip,2026-09-07
30576,GA,Rabun County Schools,Rural NE Georgia,traditional,ccd_school_zip,high,4,,https://educationdata.urban.org/api/v1/school-districts/ccd/directory/|https://nces.ed.gov/ccd/,2026-09-07
30577,GA,Banks County Schools,Rural NE Georgia,traditional,census_zcta_lea,medium,,"no open CCD school campus in this ZIP for this LEA; ZCTA∩LEA land from NCES EDGE GRF24; multi-LEA ZCTA; also Franklin County School System, Habersham County Schools, Stephens County School System; census land≈2.23 sq mi (1% of LEA land in ZCTA); small land share in ZCTA — possible city/county edge",https://nces.ed.gov/programs/edge/Geographic/RelationshipFiles|https://nces.ed.gov/programs/edge/data/GRF24.zip,2026-09-07
30577,GA,Franklin County School System,Rural NE Georgia,traditional,census_zcta_lea,medium,,"no open CCD school campus in this ZIP for this LEA; ZCTA∩LEA land from NCES EDGE GRF24; multi-LEA ZCTA; also Banks County Schools, Habersham County Schools, Stephens County School System; census land≈17.67 sq mi (11% of LEA land in ZCTA); small land share in ZCTA — possible city/county edge",https://nces.ed.gov/programs/edge/Geographic/RelationshipFiles|https://nces.ed.gov/programs/edge/data/GRF24.zip,2026-09-07
30577,GA,Habersham County Schools,Cornelia,traditional,census_zcta_lea,medium,,"no open CCD school campus in this ZIP for this LEA; ZCTA∩LEA land from NCES EDGE GRF24; multi-LEA ZCTA; also Banks County Schools, Franklin County School System, Stephens County School System; census land≈6.74 sq mi (4% of LEA land in ZCTA); small land share in ZCTA — possible city/county edge",https://nces.ed.gov/programs/edge/Geographic/RelationshipFiles|https://nces.ed.gov/programs/edge/data/GRF24.zip,2026-09-07
30577,GA,Stephens County School System,Toccoa,traditional,ccd_school_zip,high,5,"multi-LEA ZCTA; also Banks County Schools, Franklin County School System, Habersham County Schools; census land≈130.67 sq mi (83% of LEA land in ZCTA)",https://educationdata.urban.org/api/v1/school-districts/ccd/directory/|https://nces.ed.gov/ccd/|https://nces.ed.gov/programs/edge/Geographic/RelationshipFiles|https://nces.ed.gov/programs/edge/data/GRF24.zip,2026-09-07
30581,GA,Rabun County Schools,Rural NE Georgia,traditional,census_zcta_lea,medium,,no open CCD school campus in this ZIP for this LEA; ZCTA∩LEA land from NCES EDGE GRF24; census land≈0.28 sq mi in ZCTA; small land share in ZCTA — possible city/county edge,https://nces.ed.gov/programs/edge/Geographic/RelationshipFiles|https://nces.ed.gov/programs/edge/data/GRF24.zip,2026-09-07
30582,GA,Towns County Schools,Rural NE Georgia,traditional,census_zcta_lea,medium,,no open CCD school campus in this ZIP for this LEA; ZCTA∩LEA land from NCES EDGE GRF24; multi-LEA ZCTA; also Union County Schools; census land≈32.41 sq mi (62% of LEA land in ZCTA),https://nces.ed.gov/programs/edge/Geographic/RelationshipFiles|https://nces.ed.gov/programs/edge/data/GRF24.zip,2026-09-07
30582,GA,Union County Schools,Rural NE Georgia,traditional,census_zcta_lea,medium,,no open CCD school campus in this ZIP for this LEA; ZCTA∩LEA land from NCES EDGE GRF24; multi-LEA ZCTA; also Towns County Schools; census land≈19.46 sq mi (38% of LEA land in ZCTA),https://nces.ed.gov/programs/edge/Geographic/RelationshipFiles|https://nces.ed.gov/programs/edge/data/GRF24.zip,2026-09-07
30597,GA,Lumpkin County Schools,Atlanta,traditional,census_zcta_lea,medium,,no open CCD school campus in this ZIP for this LEA; ZCTA∩LEA land from NCES EDGE GRF24; census land≈0.14 sq mi in ZCTA; small land share in ZCTA — possible city/county edge,https://nces.ed.gov/programs/edge/Geographic/RelationshipFiles|https://nces.ed.gov/programs/edge/data/GRF24.zip,2026-09-07
30598,GA,Stephens County School System,Toccoa,traditional,census_zcta_lea,medium,,no open CCD school campus in this ZIP for this LEA; ZCTA∩LEA land from NCES EDGE GRF24; census land≈0.06 sq mi in ZCTA; small land share in ZCTA — possible city/county edge,https://nces.ed.gov/programs/edge/Geographic/RelationshipFiles|https://nces.ed.gov/programs/edge/data/GRF24.zip,2026-09-07
30601,GA,Clarke County Schools,Athens,traditional,ccd_school_zip,high,5,"multi-LEA ZCTA; also Jackson County School System, Madison County Schools; census land≈21.14 sq mi (90% of LEA land in ZCTA)",https://educationdata.urban.org/api/v1/school-districts/ccd/directory/|https://nces.ed.gov/ccd/|https://nces.ed.gov/programs/edge/Geographic/RelationshipFiles|https://nces.ed.gov/programs/edge/data/GRF24.zip,2026-09-07
30601,GA,Jackson County School System,Jefferson,traditional,census_zcta_lea,medium,,"no open CCD school campus in this ZIP for this LEA; ZCTA∩LEA land from NCES EDGE GRF24; multi-LEA ZCTA; also Clarke County Schools, Madison County Schools; census land≈0.84 sq mi (4% of LEA land in ZCTA); small land share in ZCTA — possible city/county edge",https://nces.ed.gov/programs/edge/Geographic/RelationshipFiles|https://nces.ed.gov/programs/edge/data/GRF24.zip,2026-09-07
30601,GA,Madison County Schools,Athens,traditional,census_zcta_lea,medium,,"no open CCD school campus in this ZIP for this LEA; ZCTA∩LEA land from NCES EDGE GRF24; multi-LEA ZCTA; also Clarke County Schools, Jackson County School System; census land≈1.40 sq mi (6% of LEA land in ZCTA); small land share in ZCTA — possible city/county edge",https://nces.ed.gov/programs/edge/Geographic/RelationshipFiles|https://nces.ed.gov/programs/edge/data/GRF24.zip,2026-09-07
30602,GA,Clarke County Schools,Athens,traditional,census_zcta_lea,medium,,no open CCD school campus in this ZIP for this LEA; ZCTA∩LEA land from NCES EDGE GRF24; census land≈0.60 sq mi in ZCTA; small land share in ZCTA — possible city/county edge,https://nces.ed.gov/programs/edge/Geographic/RelationshipFiles|https://nces.ed.gov/programs/edge/data/GRF24.zip,2026-09-07
30605,GA,Clarke County Schools,Athens,traditional,ccd_school_zip,high,7,multi-LEA ZCTA; also Oconee County Schools; census land≈36.31 sq mi (95% of LEA land in ZCTA),https://educationdata.urban.org/api/v1/school-districts/ccd/directory/|https://nces.ed.gov/ccd/|https://nces.ed.gov/programs/edge/Geographic/RelationshipFiles|https://nces.ed.gov/programs/edge/data/GRF24.zip,2026-09-07
30605,GA,Oconee County Schools,Athens,traditional,census_zcta_lea,medium,,no open CCD school campus in this ZIP for this LEA; ZCTA∩LEA land from NCES EDGE GRF24; multi-LEA ZCTA; also Clarke County Schools; census land≈1.90 sq mi (5% of LEA land in ZCTA); small land share in ZCTA — possible city/county edge,https://nces.ed.gov/programs/edge/Geographic/RelationshipFiles|https://nces.ed.gov/programs/edge/data/GRF24.zip,2026-09-07
30606,GA,Clarke County Schools,Athens,traditional,ccd_school_zip,high,7,multi-LEA ZCTA; also Oconee County Schools; census land≈22.61 sq mi (74% of LEA land in ZCTA),https://educationdata.urban.org/api/v1/school-districts/ccd/directory/|https://nces.ed.gov/ccd/|https://nces.ed.gov/programs/edge/Geographic/RelationshipFiles|https://nces.ed.gov/programs/edge/data/GRF24.zip,2026-09-07
30606,GA,Oconee County Schools,Athens,traditional,census_zcta_lea,medium,,no open CCD school campus in this ZIP for this LEA; ZCTA∩LEA land from NCES EDGE GRF24; multi-LEA ZCTA; also Clarke County Schools; census land≈8.10 sq mi (26% of LEA land in ZCTA),https://nces.ed.gov/programs/edge/Geographic/RelationshipFiles|https://nces.ed.gov/programs/edge/data/GRF24.zip,2026-09-07
30607,GA,Clarke County Schools,Athens,traditional,census_zcta_lea,medium,,no open CCD school campus in this ZIP for this LEA; ZCTA∩LEA land from NCES EDGE GRF24; multi-LEA ZCTA; also Jackson County School System; census land≈13.69 sq mi (37% of LEA land in ZCTA),https://nces.ed.gov/programs/edge/Geographic/RelationshipFiles|https://nces.ed.gov/programs/edge/data/GRF24.zip,2026-09-07
30607,GA,Jackson County School System,Jefferson,traditional,ccd_school_zip,high,1,multi-LEA ZCTA; also Clarke County Schools; census land≈23.48 sq mi (63% of LEA land in ZCTA),https://educationdata.urban.org/api/v1/school-districts/ccd/directory/|https://nces.ed.gov/ccd/|https://nces.ed.gov/programs/edge/Geographic/RelationshipFiles|https://nces.ed.gov/programs/edge/data/GRF24.zip,2026-09-07
30609,GA,Clarke County Schools,Athens,traditional,census_zcta_lea,medium,,no open CCD school campus in this ZIP for this LEA; ZCTA∩LEA land from NCES EDGE GRF24; census land≈0.38 sq mi in ZCTA; small land share in ZCTA — possible city/county edge,https://nces.ed.gov/programs/edge/Geographic/RelationshipFiles|https://nces.ed.gov/programs/edge/data/GRF24.zip,2026-09-07
30619,GA,Oconee County Schools,Athens,traditional,census_zcta_lea,medium,,no open CCD school campus in this ZIP for this LEA; ZCTA∩LEA land from NCES EDGE GRF24; multi-LEA ZCTA; also Oglethorpe County School System; census land≈0.95 sq mi (4% of LEA land in ZCTA); small land share in ZCTA — possible city/county edge,https://nces.ed.gov/programs/edge/Geographic/RelationshipFiles|https://nces.ed.gov/programs/edge/data/GRF24.zip,2026-09-07
30619,GA,Oglethorpe County School System,Athens,traditional,census_zcta_lea,medium,,no open CCD school campus in this ZIP for this LEA; ZCTA∩LEA land from NCES EDGE GRF24; multi-LEA ZCTA; also Oconee County Schools; census land≈25.28 sq mi (96% of LEA land in ZCTA),https://nces.ed.gov/programs/edge/Geographic/RelationshipFiles|https://nces.ed.gov/programs/edge/data/GRF24.zip,2026-09-07
30620,GA,Barrow County School System,Atlanta,traditional,ccd_school_zip,high,1,"multi-LEA ZCTA; also Gwinnett County Public Schools, Walton County School District; census land≈17.30 sq mi (78% of LEA land in ZCTA)",https://educationdata.urban.org/api/v1/school-districts/ccd/directory/|https://nces.ed.gov/ccd/|https://nces.ed.gov/programs/edge/Geographic/RelationshipFiles|https://nces.ed.gov/programs/edge/data/GRF24.zip,2026-09-07
30620,GA,Gwinnett County Public Schools,Atlanta,traditional,census_zcta_lea,medium,,"no open CCD school campus in this ZIP for this LEA; ZCTA∩LEA land from NCES EDGE GRF24; multi-LEA ZCTA; also Barrow County School System, Walton County School District; census land≈3.44 sq mi (15% of LEA land in ZCTA)",https://nces.ed.gov/programs/edge/Geographic/RelationshipFiles|https://nces.ed.gov/programs/edge/data/GRF24.zip,2026-09-07
30620,GA,Walton County School District,Atlanta,traditional,census_zcta_lea,medium,,"no open CCD school campus in this ZIP for this LEA; ZCTA∩LEA land from NCES EDGE GRF24; multi-LEA ZCTA; also Barrow County School System, Gwinnett County Public Schools; census land≈1.46 sq mi (7% of LEA land in ZCTA); small land share in ZCTA — possible city/county edge",https://nces.ed.gov/programs/edge/Geographic/RelationshipFiles|https://nces.ed.gov/programs/edge/data/GRF24.zip,2026-09-07
30621,GA,Morgan County Schools,Atlanta,traditional,census_zcta_lea,medium,,no open CCD school campus in this ZIP for this LEA; ZCTA∩LEA land from NCES EDGE GRF24; multi-LEA ZCTA; also Oconee County Schools; census land≈16.05 sq mi (35% of LEA land in ZCTA),https://nces.ed.gov/programs/edge/Geographic/RelationshipFiles|https://nces.ed.gov/programs/edge/data/GRF24.zip,2026-09-07
30621,GA,Oconee County Schools,Athens,traditional,ccd_school_zip,high,1,multi-LEA ZCTA; also Morgan County Schools; census land≈29.31 sq mi (65% of LEA land in ZCTA),https://educationdata.urban.org/api/v1/school-districts/ccd/directory/|https://nces.ed.gov/ccd/|https://nces.ed.gov/programs/edge/Geographic/RelationshipFiles|https://nces.ed.gov/programs/edge/data/GRF24.zip,2026-09-07
30622,GA,Barrow County School System,Atlanta,traditional,census_zcta_lea,low,,"no open CCD school campus in this ZIP for this LEA; ZCTA∩LEA land from NCES EDGE GRF24; multi-LEA ZCTA; also Clarke County Schools, Jackson County School System, Oconee County Schools; census land≈0.25 sq mi (1% of LEA land in ZCTA); tiny land sliver — boundary edge; verify before routing parents solely here",https://nces.ed.gov/programs/edge/Geographic/RelationshipFiles|https://nces.ed.gov/programs/edge/data/GRF24.zip,2026-09-07
30622,GA,Clarke County Schools,Athens,traditional,ccd_school_zip,high,1,"multi-LEA ZCTA; also Barrow County School System, Jackson County School System, Oconee County Schools; census land≈8.38 sq mi (23% of LEA land in ZCTA)",https://educationdata.urban.org/api/v1/school-districts/ccd/directory/|https://nces.ed.gov/ccd/|https://nces.ed.gov/programs/edge/Geographic/RelationshipFiles|https://nces.ed.gov/programs/edge/data/GRF24.zip,2026-09-07
30622,GA,Jackson County School System,Jefferson,traditional,census_zcta_lea,medium,,"no open CCD school campus in this ZIP for this LEA; ZCTA∩LEA land from NCES EDGE GRF24; multi-LEA ZCTA; also Barrow County School System, Clarke County Schools, Oconee County Schools; census land≈3.22 sq mi (9% of LEA land in ZCTA); small land share in ZCTA — possible city/county edge",https://nces.ed.gov/programs/edge/Geographic/RelationshipFiles|https://nces.ed.gov/programs/edge/data/GRF24.zip,2026-09-07
30622,GA,Oconee County Schools,Athens,traditional,ccd_school_zip,high,4,"multi-LEA ZCTA; also Barrow County School System, Clarke County Schools, Jackson County School System; census land≈25.15 sq mi (68% of LEA land in ZCTA)",https://educationdata.urban.org/api/v1/school-districts/ccd/directory/|https://nces.ed.gov/ccd/|https://nces.ed.gov/programs/edge/Geographic/RelationshipFiles|https://nces.ed.gov/programs/edge/data/GRF24.zip,2026-09-07
30623,GA,Morgan County Schools,Atlanta,traditional,census_zcta_lea,medium,,no open CCD school campus in this ZIP for this LEA; ZCTA∩LEA land from NCES EDGE GRF24; census land≈0.98 sq mi in ZCTA; small land share in ZCTA — possible city/county edge,https://nces.ed.gov/programs/edge/Geographic/RelationshipFiles|https://nces.ed.gov/programs/edge/data/GRF24.zip,2026-09-07
30624,GA,Elbert County School District,Rural East Georgia,traditional,census_zcta_lea,medium,,"no open CCD school campus in this ZIP for this LEA; ZCTA∩LEA land from NCES EDGE GRF24; multi-LEA ZCTA; also Hart County Charter System, Madison County Schools; census land≈37.69 sq mi (83% of LEA land in ZCTA)",https://nces.ed.gov/programs/edge/Geographic/RelationshipFiles|https://nces.ed.gov/programs/edge/data/GRF24.zip,2026-09-07
30624,GA,Hart County Charter System,Rural NE Georgia,traditional,census_zcta_lea,medium,,"no open CCD school campus in this ZIP for this LEA; ZCTA∩LEA land from NCES EDGE GRF24; multi-LEA ZCTA; also Elbert County School District, Madison County Schools; census land≈4.96 sq mi (11% of LEA land in ZCTA); small land share in ZCTA — possible city/county edge",https://nces.ed.gov/programs/edge/Geographic/RelationshipFiles|https://nces.ed.gov/programs/edge/data/GRF24.zip,2026-09-07
30624,GA,Madison County Schools,Athens,traditional,census_zcta_lea,medium,,"no open CCD school campus in this ZIP for this LEA; ZCTA∩LEA land from NCES EDGE GRF24; multi-LEA ZCTA; also Elbert County School District, Hart County Charter System; census land≈3.03 sq mi (7% of LEA land in ZCTA); small land share in ZCTA — possible city/county edge",https://nces.ed.gov/programs/edge/Geographic/RelationshipFiles|https://nces.ed.gov/programs/edge/data/GRF24.zip,2026-09-07
30625,GA,Morgan County Schools,Atlanta,traditional,census_zcta_lea,medium,,no open CCD school campus in this ZIP for this LEA; ZCTA∩LEA land from NCES EDGE GRF24; multi-LEA ZCTA; also Putnam County Schools; census land≈41.83 sq mi (88% of LEA land in ZCTA),https://nces.ed.gov/programs/edge/Geographic/RelationshipFiles|https://nces.ed.gov/programs/edge/data/GRF24.zip,2026-09-07
30625,GA,Putnam County Schools,Rural Middle Georgia,traditional,census_zcta_lea,medium,,no open CCD school campus in this ZIP for this LEA; ZCTA∩LEA land from NCES EDGE GRF24; multi-LEA ZCTA; also Morgan County Schools; census land≈5.61 sq mi (12% of LEA land in ZCTA); small land share in ZCTA — possible city/county edge,https://nces.ed.gov/programs/edge/Geographic/RelationshipFiles|https://nces.ed.gov/programs/edge/data/GRF24.zip,2026-09-07
30627,GA,Madison County Schools,Athens,traditional,census_zcta_lea,medium,,no open CCD school campus in this ZIP for this LEA; ZCTA∩LEA land from NCES EDGE GRF24; multi-LEA ZCTA; also Oglethorpe County School System; census land≈20.76 sq mi (18% of LEA land in ZCTA),https://nces.ed.gov/programs/edge/Geographic/RelationshipFiles|https://nces.ed.gov/programs/edge/data/GRF24.zip,2026-09-07
30627,GA,Oglethorpe County School System,Athens,traditional,census_zcta_lea,medium,,no open CCD school campus in this ZIP for this LEA; ZCTA∩LEA land from NCES EDGE GRF24; multi-LEA ZCTA; also Madison County Schools; census land≈97.22 sq mi (82% of LEA land in ZCTA),https://nces.ed.gov/programs/edge/Geographic/RelationshipFiles|https://nces.ed.gov/programs/edge/data/GRF24.zip,2026-09-07
30628,GA,Madison County Schools,Athens,traditional,ccd_school_zip,high,1,multi-LEA ZCTA; also Oglethorpe County School System; census land≈34.03 sq mi (70% of LEA land in ZCTA),https://educationdata.urban.org/api/v1/school-districts/ccd/directory/|https://nces.ed.gov/ccd/|https://nces.ed.gov/programs/edge/Geographic/RelationshipFiles|https://nces.ed.gov/programs/edge/data/GRF24.zip,2026-09-07
30628,GA,Oglethorpe County School System,Athens,traditional,census_zcta_lea,medium,,no open CCD school campus in this ZIP for this LEA; ZCTA∩LEA land from NCES EDGE GRF24; multi-LEA ZCTA; also Madison County Schools; census land≈14.55 sq mi (30% of LEA land in ZCTA),https://nces.ed.gov/programs/edge/Geographic/RelationshipFiles|https://nces.ed.gov/programs/edge/data/GRF24.zip,2026-09-07
30629,GA,Madison County Schools,Athens,traditional,ccd_school_zip,high,2,multi-LEA ZCTA; also Oglethorpe County School System; census land≈53.01 sq mi (71% of LEA land in ZCTA),https://educationdata.urban.org/api/v1/school-districts/ccd/directory/|https://nces.ed.gov/ccd/|https://nces.ed.gov/programs/edge/Geographic/RelationshipFiles|https://nces.ed.gov/programs/edge/data/GRF24.zip,2026-09-07
30629,GA,Oglethorpe County School System,Athens,traditional,census_zcta_lea,medium,,no open CCD school campus in this ZIP for this LEA; ZCTA∩LEA land from NCES EDGE GRF24; multi-LEA ZCTA; also Madison County Schools; census land≈21.40 sq mi (29% of LEA land in ZCTA),https://nces.ed.gov/programs/edge/Geographic/RelationshipFiles|https://nces.ed.gov/programs/edge/data/GRF24.zip,2026-09-07
30630,GA,Oglethorpe County School System,Athens,traditional,ccd_school_zip,high,1,,https://educationdata.urban.org/api/v1/school-districts/ccd/directory/|https://nces.ed.gov/ccd/,2026-09-07
30631,GA,Greene County Schools,Rural Middle Georgia,traditional,census_zcta_lea,medium,,"no open CCD school campus in this ZIP for this LEA; ZCTA∩LEA land from NCES EDGE GRF24; multi-LEA ZCTA; also Taliaferro County Schools, Wilkes County Schools; census land≈2.16 sq mi (1% of LEA land in ZCTA); small land share in ZCTA — possible city/county edge",https://nces.ed.gov/programs/edge/Geographic/RelationshipFiles|https://nces.ed.gov/programs/edge/data/GRF24.zip,2026-09-07
30631,GA,Taliaferro County Schools,Rural Middle Georgia,traditional,ccd_school_zip,high,1,"multi-LEA ZCTA; also Greene County Schools, Wilkes County Schools; census land≈173.89 sq mi (96% of LEA land in ZCTA)",https://educationdata.urban.org/api/v1/school-districts/ccd/directory/|https://nces.ed.gov/ccd/|https://nces.ed.gov/programs/edge/Geographic/RelationshipFiles|https://nces.ed.gov/programs/edge/data/GRF24.zip,2026-09-07
30631,GA,Wilkes County Schools,Rural East Georgia,traditional,census_zcta_lea,medium,,"no open CCD school campus in this ZIP for this LEA; ZCTA∩LEA land from NCES EDGE GRF24; multi-LEA ZCTA; also Greene County Schools, Taliaferro County Schools; census land≈5.37 sq mi (3% of LEA land in ZCTA); small land share in ZCTA — possible city/county edge",https://nces.ed.gov/programs/edge/Geographic/RelationshipFiles|https://nces.ed.gov/programs/edge/data/GRF24.zip,2026-09-07
30633,GA,Banks County Schools,Rural NE Georgia,traditional,census_zcta_lea,low,,"no open CCD school campus in this ZIP for this LEA; ZCTA∩LEA land from NCES EDGE GRF24; multi-LEA ZCTA; also Franklin County School System, Madison County Schools; census land≈0.29 sq mi (0% of LEA land in ZCTA); tiny land sliver — boundary edge; verify before routing parents solely here",https://nces.ed.gov/programs/edge/Geographic/RelationshipFiles|https://nces.ed.gov/programs/edge/data/GRF24.zip,2026-09-07
30633,GA,Franklin County School System,Rural NE Georgia,traditional,census_zcta_lea,medium,,"no open CCD school campus in this ZIP for this LEA; ZCTA∩LEA land from NCES EDGE GRF24; multi-LEA ZCTA; also Banks County Schools, Madison County Schools; census land≈1.82 sq mi (2% of LEA land in ZCTA); small land share in ZCTA — possible city/county edge",https://nces.ed.gov/programs/edge/Geographic/RelationshipFiles|https://nces.ed.gov/programs/edge/data/GRF24.zip,2026-09-07
30633,GA,Madison County Schools,Athens,traditional,ccd_school_zip,high,3,"multi-LEA ZCTA; also Banks County Schools, Franklin County School System; census land≈97.21 sq mi (98% of LEA land in ZCTA)",https://educationdata.urban.org/api/v1/school-districts/ccd/directory/|https://nces.ed.gov/ccd/|https://nces.ed.gov/programs/edge/Geographic/RelationshipFiles|https://nces.ed.gov/programs/edge/data/GRF24.zip,2026-09-07
30634,GA,Elbert County School District,Rural East Georgia,traditional,census_zcta_lea,medium,,no open CCD school campus in this ZIP for this LEA; ZCTA∩LEA land from NCES EDGE GRF24; multi-LEA ZCTA; also Hart County Charter System; census land≈35.44 sq mi (73% of LEA land in ZCTA),https://nces.ed.gov/programs/edge/Geographic/RelationshipFiles|https://nces.ed.gov/programs/edge/data/GRF24.zip,2026-09-07
30634,GA,Hart County Charter System,Rural NE Georgia,traditional,census_zcta_lea,medium,,no open CCD school campus in this ZIP for this LEA; ZCTA∩LEA land from NCES EDGE GRF24; multi-LEA ZCTA; also Elbert County School District; census land≈13.28 sq mi (27% of LEA land in ZCTA),https://nces.ed.gov/programs/edge/Geographic/RelationshipFiles|https://nces.ed.gov/programs/edge/data/GRF24.zip,2026-09-07
30635,GA,Elbert County School District,Rural East Georgia,traditional,ccd_school_zip,high,5,multi-LEA ZCTA; also Hart County Charter System; census land≈276.57 sq mi (99% of LEA land in ZCTA),https://educationdata.urban.org/api/v1/school-districts/ccd/directory/|https://nces.ed.gov/ccd/|https://nces.ed.gov/programs/edge/Geographic/RelationshipFiles|https://nces.ed.gov/programs/edge/data/GRF24.zip,2026-09-07
30635,GA,Hart County Charter System,Rural NE Georgia,traditional,census_zcta_lea,medium,,no open CCD school campus in this ZIP for this LEA; ZCTA∩LEA land from NCES EDGE GRF24; multi-LEA ZCTA; also Elbert County School District; census land≈4.01 sq mi (1% of LEA land in ZCTA); small land share in ZCTA — possible city/county edge,https://nces.ed.gov/programs/edge/Geographic/RelationshipFiles|https://nces.ed.gov/programs/edge/data/GRF24.zip,2026-09-07
30639,GA,Franklin County School System,Rural NE Georgia,traditional,census_zcta_lea,medium,,no open CCD school campus in this ZIP for this LEA; ZCTA∩LEA land from NCES EDGE GRF24; census land≈0.04 sq mi in ZCTA; small land share in ZCTA — possible city/county edge,https://nces.ed.gov/programs/edge/Geographic/RelationshipFiles|https://nces.ed.gov/programs/edge/data/GRF24.zip,2026-09-07
30641,GA,Morgan County Schools,Atlanta,traditional,census_zcta_lea,medium,,no open CCD school campus in this ZIP for this LEA; ZCTA∩LEA land from NCES EDGE GRF24; multi-LEA ZCTA; also Walton County School District; census land≈7.58 sq mi (23% of LEA land in ZCTA),https://nces.ed.gov/programs/edge/Geographic/RelationshipFiles|https://nces.ed.gov/programs/edge/data/GRF24.zip,2026-09-07
30641,GA,Walton County School District,Atlanta,traditional,census_zcta_lea,medium,,no open CCD school campus in this ZIP for this LEA; ZCTA∩LEA land from NCES EDGE GRF24; multi-LEA ZCTA; also Morgan County Schools; census land≈25.54 sq mi (77% of LEA land in ZCTA),https://nces.ed.gov/programs/edge/Geographic/RelationshipFiles|https://nces.ed.gov/programs/edge/data/GRF24.zip,2026-09-07
30642,GA,Greene County Schools,Rural Middle Georgia,traditional,ccd_school_zip,high,4,,https://educationdata.urban.org/api/v1/school-districts/ccd/directory/|https://nces.ed.gov/ccd/,2026-09-07
30643,GA,Hart County Charter System,Rural NE Georgia,traditional,ccd_school_zip,high,4,,https://educationdata.urban.org/api/v1/school-districts/ccd/directory/|https://nces.ed.gov/ccd/,2026-09-07
30646,GA,Clarke County Schools,Athens,traditional,census_zcta_lea,low,,"no open CCD school campus in this ZIP for this LEA; ZCTA∩LEA land from NCES EDGE GRF24; multi-LEA ZCTA; also Jackson County School System, Madison County Schools; census land≈0.16 sq mi (0% of LEA land in ZCTA); tiny land sliver — boundary edge; verify before routing parents solely here",https://nces.ed.gov/programs/edge/Geographic/RelationshipFiles|https://nces.ed.gov/programs/edge/data/GRF24.zip,2026-09-07
30646,GA,Jackson County School System,Jefferson,traditional,census_zcta_lea,low,,"no open CCD school campus in this ZIP for this LEA; ZCTA∩LEA land from NCES EDGE GRF24; multi-LEA ZCTA; also Clarke County Schools, Madison County Schools; census land≈0.15 sq mi (0% of LEA land in ZCTA); tiny land sliver — boundary edge; verify before routing parents solely here",https://nces.ed.gov/programs/edge/Geographic/RelationshipFiles|https://nces.ed.gov/programs/edge/data/GRF24.zip,2026-09-07
30646,GA,Madison County Schools,Athens,traditional,ccd_school_zip,high,1,"multi-LEA ZCTA; also Clarke County Schools, Jackson County School System; census land≈36.09 sq mi (99% of LEA land in ZCTA)",https://educationdata.urban.org/api/v1/school-districts/ccd/directory/|https://nces.ed.gov/ccd/|https://nces.ed.gov/programs/edge/Geographic/RelationshipFiles|https://nces.ed.gov/programs/edge/data/GRF24.zip,2026-09-07
30648,GA,Oglethorpe County School System,Athens,traditional,ccd_school_zip,high,3,,https://educationdata.urban.org/api/v1/school-districts/ccd/directory/|https://nces.ed.gov/ccd/,2026-09-07
30650,GA,Greene County Schools,Rural Middle Georgia,traditional,census_zcta_lea,medium,,"no open CCD school campus in this ZIP for this LEA; ZCTA∩LEA land from NCES EDGE GRF24; multi-LEA ZCTA; also Morgan County Schools, Putnam County Schools, Walton County School District; census land≈18.67 sq mi (8% of LEA land in ZCTA); small land share in ZCTA — possible city/county edge",https://nces.ed.gov/programs/edge/Geographic/RelationshipFiles|https://nces.ed.gov/programs/edge/data/GRF24.zip,2026-09-07
30650,GA,Morgan County Schools,Atlanta,traditional,ccd_school_zip,high,4,"multi-LEA ZCTA; also Greene County Schools, Putnam County Schools, Walton County School District; census land≈206.78 sq mi (90% of LEA land in ZCTA)",https://educationdata.urban.org/api/v1/school-districts/ccd/directory/|https://nces.ed.gov/ccd/|https://nces.ed.gov/programs/edge/Geographic/RelationshipFiles|https://nces.ed.gov/programs/edge/data/GRF24.zip,2026-09-07
30650,GA,Putnam County Schools,Rural Middle Georgia,traditional,census_zcta_lea,medium,,"no open CCD school campus in this ZIP for this LEA; ZCTA∩LEA land from NCES EDGE GRF24; multi-LEA ZCTA; also Greene County Schools, Morgan County Schools, Walton County School District; census land≈1.62 sq mi (1% of LEA land in ZCTA); small land share in ZCTA — possible city/county edge",https://nces.ed.gov/programs/edge/Geographic/RelationshipFiles|https://nces.ed.gov/programs/edge/data/GRF24.zip,2026-09-07
30650,GA,Walton County School District,Atlanta,traditional,census_zcta_lea,medium,,"no open CCD school campus in this ZIP for this LEA; ZCTA∩LEA land from NCES EDGE GRF24; multi-LEA ZCTA; also Greene County Schools, Morgan County Schools, Putnam County Schools; census land≈2.86 sq mi (1% of LEA land in ZCTA); small land share in ZCTA — possible city/county edge",https://nces.ed.gov/programs/edge/Geographic/RelationshipFiles|https://nces.ed.gov/programs/edge/data/GRF24.zip,2026-09-07
30655,GA,Walton County School District,Atlanta,traditional,ccd_school_zip,high,3,,https://educationdata.urban.org/api/v1/school-districts/ccd/directory/|https://nces.ed.gov/ccd/,2026-09-07
30656,GA,Barrow County School System,Atlanta,traditional,census_zcta_lea,medium,,no open CCD school campus in this ZIP for this LEA; ZCTA∩LEA land from NCES EDGE GRF24; multi-LEA ZCTA; also Walton County School District; census land≈2.45 sq mi (3% of LEA land in ZCTA); small land share in ZCTA — possible city/county edge,https://nces.ed.gov/programs/edge/Geographic/RelationshipFiles|https://nces.ed.gov/programs/edge/data/GRF24.zip,2026-09-07
30656,GA,Walton County School District,Atlanta,traditional,ccd_school_zip,high,3,multi-LEA ZCTA; also Barrow County School System; census land≈69.09 sq mi (97% of LEA land in ZCTA),https://educationdata.urban.org/api/v1/school-districts/ccd/directory/|https://nces.ed.gov/ccd/|https://nces.ed.gov/programs/edge/Geographic/RelationshipFiles|https://nces.ed.gov/programs/edge/data/GRF24.zip,2026-09-07
30660,GA,Oglethorpe County School System,Athens,traditional,census_zcta_lea,medium,,"no open CCD school campus in this ZIP for this LEA; ZCTA∩LEA land from NCES EDGE GRF24; multi-LEA ZCTA; also Taliaferro County Schools, Wilkes County Schools; census land≈36.11 sq mi (36% of LEA land in ZCTA)",https://nces.ed.gov/programs/edge/Geographic/RelationshipFiles|https://nces.ed.gov/programs/edge/data/GRF24.zip,2026-09-07
30660,GA,Taliaferro County Schools,Rural Middle Georgia,traditional,census_zcta_lea,medium,,"no open CCD school campus in this ZIP for this LEA; ZCTA∩LEA land from NCES EDGE GRF24; multi-LEA ZCTA; also Oglethorpe County School System, Wilkes County Schools; census land≈0.96 sq mi (1% of LEA land in ZCTA); small land share in ZCTA — possible city/county edge",https://nces.ed.gov/programs/edge/Geographic/RelationshipFiles|https://nces.ed.gov/programs/edge/data/GRF24.zip,2026-09-07
30660,GA,Wilkes County Schools,Rural East Georgia,traditional,census_zcta_lea,medium,,"no open CCD school campus in this ZIP for this LEA; ZCTA∩LEA land from NCES EDGE GRF24; multi-LEA ZCTA; also Oglethorpe County School System, Taliaferro County Schools; census land≈62.89 sq mi (63% of LEA land in ZCTA)",https://nces.ed.gov/programs/edge/Geographic/RelationshipFiles|https://nces.ed.gov/programs/edge/data/GRF24.zip,2026-09-07
30662,GA,Elbert County School District,Rural East Georgia,traditional,census_zcta_lea,medium,,"no open CCD school campus in this ZIP for this LEA; ZCTA∩LEA land from NCES EDGE GRF24; multi-LEA ZCTA; also Franklin County School System, Hart County Charter System, Madison County Schools; census land≈1.40 sq mi (2% of LEA land in ZCTA); small land share in ZCTA — possible city/county edge",https://nces.ed.gov/programs/edge/Geographic/RelationshipFiles|https://nces.ed.gov/programs/edge/data/GRF24.zip,2026-09-07
30662,GA,Franklin County School System,Rural NE Georgia,traditional,ccd_school_zip,high,1,"multi-LEA ZCTA; also Elbert County School District, Hart County Charter System, Madison County Schools; census land≈42.69 sq mi (51% of LEA land in ZCTA)",https://educationdata.urban.org/api/v1/school-districts/ccd/directory/|https://nces.ed.gov/ccd/|https://nces.ed.gov/programs/edge/Geographic/RelationshipFiles|https://nces.ed.gov/programs/edge/data/GRF24.zip,2026-09-07
30662,GA,Hart County Charter System,Rural NE Georgia,traditional,census_zcta_lea,medium,,"no open CCD school campus in this ZIP for this LEA; ZCTA∩LEA land from NCES EDGE GRF24; multi-LEA ZCTA; also Elbert County School District, Franklin County School System, Madison County Schools; census land≈21.06 sq mi (25% of LEA land in ZCTA)",https://nces.ed.gov/programs/edge/Geographic/RelationshipFiles|https://nces.ed.gov/programs/edge/data/GRF24.zip,2026-09-07
30662,GA,Madison County Schools,Athens,traditional,census_zcta_lea,medium,,"no open CCD school campus in this ZIP for this LEA; ZCTA∩LEA land from NCES EDGE GRF24; multi-LEA ZCTA; also Elbert County School District, Franklin County School System, Hart County Charter System; census land≈18.15 sq mi (22% of LEA land in ZCTA)",https://nces.ed.gov/programs/edge/Geographic/RelationshipFiles|https://nces.ed.gov/programs/edge/data/GRF24.zip,2026-09-07
30663,GA,Morgan County Schools,Atlanta,traditional,census_zcta_lea,medium,,no open CCD school campus in this ZIP for this LEA; ZCTA∩LEA land from NCES EDGE GRF24; census land≈50.31 sq mi in ZCTA,https://nces.ed.gov/programs/edge/Geographic/RelationshipFiles|https://nces.ed.gov/programs/edge/data/GRF24.zip,2026-09-07
30664,GA,Taliaferro County Schools,Rural Middle Georgia,traditional,census_zcta_lea,medium,,no open CCD school campus in this ZIP for this LEA; ZCTA∩LEA land from NCES EDGE GRF24; census land≈0.25 sq mi in ZCTA; small land share in ZCTA — possible city/county edge,https://nces.ed.gov/programs/edge/Geographic/RelationshipFiles|https://nces.ed.gov/programs/edge/data/GRF24.zip,2026-09-07
30665,GA,Greene County Schools,Rural Middle Georgia,traditional,census_zcta_lea,medium,,no open CCD school campus in this ZIP for this LEA; ZCTA∩LEA land from NCES EDGE GRF24; census land≈0.29 sq mi in ZCTA; small land share in ZCTA — possible city/county edge,https://nces.ed.gov/programs/edge/Geographic/RelationshipFiles|https://nces.ed.gov/programs/edge/data/GRF24.zip,2026-09-07
30666,GA,Barrow County School System,Atlanta,traditional,ccd_school_zip,high,2,"multi-LEA ZCTA; also Jackson County School System, Oconee County Schools; census land≈21.24 sq mi (60% of LEA land in ZCTA)",https://educationdata.urban.org/api/v1/school-districts/ccd/directory/|https://nces.ed.gov/ccd/|https://nces.ed.gov/programs/edge/Geographic/RelationshipFiles|https://nces.ed.gov/programs/edge/data/GRF24.zip,2026-09-07
30666,GA,Jackson County School System,Jefferson,traditional,census_zcta_lea,medium,,"no open CCD school campus in this ZIP for this LEA; ZCTA∩LEA land from NCES EDGE GRF24; multi-LEA ZCTA; also Barrow County School System, Oconee County Schools; census land≈3.48 sq mi (10% of LEA land in ZCTA); small land share in ZCTA — possible city/county edge",https://nces.ed.gov/programs/edge/Geographic/RelationshipFiles|https://nces.ed.gov/programs/edge/data/GRF24.zip,2026-09-07
30666,GA,Oconee County Schools,Athens,traditional,ccd_school_zip,high,1,"multi-LEA ZCTA; also Barrow County School System, Jackson County School System; census land≈10.90 sq mi (31% of LEA land in ZCTA)",https://educationdata.urban.org/api/v1/school-districts/ccd/directory/|https://nces.ed.gov/ccd/|https://nces.ed.gov/programs/edge/Geographic/RelationshipFiles|https://nces.ed.gov/programs/edge/data/GRF24.zip,2026-09-07
30667,GA,Oglethorpe County School System,Athens,traditional,census_zcta_lea,medium,,no open CCD school campus in this ZIP for this LEA; ZCTA∩LEA land from NCES EDGE GRF24; census land≈68.98 sq mi in ZCTA,https://nces.ed.gov/programs/edge/Geographic/RelationshipFiles|https://nces.ed.gov/programs/edge/data/GRF24.zip,2026-09-07
30668,GA,Lincoln County Schools,Augusta,traditional,census_zcta_lea,medium,,no open CCD school campus in this ZIP for this LEA; ZCTA∩LEA land from NCES EDGE GRF24; multi-LEA ZCTA; also Wilkes County Schools; census land≈22.91 sq mi (16% of LEA land in ZCTA),https://nces.ed.gov/programs/edge/Geographic/RelationshipFiles|https://nces.ed.gov/programs/edge/data/GRF24.zip,2026-09-07
30668,GA,Wilkes County Schools,Rural East Georgia,traditional,census_zcta_lea,medium,,no open CCD school campus in this ZIP for this LEA; ZCTA∩LEA land from NCES EDGE GRF24; multi-LEA ZCTA; also Lincoln County Schools; census land≈121.90 sq mi (84% of LEA land in ZCTA),https://nces.ed.gov/programs/edge/Geographic/RelationshipFiles|https://nces.ed.gov/programs/edge/data/GRF24.zip,2026-09-07
30669,GA,Greene County Schools,Rural Middle Georgia,traditional,ccd_school_zip,high,1,"multi-LEA ZCTA; also Oglethorpe County School System, Taliaferro County Schools; census land≈112.96 sq mi (77% of LEA land in ZCTA)",https://educationdata.urban.org/api/v1/school-districts/ccd/directory/|https://nces.ed.gov/ccd/|https://nces.ed.gov/programs/edge/Geographic/RelationshipFiles|https://nces.ed.gov/programs/edge/data/GRF24.zip,2026-09-07
30669,GA,Oglethorpe County School System,Athens,traditional,census_zcta_lea,medium,,"no open CCD school campus in this ZIP for this LEA; ZCTA∩LEA land from NCES EDGE GRF24; multi-LEA ZCTA; also Greene County Schools, Taliaferro County Schools; census land≈17.34 sq mi (12% of LEA land in ZCTA); small land share in ZCTA — possible city/county edge",https://nces.ed.gov/programs/edge/Geographic/RelationshipFiles|https://nces.ed.gov/programs/edge/data/GRF24.zip,2026-09-07
30669,GA,Taliaferro County Schools,Rural Middle Georgia,traditional,census_zcta_lea,medium,,"no open CCD school campus in this ZIP for this LEA; ZCTA∩LEA land from NCES EDGE GRF24; multi-LEA ZCTA; also Greene County Schools, Oglethorpe County School System; census land≈16.48 sq mi (11% of LEA land in ZCTA); small land share in ZCTA — possible city/county edge",https://nces.ed.gov/programs/edge/Geographic/RelationshipFiles|https://nces.ed.gov/programs/edge/data/GRF24.zip,2026-09-07
30673,GA,Wilkes County Schools,Rural East Georgia,traditional,ccd_school_zip,high,4,,https://educationdata.urban.org/api/v1/school-districts/ccd/directory/|https://nces.ed.gov/ccd/,2026-09-07
30677,GA,Greene County Schools,Rural Middle Georgia,traditional,census_zcta_lea,medium,,no open CCD school campus in this ZIP for this LEA; ZCTA∩LEA land from NCES EDGE GRF24; multi-LEA ZCTA; also Oconee County Schools; census land≈16.36 sq mi (13% of LEA land in ZCTA); small land share in ZCTA — possible city/county edge,https://nces.ed.gov/programs/edge/Geographic/RelationshipFiles|https://nces.ed.gov/programs/edge/data/GRF24.zip,2026-09-07
30677,GA,Oconee County Schools,Athens,traditional,ccd_school_zip,high,5,multi-LEA ZCTA; also Greene County Schools; census land≈105.88 sq mi (87% of LEA land in ZCTA),https://educationdata.urban.org/api/v1/school-districts/ccd/directory/|https://nces.ed.gov/ccd/|https://nces.ed.gov/programs/edge/Geographic/RelationshipFiles|https://nces.ed.gov/programs/edge/data/GRF24.zip,2026-09-07
30678,GA,Greene County Schools,Rural Middle Georgia,traditional,census_zcta_lea,medium,,"no open CCD school campus in this ZIP for this LEA; ZCTA∩LEA land from NCES EDGE GRF24; multi-LEA ZCTA; also Hancock County Schools, Taliaferro County Schools; census land≈53.16 sq mi (74% of LEA land in ZCTA)",https://nces.ed.gov/programs/edge/Geographic/RelationshipFiles|https://nces.ed.gov/programs/edge/data/GRF24.zip,2026-09-07
30678,GA,Hancock County Schools,Rural Middle Georgia,traditional,census_zcta_lea,medium,,"no open CCD school campus in this ZIP for this LEA; ZCTA∩LEA land from NCES EDGE GRF24; multi-LEA ZCTA; also Greene County Schools, Taliaferro County Schools; census land≈15.70 sq mi (22% of LEA land in ZCTA)",https://nces.ed.gov/programs/edge/Geographic/RelationshipFiles|https://nces.ed.gov/programs/edge/data/GRF24.zip,2026-09-07
30678,GA,Taliaferro County Schools,Rural Middle Georgia,traditional,census_zcta_lea,medium,,"no open CCD school campus in this ZIP for this LEA; ZCTA∩LEA land from NCES EDGE GRF24; multi-LEA ZCTA; also Greene County Schools, Hancock County Schools; census land≈3.03 sq mi (4% of LEA land in ZCTA); small land share in ZCTA — possible city/county edge",https://nces.ed.gov/programs/edge/Geographic/RelationshipFiles|https://nces.ed.gov/programs/edge/data/GRF24.zip,2026-09-07
30680,GA,Barrow County School System,Atlanta,traditional,ccd_school_zip,high,11,"multi-LEA ZCTA; also Jackson County School System, Oconee County Schools; census land≈89.81 sq mi (95% of LEA land in ZCTA)",https://educationdata.urban.org/api/v1/school-districts/ccd/directory/|https://nces.ed.gov/ccd/|https://nces.ed.gov/programs/edge/Geographic/RelationshipFiles|https://nces.ed.gov/programs/edge/data/GRF24.zip,2026-09-07
30680,GA,Jackson County School System,Jefferson,traditional,census_zcta_lea,medium,,"no open CCD school campus in this ZIP for this LEA; ZCTA∩LEA land from NCES EDGE GRF24; multi-LEA ZCTA; also Barrow County School System, Oconee County Schools; census land≈2.98 sq mi (3% of LEA land in ZCTA); small land share in ZCTA — possible city/county edge",https://nces.ed.gov/programs/edge/Geographic/RelationshipFiles|https://nces.ed.gov/programs/edge/data/GRF24.zip,2026-09-07
30680,GA,Oconee County Schools,Athens,traditional,census_zcta_lea,medium,,"no open CCD school campus in this ZIP for this LEA; ZCTA∩LEA land from NCES EDGE GRF24; multi-LEA ZCTA; also Barrow County School System, Jackson County School System; census land≈2.17 sq mi (2% of LEA land in ZCTA); small land share in ZCTA — possible city/county edge",https://nces.ed.gov/programs/edge/Geographic/RelationshipFiles|https://nces.ed.gov/programs/edge/data/GRF24.zip,2026-09-07
30683,GA,Clarke County Schools,Athens,traditional,ccd_school_zip,high,1,"multi-LEA ZCTA; also Madison County Schools, Oglethorpe County School System; census land≈16.04 sq mi (41% of LEA land in ZCTA)",https://educationdata.urban.org/api/v1/school-districts/ccd/directory/|https://nces.ed.gov/ccd/|https://nces.ed.gov/programs/edge/Geographic/RelationshipFiles|https://nces.ed.gov/programs/edge/data/GRF24.zip,2026-09-07
30683,GA,Madison County Schools,Athens,traditional,census_zcta_lea,medium,,"no open CCD school campus in this ZIP for this LEA; ZCTA∩LEA land from NCES EDGE GRF24; multi-LEA ZCTA; also Clarke County Schools, Oglethorpe County School System; census land≈0.55 sq mi (1% of LEA land in ZCTA); small land share in ZCTA — possible city/county edge",https://nces.ed.gov/programs/edge/Geographic/RelationshipFiles|https://nces.ed.gov/programs/edge/data/GRF24.zip,2026-09-07
30683,GA,Oglethorpe County School System,Athens,traditional,census_zcta_lea,medium,,"no open CCD school campus in this ZIP for this LEA; ZCTA∩LEA land from NCES EDGE GRF24; multi-LEA ZCTA; also Clarke County Schools, Madison County Schools; census land≈22.17 sq mi (57% of LEA land in ZCTA)",https://nces.ed.gov/programs/edge/Geographic/RelationshipFiles|https://nces.ed.gov/programs/edge/data/GRF24.zip,2026-09-07
30701,GA,Calhoun City Schools,Calhoun,traditional,ccd_school_zip,high,5,"multi-LEA ZCTA; also Floyd County Schools, Gordon County Schools; census land≈16.00 sq mi (11% of LEA land in ZCTA)",https://educationdata.urban.org/api/v1/school-districts/ccd/directory/|https://nces.ed.gov/ccd/|https://nces.ed.gov/programs/edge/Geographic/RelationshipFiles|https://nces.ed.gov/programs/edge/data/GRF24.zip,2026-09-07
30701,GA,Floyd County Schools,Rome,traditional,census_zcta_lea,medium,,"no open CCD school campus in this ZIP for this LEA; ZCTA∩LEA land from NCES EDGE GRF24; multi-LEA ZCTA; also Calhoun City Schools, Gordon County Schools; census land≈8.79 sq mi (6% of LEA land in ZCTA); small land share in ZCTA — possible city/county edge",https://nces.ed.gov/programs/edge/Geographic/RelationshipFiles|https://nces.ed.gov/programs/edge/data/GRF24.zip,2026-09-07
30701,GA,Gordon County Schools,Calhoun,traditional,ccd_school_zip,high,7,"multi-LEA ZCTA; also Calhoun City Schools, Floyd County Schools; census land≈126.98 sq mi (84% of LEA land in ZCTA)",https://educationdata.urban.org/api/v1/school-districts/ccd/directory/|https://nces.ed.gov/ccd/|https://nces.ed.gov/programs/edge/Geographic/RelationshipFiles|https://nces.ed.gov/programs/edge/data/GRF24.zip,2026-09-07
30705,GA,Murray County Schools,Dalton,traditional,ccd_school_zip,high,10,,https://educationdata.urban.org/api/v1/school-districts/ccd/directory/|https://nces.ed.gov/ccd/,2026-09-07
30707,GA,Catoosa County Schools,Chattanooga,traditional,census_zcta_lea,medium,,"no open CCD school campus in this ZIP for this LEA; ZCTA∩LEA land from NCES EDGE GRF24; multi-LEA ZCTA; also Chickamauga City Schools, Walker County Schools; census land≈4.85 sq mi (4% of LEA land in ZCTA); small land share in ZCTA — possible city/county edge",https://nces.ed.gov/programs/edge/Geographic/RelationshipFiles|https://nces.ed.gov/programs/edge/data/GRF24.zip,2026-09-07
30707,GA,Chickamauga City Schools,Chattanooga,traditional,ccd_school_zip,high,3,"multi-LEA ZCTA; also Catoosa County Schools, Walker County Schools; census land≈2.85 sq mi (2% of LEA land in ZCTA)",https://educationdata.urban.org/api/v1/school-districts/ccd/directory/|https://nces.ed.gov/ccd/|https://nces.ed.gov/programs/edge/Geographic/RelationshipFiles|https://nces.ed.gov/programs/edge/data/GRF24.zip,2026-09-07
30707,GA,Walker County Schools,Chattanooga,traditional,ccd_school_zip,high,1,"multi-LEA ZCTA; also Catoosa County Schools, Chickamauga City Schools; census land≈113.24 sq mi (94% of LEA land in ZCTA)",https://educationdata.urban.org/api/v1/school-districts/ccd/directory/|https://nces.ed.gov/ccd/|https://nces.ed.gov/programs/edge/Geographic/RelationshipFiles|https://nces.ed.gov/programs/edge/data/GRF24.zip,2026-09-07
30708,GA,Murray County Schools,Dalton,traditional,census_zcta_lea,medium,,no open CCD school campus in this ZIP for this LEA; ZCTA∩LEA land from NCES EDGE GRF24; census land≈35.04 sq mi in ZCTA,https://nces.ed.gov/programs/edge/Geographic/RelationshipFiles|https://nces.ed.gov/programs/edge/data/GRF24.zip,2026-09-07
30710,GA,Catoosa County Schools,Chattanooga,traditional,census_zcta_lea,low,,no open CCD school campus in this ZIP for this LEA; ZCTA∩LEA land from NCES EDGE GRF24; multi-LEA ZCTA; also Whitfield County Schools; census land≈0.10 sq mi (0% of LEA land in ZCTA); tiny land sliver — boundary edge; verify before routing parents solely here,https://nces.ed.gov/programs/edge/Geographic/RelationshipFiles|https://nces.ed.gov/programs/edge/data/GRF24.zip,2026-09-07
30710,GA,Whitfield County Schools,Dalton,traditional,ccd_school_zip,high,1,multi-LEA ZCTA; also Catoosa County Schools; census land≈46.64 sq mi (100% of LEA land in ZCTA),https://educationdata.urban.org/api/v1/school-districts/ccd/directory/|https://nces.ed.gov/ccd/|https://nces.ed.gov/programs/edge/Geographic/RelationshipFiles|https://nces.ed.gov/programs/edge/data/GRF24.zip,2026-09-07
30711,GA,Murray County Schools,Dalton,traditional,census_zcta_lea,medium,,no open CCD school campus in this ZIP for this LEA; ZCTA∩LEA land from NCES EDGE GRF24; census land≈49.14 sq mi in ZCTA,https://nces.ed.gov/programs/edge/Geographic/RelationshipFiles|https://nces.ed.gov/programs/edge/data/GRF24.zip,2026-09-07
30720,GA,Dalton Public Schools,Dalton,traditional,ccd_school_zip,high,4,multi-LEA ZCTA; also Whitfield County Schools; census land≈10.69 sq mi (22% of LEA land in ZCTA),https://educationdata.urban.org/api/v1/school-districts/ccd/directory/|https://nces.ed.gov/ccd/|https://nces.ed.gov/programs/edge/Geographic/RelationshipFiles|https://nces.ed.gov/programs/edge/data/GRF24.zip,2026-09-07
30720,GA,Whitfield County Schools,Dalton,traditional,ccd_school_zip,high,3,multi-LEA ZCTA; also Dalton Public Schools; census land≈37.98 sq mi (78% of LEA land in ZCTA),https://educationdata.urban.org/api/v1/school-districts/ccd/directory/|https://nces.ed.gov/ccd/|https://nces.ed.gov/programs/edge/Geographic/RelationshipFiles|https://nces.ed.gov/programs/edge/data/GRF24.zip,2026-09-07
30721,GA,Dalton Public Schools,Dalton,traditional,ccd_school_zip,high,6,"multi-LEA ZCTA; also Murray County Schools, Whitfield County Schools; census land≈9.13 sq mi (7% of LEA land in ZCTA)",https://educationdata.urban.org/api/v1/school-districts/ccd/directory/|https://nces.ed.gov/ccd/|https://nces.ed.gov/programs/edge/Geographic/RelationshipFiles|https://nces.ed.gov/programs/edge/data/GRF24.zip,2026-09-07
30721,GA,Murray County Schools,Dalton,traditional,census_zcta_lea,medium,,"no open CCD school campus in this ZIP for this LEA; ZCTA∩LEA land from NCES EDGE GRF24; multi-LEA ZCTA; also Dalton Public Schools, Whitfield County Schools; census land≈5.38 sq mi (4% of LEA land in ZCTA); small land share in ZCTA — possible city/county edge",https://nces.ed.gov/programs/edge/Geographic/RelationshipFiles|https://nces.ed.gov/programs/edge/data/GRF24.zip,2026-09-07
30721,GA,Whitfield County Schools,Dalton,traditional,ccd_school_zip,high,14,"multi-LEA ZCTA; also Dalton Public Schools, Murray County Schools; census land≈112.24 sq mi (89% of LEA land in ZCTA)",https://educationdata.urban.org/api/v1/school-districts/ccd/directory/|https://nces.ed.gov/ccd/|https://nces.ed.gov/programs/edge/Geographic/RelationshipFiles|https://nces.ed.gov/programs/edge/data/GRF24.zip,2026-09-07
30724,GA,Murray County Schools,Dalton,traditional,ccd_school_zip,high,1,,https://educationdata.urban.org/api/v1/school-districts/ccd/directory/|https://nces.ed.gov/ccd/,2026-09-07
30725,GA,Walker County Schools,Chattanooga,traditional,ccd_school_zip,high,2,,https://educationdata.urban.org/api/v1/school-districts/ccd/directory/|https://nces.ed.gov/ccd/,2026-09-07
30726,GA,Catoosa County Schools,Chattanooga,traditional,census_zcta_lea,medium,,no open CCD school campus in this ZIP for this LEA; ZCTA∩LEA land from NCES EDGE GRF24; census land≈0.07 sq mi in ZCTA; small land share in ZCTA — possible city/county edge,https://nces.ed.gov/programs/edge/Geographic/RelationshipFiles|https://nces.ed.gov/programs/edge/data/GRF24.zip,2026-09-07
30728,GA,Walker County Schools,Chattanooga,traditional,ccd_school_zip,high,5,,https://educationdata.urban.org/api/v1/school-districts/ccd/directory/|https://nces.ed.gov/ccd/,2026-09-07
30730,GA,Chattooga County Schools,Summerville,traditional,ccd_school_zip,high,1,,https://educationdata.urban.org/api/v1/school-districts/ccd/directory/|https://nces.ed.gov/ccd/,2026-09-07
30731,GA,Chattooga County Schools,Summerville,traditional,ccd_school_zip,high,1,"multi-LEA ZCTA; also Dade County Schools, Walker County Schools; census land≈45.32 sq mi (54% of LEA land in ZCTA)",https://educationdata.urban.org/api/v1/school-districts/ccd/directory/|https://nces.ed.gov/ccd/|https://nces.ed.gov/programs/edge/Geographic/RelationshipFiles|https://nces.ed.gov/programs/edge/data/GRF24.zip,2026-09-07
30731,GA,Dade County Schools,Chattanooga,traditional,census_zcta_lea,medium,,"no open CCD school campus in this ZIP for this LEA; ZCTA∩LEA land from NCES EDGE GRF24; multi-LEA ZCTA; also Chattooga County Schools, Walker County Schools; census land≈13.20 sq mi (16% of LEA land in ZCTA)",https://nces.ed.gov/programs/edge/Geographic/RelationshipFiles|https://nces.ed.gov/programs/edge/data/GRF24.zip,2026-09-07
30731,GA,Walker County Schools,Chattanooga,traditional,census_zcta_lea,medium,,"no open CCD school campus in this ZIP for this LEA; ZCTA∩LEA land from NCES EDGE GRF24; multi-LEA ZCTA; also Chattooga County Schools, Dade County Schools; census land≈24.83 sq mi (30% of LEA land in ZCTA)",https://nces.ed.gov/programs/edge/Geographic/RelationshipFiles|https://nces.ed.gov/programs/edge/data/GRF24.zip,2026-09-07
30733,GA,Floyd County Schools,Rome,traditional,census_zcta_lea,medium,,no open CCD school campus in this ZIP for this LEA; ZCTA∩LEA land from NCES EDGE GRF24; multi-LEA ZCTA; also Gordon County Schools; census land≈1.70 sq mi (11% of LEA land in ZCTA); small land share in ZCTA — possible city/county edge,https://nces.ed.gov/programs/edge/Geographic/RelationshipFiles|https://nces.ed.gov/programs/edge/data/GRF24.zip,2026-09-07
30733,GA,Gordon County Schools,Calhoun,traditional,ccd_school_zip,high,1,multi-LEA ZCTA; also Floyd County Schools; census land≈13.92 sq mi (89% of LEA land in ZCTA),https://educationdata.urban.org/api/v1/school-districts/ccd/directory/|https://nces.ed.gov/ccd/|https://nces.ed.gov/programs/edge/Geographic/RelationshipFiles|https://nces.ed.gov/programs/edge/data/GRF24.zip,2026-09-07
30734,GA,Gordon County Schools,Calhoun,traditional,census_zcta_lea,medium,,no open CCD school campus in this ZIP for this LEA; ZCTA∩LEA land from NCES EDGE GRF24; multi-LEA ZCTA; also Pickens County Schools; census land≈67.76 sq mi (88% of LEA land in ZCTA),https://nces.ed.gov/programs/edge/Geographic/RelationshipFiles|https://nces.ed.gov/programs/edge/data/GRF24.zip,2026-09-07
30734,GA,Pickens County Schools,Atlanta,traditional,census_zcta_lea,medium,,no open CCD school campus in this ZIP for this LEA; ZCTA∩LEA land from NCES EDGE GRF24; multi-LEA ZCTA; also Gordon County Schools; census land≈8.93 sq mi (12% of LEA land in ZCTA); small land share in ZCTA — possible city/county edge,https://nces.ed.gov/programs/edge/Geographic/RelationshipFiles|https://nces.ed.gov/programs/edge/data/GRF24.zip,2026-09-07
30735,GA,Gordon County Schools,Calhoun,traditional,ccd_school_zip,high,1,"multi-LEA ZCTA; also Murray County Schools, Whitfield County Schools; census land≈39.41 sq mi (72% of LEA land in ZCTA)",https://educationdata.urban.org/api/v1/school-districts/ccd/directory/|https://nces.ed.gov/ccd/|https://nces.ed.gov/programs/edge/Geographic/RelationshipFiles|https://nces.ed.gov/programs/edge/data/GRF24.zip,2026-09-07
30735,GA,Murray County Schools,Dalton,traditional,census_zcta_lea,medium,,"no open CCD school campus in this ZIP for this LEA; ZCTA∩LEA land from NCES EDGE GRF24; multi-LEA ZCTA; also Gordon County Schools, Whitfield County Schools; census land≈11.16 sq mi (20% of LEA land in ZCTA)",https://nces.ed.gov/programs/edge/Geographic/RelationshipFiles|https://nces.ed.gov/programs/edge/data/GRF24.zip,2026-09-07
30735,GA,Whitfield County Schools,Dalton,traditional,census_zcta_lea,medium,,"no open CCD school campus in this ZIP for this LEA; ZCTA∩LEA land from NCES EDGE GRF24; multi-LEA ZCTA; also Gordon County Schools, Murray County Schools; census land≈4.38 sq mi (8% of LEA land in ZCTA); small land share in ZCTA — possible city/county edge",https://nces.ed.gov/programs/edge/Geographic/RelationshipFiles|https://nces.ed.gov/programs/edge/data/GRF24.zip,2026-09-07
30736,GA,Catoosa County Schools,Chattanooga,traditional,ccd_school_zip,high,8,"multi-LEA ZCTA; also Walker County Schools, Whitfield County Schools; census land≈119.08 sq mi (96% of LEA land in ZCTA)",https://educationdata.urban.org/api/v1/school-districts/ccd/directory/|https://nces.ed.gov/ccd/|https://nces.ed.gov/programs/edge/Geographic/RelationshipFiles|https://nces.ed.gov/programs/edge/data/GRF24.zip,2026-09-07
30736,GA,Walker County Schools,Chattanooga,traditional,census_zcta_lea,medium,,"no open CCD school campus in this ZIP for this LEA; ZCTA∩LEA land from NCES EDGE GRF24; multi-LEA ZCTA; also Catoosa County Schools, Whitfield County Schools; census land≈1.65 sq mi (1% of LEA land in ZCTA); small land share in ZCTA — possible city/county edge",https://nces.ed.gov/programs/edge/Geographic/RelationshipFiles|https://nces.ed.gov/programs/edge/data/GRF24.zip,2026-09-07
30736,GA,Whitfield County Schools,Dalton,traditional,census_zcta_lea,medium,,"no open CCD school campus in this ZIP for this LEA; ZCTA∩LEA land from NCES EDGE GRF24; multi-LEA ZCTA; also Catoosa County Schools, Walker County Schools; census land≈3.92 sq mi (3% of LEA land in ZCTA); small land share in ZCTA — possible city/county edge",https://nces.ed.gov/programs/edge/Geographic/RelationshipFiles|https://nces.ed.gov/programs/edge/data/GRF24.zip,2026-09-07
30738,GA,Dade County Schools,Chattanooga,traditional,census_zcta_lea,medium,,no open CCD school campus in this ZIP for this LEA; ZCTA∩LEA land from NCES EDGE GRF24; multi-LEA ZCTA; also Walker County Schools; census land≈60.69 sq mi (68% of LEA land in ZCTA),https://nces.ed.gov/programs/edge/Geographic/RelationshipFiles|https://nces.ed.gov/programs/edge/data/GRF24.zip,2026-09-07
30738,GA,Walker County Schools,Chattanooga,traditional,census_zcta_lea,medium,,no open CCD school campus in this ZIP for this LEA; ZCTA∩LEA land from NCES EDGE GRF24; multi-LEA ZCTA; also Dade County Schools; census land≈28.14 sq mi (32% of LEA land in ZCTA),https://nces.ed.gov/programs/edge/Geographic/RelationshipFiles|https://nces.ed.gov/programs/edge/data/GRF24.zip,2026-09-07
30739,GA,Catoosa County Schools,Chattanooga,traditional,ccd_school_zip,high,1,multi-LEA ZCTA; also Walker County Schools; census land≈6.42 sq mi (25% of LEA land in ZCTA),https://educationdata.urban.org/api/v1/school-districts/ccd/directory/|https://nces.ed.gov/ccd/|https://nces.ed.gov/programs/edge/Geographic/RelationshipFiles|https://nces.ed.gov/programs/edge/data/GRF24.zip,2026-09-07
30739,GA,Walker County Schools,Chattanooga,traditional,ccd_school_zip,high,2,multi-LEA ZCTA; also Catoosa County Schools; census land≈19.13 sq mi (75% of LEA land in ZCTA),https://educationdata.urban.org/api/v1/school-districts/ccd/directory/|https://nces.ed.gov/ccd/|https://nces.ed.gov/programs/edge/Geographic/RelationshipFiles|https://nces.ed.gov/programs/edge/data/GRF24.zip,2026-09-07
30740,GA,Dalton Public Schools,Dalton,traditional,census_zcta_lea,medium,,"no open CCD school campus in this ZIP for this LEA; ZCTA∩LEA land from NCES EDGE GRF24; multi-LEA ZCTA; also Walker County Schools, Whitfield County Schools; census land≈1.44 sq mi (3% of LEA land in ZCTA); small land share in ZCTA — possible city/county edge",https://nces.ed.gov/programs/edge/Geographic/RelationshipFiles|https://nces.ed.gov/programs/edge/data/GRF24.zip,2026-09-07
30740,GA,Walker County Schools,Chattanooga,traditional,census_zcta_lea,medium,,"no open CCD school campus in this ZIP for this LEA; ZCTA∩LEA land from NCES EDGE GRF24; multi-LEA ZCTA; also Dalton Public Schools, Whitfield County Schools; census land≈4.04 sq mi (8% of LEA land in ZCTA); small land share in ZCTA — possible city/county edge",https://nces.ed.gov/programs/edge/Geographic/RelationshipFiles|https://nces.ed.gov/programs/edge/data/GRF24.zip,2026-09-07
30740,GA,Whitfield County Schools,Dalton,traditional,ccd_school_zip,high,2,"multi-LEA ZCTA; also Dalton Public Schools, Walker County Schools; census land≈44.67 sq mi (89% of LEA land in ZCTA)",https://educationdata.urban.org/api/v1/school-districts/ccd/directory/|https://nces.ed.gov/ccd/|https://nces.ed.gov/programs/edge/Geographic/RelationshipFiles|https://nces.ed.gov/programs/edge/data/GRF24.zip,2026-09-07
30741,GA,Catoosa County Schools,Chattanooga,traditional,ccd_school_zip,high,3,multi-LEA ZCTA; also Walker County Schools; census land≈6.87 sq mi (28% of LEA land in ZCTA),https://educationdata.urban.org/api/v1/school-districts/ccd/directory/|https://nces.ed.gov/ccd/|https://nces.ed.gov/programs/edge/Geographic/RelationshipFiles|https://nces.ed.gov/programs/edge/data/GRF24.zip,2026-09-07
30741,GA,Walker County Schools,Chattanooga,traditional,ccd_school_zip,high,4,multi-LEA ZCTA; also Catoosa County Schools; census land≈17.98 sq mi (72% of LEA land in ZCTA),https://educationdata.urban.org/api/v1/school-districts/ccd/directory/|https://nces.ed.gov/ccd/|https://nces.ed.gov/programs/edge/Geographic/RelationshipFiles|https://nces.ed.gov/programs/edge/data/GRF24.zip,2026-09-07
30742,GA,Catoosa County Schools,Chattanooga,traditional,ccd_school_zip,high,3,multi-LEA ZCTA; also Walker County Schools; census land≈7.24 sq mi (100% of LEA land in ZCTA),https://educationdata.urban.org/api/v1/school-districts/ccd/directory/|https://nces.ed.gov/ccd/|https://nces.ed.gov/programs/edge/Geographic/RelationshipFiles|https://nces.ed.gov/programs/edge/data/GRF24.zip,2026-09-07
30742,GA,Walker County Schools,Chattanooga,traditional,census_zcta_lea,low,,no open CCD school campus in this ZIP for this LEA; ZCTA∩LEA land from NCES EDGE GRF24; multi-LEA ZCTA; also Catoosa County Schools; census land≈0.01 sq mi (0% of LEA land in ZCTA); tiny land sliver — boundary edge; verify before routing parents solely here,https://nces.ed.gov/programs/edge/Geographic/RelationshipFiles|https://nces.ed.gov/programs/edge/data/GRF24.zip,2026-09-07
30746,GA,Gordon County Schools,Calhoun,traditional,census_zcta_lea,medium,,no open CCD school campus in this ZIP for this LEA; ZCTA∩LEA land from NCES EDGE GRF24; multi-LEA ZCTA; also Walker County Schools; census land≈17.97 sq mi (85% of LEA land in ZCTA),https://nces.ed.gov/programs/edge/Geographic/RelationshipFiles|https://nces.ed.gov/programs/edge/data/GRF24.zip,2026-09-07
30746,GA,Walker County Schools,Chattanooga,traditional,census_zcta_lea,medium,,no open CCD school campus in this ZIP for this LEA; ZCTA∩LEA land from NCES EDGE GRF24; multi-LEA ZCTA; also Gordon County Schools; census land≈3.27 sq mi (15% of LEA land in ZCTA),https://nces.ed.gov/programs/edge/Geographic/RelationshipFiles|https://nces.ed.gov/programs/edge/data/GRF24.zip,2026-09-07
30747,GA,Chattooga County Schools,Summerville,traditional,ccd_school_zip,high,3,multi-LEA ZCTA; also Walker County Schools; census land≈174.93 sq mi (91% of LEA land in ZCTA),https://educationdata.urban.org/api/v1/school-districts/ccd/directory/|https://nces.ed.gov/ccd/|https://nces.ed.gov/programs/edge/Geographic/RelationshipFiles|https://nces.ed.gov/programs/edge/data/GRF24.zip,2026-09-07
30747,GA,Walker County Schools,Chattanooga,traditional,census_zcta_lea,medium,,no open CCD school campus in this ZIP for this LEA; ZCTA∩LEA land from NCES EDGE GRF24; multi-LEA ZCTA; also Chattooga County Schools; census land≈18.17 sq mi (9% of LEA land in ZCTA); small land share in ZCTA — possible city/county edge,https://nces.ed.gov/programs/edge/Geographic/RelationshipFiles|https://nces.ed.gov/programs/edge/data/GRF24.zip,2026-09-07
30750,GA,Dade County Schools,Chattanooga,traditional,census_zcta_lea,medium,,no open CCD school campus in this ZIP for this LEA; ZCTA∩LEA land from NCES EDGE GRF24; multi-LEA ZCTA; also Walker County Schools; census land≈4.06 sq mi (36% of LEA land in ZCTA),https://nces.ed.gov/programs/edge/Geographic/RelationshipFiles|https://nces.ed.gov/programs/edge/data/GRF24.zip,2026-09-07
30750,GA,Walker County Schools,Chattanooga,traditional,ccd_school_zip,high,1,multi-LEA ZCTA; also Dade County Schools; census land≈7.06 sq mi (64% of LEA land in ZCTA),https://educationdata.urban.org/api/v1/school-districts/ccd/directory/|https://nces.ed.gov/ccd/|https://nces.ed.gov/programs/edge/Geographic/RelationshipFiles|https://nces.ed.gov/programs/edge/data/GRF24.zip,2026-09-07
30751,GA,Murray County Schools,Dalton,traditional,census_zcta_lea,medium,,no open CCD school campus in this ZIP for this LEA; ZCTA∩LEA land from NCES EDGE GRF24; census land≈0.57 sq mi in ZCTA; small land share in ZCTA — possible city/county edge,https://nces.ed.gov/programs/edge/Geographic/RelationshipFiles|https://nces.ed.gov/programs/edge/data/GRF24.zip,2026-09-07
30752,GA,Dade County Schools,Chattanooga,traditional,ccd_school_zip,high,4,,https://educationdata.urban.org/api/v1/school-districts/ccd/directory/|https://nces.ed.gov/ccd/,2026-09-07
30753,GA,Chattooga County Schools,Summerville,traditional,census_zcta_lea,medium,,"no open CCD school campus in this ZIP for this LEA; ZCTA∩LEA land from NCES EDGE GRF24; multi-LEA ZCTA; also Trion City Schools, Walker County Schools; census land≈20.79 sq mi (51% of LEA land in ZCTA)",https://nces.ed.gov/programs/edge/Geographic/RelationshipFiles|https://nces.ed.gov/programs/edge/data/GRF24.zip,2026-09-07
30753,GA,Trion City Schools,Summerville,traditional,ccd_school_zip,high,3,"multi-LEA ZCTA; also Chattooga County Schools, Walker County Schools; census land≈4.06 sq mi (10% of LEA land in ZCTA)",https://educationdata.urban.org/api/v1/school-districts/ccd/directory/|https://nces.ed.gov/ccd/|https://nces.ed.gov/programs/edge/Geographic/RelationshipFiles|https://nces.ed.gov/programs/edge/data/GRF24.zip,2026-09-07
30753,GA,Walker County Schools,Chattanooga,traditional,census_zcta_lea,medium,,"no open CCD school campus in this ZIP for this LEA; ZCTA∩LEA land from NCES EDGE GRF24; multi-LEA ZCTA; also Chattooga County Schools, Trion City Schools; census land≈16.01 sq mi (39% of LEA land in ZCTA)",https://nces.ed.gov/programs/edge/Geographic/RelationshipFiles|https://nces.ed.gov/programs/edge/data/GRF24.zip,2026-09-07
30755,GA,Catoosa County Schools,Chattanooga,traditional,ccd_school_zip,high,1,"multi-LEA ZCTA; also Dalton Public Schools, Whitfield County Schools; census land≈17.53 sq mi (48% of LEA land in ZCTA)",https://educationdata.urban.org/api/v1/school-districts/ccd/directory/|https://nces.ed.gov/ccd/|https://nces.ed.gov/programs/edge/Geographic/RelationshipFiles|https://nces.ed.gov/programs/edge/data/GRF24.zip,2026-09-07
30755,GA,Dalton Public Schools,Dalton,traditional,census_zcta_lea,low,,"no open CCD school campus in this ZIP for this LEA; ZCTA∩LEA land from NCES EDGE GRF24; multi-LEA ZCTA; also Catoosa County Schools, Whitfield County Schools; census land≈0.05 sq mi (0% of LEA land in ZCTA); tiny land sliver — boundary edge; verify before routing parents solely here",https://nces.ed.gov/programs/edge/Geographic/RelationshipFiles|https://nces.ed.gov/programs/edge/data/GRF24.zip,2026-09-07
30755,GA,Whitfield County Schools,Dalton,traditional,ccd_school_zip,high,2,"multi-LEA ZCTA; also Catoosa County Schools, Dalton Public Schools; census land≈19.25 sq mi (52% of LEA land in ZCTA)",https://educationdata.urban.org/api/v1/school-districts/ccd/directory/|https://nces.ed.gov/ccd/|https://nces.ed.gov/programs/edge/Geographic/RelationshipFiles|https://nces.ed.gov/programs/edge/data/GRF24.zip,2026-09-07
30756,GA,Whitfield County Schools,Dalton,traditional,census_zcta_lea,medium,,no open CCD school campus in this ZIP for this LEA; ZCTA∩LEA land from NCES EDGE GRF24; census land≈0.05 sq mi in ZCTA; small land share in ZCTA — possible city/county edge,https://nces.ed.gov/programs/edge/Geographic/RelationshipFiles|https://nces.ed.gov/programs/edge/data/GRF24.zip,2026-09-07
30757,GA,Dade County Schools,Chattanooga,traditional,census_zcta_lea,medium,,no open CCD school campus in this ZIP for this LEA; ZCTA∩LEA land from NCES EDGE GRF24; census land≈20.43 sq mi in ZCTA,https://nces.ed.gov/programs/edge/Geographic/RelationshipFiles|https://nces.ed.gov/programs/edge/data/GRF24.zip,2026-09-07
30802,GA,Columbia County School District,Augusta,traditional,ccd_school_zip,high,1,multi-LEA ZCTA; also McDuffie County School System; census land≈130.00 sq mi (98% of LEA land in ZCTA),https://educationdata.urban.org/api/v1/school-districts/ccd/directory/|https://nces.ed.gov/ccd/|https://nces.ed.gov/programs/edge/Geographic/RelationshipFiles|https://nces.ed.gov/programs/edge/data/GRF24.zip,2026-09-07
30802,GA,McDuffie County School System,Augusta,traditional,census_zcta_lea,medium,,no open CCD school campus in this ZIP for this LEA; ZCTA∩LEA land from NCES EDGE GRF24; multi-LEA ZCTA; also Columbia County School District; census land≈2.21 sq mi (2% of LEA land in ZCTA); small land share in ZCTA — possible city/county edge,https://nces.ed.gov/programs/edge/Geographic/RelationshipFiles|https://nces.ed.gov/programs/edge/data/GRF24.zip,2026-09-07
30803,GA,Glascock County School System,Rural Middle Georgia,traditional,census_zcta_lea,medium,,no open CCD school campus in this ZIP for this LEA; ZCTA∩LEA land from NCES EDGE GRF24; multi-LEA ZCTA; also Jefferson County Schools; census land≈0.55 sq mi (1% of LEA land in ZCTA); small land share in ZCTA — possible city/county edge,https://nces.ed.gov/programs/edge/Geographic/RelationshipFiles|https://nces.ed.gov/programs/edge/data/GRF24.zip,2026-09-07
30803,GA,Jefferson County Schools,Rural Middle Georgia,traditional,census_zcta_lea,medium,,no open CCD school campus in this ZIP for this LEA; ZCTA∩LEA land from NCES EDGE GRF24; multi-LEA ZCTA; also Glascock County School System; census land≈51.71 sq mi (99% of LEA land in ZCTA),https://nces.ed.gov/programs/edge/Geographic/RelationshipFiles|https://nces.ed.gov/programs/edge/data/GRF24.zip,2026-09-07
30805,GA,Burke County Public Schools,Augusta,traditional,census_zcta_lea,medium,,no open CCD school campus in this ZIP for this LEA; ZCTA∩LEA land from NCES EDGE GRF24; multi-LEA ZCTA; also Richmond County School System; census land≈16.39 sq mi (41% of LEA land in ZCTA),https://nces.ed.gov/programs/edge/Geographic/RelationshipFiles|https://nces.ed.gov/programs/edge/data/GRF24.zip,2026-09-07
30805,GA,Richmond County School System,Augusta,traditional,ccd_school_zip,high,1,multi-LEA ZCTA; also Burke County Public Schools; census land≈23.98 sq mi (59% of LEA land in ZCTA),https://educationdata.urban.org/api/v1/school-districts/ccd/directory/|https://nces.ed.gov/ccd/|https://nces.ed.gov/programs/edge/Geographic/RelationshipFiles|https://nces.ed.gov/programs/edge/data/GRF24.zip,2026-09-07
30807,GA,Warren County School System,Rural Middle Georgia,traditional,census_zcta_lea,medium,,no open CCD school campus in this ZIP for this LEA; ZCTA∩LEA land from NCES EDGE GRF24; census land≈0.39 sq mi in ZCTA; small land share in ZCTA — possible city/county edge,https://nces.ed.gov/programs/edge/Geographic/RelationshipFiles|https://nces.ed.gov/programs/edge/data/GRF24.zip,2026-09-07
30808,GA,McDuffie County School System,Augusta,traditional,ccd_school_zip,high,1,multi-LEA ZCTA; also Warren County School System; census land≈55.35 sq mi (98% of LEA land in ZCTA),https://educationdata.urban.org/api/v1/school-districts/ccd/directory/|https://nces.ed.gov/ccd/|https://nces.ed.gov/programs/edge/Geographic/RelationshipFiles|https://nces.ed.gov/programs/edge/data/GRF24.zip,2026-09-07
30808,GA,Warren County School System,Rural Middle Georgia,traditional,census_zcta_lea,medium,,no open CCD school campus in this ZIP for this LEA; ZCTA∩LEA land from NCES EDGE GRF24; multi-LEA ZCTA; also McDuffie County School System; census land≈0.91 sq mi (2% of LEA land in ZCTA); small land share in ZCTA — possible city/county edge,https://nces.ed.gov/programs/edge/Geographic/RelationshipFiles|https://nces.ed.gov/programs/edge/data/GRF24.zip,2026-09-07
30809,GA,Columbia County School District,Augusta,traditional,ccd_school_zip,high,14,multi-LEA zip; also SAIL - School for Arts-Infused Learning,https://educationdata.urban.org/api/v1/school-districts/ccd/directory/|https://nces.ed.gov/ccd/,2026-09-07
30809,GA,SAIL - School for Arts-Infused Learning,Augusta,charter,ccd_school_zip,high,1,charter campus ZIP (choice school; not an attendance-zone claim); multi-LEA zip; also Columbia County School District,https://educationdata.urban.org/api/v1/school-districts/ccd/directory/|https://nces.ed.gov/ccd/,2026-09-07
30810,GA,Glascock County School System,Rural Middle Georgia,traditional,ccd_school_zip,high,2,"multi-LEA ZCTA; also Jefferson County Schools, Warren County School System; census land≈75.91 sq mi (91% of LEA land in ZCTA)",https://educationdata.urban.org/api/v1/school-districts/ccd/directory/|https://nces.ed.gov/ccd/|https://nces.ed.gov/programs/edge/Geographic/RelationshipFiles|https://nces.ed.gov/programs/edge/data/GRF24.zip,2026-09-07
30810,GA,Jefferson County Schools,Rural Middle Georgia,traditional,census_zcta_lea,medium,,"no open CCD school campus in this ZIP for this LEA; ZCTA∩LEA land from NCES EDGE GRF24; multi-LEA ZCTA; also Glascock County School System, Warren County School System; census land≈3.85 sq mi (5% of LEA land in ZCTA); small land share in ZCTA — possible city/county edge",https://nces.ed.gov/programs/edge/Geographic/RelationshipFiles|https://nces.ed.gov/programs/edge/data/GRF24.zip,2026-09-07
30810,GA,Warren County School System,Rural Middle Georgia,traditional,census_zcta_lea,medium,,"no open CCD school campus in this ZIP for this LEA; ZCTA∩LEA land from NCES EDGE GRF24; multi-LEA ZCTA; also Glascock County School System, Jefferson County Schools; census land≈3.82 sq mi (5% of LEA land in ZCTA); small land share in ZCTA — possible city/county edge",https://nces.ed.gov/programs/edge/Geographic/RelationshipFiles|https://nces.ed.gov/programs/edge/data/GRF24.zip,2026-09-07
30812,GA,Richmond County School System,Augusta,traditional,census_zcta_lea,medium,,no open CCD school campus in this ZIP for this LEA; ZCTA∩LEA land from NCES EDGE GRF24; census land≈0.09 sq mi in ZCTA; small land share in ZCTA — possible city/county edge,https://nces.ed.gov/programs/edge/Geographic/RelationshipFiles|https://nces.ed.gov/programs/edge/data/GRF24.zip,2026-09-07
30813,GA,Columbia County School District,Augusta,traditional,ccd_school_zip,high,8,multi-LEA ZCTA; also Richmond County School System; census land≈48.04 sq mi (95% of LEA land in ZCTA),https://educationdata.urban.org/api/v1/school-districts/ccd/directory/|https://nces.ed.gov/ccd/|https://nces.ed.gov/programs/edge/Geographic/RelationshipFiles|https://nces.ed.gov/programs/edge/data/GRF24.zip,2026-09-07
30813,GA,Richmond County School System,Augusta,traditional,census_zcta_lea,medium,,no open CCD school campus in this ZIP for this LEA; ZCTA∩LEA land from NCES EDGE GRF24; multi-LEA ZCTA; also Columbia County School District; census land≈2.37 sq mi (5% of LEA land in ZCTA); small land share in ZCTA — possible city/county edge,https://nces.ed.gov/programs/edge/Geographic/RelationshipFiles|https://nces.ed.gov/programs/edge/data/GRF24.zip,2026-09-07
30814,GA,Columbia County School District,Augusta,traditional,ccd_school_zip,high,3,multi-LEA ZCTA; also McDuffie County School System; census land≈44.95 sq mi (84% of LEA land in ZCTA),https://educationdata.urban.org/api/v1/school-districts/ccd/directory/|https://nces.ed.gov/ccd/|https://nces.ed.gov/programs/edge/Geographic/RelationshipFiles|https://nces.ed.gov/programs/edge/data/GRF24.zip,2026-09-07
30814,GA,McDuffie County School System,Augusta,traditional,census_zcta_lea,medium,,no open CCD school campus in this ZIP for this LEA; ZCTA∩LEA land from NCES EDGE GRF24; multi-LEA ZCTA; also Columbia County School District; census land≈8.55 sq mi (16% of LEA land in ZCTA),https://nces.ed.gov/programs/edge/Geographic/RelationshipFiles|https://nces.ed.gov/programs/edge/data/GRF24.zip,2026-09-07
30815,GA,Burke County Public Schools,Augusta,traditional,census_zcta_lea,medium,,no open CCD school campus in this ZIP for this LEA; ZCTA∩LEA land from NCES EDGE GRF24; multi-LEA ZCTA; also Richmond County School System; census land≈35.55 sq mi (28% of LEA land in ZCTA),https://nces.ed.gov/programs/edge/Geographic/RelationshipFiles|https://nces.ed.gov/programs/edge/data/GRF24.zip,2026-09-07
30815,GA,Richmond County School System,Augusta,traditional,ccd_school_zip,high,9,multi-LEA ZCTA; also Burke County Public Schools; census land≈91.08 sq mi (72% of LEA land in ZCTA),https://educationdata.urban.org/api/v1/school-districts/ccd/directory/|https://nces.ed.gov/ccd/|https://nces.ed.gov/programs/edge/Geographic/RelationshipFiles|https://nces.ed.gov/programs/edge/data/GRF24.zip,2026-09-07
30815,GA,Georgia School for Innovation & the Classics,Augusta,charter,ccd_school_zip,high,1,"charter campus ZIP (choice school; not an attendance-zone claim); multi-LEA zip; also Burke County Public Schools, Richmond County School System",https://educationdata.urban.org/api/v1/school-districts/ccd/directory/|https://nces.ed.gov/ccd/,2026-09-07
30816,GA,Burke County Public Schools,Augusta,traditional,census_zcta_lea,medium,,no open CCD school campus in this ZIP for this LEA; ZCTA∩LEA land from NCES EDGE GRF24; multi-LEA ZCTA; also Jefferson County Schools; census land≈98.05 sq mi (86% of LEA land in ZCTA),https://nces.ed.gov/programs/edge/Geographic/RelationshipFiles|https://nces.ed.gov/programs/edge/data/GRF24.zip,2026-09-07
30816,GA,Jefferson County Schools,Rural Middle Georgia,traditional,census_zcta_lea,medium,,no open CCD school campus in this ZIP for this LEA; ZCTA∩LEA land from NCES EDGE GRF24; multi-LEA ZCTA; also Burke County Public Schools; census land≈15.34 sq mi (14% of LEA land in ZCTA); small land share in ZCTA — possible city/county edge,https://nces.ed.gov/programs/edge/Geographic/RelationshipFiles|https://nces.ed.gov/programs/edge/data/GRF24.zip,2026-09-07
30817,GA,Lincoln County Schools,Augusta,traditional,ccd_school_zip,high,3,multi-LEA ZCTA; also Wilkes County Schools; census land≈187.48 sq mi (98% of LEA land in ZCTA),https://educationdata.urban.org/api/v1/school-districts/ccd/directory/|https://nces.ed.gov/ccd/|https://nces.ed.gov/programs/edge/Geographic/RelationshipFiles|https://nces.ed.gov/programs/edge/data/GRF24.zip,2026-09-07
30817,GA,Wilkes County Schools,Rural East Georgia,traditional,census_zcta_lea,medium,,no open CCD school campus in this ZIP for this LEA; ZCTA∩LEA land from NCES EDGE GRF24; multi-LEA ZCTA; also Lincoln County Schools; census land≈3.77 sq mi (2% of LEA land in ZCTA); small land share in ZCTA — possible city/county edge,https://nces.ed.gov/programs/edge/Geographic/RelationshipFiles|https://nces.ed.gov/programs/edge/data/GRF24.zip,2026-09-07
30818,GA,Jefferson County Schools,Rural Middle Georgia,traditional,census_zcta_lea,medium,,no open CCD school campus in this ZIP for this LEA; ZCTA∩LEA land from NCES EDGE GRF24; census land≈30.09 sq mi in ZCTA,https://nces.ed.gov/programs/edge/Geographic/RelationshipFiles|https://nces.ed.gov/programs/edge/data/GRF24.zip,2026-09-07
30820,GA,Glascock County School System,Rural Middle Georgia,traditional,census_zcta_lea,medium,,"no open CCD school campus in this ZIP for this LEA; ZCTA∩LEA land from NCES EDGE GRF24; multi-LEA ZCTA; also Hancock County Schools, Warren County School System, Washington County Schools; census land≈50.50 sq mi (54% of LEA land in ZCTA)",https://nces.ed.gov/programs/edge/Geographic/RelationshipFiles|https://nces.ed.gov/programs/edge/data/GRF24.zip,2026-09-07
30820,GA,Hancock County Schools,Rural Middle Georgia,traditional,census_zcta_lea,medium,,"no open CCD school campus in this ZIP for this LEA; ZCTA∩LEA land from NCES EDGE GRF24; multi-LEA ZCTA; also Glascock County School System, Warren County School System, Washington County Schools; census land≈11.50 sq mi (12% of LEA land in ZCTA); small land share in ZCTA — possible city/county edge",https://nces.ed.gov/programs/edge/Geographic/RelationshipFiles|https://nces.ed.gov/programs/edge/data/GRF24.zip,2026-09-07
30820,GA,Warren County School System,Rural Middle Georgia,traditional,census_zcta_lea,medium,,"no open CCD school campus in this ZIP for this LEA; ZCTA∩LEA land from NCES EDGE GRF24; multi-LEA ZCTA; also Glascock County School System, Hancock County Schools, Washington County Schools; census land≈15.80 sq mi (17% of LEA land in ZCTA)",https://nces.ed.gov/programs/edge/Geographic/RelationshipFiles|https://nces.ed.gov/programs/edge/data/GRF24.zip,2026-09-07
30820,GA,Washington County Schools,Rural Middle Georgia,traditional,census_zcta_lea,medium,,"no open CCD school campus in this ZIP for this LEA; ZCTA∩LEA land from NCES EDGE GRF24; multi-LEA ZCTA; also Glascock County School System, Hancock County Schools, Warren County School System; census land≈15.01 sq mi (16% of LEA land in ZCTA)",https://nces.ed.gov/programs/edge/Geographic/RelationshipFiles|https://nces.ed.gov/programs/edge/data/GRF24.zip,2026-09-07
30821,GA,Warren County School System,Rural Middle Georgia,traditional,census_zcta_lea,medium,,no open CCD school campus in this ZIP for this LEA; ZCTA∩LEA land from NCES EDGE GRF24; census land≈111.10 sq mi in ZCTA,https://nces.ed.gov/programs/edge/Geographic/RelationshipFiles|https://nces.ed.gov/programs/edge/data/GRF24.zip,2026-09-07
30822,GA,Jenkins County School System,Rural Middle Georgia,traditional,census_zcta_lea,medium,,no open CCD school campus in this ZIP for this LEA; ZCTA∩LEA land from NCES EDGE GRF24; census land≈1.16 sq mi in ZCTA,https://nces.ed.gov/programs/edge/Geographic/RelationshipFiles|https://nces.ed.gov/programs/edge/data/GRF24.zip,2026-09-07
30823,GA,Glascock County School System,Rural Middle Georgia,traditional,census_zcta_lea,medium,,"no open CCD school campus in this ZIP for this LEA; ZCTA∩LEA land from NCES EDGE GRF24; multi-LEA ZCTA; also Jefferson County Schools, Warren County School System; census land≈11.66 sq mi (16% of LEA land in ZCTA)",https://nces.ed.gov/programs/edge/Geographic/RelationshipFiles|https://nces.ed.gov/programs/edge/data/GRF24.zip,2026-09-07
30823,GA,Jefferson County Schools,Rural Middle Georgia,traditional,ccd_school_zip,high,1,"multi-LEA ZCTA; also Glascock County School System, Warren County School System; census land≈42.46 sq mi (59% of LEA land in ZCTA)",https://educationdata.urban.org/api/v1/school-districts/ccd/directory/|https://nces.ed.gov/ccd/|https://nces.ed.gov/programs/edge/Geographic/RelationshipFiles|https://nces.ed.gov/programs/edge/data/GRF24.zip,2026-09-07
30823,GA,Warren County School System,Rural Middle Georgia,traditional,census_zcta_lea,medium,,"no open CCD school campus in this ZIP for this LEA; ZCTA∩LEA land from NCES EDGE GRF24; multi-LEA ZCTA; also Glascock County School System, Jefferson County Schools; census land≈17.60 sq mi (25% of LEA land in ZCTA)",https://nces.ed.gov/programs/edge/Geographic/RelationshipFiles|https://nces.ed.gov/programs/edge/data/GRF24.zip,2026-09-07
30824,GA,Columbia County School District,Augusta,traditional,census_zcta_lea,low,,"no open CCD school campus in this ZIP for this LEA; ZCTA∩LEA land from NCES EDGE GRF24; multi-LEA ZCTA; also McDuffie County School System, Warren County School System; census land≈0.34 sq mi (0% of LEA land in ZCTA); tiny land sliver — boundary edge; verify before routing parents solely here",https://nces.ed.gov/programs/edge/Geographic/RelationshipFiles|https://nces.ed.gov/programs/edge/data/GRF24.zip,2026-09-07
30824,GA,McDuffie County School System,Augusta,traditional,ccd_school_zip,high,5,"multi-LEA ZCTA; also Columbia County School District, Warren County School System; census land≈188.32 sq mi (98% of LEA land in ZCTA)",https://educationdata.urban.org/api/v1/school-districts/ccd/directory/|https://nces.ed.gov/ccd/|https://nces.ed.gov/programs/edge/Geographic/RelationshipFiles|https://nces.ed.gov/programs/edge/data/GRF24.zip,2026-09-07
30824,GA,Warren County School System,Rural Middle Georgia,traditional,census_zcta_lea,medium,,"no open CCD school campus in this ZIP for this LEA; ZCTA∩LEA land from NCES EDGE GRF24; multi-LEA ZCTA; also Columbia County School District, McDuffie County School System; census land≈3.00 sq mi (2% of LEA land in ZCTA); small land share in ZCTA — possible city/county edge",https://nces.ed.gov/programs/edge/Geographic/RelationshipFiles|https://nces.ed.gov/programs/edge/data/GRF24.zip,2026-09-07
30828,GA,Glascock County School System,Rural Middle Georgia,traditional,census_zcta_lea,medium,,no open CCD school campus in this ZIP for this LEA; ZCTA∩LEA land from NCES EDGE GRF24; multi-LEA ZCTA; also Warren County School System; census land≈5.13 sq mi (4% of LEA land in ZCTA); small land share in ZCTA — possible city/county edge,https://nces.ed.gov/programs/edge/Geographic/RelationshipFiles|https://nces.ed.gov/programs/edge/data/GRF24.zip,2026-09-07
30828,GA,Warren County School System,Rural Middle Georgia,traditional,ccd_school_zip,high,3,multi-LEA ZCTA; also Glascock County School System; census land≈129.59 sq mi (96% of LEA land in ZCTA),https://educationdata.urban.org/api/v1/school-districts/ccd/directory/|https://nces.ed.gov/ccd/|https://nces.ed.gov/programs/edge/Geographic/RelationshipFiles|https://nces.ed.gov/programs/edge/data/GRF24.zip,2026-09-07
30830,GA,Burke County Public Schools,Augusta,traditional,ccd_school_zip,high,4,,https://educationdata.urban.org/api/v1/school-districts/ccd/directory/|https://nces.ed.gov/ccd/,2026-09-07
30833,GA,Jefferson County Schools,Rural Middle Georgia,traditional,ccd_school_zip,high,1,,https://educationdata.urban.org/api/v1/school-districts/ccd/directory/|https://nces.ed.gov/ccd/,2026-09-07
30901,GA,Richmond County School System,Augusta,traditional,ccd_school_zip,high,9,,https://educationdata.urban.org/api/v1/school-districts/ccd/directory/|https://nces.ed.gov/ccd/,2026-09-07
30904,GA,Richmond County School System,Augusta,traditional,ccd_school_zip,high,4,,https://educationdata.urban.org/api/v1/school-districts/ccd/directory/|https://nces.ed.gov/ccd/,2026-09-07
30905,GA,Richmond County School System,Augusta,traditional,ccd_school_zip,high,1,,https://educationdata.urban.org/api/v1/school-districts/ccd/directory/|https://nces.ed.gov/ccd/,2026-09-07
30906,GA,Richmond County School System,Augusta,traditional,ccd_school_zip,high,15,,https://educationdata.urban.org/api/v1/school-districts/ccd/directory/|https://nces.ed.gov/ccd/,2026-09-07
30907,GA,Columbia County School District,Augusta,traditional,ccd_school_zip,high,4,multi-LEA ZCTA; also Richmond County School System; census land≈18.70 sq mi (78% of LEA land in ZCTA),https://educationdata.urban.org/api/v1/school-districts/ccd/directory/|https://nces.ed.gov/ccd/|https://nces.ed.gov/programs/edge/Geographic/RelationshipFiles|https://nces.ed.gov/programs/edge/data/GRF24.zip,2026-09-07
30907,GA,Richmond County School System,Augusta,traditional,ccd_school_zip,high,2,multi-LEA ZCTA; also Columbia County School District; census land≈5.42 sq mi (22% of LEA land in ZCTA),https://educationdata.urban.org/api/v1/school-districts/ccd/directory/|https://nces.ed.gov/ccd/|https://nces.ed.gov/programs/edge/Geographic/RelationshipFiles|https://nces.ed.gov/programs/edge/data/GRF24.zip,2026-09-07
30909,GA,Columbia County School District,Augusta,traditional,census_zcta_lea,low,,no open CCD school campus in this ZIP for this LEA; ZCTA∩LEA land from NCES EDGE GRF24; multi-LEA ZCTA; also Richmond County School System; census land≈0.39 sq mi (2% of LEA land in ZCTA); tiny land sliver — boundary edge; verify before routing parents solely here,https://nces.ed.gov/programs/edge/Geographic/RelationshipFiles|https://nces.ed.gov/programs/edge/data/GRF24.zip,2026-09-07
30909,GA,Richmond County School System,Augusta,traditional,ccd_school_zip,high,9,multi-LEA ZCTA; also Columbia County School District; census land≈25.10 sq mi (98% of LEA land in ZCTA),https://educationdata.urban.org/api/v1/school-districts/ccd/directory/|https://nces.ed.gov/ccd/|https://nces.ed.gov/programs/edge/Geographic/RelationshipFiles|https://nces.ed.gov/programs/edge/data/GRF24.zip,2026-09-07
30912,GA,Richmond County School System,Augusta,traditional,census_zcta_lea,medium,,no open CCD school campus in this ZIP for this LEA; ZCTA∩LEA land from NCES EDGE GRF24; census land≈0.07 sq mi in ZCTA; small land share in ZCTA — possible city/county edge,https://nces.ed.gov/programs/edge/Geographic/RelationshipFiles|https://nces.ed.gov/programs/edge/data/GRF24.zip,2026-09-07
31001,GA,Wilcox County Schools,Rural South Georgia,traditional,census_zcta_lea,medium,,no open CCD school campus in this ZIP for this LEA; ZCTA∩LEA land from NCES EDGE GRF24; census land≈174.05 sq mi in ZCTA,https://nces.ed.gov/programs/edge/Geographic/RelationshipFiles|https://nces.ed.gov/programs/edge/data/GRF24.zip,2026-09-07
31002,GA,Emanuel County Schools,Rural SE Georgia,traditional,census_zcta_lea,medium,,"no open CCD school campus in this ZIP for this LEA; ZCTA∩LEA land from NCES EDGE GRF24; multi-LEA ZCTA; also Johnson County Schools, Laurens County Schools, Treutlen County Schools; census land≈57.66 sq mi (45% of LEA land in ZCTA)",https://nces.ed.gov/programs/edge/Geographic/RelationshipFiles|https://nces.ed.gov/programs/edge/data/GRF24.zip,2026-09-07
31002,GA,Johnson County Schools,Dublin,traditional,census_zcta_lea,medium,,"no open CCD school campus in this ZIP for this LEA; ZCTA∩LEA land from NCES EDGE GRF24; multi-LEA ZCTA; also Emanuel County Schools, Laurens County Schools, Treutlen County Schools; census land≈27.28 sq mi (21% of LEA land in ZCTA)",https://nces.ed.gov/programs/edge/Geographic/RelationshipFiles|https://nces.ed.gov/programs/edge/data/GRF24.zip,2026-09-07
31002,GA,Laurens County Schools,Dublin,traditional,census_zcta_lea,medium,,"no open CCD school campus in this ZIP for this LEA; ZCTA∩LEA land from NCES EDGE GRF24; multi-LEA ZCTA; also Emanuel County Schools, Johnson County Schools, Treutlen County Schools; census land≈27.84 sq mi (22% of LEA land in ZCTA)",https://nces.ed.gov/programs/edge/Geographic/RelationshipFiles|https://nces.ed.gov/programs/edge/data/GRF24.zip,2026-09-07
31002,GA,Treutlen County Schools,Rural Middle Georgia,traditional,census_zcta_lea,medium,,"no open CCD school campus in this ZIP for this LEA; ZCTA∩LEA land from NCES EDGE GRF24; multi-LEA ZCTA; also Emanuel County Schools, Johnson County Schools, Laurens County Schools; census land≈14.80 sq mi (12% of LEA land in ZCTA); small land share in ZCTA — possible city/county edge",https://nces.ed.gov/programs/edge/Geographic/RelationshipFiles|https://nces.ed.gov/programs/edge/data/GRF24.zip,2026-09-07
31003,GA,Wilkinson County Schools,Rural Middle Georgia,traditional,census_zcta_lea,medium,,no open CCD school campus in this ZIP for this LEA; ZCTA∩LEA land from NCES EDGE GRF24; census land≈1.61 sq mi in ZCTA,https://nces.ed.gov/programs/edge/Geographic/RelationshipFiles|https://nces.ed.gov/programs/edge/data/GRF24.zip,2026-09-07
31004,GA,Monroe County Schools,Macon,traditional,census_zcta_lea,medium,,no open CCD school campus in this ZIP for this LEA; ZCTA∩LEA land from NCES EDGE GRF24; census land≈0.08 sq mi in ZCTA; small land share in ZCTA — possible city/county edge,https://nces.ed.gov/programs/edge/Geographic/RelationshipFiles|https://nces.ed.gov/programs/edge/data/GRF24.zip,2026-09-07
31005,GA,Houston County Schools,Warner Robins,traditional,ccd_school_zip,high,4,,https://educationdata.urban.org/api/v1/school-districts/ccd/directory/|https://nces.ed.gov/ccd/,2026-09-07
31006,GA,Taylor County Schools,Rural Middle Georgia,traditional,ccd_school_zip,high,4,,https://educationdata.urban.org/api/v1/school-districts/ccd/directory/|https://nces.ed.gov/ccd/,2026-09-07
31007,GA,Dooly County Schools,Rural Middle Georgia,traditional,census_zcta_lea,medium,,no open CCD school campus in this ZIP for this LEA; ZCTA∩LEA land from NCES EDGE GRF24; census land≈67.23 sq mi in ZCTA,https://nces.ed.gov/programs/edge/Geographic/RelationshipFiles|https://nces.ed.gov/programs/edge/data/GRF24.zip,2026-09-07
31008,GA,Crawford County Schools,Macon,traditional,census_zcta_lea,medium,,"no open CCD school campus in this ZIP for this LEA; ZCTA∩LEA land from NCES EDGE GRF24; multi-LEA ZCTA; also Houston County Schools, Peach County Schools; census land≈24.32 sq mi (34% of LEA land in ZCTA)",https://nces.ed.gov/programs/edge/Geographic/RelationshipFiles|https://nces.ed.gov/programs/edge/data/GRF24.zip,2026-09-07
31008,GA,Houston County Schools,Warner Robins,traditional,ccd_school_zip,high,1,"multi-LEA ZCTA; also Crawford County Schools, Peach County Schools; census land≈2.70 sq mi (4% of LEA land in ZCTA)",https://educationdata.urban.org/api/v1/school-districts/ccd/directory/|https://nces.ed.gov/ccd/|https://nces.ed.gov/programs/edge/Geographic/RelationshipFiles|https://nces.ed.gov/programs/edge/data/GRF24.zip,2026-09-07
31008,GA,Peach County Schools,Warner Robins,traditional,ccd_school_zip,high,3,"multi-LEA ZCTA; also Crawford County Schools, Houston County Schools; census land≈44.07 sq mi (62% of LEA land in ZCTA)",https://educationdata.urban.org/api/v1/school-districts/ccd/directory/|https://nces.ed.gov/ccd/|https://nces.ed.gov/programs/edge/Geographic/RelationshipFiles|https://nces.ed.gov/programs/edge/data/GRF24.zip,2026-09-07
31009,GA,Laurens County Schools,Dublin,traditional,census_zcta_lea,medium,,no open CCD school campus in this ZIP for this LEA; ZCTA∩LEA land from NCES EDGE GRF24; census land≈76.59 sq mi in ZCTA,https://nces.ed.gov/programs/edge/Geographic/RelationshipFiles|https://nces.ed.gov/programs/edge/data/GRF24.zip,2026-09-07
31011,GA,Dodge County Schools,Rural Middle Georgia,traditional,census_zcta_lea,medium,,no open CCD school campus in this ZIP for this LEA; ZCTA∩LEA land from NCES EDGE GRF24; multi-LEA ZCTA; also Laurens County Schools; census land≈51.77 sq mi (96% of LEA land in ZCTA),https://nces.ed.gov/programs/edge/Geographic/RelationshipFiles|https://nces.ed.gov/programs/edge/data/GRF24.zip,2026-09-07
31011,GA,Laurens County Schools,Dublin,traditional,census_zcta_lea,medium,,no open CCD school campus in this ZIP for this LEA; ZCTA∩LEA land from NCES EDGE GRF24; multi-LEA ZCTA; also Dodge County Schools; census land≈2.11 sq mi (4% of LEA land in ZCTA); small land share in ZCTA — possible city/county edge,https://nces.ed.gov/programs/edge/Geographic/RelationshipFiles|https://nces.ed.gov/programs/edge/data/GRF24.zip,2026-09-07
31012,GA,Bleckley County Schools,Rural Middle Georgia,traditional,census_zcta_lea,medium,,"no open CCD school campus in this ZIP for this LEA; ZCTA∩LEA land from NCES EDGE GRF24; multi-LEA ZCTA; also Dodge County Schools, Laurens County Schools; census land≈12.49 sq mi (23% of LEA land in ZCTA)",https://nces.ed.gov/programs/edge/Geographic/RelationshipFiles|https://nces.ed.gov/programs/edge/data/GRF24.zip,2026-09-07
31012,GA,Dodge County Schools,Rural Middle Georgia,traditional,census_zcta_lea,medium,,"no open CCD school campus in this ZIP for this LEA; ZCTA∩LEA land from NCES EDGE GRF24; multi-LEA ZCTA; also Bleckley County Schools, Laurens County Schools; census land≈40.95 sq mi (75% of LEA land in ZCTA)",https://nces.ed.gov/programs/edge/Geographic/RelationshipFiles|https://nces.ed.gov/programs/edge/data/GRF24.zip,2026-09-07
31012,GA,Laurens County Schools,Dublin,traditional,census_zcta_lea,medium,,"no open CCD school campus in this ZIP for this LEA; ZCTA∩LEA land from NCES EDGE GRF24; multi-LEA ZCTA; also Bleckley County Schools, Dodge County Schools; census land≈1.46 sq mi (3% of LEA land in ZCTA); small land share in ZCTA — possible city/county edge",https://nces.ed.gov/programs/edge/Geographic/RelationshipFiles|https://nces.ed.gov/programs/edge/data/GRF24.zip,2026-09-07
31014,GA,Bleckley County Schools,Rural Middle Georgia,traditional,ccd_school_zip,high,5,"multi-LEA ZCTA; also Dodge County Schools, Pulaski County Schools, Twiggs County Schools; census land≈160.63 sq mi (77% of LEA land in ZCTA)",https://educationdata.urban.org/api/v1/school-districts/ccd/directory/|https://nces.ed.gov/ccd/|https://nces.ed.gov/programs/edge/Geographic/RelationshipFiles|https://nces.ed.gov/programs/edge/data/GRF24.zip,2026-09-07
31014,GA,Dodge County Schools,Rural Middle Georgia,traditional,census_zcta_lea,medium,,"no open CCD school campus in this ZIP for this LEA; ZCTA∩LEA land from NCES EDGE GRF24; multi-LEA ZCTA; also Bleckley County Schools, Pulaski County Schools, Twiggs County Schools; census land≈29.58 sq mi (14% of LEA land in ZCTA); small land share in ZCTA — possible city/county edge",https://nces.ed.gov/programs/edge/Geographic/RelationshipFiles|https://nces.ed.gov/programs/edge/data/GRF24.zip,2026-09-07
31014,GA,Pulaski County Schools,Rural Middle Georgia,traditional,census_zcta_lea,medium,,"no open CCD school campus in this ZIP for this LEA; ZCTA∩LEA land from NCES EDGE GRF24; multi-LEA ZCTA; also Bleckley County Schools, Dodge County Schools, Twiggs County Schools; census land≈0.67 sq mi (0% of LEA land in ZCTA); small land share in ZCTA — possible city/county edge",https://nces.ed.gov/programs/edge/Geographic/RelationshipFiles|https://nces.ed.gov/programs/edge/data/GRF24.zip,2026-09-07
31014,GA,Twiggs County Schools,Macon,traditional,census_zcta_lea,medium,,"no open CCD school campus in this ZIP for this LEA; ZCTA∩LEA land from NCES EDGE GRF24; multi-LEA ZCTA; also Bleckley County Schools, Dodge County Schools, Pulaski County Schools; census land≈17.85 sq mi (9% of LEA land in ZCTA); small land share in ZCTA — possible city/county edge",https://nces.ed.gov/programs/edge/Geographic/RelationshipFiles|https://nces.ed.gov/programs/edge/data/GRF24.zip,2026-09-07
31015,GA,Crisp County Schools,Cordele,traditional,ccd_school_zip,high,5,"multi-LEA ZCTA; also Dooly County Schools, Wilcox County Schools; census land≈205.96 sq mi (96% of LEA land in ZCTA)",https://educationdata.urban.org/api/v1/school-districts/ccd/directory/|https://nces.ed.gov/ccd/|https://nces.ed.gov/programs/edge/Geographic/RelationshipFiles|https://nces.ed.gov/programs/edge/data/GRF24.zip,2026-09-07
31015,GA,Dooly County Schools,Rural Middle Georgia,traditional,census_zcta_lea,medium,,"no open CCD school campus in this ZIP for this LEA; ZCTA∩LEA land from NCES EDGE GRF24; multi-LEA ZCTA; also Crisp County Schools, Wilcox County Schools; census land≈1.13 sq mi (1% of LEA land in ZCTA); small land share in ZCTA — possible city/county edge",https://nces.ed.gov/programs/edge/Geographic/RelationshipFiles|https://nces.ed.gov/programs/edge/data/GRF24.zip,2026-09-07
31015,GA,Wilcox County Schools,Rural South Georgia,traditional,census_zcta_lea,medium,,"no open CCD school campus in this ZIP for this LEA; ZCTA∩LEA land from NCES EDGE GRF24; multi-LEA ZCTA; also Crisp County Schools, Dooly County Schools; census land≈6.52 sq mi (3% of LEA land in ZCTA); small land share in ZCTA — possible city/county edge",https://nces.ed.gov/programs/edge/Geographic/RelationshipFiles|https://nces.ed.gov/programs/edge/data/GRF24.zip,2026-09-07
31016,GA,Crawford County Schools,Macon,traditional,census_zcta_lea,medium,,"no open CCD school campus in this ZIP for this LEA; ZCTA∩LEA land from NCES EDGE GRF24; multi-LEA ZCTA; also Lamar County Schools, Monroe County Schools, Thomaston-Upson County Schools; census land≈18.50 sq mi (18% of LEA land in ZCTA)",https://nces.ed.gov/programs/edge/Geographic/RelationshipFiles|https://nces.ed.gov/programs/edge/data/GRF24.zip,2026-09-07
31016,GA,Lamar County Schools,Rural Middle Georgia,traditional,census_zcta_lea,medium,,"no open CCD school campus in this ZIP for this LEA; ZCTA∩LEA land from NCES EDGE GRF24; multi-LEA ZCTA; also Crawford County Schools, Monroe County Schools, Thomaston-Upson County Schools; census land≈4.95 sq mi (5% of LEA land in ZCTA); small land share in ZCTA — possible city/county edge",https://nces.ed.gov/programs/edge/Geographic/RelationshipFiles|https://nces.ed.gov/programs/edge/data/GRF24.zip,2026-09-07
31016,GA,Monroe County Schools,Macon,traditional,census_zcta_lea,medium,,"no open CCD school campus in this ZIP for this LEA; ZCTA∩LEA land from NCES EDGE GRF24; multi-LEA ZCTA; also Crawford County Schools, Lamar County Schools, Thomaston-Upson County Schools; census land≈44.82 sq mi (44% of LEA land in ZCTA)",https://nces.ed.gov/programs/edge/Geographic/RelationshipFiles|https://nces.ed.gov/programs/edge/data/GRF24.zip,2026-09-07
31016,GA,Thomaston-Upson County Schools,Thomaston,traditional,census_zcta_lea,medium,,"no open CCD school campus in this ZIP for this LEA; ZCTA∩LEA land from NCES EDGE GRF24; multi-LEA ZCTA; also Crawford County Schools, Lamar County Schools, Monroe County Schools; census land≈34.61 sq mi (34% of LEA land in ZCTA)",https://nces.ed.gov/programs/edge/Geographic/RelationshipFiles|https://nces.ed.gov/programs/edge/data/GRF24.zip,2026-09-07
31017,GA,Bleckley County Schools,Rural Middle Georgia,traditional,census_zcta_lea,medium,,"no open CCD school campus in this ZIP for this LEA; ZCTA∩LEA land from NCES EDGE GRF24; multi-LEA ZCTA; also Twiggs County Schools, Wilkinson County Schools; census land≈19.42 sq mi (19% of LEA land in ZCTA)",https://nces.ed.gov/programs/edge/Geographic/RelationshipFiles|https://nces.ed.gov/programs/edge/data/GRF24.zip,2026-09-07
31017,GA,Twiggs County Schools,Macon,traditional,census_zcta_lea,medium,,"no open CCD school campus in this ZIP for this LEA; ZCTA∩LEA land from NCES EDGE GRF24; multi-LEA ZCTA; also Bleckley County Schools, Wilkinson County Schools; census land≈27.44 sq mi (28% of LEA land in ZCTA)",https://nces.ed.gov/programs/edge/Geographic/RelationshipFiles|https://nces.ed.gov/programs/edge/data/GRF24.zip,2026-09-07
31017,GA,Wilkinson County Schools,Rural Middle Georgia,traditional,census_zcta_lea,medium,,"no open CCD school campus in this ZIP for this LEA; ZCTA∩LEA land from NCES EDGE GRF24; multi-LEA ZCTA; also Bleckley County Schools, Twiggs County Schools; census land≈52.86 sq mi (53% of LEA land in ZCTA)",https://nces.ed.gov/programs/edge/Geographic/RelationshipFiles|https://nces.ed.gov/programs/edge/data/GRF24.zip,2026-09-07
31018,GA,Washington County Schools,Rural Middle Georgia,traditional,census_zcta_lea,medium,,no open CCD school campus in this ZIP for this LEA; ZCTA∩LEA land from NCES EDGE GRF24; census land≈91.72 sq mi in ZCTA,https://nces.ed.gov/programs/edge/Geographic/RelationshipFiles|https://nces.ed.gov/programs/edge/data/GRF24.zip,2026-09-07
31019,GA,Laurens County Schools,Dublin,traditional,ccd_school_zip,high,1,,https://educationdata.urban.org/api/v1/school-districts/ccd/directory/|https://nces.ed.gov/ccd/,2026-09-07
31020,GA,Bibb County Schools,Macon,traditional,census_zcta_lea,medium,,no open CCD school campus in this ZIP for this LEA; ZCTA∩LEA land from NCES EDGE GRF24; multi-LEA ZCTA; also Twiggs County Schools; census land≈5.13 sq mi (4% of LEA land in ZCTA); small land share in ZCTA — possible city/county edge,https://nces.ed.gov/programs/edge/Geographic/RelationshipFiles|https://nces.ed.gov/programs/edge/data/GRF24.zip,2026-09-07
31020,GA,Twiggs County Schools,Macon,traditional,census_zcta_lea,medium,,no open CCD school campus in this ZIP for this LEA; ZCTA∩LEA land from NCES EDGE GRF24; multi-LEA ZCTA; also Bibb County Schools; census land≈122.96 sq mi (96% of LEA land in ZCTA),https://nces.ed.gov/programs/edge/Geographic/RelationshipFiles|https://nces.ed.gov/programs/edge/data/GRF24.zip,2026-09-07
31021,GA,Dublin City Schools,Dublin,traditional,ccd_school_zip,high,5,multi-LEA ZCTA; also Laurens County Schools; census land≈16.34 sq mi (7% of LEA land in ZCTA),https://educationdata.urban.org/api/v1/school-districts/ccd/directory/|https://nces.ed.gov/ccd/|https://nces.ed.gov/programs/edge/Geographic/RelationshipFiles|https://nces.ed.gov/programs/edge/data/GRF24.zip,2026-09-07
31021,GA,Laurens County Schools,Dublin,traditional,ccd_school_zip,high,1,multi-LEA ZCTA; also Dublin City Schools; census land≈217.13 sq mi (93% of LEA land in ZCTA),https://educationdata.urban.org/api/v1/school-districts/ccd/directory/|https://nces.ed.gov/ccd/|https://nces.ed.gov/programs/edge/Geographic/RelationshipFiles|https://nces.ed.gov/programs/edge/data/GRF24.zip,2026-09-07
31022,GA,Bleckley County Schools,Rural Middle Georgia,traditional,census_zcta_lea,medium,,no open CCD school campus in this ZIP for this LEA; ZCTA∩LEA land from NCES EDGE GRF24; multi-LEA ZCTA; also Laurens County Schools; census land≈2.54 sq mi (5% of LEA land in ZCTA); small land share in ZCTA — possible city/county edge,https://nces.ed.gov/programs/edge/Geographic/RelationshipFiles|https://nces.ed.gov/programs/edge/data/GRF24.zip,2026-09-07
31022,GA,Laurens County Schools,Dublin,traditional,ccd_school_zip,high,1,multi-LEA ZCTA; also Bleckley County Schools; census land≈49.13 sq mi (95% of LEA land in ZCTA),https://educationdata.urban.org/api/v1/school-districts/ccd/directory/|https://nces.ed.gov/ccd/|https://nces.ed.gov/programs/edge/Geographic/RelationshipFiles|https://nces.ed.gov/programs/edge/data/GRF24.zip,2026-09-07
31023,GA,Dodge County Schools,Rural Middle Georgia,traditional,ccd_school_zip,high,3,multi-LEA ZCTA; also Pulaski County Schools; census land≈272.95 sq mi (96% of LEA land in ZCTA),https://educationdata.urban.org/api/v1/school-districts/ccd/directory/|https://nces.ed.gov/ccd/|https://nces.ed.gov/programs/edge/Geographic/RelationshipFiles|https://nces.ed.gov/programs/edge/data/GRF24.zip,2026-09-07
31023,GA,Pulaski County Schools,Rural Middle Georgia,traditional,census_zcta_lea,medium,,no open CCD school campus in this ZIP for this LEA; ZCTA∩LEA land from NCES EDGE GRF24; multi-LEA ZCTA; also Dodge County Schools; census land≈10.17 sq mi (4% of LEA land in ZCTA); small land share in ZCTA — possible city/county edge,https://nces.ed.gov/programs/edge/Geographic/RelationshipFiles|https://nces.ed.gov/programs/edge/data/GRF24.zip,2026-09-07
31024,GA,Putnam County Schools,Rural Middle Georgia,traditional,ccd_school_zip,high,4,,https://educationdata.urban.org/api/v1/school-districts/ccd/directory/|https://nces.ed.gov/ccd/,2026-09-07
31025,GA,Houston County Schools,Warner Robins,traditional,census_zcta_lea,medium,,no open CCD school campus in this ZIP for this LEA; ZCTA∩LEA land from NCES EDGE GRF24; census land≈66.51 sq mi in ZCTA,https://nces.ed.gov/programs/edge/Geographic/RelationshipFiles|https://nces.ed.gov/programs/edge/data/GRF24.zip,2026-09-07
31027,GA,Laurens County Schools,Dublin,traditional,ccd_school_zip,high,4,,https://educationdata.urban.org/api/v1/school-districts/ccd/directory/|https://nces.ed.gov/ccd/,2026-09-07
31028,GA,Houston County Schools,Warner Robins,traditional,ccd_school_zip,high,2,,https://educationdata.urban.org/api/v1/school-districts/ccd/directory/|https://nces.ed.gov/ccd/,2026-09-07
31029,GA,Butts County School System,Atlanta,traditional,census_zcta_lea,low,,no open CCD school campus in this ZIP for this LEA; ZCTA∩LEA land from NCES EDGE GRF24; multi-LEA ZCTA; also Monroe County Schools; census land≈0.17 sq mi (0% of LEA land in ZCTA); tiny land sliver — boundary edge; verify before routing parents solely here,https://nces.ed.gov/programs/edge/Geographic/RelationshipFiles|https://nces.ed.gov/programs/edge/data/GRF24.zip,2026-09-07
31029,GA,Monroe County Schools,Macon,traditional,ccd_school_zip,high,5,multi-LEA ZCTA; also Butts County School System; census land≈243.49 sq mi (100% of LEA land in ZCTA),https://educationdata.urban.org/api/v1/school-districts/ccd/directory/|https://nces.ed.gov/ccd/|https://nces.ed.gov/programs/edge/Geographic/RelationshipFiles|https://nces.ed.gov/programs/edge/data/GRF24.zip,2026-09-07
31030,GA,Crawford County Schools,Macon,traditional,census_zcta_lea,medium,,"no open CCD school campus in this ZIP for this LEA; ZCTA∩LEA land from NCES EDGE GRF24; multi-LEA ZCTA; also Houston County Schools, Macon County Schools, Peach County Schools; census land≈66.51 sq mi (38% of LEA land in ZCTA)",https://nces.ed.gov/programs/edge/Geographic/RelationshipFiles|https://nces.ed.gov/programs/edge/data/GRF24.zip,2026-09-07
31030,GA,Houston County Schools,Warner Robins,traditional,census_zcta_lea,low,,"no open CCD school campus in this ZIP for this LEA; ZCTA∩LEA land from NCES EDGE GRF24; multi-LEA ZCTA; also Crawford County Schools, Macon County Schools, Peach County Schools; census land≈0.12 sq mi (0% of LEA land in ZCTA); tiny land sliver — boundary edge; verify before routing parents solely here",https://nces.ed.gov/programs/edge/Geographic/RelationshipFiles|https://nces.ed.gov/programs/edge/data/GRF24.zip,2026-09-07
31030,GA,Macon County Schools,Rural Middle Georgia,traditional,census_zcta_lea,medium,,"no open CCD school campus in this ZIP for this LEA; ZCTA∩LEA land from NCES EDGE GRF24; multi-LEA ZCTA; also Crawford County Schools, Houston County Schools, Peach County Schools; census land≈5.94 sq mi (3% of LEA land in ZCTA); small land share in ZCTA — possible city/county edge",https://nces.ed.gov/programs/edge/Geographic/RelationshipFiles|https://nces.ed.gov/programs/edge/data/GRF24.zip,2026-09-07
31030,GA,Peach County Schools,Warner Robins,traditional,ccd_school_zip,high,3,"multi-LEA ZCTA; also Crawford County Schools, Houston County Schools, Macon County Schools; census land≈102.38 sq mi (59% of LEA land in ZCTA)",https://educationdata.urban.org/api/v1/school-districts/ccd/directory/|https://nces.ed.gov/ccd/|https://nces.ed.gov/programs/edge/Geographic/RelationshipFiles|https://nces.ed.gov/programs/edge/data/GRF24.zip,2026-09-07
31031,GA,Baldwin County Schools,Milledgeville,traditional,census_zcta_lea,medium,,"no open CCD school campus in this ZIP for this LEA; ZCTA∩LEA land from NCES EDGE GRF24; multi-LEA ZCTA; also Jones County Schools, Twiggs County Schools, Wilkinson County Schools; census land≈16.53 sq mi (13% of LEA land in ZCTA); small land share in ZCTA — possible city/county edge",https://nces.ed.gov/programs/edge/Geographic/RelationshipFiles|https://nces.ed.gov/programs/edge/data/GRF24.zip,2026-09-07
31031,GA,Jones County Schools,Macon,traditional,census_zcta_lea,medium,,"no open CCD school campus in this ZIP for this LEA; ZCTA∩LEA land from NCES EDGE GRF24; multi-LEA ZCTA; also Baldwin County Schools, Twiggs County Schools, Wilkinson County Schools; census land≈5.33 sq mi (4% of LEA land in ZCTA); small land share in ZCTA — possible city/county edge",https://nces.ed.gov/programs/edge/Geographic/RelationshipFiles|https://nces.ed.gov/programs/edge/data/GRF24.zip,2026-09-07
31031,GA,Twiggs County Schools,Macon,traditional,census_zcta_lea,medium,,"no open CCD school campus in this ZIP for this LEA; ZCTA∩LEA land from NCES EDGE GRF24; multi-LEA ZCTA; also Baldwin County Schools, Jones County Schools, Wilkinson County Schools; census land≈20.99 sq mi (17% of LEA land in ZCTA)",https://nces.ed.gov/programs/edge/Geographic/RelationshipFiles|https://nces.ed.gov/programs/edge/data/GRF24.zip,2026-09-07
31031,GA,Wilkinson County Schools,Rural Middle Georgia,traditional,census_zcta_lea,medium,,"no open CCD school campus in this ZIP for this LEA; ZCTA∩LEA land from NCES EDGE GRF24; multi-LEA ZCTA; also Baldwin County Schools, Jones County Schools, Twiggs County Schools; census land≈83.07 sq mi (66% of LEA land in ZCTA)",https://nces.ed.gov/programs/edge/Geographic/RelationshipFiles|https://nces.ed.gov/programs/edge/data/GRF24.zip,2026-09-07
31032,GA,Jones County Schools,Macon,traditional,ccd_school_zip,high,5,,https://educationdata.urban.org/api/v1/school-districts/ccd/directory/|https://nces.ed.gov/ccd/,2026-09-07
31033,GA,Baldwin County Schools,Milledgeville,traditional,census_zcta_lea,medium,,no open CCD school campus in this ZIP for this LEA; ZCTA∩LEA land from NCES EDGE GRF24; multi-LEA ZCTA; also Jones County Schools; census land≈7.70 sq mi (11% of LEA land in ZCTA); small land share in ZCTA — possible city/county edge,https://nces.ed.gov/programs/edge/Geographic/RelationshipFiles|https://nces.ed.gov/programs/edge/data/GRF24.zip,2026-09-07
31033,GA,Jones County Schools,Macon,traditional,census_zcta_lea,medium,,no open CCD school campus in this ZIP for this LEA; ZCTA∩LEA land from NCES EDGE GRF24; multi-LEA ZCTA; also Baldwin County Schools; census land≈59.81 sq mi (89% of LEA land in ZCTA),https://nces.ed.gov/programs/edge/Geographic/RelationshipFiles|https://nces.ed.gov/programs/edge/data/GRF24.zip,2026-09-07
31034,GA,Baldwin County Schools,Milledgeville,traditional,census_zcta_lea,medium,,no open CCD school campus in this ZIP for this LEA; ZCTA∩LEA land from NCES EDGE GRF24; census land≈0.04 sq mi in ZCTA; small land share in ZCTA — possible city/county edge,https://nces.ed.gov/programs/edge/Geographic/RelationshipFiles|https://nces.ed.gov/programs/edge/data/GRF24.zip,2026-09-07
31035,GA,Washington County Schools,Rural Middle Georgia,traditional,census_zcta_lea,medium,,no open CCD school campus in this ZIP for this LEA; ZCTA∩LEA land from NCES EDGE GRF24; census land≈48.40 sq mi in ZCTA,https://nces.ed.gov/programs/edge/Geographic/RelationshipFiles|https://nces.ed.gov/programs/edge/data/GRF24.zip,2026-09-07
31036,GA,Bleckley County Schools,Rural Middle Georgia,traditional,census_zcta_lea,medium,,"no open CCD school campus in this ZIP for this LEA; ZCTA∩LEA land from NCES EDGE GRF24; multi-LEA ZCTA; also Dodge County Schools, Houston County Schools, Pulaski County Schools; census land≈2.61 sq mi (1% of LEA land in ZCTA); small land share in ZCTA — possible city/county edge",https://nces.ed.gov/programs/edge/Geographic/RelationshipFiles|https://nces.ed.gov/programs/edge/data/GRF24.zip,2026-09-07
31036,GA,Dodge County Schools,Rural Middle Georgia,traditional,census_zcta_lea,medium,,"no open CCD school campus in this ZIP for this LEA; ZCTA∩LEA land from NCES EDGE GRF24; multi-LEA ZCTA; also Bleckley County Schools, Houston County Schools, Pulaski County Schools; census land≈0.75 sq mi (0% of LEA land in ZCTA); small land share in ZCTA — possible city/county edge",https://nces.ed.gov/programs/edge/Geographic/RelationshipFiles|https://nces.ed.gov/programs/edge/data/GRF24.zip,2026-09-07
31036,GA,Houston County Schools,Warner Robins,traditional,census_zcta_lea,medium,,"no open CCD school campus in this ZIP for this LEA; ZCTA∩LEA land from NCES EDGE GRF24; multi-LEA ZCTA; also Bleckley County Schools, Dodge County Schools, Pulaski County Schools; census land≈40.31 sq mi (17% of LEA land in ZCTA)",https://nces.ed.gov/programs/edge/Geographic/RelationshipFiles|https://nces.ed.gov/programs/edge/data/GRF24.zip,2026-09-07
31036,GA,Pulaski County Schools,Rural Middle Georgia,traditional,ccd_school_zip,high,3,"multi-LEA ZCTA; also Bleckley County Schools, Dodge County Schools, Houston County Schools; census land≈197.57 sq mi (82% of LEA land in ZCTA)",https://educationdata.urban.org/api/v1/school-districts/ccd/directory/|https://nces.ed.gov/ccd/|https://nces.ed.gov/programs/edge/Geographic/RelationshipFiles|https://nces.ed.gov/programs/edge/data/GRF24.zip,2026-09-07
31037,GA,Dodge County Schools,Rural Middle Georgia,traditional,census_zcta_lea,medium,,"no open CCD school campus in this ZIP for this LEA; ZCTA∩LEA land from NCES EDGE GRF24; multi-LEA ZCTA; also Laurens County Schools, Telfair County Schools, Wheeler County Schools; census land≈19.52 sq mi (30% of LEA land in ZCTA)",https://nces.ed.gov/programs/edge/Geographic/RelationshipFiles|https://nces.ed.gov/programs/edge/data/GRF24.zip,2026-09-07
31037,GA,Laurens County Schools,Dublin,traditional,census_zcta_lea,medium,,"no open CCD school campus in this ZIP for this LEA; ZCTA∩LEA land from NCES EDGE GRF24; multi-LEA ZCTA; also Dodge County Schools, Telfair County Schools, Wheeler County Schools; census land≈5.82 sq mi (9% of LEA land in ZCTA); small land share in ZCTA — possible city/county edge",https://nces.ed.gov/programs/edge/Geographic/RelationshipFiles|https://nces.ed.gov/programs/edge/data/GRF24.zip,2026-09-07
31037,GA,Telfair County Schools,Rural South Georgia,traditional,census_zcta_lea,medium,,"no open CCD school campus in this ZIP for this LEA; ZCTA∩LEA land from NCES EDGE GRF24; multi-LEA ZCTA; also Dodge County Schools, Laurens County Schools, Wheeler County Schools; census land≈23.65 sq mi (36% of LEA land in ZCTA)",https://nces.ed.gov/programs/edge/Geographic/RelationshipFiles|https://nces.ed.gov/programs/edge/data/GRF24.zip,2026-09-07
31037,GA,Wheeler County Schools,Rural Middle Georgia,traditional,census_zcta_lea,medium,,"no open CCD school campus in this ZIP for this LEA; ZCTA∩LEA land from NCES EDGE GRF24; multi-LEA ZCTA; also Dodge County Schools, Laurens County Schools, Telfair County Schools; census land≈16.73 sq mi (25% of LEA land in ZCTA)",https://nces.ed.gov/programs/edge/Geographic/RelationshipFiles|https://nces.ed.gov/programs/edge/data/GRF24.zip,2026-09-07
31038,GA,Jasper County Charter System,Atlanta,traditional,census_zcta_lea,medium,,"no open CCD school campus in this ZIP for this LEA; ZCTA∩LEA land from NCES EDGE GRF24; multi-LEA ZCTA; also Jones County Schools, Putnam County Schools; census land≈35.76 sq mi (32% of LEA land in ZCTA)",https://nces.ed.gov/programs/edge/Geographic/RelationshipFiles|https://nces.ed.gov/programs/edge/data/GRF24.zip,2026-09-07
31038,GA,Jones County Schools,Macon,traditional,census_zcta_lea,medium,,"no open CCD school campus in this ZIP for this LEA; ZCTA∩LEA land from NCES EDGE GRF24; multi-LEA ZCTA; also Jasper County Charter System, Putnam County Schools; census land≈64.87 sq mi (59% of LEA land in ZCTA)",https://nces.ed.gov/programs/edge/Geographic/RelationshipFiles|https://nces.ed.gov/programs/edge/data/GRF24.zip,2026-09-07
31038,GA,Putnam County Schools,Rural Middle Georgia,traditional,census_zcta_lea,medium,,"no open CCD school campus in this ZIP for this LEA; ZCTA∩LEA land from NCES EDGE GRF24; multi-LEA ZCTA; also Jasper County Charter System, Jones County Schools; census land≈9.97 sq mi (9% of LEA land in ZCTA); small land share in ZCTA — possible city/county edge",https://nces.ed.gov/programs/edge/Geographic/RelationshipFiles|https://nces.ed.gov/programs/edge/data/GRF24.zip,2026-09-07
31039,GA,Taylor County Schools,Rural Middle Georgia,traditional,census_zcta_lea,medium,,no open CCD school campus in this ZIP for this LEA; ZCTA∩LEA land from NCES EDGE GRF24; census land≈3.50 sq mi in ZCTA,https://nces.ed.gov/programs/edge/Geographic/RelationshipFiles|https://nces.ed.gov/programs/edge/data/GRF24.zip,2026-09-07
31041,GA,Macon County Schools,Rural Middle Georgia,traditional,census_zcta_lea,medium,,no open CCD school campus in this ZIP for this LEA; ZCTA∩LEA land from NCES EDGE GRF24; census land≈39.73 sq mi in ZCTA,https://nces.ed.gov/programs/edge/Geographic/RelationshipFiles|https://nces.ed.gov/programs/edge/data/GRF24.zip,2026-09-07
31042,GA,Wilkinson County Schools,Rural Middle Georgia,traditional,ccd_school_zip,high,2,,https://educationdata.urban.org/api/v1/school-districts/ccd/directory/|https://nces.ed.gov/ccd/,2026-09-07
31044,GA,Twiggs County Schools,Macon,traditional,ccd_school_zip,high,3,multi-LEA ZCTA; also Wilkinson County Schools; census land≈137.87 sq mi (91% of LEA land in ZCTA),https://educationdata.urban.org/api/v1/school-districts/ccd/directory/|https://nces.ed.gov/ccd/|https://nces.ed.gov/programs/edge/Geographic/RelationshipFiles|https://nces.ed.gov/programs/edge/data/GRF24.zip,2026-09-07
31044,GA,Wilkinson County Schools,Rural Middle Georgia,traditional,census_zcta_lea,medium,,no open CCD school campus in this ZIP for this LEA; ZCTA∩LEA land from NCES EDGE GRF24; multi-LEA ZCTA; also Twiggs County Schools; census land≈13.44 sq mi (9% of LEA land in ZCTA); small land share in ZCTA — possible city/county edge,https://nces.ed.gov/programs/edge/Geographic/RelationshipFiles|https://nces.ed.gov/programs/edge/data/GRF24.zip,2026-09-07
31045,GA,Hancock County Schools,Rural Middle Georgia,traditional,census_zcta_lea,medium,,no open CCD school campus in this ZIP for this LEA; ZCTA∩LEA land from NCES EDGE GRF24; multi-LEA ZCTA; also Warren County School System; census land≈6.66 sq mi (76% of LEA land in ZCTA),https://nces.ed.gov/programs/edge/Geographic/RelationshipFiles|https://nces.ed.gov/programs/edge/data/GRF24.zip,2026-09-07
31045,GA,Warren County School System,Rural Middle Georgia,traditional,census_zcta_lea,medium,,no open CCD school campus in this ZIP for this LEA; ZCTA∩LEA land from NCES EDGE GRF24; multi-LEA ZCTA; also Hancock County Schools; census land≈2.15 sq mi (24% of LEA land in ZCTA),https://nces.ed.gov/programs/edge/Geographic/RelationshipFiles|https://nces.ed.gov/programs/edge/data/GRF24.zip,2026-09-07
31046,GA,Jones County Schools,Macon,traditional,census_zcta_lea,medium,,no open CCD school campus in this ZIP for this LEA; ZCTA∩LEA land from NCES EDGE GRF24; multi-LEA ZCTA; also Monroe County Schools; census land≈25.13 sq mi (30% of LEA land in ZCTA),https://nces.ed.gov/programs/edge/Geographic/RelationshipFiles|https://nces.ed.gov/programs/edge/data/GRF24.zip,2026-09-07
31046,GA,Monroe County Schools,Macon,traditional,census_zcta_lea,medium,,no open CCD school campus in this ZIP for this LEA; ZCTA∩LEA land from NCES EDGE GRF24; multi-LEA ZCTA; also Jones County Schools; census land≈57.95 sq mi (70% of LEA land in ZCTA),https://nces.ed.gov/programs/edge/Geographic/RelationshipFiles|https://nces.ed.gov/programs/edge/data/GRF24.zip,2026-09-07
31047,GA,Houston County Schools,Warner Robins,traditional,ccd_school_zip,high,3,,https://educationdata.urban.org/api/v1/school-districts/ccd/directory/|https://nces.ed.gov/ccd/,2026-09-07
31049,GA,Emanuel County Schools,Rural SE Georgia,traditional,census_zcta_lea,medium,,no open CCD school campus in this ZIP for this LEA; ZCTA∩LEA land from NCES EDGE GRF24; multi-LEA ZCTA; also Johnson County Schools; census land≈18.11 sq mi (20% of LEA land in ZCTA),https://nces.ed.gov/programs/edge/Geographic/RelationshipFiles|https://nces.ed.gov/programs/edge/data/GRF24.zip,2026-09-07
31049,GA,Johnson County Schools,Dublin,traditional,census_zcta_lea,medium,,no open CCD school campus in this ZIP for this LEA; ZCTA∩LEA land from NCES EDGE GRF24; multi-LEA ZCTA; also Emanuel County Schools; census land≈73.16 sq mi (80% of LEA land in ZCTA),https://nces.ed.gov/programs/edge/Geographic/RelationshipFiles|https://nces.ed.gov/programs/edge/data/GRF24.zip,2026-09-07
31050,GA,Crawford County Schools,Macon,traditional,census_zcta_lea,medium,,no open CCD school campus in this ZIP for this LEA; ZCTA∩LEA land from NCES EDGE GRF24; census land≈19.64 sq mi in ZCTA,https://nces.ed.gov/programs/edge/Geographic/RelationshipFiles|https://nces.ed.gov/programs/edge/data/GRF24.zip,2026-09-07
31051,GA,Dooly County Schools,Rural Middle Georgia,traditional,census_zcta_lea,medium,,no open CCD school campus in this ZIP for this LEA; ZCTA∩LEA land from NCES EDGE GRF24; census land≈0.43 sq mi in ZCTA; small land share in ZCTA — possible city/county edge,https://nces.ed.gov/programs/edge/Geographic/RelationshipFiles|https://nces.ed.gov/programs/edge/data/GRF24.zip,2026-09-07
31052,GA,Bibb County Schools,Macon,traditional,ccd_school_zip,high,1,multi-LEA ZCTA; also Crawford County Schools; census land≈37.27 sq mi (52% of LEA land in ZCTA),https://educationdata.urban.org/api/v1/school-districts/ccd/directory/|https://nces.ed.gov/ccd/|https://nces.ed.gov/programs/edge/Geographic/RelationshipFiles|https://nces.ed.gov/programs/edge/data/GRF24.zip,2026-09-07
31052,GA,Crawford County Schools,Macon,traditional,census_zcta_lea,medium,,no open CCD school campus in this ZIP for this LEA; ZCTA∩LEA land from NCES EDGE GRF24; multi-LEA ZCTA; also Bibb County Schools; census land≈33.90 sq mi (48% of LEA land in ZCTA),https://nces.ed.gov/programs/edge/Geographic/RelationshipFiles|https://nces.ed.gov/programs/edge/data/GRF24.zip,2026-09-07
31054,GA,Wilkinson County Schools,Rural Middle Georgia,traditional,ccd_school_zip,high,2,,https://educationdata.urban.org/api/v1/school-districts/ccd/directory/|https://nces.ed.gov/ccd/,2026-09-07
31055,GA,Telfair County Schools,Rural South Georgia,traditional,ccd_school_zip,high,4,,https://educationdata.urban.org/api/v1/school-districts/ccd/directory/|https://nces.ed.gov/ccd/,2026-09-07
31057,GA,Macon County Schools,Rural Middle Georgia,traditional,census_zcta_lea,medium,,no open CCD school campus in this ZIP for this LEA; ZCTA∩LEA land from NCES EDGE GRF24; census land≈82.66 sq mi in ZCTA,https://nces.ed.gov/programs/edge/Geographic/RelationshipFiles|https://nces.ed.gov/programs/edge/data/GRF24.zip,2026-09-07
31058,GA,Marion County Schools,Columbus,traditional,census_zcta_lea,medium,,"no open CCD school campus in this ZIP for this LEA; ZCTA∩LEA land from NCES EDGE GRF24; multi-LEA ZCTA; also Schley County Schools, Taylor County Schools; census land≈40.78 sq mi (40% of LEA land in ZCTA)",https://nces.ed.gov/programs/edge/Geographic/RelationshipFiles|https://nces.ed.gov/programs/edge/data/GRF24.zip,2026-09-07
31058,GA,Schley County Schools,Americus,traditional,census_zcta_lea,medium,,"no open CCD school campus in this ZIP for this LEA; ZCTA∩LEA land from NCES EDGE GRF24; multi-LEA ZCTA; also Marion County Schools, Taylor County Schools; census land≈0.55 sq mi (1% of LEA land in ZCTA); small land share in ZCTA — possible city/county edge",https://nces.ed.gov/programs/edge/Geographic/RelationshipFiles|https://nces.ed.gov/programs/edge/data/GRF24.zip,2026-09-07
31058,GA,Taylor County Schools,Rural Middle Georgia,traditional,census_zcta_lea,medium,,"no open CCD school campus in this ZIP for this LEA; ZCTA∩LEA land from NCES EDGE GRF24; multi-LEA ZCTA; also Marion County Schools, Schley County Schools; census land≈61.86 sq mi (60% of LEA land in ZCTA)",https://nces.ed.gov/programs/edge/Geographic/RelationshipFiles|https://nces.ed.gov/programs/edge/data/GRF24.zip,2026-09-07
31060,GA,Dodge County Schools,Rural Middle Georgia,traditional,census_zcta_lea,medium,,no open CCD school campus in this ZIP for this LEA; ZCTA∩LEA land from NCES EDGE GRF24; multi-LEA ZCTA; also Telfair County Schools; census land≈26.73 sq mi (30% of LEA land in ZCTA),https://nces.ed.gov/programs/edge/Geographic/RelationshipFiles|https://nces.ed.gov/programs/edge/data/GRF24.zip,2026-09-07
31060,GA,Telfair County Schools,Rural South Georgia,traditional,census_zcta_lea,medium,,no open CCD school campus in this ZIP for this LEA; ZCTA∩LEA land from NCES EDGE GRF24; multi-LEA ZCTA; also Dodge County Schools; census land≈62.48 sq mi (70% of LEA land in ZCTA),https://nces.ed.gov/programs/edge/Geographic/RelationshipFiles|https://nces.ed.gov/programs/edge/data/GRF24.zip,2026-09-07
31061,GA,Baldwin County Schools,Milledgeville,traditional,ccd_school_zip,high,6,"multi-LEA ZCTA; also Hancock County Schools, Jones County Schools, Putnam County Schools, Wilkinson County Schools; census land≈220.39 sq mi (81% of LEA land in ZCTA)",https://educationdata.urban.org/api/v1/school-districts/ccd/directory/|https://nces.ed.gov/ccd/|https://nces.ed.gov/programs/edge/Geographic/RelationshipFiles|https://nces.ed.gov/programs/edge/data/GRF24.zip,2026-09-07
31061,GA,Hancock County Schools,Rural Middle Georgia,traditional,census_zcta_lea,medium,,"no open CCD school campus in this ZIP for this LEA; ZCTA∩LEA land from NCES EDGE GRF24; multi-LEA ZCTA; also Baldwin County Schools, Jones County Schools, Putnam County Schools, Wilkinson County Schools; census land≈9.39 sq mi (3% of LEA land in ZCTA); small land share in ZCTA — possible city/county edge",https://nces.ed.gov/programs/edge/Geographic/RelationshipFiles|https://nces.ed.gov/programs/edge/data/GRF24.zip,2026-09-07
31061,GA,Jones County Schools,Macon,traditional,census_zcta_lea,low,,"no open CCD school campus in this ZIP for this LEA; ZCTA∩LEA land from NCES EDGE GRF24; multi-LEA ZCTA; also Baldwin County Schools, Hancock County Schools, Putnam County Schools, Wilkinson County Schools; census land≈0.19 sq mi (0% of LEA land in ZCTA); tiny land sliver — boundary edge; verify before routing parents solely here",https://nces.ed.gov/programs/edge/Geographic/RelationshipFiles|https://nces.ed.gov/programs/edge/data/GRF24.zip,2026-09-07
31061,GA,Putnam County Schools,Rural Middle Georgia,traditional,census_zcta_lea,medium,,"no open CCD school campus in this ZIP for this LEA; ZCTA∩LEA land from NCES EDGE GRF24; multi-LEA ZCTA; also Baldwin County Schools, Hancock County Schools, Jones County Schools, Wilkinson County Schools; census land≈2.73 sq mi (1% of LEA land in ZCTA); small land share in ZCTA — possible city/county edge",https://nces.ed.gov/programs/edge/Geographic/RelationshipFiles|https://nces.ed.gov/programs/edge/data/GRF24.zip,2026-09-07
31061,GA,Wilkinson County Schools,Rural Middle Georgia,traditional,census_zcta_lea,medium,,"no open CCD school campus in this ZIP for this LEA; ZCTA∩LEA land from NCES EDGE GRF24; multi-LEA ZCTA; also Baldwin County Schools, Hancock County Schools, Jones County Schools, Putnam County Schools; census land≈40.20 sq mi (15% of LEA land in ZCTA); small land share in ZCTA — possible city/county edge",https://nces.ed.gov/programs/edge/Geographic/RelationshipFiles|https://nces.ed.gov/programs/edge/data/GRF24.zip,2026-09-07
31062,GA,Baldwin County Schools,Milledgeville,traditional,census_zcta_lea,medium,,no open CCD school campus in this ZIP for this LEA; ZCTA∩LEA land from NCES EDGE GRF24; census land≈0.31 sq mi in ZCTA; small land share in ZCTA — possible city/county edge,https://nces.ed.gov/programs/edge/Geographic/RelationshipFiles|https://nces.ed.gov/programs/edge/data/GRF24.zip,2026-09-07
31063,GA,Dooly County Schools,Rural Middle Georgia,traditional,census_zcta_lea,medium,,no open CCD school campus in this ZIP for this LEA; ZCTA∩LEA land from NCES EDGE GRF24; multi-LEA ZCTA; also Macon County Schools; census land≈13.26 sq mi (12% of LEA land in ZCTA); small land share in ZCTA — possible city/county edge,https://nces.ed.gov/programs/edge/Geographic/RelationshipFiles|https://nces.ed.gov/programs/edge/data/GRF24.zip,2026-09-07
31063,GA,Macon County Schools,Rural Middle Georgia,traditional,ccd_school_zip,high,2,multi-LEA ZCTA; also Dooly County Schools; census land≈98.80 sq mi (88% of LEA land in ZCTA),https://educationdata.urban.org/api/v1/school-districts/ccd/directory/|https://nces.ed.gov/ccd/|https://nces.ed.gov/programs/edge/Geographic/RelationshipFiles|https://nces.ed.gov/programs/edge/data/GRF24.zip,2026-09-07
31064,GA,Jasper County Charter System,Atlanta,traditional,ccd_school_zip,high,4,multi-LEA ZCTA; also Newton County School System; census land≈245.71 sq mi (100% of LEA land in ZCTA),https://educationdata.urban.org/api/v1/school-districts/ccd/directory/|https://nces.ed.gov/ccd/|https://nces.ed.gov/programs/edge/Geographic/RelationshipFiles|https://nces.ed.gov/programs/edge/data/GRF24.zip,2026-09-07
31064,GA,Newton County School System,Atlanta,traditional,census_zcta_lea,low,,no open CCD school campus in this ZIP for this LEA; ZCTA∩LEA land from NCES EDGE GRF24; multi-LEA ZCTA; also Jasper County Charter System; census land≈0.02 sq mi (0% of LEA land in ZCTA); tiny land sliver — boundary edge; verify before routing parents solely here,https://nces.ed.gov/programs/edge/Geographic/RelationshipFiles|https://nces.ed.gov/programs/edge/data/GRF24.zip,2026-09-07
31065,GA,Bleckley County Schools,Rural Middle Georgia,traditional,census_zcta_lea,medium,,"no open CCD school campus in this ZIP for this LEA; ZCTA∩LEA land from NCES EDGE GRF24; multi-LEA ZCTA; also Laurens County Schools, Wilkinson County Schools; census land≈18.19 sq mi (27% of LEA land in ZCTA)",https://nces.ed.gov/programs/edge/Geographic/RelationshipFiles|https://nces.ed.gov/programs/edge/data/GRF24.zip,2026-09-07
31065,GA,Laurens County Schools,Dublin,traditional,census_zcta_lea,medium,,"no open CCD school campus in this ZIP for this LEA; ZCTA∩LEA land from NCES EDGE GRF24; multi-LEA ZCTA; also Bleckley County Schools, Wilkinson County Schools; census land≈45.02 sq mi (66% of LEA land in ZCTA)",https://nces.ed.gov/programs/edge/Geographic/RelationshipFiles|https://nces.ed.gov/programs/edge/data/GRF24.zip,2026-09-07
31065,GA,Wilkinson County Schools,Rural Middle Georgia,traditional,census_zcta_lea,medium,,"no open CCD school campus in this ZIP for this LEA; ZCTA∩LEA land from NCES EDGE GRF24; multi-LEA ZCTA; also Bleckley County Schools, Laurens County Schools; census land≈4.95 sq mi (7% of LEA land in ZCTA); small land share in ZCTA — possible city/county edge",https://nces.ed.gov/programs/edge/Geographic/RelationshipFiles|https://nces.ed.gov/programs/edge/data/GRF24.zip,2026-09-07
31066,GA,Bibb County Schools,Macon,traditional,census_zcta_lea,medium,,"no open CCD school campus in this ZIP for this LEA; ZCTA∩LEA land from NCES EDGE GRF24; multi-LEA ZCTA; also Crawford County Schools, Monroe County Schools; census land≈0.74 sq mi (1% of LEA land in ZCTA); small land share in ZCTA — possible city/county edge",https://nces.ed.gov/programs/edge/Geographic/RelationshipFiles|https://nces.ed.gov/programs/edge/data/GRF24.zip,2026-09-07
31066,GA,Crawford County Schools,Macon,traditional,census_zcta_lea,medium,,"no open CCD school campus in this ZIP for this LEA; ZCTA∩LEA land from NCES EDGE GRF24; multi-LEA ZCTA; also Bibb County Schools, Monroe County Schools; census land≈57.36 sq mi (93% of LEA land in ZCTA)",https://nces.ed.gov/programs/edge/Geographic/RelationshipFiles|https://nces.ed.gov/programs/edge/data/GRF24.zip,2026-09-07
31066,GA,Monroe County Schools,Macon,traditional,census_zcta_lea,medium,,"no open CCD school campus in this ZIP for this LEA; ZCTA∩LEA land from NCES EDGE GRF24; multi-LEA ZCTA; also Bibb County Schools, Crawford County Schools; census land≈3.71 sq mi (6% of LEA land in ZCTA); small land share in ZCTA — possible city/county edge",https://nces.ed.gov/programs/edge/Geographic/RelationshipFiles|https://nces.ed.gov/programs/edge/data/GRF24.zip,2026-09-07
31067,GA,Washington County Schools,Rural Middle Georgia,traditional,census_zcta_lea,medium,,no open CCD school campus in this ZIP for this LEA; ZCTA∩LEA land from NCES EDGE GRF24; census land≈1.84 sq mi in ZCTA,https://nces.ed.gov/programs/edge/Geographic/RelationshipFiles|https://nces.ed.gov/programs/edge/data/GRF24.zip,2026-09-07
31068,GA,Macon County Schools,Rural Middle Georgia,traditional,ccd_school_zip,high,1,multi-LEA ZCTA; also Schley County Schools; census land≈92.98 sq mi (100% of LEA land in ZCTA),https://educationdata.urban.org/api/v1/school-districts/ccd/directory/|https://nces.ed.gov/ccd/|https://nces.ed.gov/programs/edge/Geographic/RelationshipFiles|https://nces.ed.gov/programs/edge/data/GRF24.zip,2026-09-07
31068,GA,Schley County Schools,Americus,traditional,census_zcta_lea,low,,no open CCD school campus in this ZIP for this LEA; ZCTA∩LEA land from NCES EDGE GRF24; multi-LEA ZCTA; also Macon County Schools; census land≈0.03 sq mi (0% of LEA land in ZCTA); tiny land sliver — boundary edge; verify before routing parents solely here,https://nces.ed.gov/programs/edge/Geographic/RelationshipFiles|https://nces.ed.gov/programs/edge/data/GRF24.zip,2026-09-07
31069,GA,Houston County Schools,Warner Robins,traditional,ccd_school_zip,high,6,"multi-LEA ZCTA; also Macon County Schools, Peach County Schools; census land≈95.34 sq mi (96% of LEA land in ZCTA)",https://educationdata.urban.org/api/v1/school-districts/ccd/directory/|https://nces.ed.gov/ccd/|https://nces.ed.gov/programs/edge/Geographic/RelationshipFiles|https://nces.ed.gov/programs/edge/data/GRF24.zip,2026-09-07
31069,GA,Macon County Schools,Rural Middle Georgia,traditional,census_zcta_lea,medium,,"no open CCD school campus in this ZIP for this LEA; ZCTA∩LEA land from NCES EDGE GRF24; multi-LEA ZCTA; also Houston County Schools, Peach County Schools; census land≈0.61 sq mi (1% of LEA land in ZCTA); small land share in ZCTA — possible city/county edge",https://nces.ed.gov/programs/edge/Geographic/RelationshipFiles|https://nces.ed.gov/programs/edge/data/GRF24.zip,2026-09-07
31069,GA,Peach County Schools,Warner Robins,traditional,census_zcta_lea,medium,,"no open CCD school campus in this ZIP for this LEA; ZCTA∩LEA land from NCES EDGE GRF24; multi-LEA ZCTA; also Houston County Schools, Macon County Schools; census land≈3.83 sq mi (4% of LEA land in ZCTA); small land share in ZCTA — possible city/county edge",https://nces.ed.gov/programs/edge/Geographic/RelationshipFiles|https://nces.ed.gov/programs/edge/data/GRF24.zip,2026-09-07
31070,GA,Dooly County Schools,Rural Middle Georgia,traditional,ccd_school_zip,high,2,,https://educationdata.urban.org/api/v1/school-districts/ccd/directory/|https://nces.ed.gov/ccd/,2026-09-07
31071,GA,Pulaski County Schools,Rural Middle Georgia,traditional,census_zcta_lea,medium,,no open CCD school campus in this ZIP for this LEA; ZCTA∩LEA land from NCES EDGE GRF24; multi-LEA ZCTA; also Wilcox County Schools; census land≈38.35 sq mi (68% of LEA land in ZCTA),https://nces.ed.gov/programs/edge/Geographic/RelationshipFiles|https://nces.ed.gov/programs/edge/data/GRF24.zip,2026-09-07
31071,GA,Wilcox County Schools,Rural South Georgia,traditional,census_zcta_lea,medium,,no open CCD school campus in this ZIP for this LEA; ZCTA∩LEA land from NCES EDGE GRF24; multi-LEA ZCTA; also Pulaski County Schools; census land≈17.93 sq mi (32% of LEA land in ZCTA),https://nces.ed.gov/programs/edge/Geographic/RelationshipFiles|https://nces.ed.gov/programs/edge/data/GRF24.zip,2026-09-07
31072,GA,Crisp County Schools,Cordele,traditional,census_zcta_lea,medium,,"no open CCD school campus in this ZIP for this LEA; ZCTA∩LEA land from NCES EDGE GRF24; multi-LEA ZCTA; also Dooly County Schools, Wilcox County Schools; census land≈3.60 sq mi (5% of LEA land in ZCTA); small land share in ZCTA — possible city/county edge",https://nces.ed.gov/programs/edge/Geographic/RelationshipFiles|https://nces.ed.gov/programs/edge/data/GRF24.zip,2026-09-07
31072,GA,Dooly County Schools,Rural Middle Georgia,traditional,census_zcta_lea,medium,,"no open CCD school campus in this ZIP for this LEA; ZCTA∩LEA land from NCES EDGE GRF24; multi-LEA ZCTA; also Crisp County Schools, Wilcox County Schools; census land≈1.67 sq mi (2% of LEA land in ZCTA); small land share in ZCTA — possible city/county edge",https://nces.ed.gov/programs/edge/Geographic/RelationshipFiles|https://nces.ed.gov/programs/edge/data/GRF24.zip,2026-09-07
31072,GA,Wilcox County Schools,Rural South Georgia,traditional,census_zcta_lea,medium,,"no open CCD school campus in this ZIP for this LEA; ZCTA∩LEA land from NCES EDGE GRF24; multi-LEA ZCTA; also Crisp County Schools, Dooly County Schools; census land≈66.48 sq mi (93% of LEA land in ZCTA)",https://nces.ed.gov/programs/edge/Geographic/RelationshipFiles|https://nces.ed.gov/programs/edge/data/GRF24.zip,2026-09-07
31075,GA,Laurens County Schools,Dublin,traditional,ccd_school_zip,high,1,,https://educationdata.urban.org/api/v1/school-districts/ccd/directory/|https://nces.ed.gov/ccd/,2026-09-07
31076,GA,Macon County Schools,Rural Middle Georgia,traditional,census_zcta_lea,medium,,no open CCD school campus in this ZIP for this LEA; ZCTA∩LEA land from NCES EDGE GRF24; multi-LEA ZCTA; also Taylor County Schools; census land≈37.22 sq mi (30% of LEA land in ZCTA),https://nces.ed.gov/programs/edge/Geographic/RelationshipFiles|https://nces.ed.gov/programs/edge/data/GRF24.zip,2026-09-07
31076,GA,Taylor County Schools,Rural Middle Georgia,traditional,census_zcta_lea,medium,,no open CCD school campus in this ZIP for this LEA; ZCTA∩LEA land from NCES EDGE GRF24; multi-LEA ZCTA; also Macon County Schools; census land≈85.37 sq mi (70% of LEA land in ZCTA),https://nces.ed.gov/programs/edge/Geographic/RelationshipFiles|https://nces.ed.gov/programs/edge/data/GRF24.zip,2026-09-07
31077,GA,Dodge County Schools,Rural Middle Georgia,traditional,census_zcta_lea,medium,,no open CCD school campus in this ZIP for this LEA; ZCTA∩LEA land from NCES EDGE GRF24; multi-LEA ZCTA; also Telfair County Schools; census land≈53.73 sq mi (53% of LEA land in ZCTA),https://nces.ed.gov/programs/edge/Geographic/RelationshipFiles|https://nces.ed.gov/programs/edge/data/GRF24.zip,2026-09-07
31077,GA,Telfair County Schools,Rural South Georgia,traditional,census_zcta_lea,medium,,no open CCD school campus in this ZIP for this LEA; ZCTA∩LEA land from NCES EDGE GRF24; multi-LEA ZCTA; also Dodge County Schools; census land≈47.19 sq mi (47% of LEA land in ZCTA),https://nces.ed.gov/programs/edge/Geographic/RelationshipFiles|https://nces.ed.gov/programs/edge/data/GRF24.zip,2026-09-07
31078,GA,Crawford County Schools,Macon,traditional,ccd_school_zip,high,4,,https://educationdata.urban.org/api/v1/school-districts/ccd/directory/|https://nces.ed.gov/ccd/,2026-09-07
31079,GA,Ben Hill County Schools,Fitzgerald,traditional,census_zcta_lea,medium,,no open CCD school campus in this ZIP for this LEA; ZCTA∩LEA land from NCES EDGE GRF24; multi-LEA ZCTA; also Wilcox County Schools; census land≈10.69 sq mi (9% of LEA land in ZCTA); small land share in ZCTA — possible city/county edge,https://nces.ed.gov/programs/edge/Geographic/RelationshipFiles|https://nces.ed.gov/programs/edge/data/GRF24.zip,2026-09-07
31079,GA,Wilcox County Schools,Rural South Georgia,traditional,ccd_school_zip,high,3,multi-LEA ZCTA; also Ben Hill County Schools; census land≈106.34 sq mi (91% of LEA land in ZCTA),https://educationdata.urban.org/api/v1/school-districts/ccd/directory/|https://nces.ed.gov/ccd/|https://nces.ed.gov/programs/edge/Geographic/RelationshipFiles|https://nces.ed.gov/programs/edge/data/GRF24.zip,2026-09-07
31081,GA,Macon County Schools,Rural Middle Georgia,traditional,census_zcta_lea,medium,,"no open CCD school campus in this ZIP for this LEA; ZCTA∩LEA land from NCES EDGE GRF24; multi-LEA ZCTA; also Schley County Schools, Taylor County Schools; census land≈3.80 sq mi (10% of LEA land in ZCTA); small land share in ZCTA — possible city/county edge",https://nces.ed.gov/programs/edge/Geographic/RelationshipFiles|https://nces.ed.gov/programs/edge/data/GRF24.zip,2026-09-07
31081,GA,Schley County Schools,Americus,traditional,census_zcta_lea,low,,"no open CCD school campus in this ZIP for this LEA; ZCTA∩LEA land from NCES EDGE GRF24; multi-LEA ZCTA; also Macon County Schools, Taylor County Schools; census land≈0.44 sq mi (1% of LEA land in ZCTA); tiny land sliver — boundary edge; verify before routing parents solely here",https://nces.ed.gov/programs/edge/Geographic/RelationshipFiles|https://nces.ed.gov/programs/edge/data/GRF24.zip,2026-09-07
31081,GA,Taylor County Schools,Rural Middle Georgia,traditional,census_zcta_lea,medium,,"no open CCD school campus in this ZIP for this LEA; ZCTA∩LEA land from NCES EDGE GRF24; multi-LEA ZCTA; also Macon County Schools, Schley County Schools; census land≈32.07 sq mi (88% of LEA land in ZCTA)",https://nces.ed.gov/programs/edge/Geographic/RelationshipFiles|https://nces.ed.gov/programs/edge/data/GRF24.zip,2026-09-07
31082,GA,Baldwin County Schools,Milledgeville,traditional,census_zcta_lea,medium,,no open CCD school campus in this ZIP for this LEA; ZCTA∩LEA land from NCES EDGE GRF24; multi-LEA ZCTA; also Washington County Schools; census land≈6.59 sq mi (3% of LEA land in ZCTA); small land share in ZCTA — possible city/county edge,https://nces.ed.gov/programs/edge/Geographic/RelationshipFiles|https://nces.ed.gov/programs/edge/data/GRF24.zip,2026-09-07
31082,GA,Washington County Schools,Rural Middle Georgia,traditional,ccd_school_zip,high,4,multi-LEA ZCTA; also Baldwin County Schools; census land≈220.31 sq mi (97% of LEA land in ZCTA),https://educationdata.urban.org/api/v1/school-districts/ccd/directory/|https://nces.ed.gov/ccd/|https://nces.ed.gov/programs/edge/Geographic/RelationshipFiles|https://nces.ed.gov/programs/edge/data/GRF24.zip,2026-09-07
31083,GA,Telfair County Schools,Rural South Georgia,traditional,census_zcta_lea,medium,,no open CCD school campus in this ZIP for this LEA; ZCTA∩LEA land from NCES EDGE GRF24; census land≈0.82 sq mi in ZCTA; small land share in ZCTA — possible city/county edge,https://nces.ed.gov/programs/edge/Geographic/RelationshipFiles|https://nces.ed.gov/programs/edge/data/GRF24.zip,2026-09-07
31084,GA,Wilcox County Schools,Rural South Georgia,traditional,census_zcta_lea,medium,,no open CCD school campus in this ZIP for this LEA; ZCTA∩LEA land from NCES EDGE GRF24; census land≈0.03 sq mi in ZCTA; small land share in ZCTA — possible city/county edge,https://nces.ed.gov/programs/edge/Geographic/RelationshipFiles|https://nces.ed.gov/programs/edge/data/GRF24.zip,2026-09-07
31085,GA,Jasper County Charter System,Atlanta,traditional,census_zcta_lea,medium,,no open CCD school campus in this ZIP for this LEA; ZCTA∩LEA land from NCES EDGE GRF24; census land≈44.30 sq mi in ZCTA,https://nces.ed.gov/programs/edge/Geographic/RelationshipFiles|https://nces.ed.gov/programs/edge/data/GRF24.zip,2026-09-07
31087,GA,Baldwin County Schools,Milledgeville,traditional,census_zcta_lea,medium,,"no open CCD school campus in this ZIP for this LEA; ZCTA∩LEA land from NCES EDGE GRF24; multi-LEA ZCTA; also Hancock County Schools, Washington County Schools; census land≈7.14 sq mi (2% of LEA land in ZCTA); small land share in ZCTA — possible city/county edge",https://nces.ed.gov/programs/edge/Geographic/RelationshipFiles|https://nces.ed.gov/programs/edge/data/GRF24.zip,2026-09-07
31087,GA,Hancock County Schools,Rural Middle Georgia,traditional,ccd_school_zip,high,3,"multi-LEA ZCTA; also Baldwin County Schools, Washington County Schools; census land≈427.81 sq mi (98% of LEA land in ZCTA)",https://educationdata.urban.org/api/v1/school-districts/ccd/directory/|https://nces.ed.gov/ccd/|https://nces.ed.gov/programs/edge/Geographic/RelationshipFiles|https://nces.ed.gov/programs/edge/data/GRF24.zip,2026-09-07
31087,GA,Washington County Schools,Rural Middle Georgia,traditional,census_zcta_lea,medium,,"no open CCD school campus in this ZIP for this LEA; ZCTA∩LEA land from NCES EDGE GRF24; multi-LEA ZCTA; also Baldwin County Schools, Hancock County Schools; census land≈3.22 sq mi (1% of LEA land in ZCTA); small land share in ZCTA — possible city/county edge",https://nces.ed.gov/programs/edge/Geographic/RelationshipFiles|https://nces.ed.gov/programs/edge/data/GRF24.zip,2026-09-07
31088,GA,Houston County Schools,Warner Robins,traditional,ccd_school_zip,high,14,,https://educationdata.urban.org/api/v1/school-districts/ccd/directory/|https://nces.ed.gov/ccd/,2026-09-07
31089,GA,Johnson County Schools,Dublin,traditional,census_zcta_lea,medium,,no open CCD school campus in this ZIP for this LEA; ZCTA∩LEA land from NCES EDGE GRF24; multi-LEA ZCTA; also Washington County Schools; census land≈23.53 sq mi (15% of LEA land in ZCTA); small land share in ZCTA — possible city/county edge,https://nces.ed.gov/programs/edge/Geographic/RelationshipFiles|https://nces.ed.gov/programs/edge/data/GRF24.zip,2026-09-07
31089,GA,Washington County Schools,Rural Middle Georgia,traditional,census_zcta_lea,medium,,no open CCD school campus in this ZIP for this LEA; ZCTA∩LEA land from NCES EDGE GRF24; multi-LEA ZCTA; also Johnson County Schools; census land≈133.56 sq mi (85% of LEA land in ZCTA),https://nces.ed.gov/programs/edge/Geographic/RelationshipFiles|https://nces.ed.gov/programs/edge/data/GRF24.zip,2026-09-07
31090,GA,Wilkinson County Schools,Rural Middle Georgia,traditional,census_zcta_lea,medium,,no open CCD school campus in this ZIP for this LEA; ZCTA∩LEA land from NCES EDGE GRF24; census land≈118.55 sq mi in ZCTA,https://nces.ed.gov/programs/edge/Geographic/RelationshipFiles|https://nces.ed.gov/programs/edge/data/GRF24.zip,2026-09-07
31091,GA,Dooly County Schools,Rural Middle Georgia,traditional,census_zcta_lea,medium,,"no open CCD school campus in this ZIP for this LEA; ZCTA∩LEA land from NCES EDGE GRF24; multi-LEA ZCTA; also Houston County Schools, Pulaski County Schools; census land≈87.20 sq mi (95% of LEA land in ZCTA)",https://nces.ed.gov/programs/edge/Geographic/RelationshipFiles|https://nces.ed.gov/programs/edge/data/GRF24.zip,2026-09-07
31091,GA,Houston County Schools,Warner Robins,traditional,census_zcta_lea,medium,,"no open CCD school campus in this ZIP for this LEA; ZCTA∩LEA land from NCES EDGE GRF24; multi-LEA ZCTA; also Dooly County Schools, Pulaski County Schools; census land≈2.30 sq mi (2% of LEA land in ZCTA); small land share in ZCTA — possible city/county edge",https://nces.ed.gov/programs/edge/Geographic/RelationshipFiles|https://nces.ed.gov/programs/edge/data/GRF24.zip,2026-09-07
31091,GA,Pulaski County Schools,Rural Middle Georgia,traditional,census_zcta_lea,medium,,"no open CCD school campus in this ZIP for this LEA; ZCTA∩LEA land from NCES EDGE GRF24; multi-LEA ZCTA; also Dooly County Schools, Houston County Schools; census land≈2.50 sq mi (3% of LEA land in ZCTA); small land share in ZCTA — possible city/county edge",https://nces.ed.gov/programs/edge/Geographic/RelationshipFiles|https://nces.ed.gov/programs/edge/data/GRF24.zip,2026-09-07
31092,GA,Crisp County Schools,Cordele,traditional,census_zcta_lea,medium,,"no open CCD school campus in this ZIP for this LEA; ZCTA∩LEA land from NCES EDGE GRF24; multi-LEA ZCTA; also Dooly County Schools, Wilcox County Schools; census land≈10.10 sq mi (5% of LEA land in ZCTA); small land share in ZCTA — possible city/county edge",https://nces.ed.gov/programs/edge/Geographic/RelationshipFiles|https://nces.ed.gov/programs/edge/data/GRF24.zip,2026-09-07
31092,GA,Dooly County Schools,Rural Middle Georgia,traditional,ccd_school_zip,high,2,"multi-LEA ZCTA; also Crisp County Schools, Wilcox County Schools; census land≈171.75 sq mi (91% of LEA land in ZCTA)",https://educationdata.urban.org/api/v1/school-districts/ccd/directory/|https://nces.ed.gov/ccd/|https://nces.ed.gov/programs/edge/Geographic/RelationshipFiles|https://nces.ed.gov/programs/edge/data/GRF24.zip,2026-09-07
31092,GA,Wilcox County Schools,Rural South Georgia,traditional,census_zcta_lea,medium,,"no open CCD school campus in this ZIP for this LEA; ZCTA∩LEA land from NCES EDGE GRF24; multi-LEA ZCTA; also Crisp County Schools, Dooly County Schools; census land≈6.33 sq mi (3% of LEA land in ZCTA); small land share in ZCTA — possible city/county edge",https://nces.ed.gov/programs/edge/Geographic/RelationshipFiles|https://nces.ed.gov/programs/edge/data/GRF24.zip,2026-09-07
31093,GA,Houston County Schools,Warner Robins,traditional,ccd_school_zip,high,5,,https://educationdata.urban.org/api/v1/school-districts/ccd/directory/|https://nces.ed.gov/ccd/,2026-09-07
31094,GA,Washington County Schools,Rural Middle Georgia,traditional,census_zcta_lea,medium,,no open CCD school campus in this ZIP for this LEA; ZCTA∩LEA land from NCES EDGE GRF24; census land≈111.50 sq mi in ZCTA,https://nces.ed.gov/programs/edge/Geographic/RelationshipFiles|https://nces.ed.gov/programs/edge/data/GRF24.zip,2026-09-07
31096,GA,Johnson County Schools,Dublin,traditional,ccd_school_zip,high,3,"multi-LEA ZCTA; also Laurens County Schools, Washington County Schools; census land≈160.42 sq mi (89% of LEA land in ZCTA)",https://educationdata.urban.org/api/v1/school-districts/ccd/directory/|https://nces.ed.gov/ccd/|https://nces.ed.gov/programs/edge/Geographic/RelationshipFiles|https://nces.ed.gov/programs/edge/data/GRF24.zip,2026-09-07
31096,GA,Laurens County Schools,Dublin,traditional,census_zcta_lea,medium,,"no open CCD school campus in this ZIP for this LEA; ZCTA∩LEA land from NCES EDGE GRF24; multi-LEA ZCTA; also Johnson County Schools, Washington County Schools; census land≈7.84 sq mi (4% of LEA land in ZCTA); small land share in ZCTA — possible city/county edge",https://nces.ed.gov/programs/edge/Geographic/RelationshipFiles|https://nces.ed.gov/programs/edge/data/GRF24.zip,2026-09-07
31096,GA,Washington County Schools,Rural Middle Georgia,traditional,census_zcta_lea,medium,,"no open CCD school campus in this ZIP for this LEA; ZCTA∩LEA land from NCES EDGE GRF24; multi-LEA ZCTA; also Johnson County Schools, Laurens County Schools; census land≈12.52 sq mi (7% of LEA land in ZCTA); small land share in ZCTA — possible city/county edge",https://nces.ed.gov/programs/edge/Geographic/RelationshipFiles|https://nces.ed.gov/programs/edge/data/GRF24.zip,2026-09-07
31097,GA,Lamar County Schools,Rural Middle Georgia,traditional,census_zcta_lea,medium,,"no open CCD school campus in this ZIP for this LEA; ZCTA∩LEA land from NCES EDGE GRF24; multi-LEA ZCTA; also Monroe County Schools, Thomaston-Upson County Schools; census land≈6.13 sq mi (11% of LEA land in ZCTA); small land share in ZCTA — possible city/county edge",https://nces.ed.gov/programs/edge/Geographic/RelationshipFiles|https://nces.ed.gov/programs/edge/data/GRF24.zip,2026-09-07
31097,GA,Monroe County Schools,Macon,traditional,census_zcta_lea,medium,,"no open CCD school campus in this ZIP for this LEA; ZCTA∩LEA land from NCES EDGE GRF24; multi-LEA ZCTA; also Lamar County Schools, Thomaston-Upson County Schools; census land≈0.90 sq mi (2% of LEA land in ZCTA); small land share in ZCTA — possible city/county edge",https://nces.ed.gov/programs/edge/Geographic/RelationshipFiles|https://nces.ed.gov/programs/edge/data/GRF24.zip,2026-09-07
31097,GA,Thomaston-Upson County Schools,Thomaston,traditional,census_zcta_lea,medium,,"no open CCD school campus in this ZIP for this LEA; ZCTA∩LEA land from NCES EDGE GRF24; multi-LEA ZCTA; also Lamar County Schools, Monroe County Schools; census land≈46.46 sq mi (87% of LEA land in ZCTA)",https://nces.ed.gov/programs/edge/Geographic/RelationshipFiles|https://nces.ed.gov/programs/edge/data/GRF24.zip,2026-09-07
31098,GA,Houston County Schools,Warner Robins,traditional,ccd_school_zip,high,1,,https://educationdata.urban.org/api/v1/school-districts/ccd/directory/|https://nces.ed.gov/ccd/,2026-09-07
31201,GA,Bibb County Schools,Macon,traditional,ccd_school_zip,high,2,,https://educationdata.urban.org/api/v1/school-districts/ccd/directory/|https://nces.ed.gov/ccd/,2026-09-07
31204,GA,Bibb County Schools,Macon,traditional,ccd_school_zip,high,11,multi-LEA zip; also Cirrus Academy Charter School,https://educationdata.urban.org/api/v1/school-districts/ccd/directory/|https://nces.ed.gov/ccd/,2026-09-07
31204,GA,Cirrus Academy Charter School,Macon,charter,ccd_school_zip,high,1,charter campus ZIP (choice school; not an attendance-zone claim); multi-LEA zip; also Bibb County Schools,https://educationdata.urban.org/api/v1/school-districts/ccd/directory/|https://nces.ed.gov/ccd/,2026-09-07
31206,GA,Bibb County Schools,Macon,traditional,ccd_school_zip,high,5,,https://educationdata.urban.org/api/v1/school-districts/ccd/directory/|https://nces.ed.gov/ccd/,2026-09-07
31207,GA,Bibb County Schools,Macon,traditional,census_zcta_lea,medium,,no open CCD school campus in this ZIP for this LEA; ZCTA∩LEA land from NCES EDGE GRF24; census land≈0.19 sq mi in ZCTA; small land share in ZCTA — possible city/county edge,https://nces.ed.gov/programs/edge/Geographic/RelationshipFiles|https://nces.ed.gov/programs/edge/data/GRF24.zip,2026-09-07
31210,GA,Bibb County Schools,Macon,traditional,ccd_school_zip,high,6,multi-LEA ZCTA; also Monroe County Schools; census land≈31.09 sq mi (75% of LEA land in ZCTA),https://educationdata.urban.org/api/v1/school-districts/ccd/directory/|https://nces.ed.gov/ccd/|https://nces.ed.gov/programs/edge/Geographic/RelationshipFiles|https://nces.ed.gov/programs/edge/data/GRF24.zip,2026-09-07
31210,GA,Monroe County Schools,Macon,traditional,census_zcta_lea,medium,,no open CCD school campus in this ZIP for this LEA; ZCTA∩LEA land from NCES EDGE GRF24; multi-LEA ZCTA; also Bibb County Schools; census land≈10.25 sq mi (25% of LEA land in ZCTA),https://nces.ed.gov/programs/edge/Geographic/RelationshipFiles|https://nces.ed.gov/programs/edge/data/GRF24.zip,2026-09-07
31210,GA,Academy for Classical Education,Macon,charter,ccd_school_zip,high,1,"charter campus ZIP (choice school; not an attendance-zone claim); multi-LEA zip; also Bibb County Schools, Monroe County Schools",https://educationdata.urban.org/api/v1/school-districts/ccd/directory/|https://nces.ed.gov/ccd/,2026-09-07
31211,GA,Bibb County Schools,Macon,traditional,ccd_school_zip,high,3,multi-LEA ZCTA; also Jones County Schools; census land≈8.12 sq mi (18% of LEA land in ZCTA),https://educationdata.urban.org/api/v1/school-districts/ccd/directory/|https://nces.ed.gov/ccd/|https://nces.ed.gov/programs/edge/Geographic/RelationshipFiles|https://nces.ed.gov/programs/edge/data/GRF24.zip,2026-09-07
31211,GA,Jones County Schools,Macon,traditional,ccd_school_zip,high,1,multi-LEA ZCTA; also Bibb County Schools; census land≈36.21 sq mi (82% of LEA land in ZCTA),https://educationdata.urban.org/api/v1/school-districts/ccd/directory/|https://nces.ed.gov/ccd/|https://nces.ed.gov/programs/edge/Geographic/RelationshipFiles|https://nces.ed.gov/programs/edge/data/GRF24.zip,2026-09-07
31213,GA,Bibb County Schools,Macon,traditional,census_zcta_lea,medium,,no open CCD school campus in this ZIP for this LEA; ZCTA∩LEA land from NCES EDGE GRF24; census land≈0.01 sq mi in ZCTA; small land share in ZCTA — possible city/county edge,https://nces.ed.gov/programs/edge/Geographic/RelationshipFiles|https://nces.ed.gov/programs/edge/data/GRF24.zip,2026-09-07
31216,GA,Bibb County Schools,Macon,traditional,ccd_school_zip,high,4,,https://educationdata.urban.org/api/v1/school-districts/ccd/directory/|https://nces.ed.gov/ccd/,2026-09-07
31217,GA,Bibb County Schools,Macon,traditional,ccd_school_zip,high,2,"multi-LEA ZCTA; also Jones County Schools, Twiggs County Schools; census land≈32.49 sq mi (30% of LEA land in ZCTA)",https://educationdata.urban.org/api/v1/school-districts/ccd/directory/|https://nces.ed.gov/ccd/|https://nces.ed.gov/programs/edge/Geographic/RelationshipFiles|https://nces.ed.gov/programs/edge/data/GRF24.zip,2026-09-07
31217,GA,Jones County Schools,Macon,traditional,ccd_school_zip,high,1,"multi-LEA ZCTA; also Bibb County Schools, Twiggs County Schools; census land≈43.15 sq mi (40% of LEA land in ZCTA)",https://educationdata.urban.org/api/v1/school-districts/ccd/directory/|https://nces.ed.gov/ccd/|https://nces.ed.gov/programs/edge/Geographic/RelationshipFiles|https://nces.ed.gov/programs/edge/data/GRF24.zip,2026-09-07
31217,GA,Twiggs County Schools,Macon,traditional,census_zcta_lea,medium,,"no open CCD school campus in this ZIP for this LEA; ZCTA∩LEA land from NCES EDGE GRF24; multi-LEA ZCTA; also Bibb County Schools, Jones County Schools; census land≈32.13 sq mi (30% of LEA land in ZCTA)",https://nces.ed.gov/programs/edge/Geographic/RelationshipFiles|https://nces.ed.gov/programs/edge/data/GRF24.zip,2026-09-07
31220,GA,Bibb County Schools,Macon,traditional,ccd_school_zip,high,1,multi-LEA ZCTA; also Monroe County Schools; census land≈26.39 sq mi (55% of LEA land in ZCTA),https://educationdata.urban.org/api/v1/school-districts/ccd/directory/|https://nces.ed.gov/ccd/|https://nces.ed.gov/programs/edge/Geographic/RelationshipFiles|https://nces.ed.gov/programs/edge/data/GRF24.zip,2026-09-07
31220,GA,Monroe County Schools,Macon,traditional,census_zcta_lea,medium,,no open CCD school campus in this ZIP for this LEA; ZCTA∩LEA land from NCES EDGE GRF24; multi-LEA ZCTA; also Bibb County Schools; census land≈21.89 sq mi (45% of LEA land in ZCTA),https://nces.ed.gov/programs/edge/Geographic/RelationshipFiles|https://nces.ed.gov/programs/edge/data/GRF24.zip,2026-09-07
31301,GA,Liberty County Schools,Hinesville,traditional,census_zcta_lea,medium,,no open CCD school campus in this ZIP for this LEA; ZCTA∩LEA land from NCES EDGE GRF24; multi-LEA ZCTA; also Long County Schools; census land≈10.12 sq mi (57% of LEA land in ZCTA),https://nces.ed.gov/programs/edge/Geographic/RelationshipFiles|https://nces.ed.gov/programs/edge/data/GRF24.zip,2026-09-07
31301,GA,Long County Schools,Hinesville,traditional,census_zcta_lea,medium,,no open CCD school campus in this ZIP for this LEA; ZCTA∩LEA land from NCES EDGE GRF24; multi-LEA ZCTA; also Liberty County Schools; census land≈7.52 sq mi (43% of LEA land in ZCTA),https://nces.ed.gov/programs/edge/Geographic/RelationshipFiles|https://nces.ed.gov/programs/edge/data/GRF24.zip,2026-09-07
31302,GA,Effingham County Schools,Savannah,traditional,census_zcta_lea,medium,,no open CCD school campus in this ZIP for this LEA; ZCTA∩LEA land from NCES EDGE GRF24; multi-LEA ZCTA; also Savannah-Chatham County Public School System; census land≈17.30 sq mi (41% of LEA land in ZCTA),https://nces.ed.gov/programs/edge/Geographic/RelationshipFiles|https://nces.ed.gov/programs/edge/data/GRF24.zip,2026-09-07
31302,GA,Savannah-Chatham County Public School System,Savannah,traditional,ccd_school_zip,high,3,multi-LEA ZCTA; also Effingham County Schools; census land≈24.63 sq mi (59% of LEA land in ZCTA),https://educationdata.urban.org/api/v1/school-districts/ccd/directory/|https://nces.ed.gov/ccd/|https://nces.ed.gov/programs/edge/Geographic/RelationshipFiles|https://nces.ed.gov/programs/edge/data/GRF24.zip,2026-09-07
31303,GA,Effingham County Schools,Savannah,traditional,census_zcta_lea,medium,,no open CCD school campus in this ZIP for this LEA; ZCTA∩LEA land from NCES EDGE GRF24; census land≈81.46 sq mi in ZCTA,https://nces.ed.gov/programs/edge/Geographic/RelationshipFiles|https://nces.ed.gov/programs/edge/data/GRF24.zip,2026-09-07
31305,GA,McIntosh County Schools,Brunswick,traditional,ccd_school_zip,high,3,,https://educationdata.urban.org/api/v1/school-districts/ccd/directory/|https://nces.ed.gov/ccd/,2026-09-07
31307,GA,Effingham County Schools,Savannah,traditional,census_zcta_lea,medium,,no open CCD school campus in this ZIP for this LEA; ZCTA∩LEA land from NCES EDGE GRF24; census land≈4.71 sq mi in ZCTA,https://nces.ed.gov/programs/edge/Geographic/RelationshipFiles|https://nces.ed.gov/programs/edge/data/GRF24.zip,2026-09-07
31308,GA,Bryan County Schools,Savannah,traditional,census_zcta_lea,medium,,no open CCD school campus in this ZIP for this LEA; ZCTA∩LEA land from NCES EDGE GRF24; multi-LEA ZCTA; also Bulloch County Schools; census land≈67.93 sq mi (80% of LEA land in ZCTA),https://nces.ed.gov/programs/edge/Geographic/RelationshipFiles|https://nces.ed.gov/programs/edge/data/GRF24.zip,2026-09-07
31308,GA,Bulloch County Schools,Statesboro,traditional,census_zcta_lea,medium,,no open CCD school campus in this ZIP for this LEA; ZCTA∩LEA land from NCES EDGE GRF24; multi-LEA ZCTA; also Bryan County Schools; census land≈16.46 sq mi (20% of LEA land in ZCTA),https://nces.ed.gov/programs/edge/Geographic/RelationshipFiles|https://nces.ed.gov/programs/edge/data/GRF24.zip,2026-09-07
31309,GA,Liberty County Schools,Hinesville,traditional,census_zcta_lea,medium,,no open CCD school campus in this ZIP for this LEA; ZCTA∩LEA land from NCES EDGE GRF24; census land≈29.15 sq mi in ZCTA,https://nces.ed.gov/programs/edge/Geographic/RelationshipFiles|https://nces.ed.gov/programs/edge/data/GRF24.zip,2026-09-07
31312,GA,Effingham County Schools,Savannah,traditional,ccd_school_zip,high,7,,https://educationdata.urban.org/api/v1/school-districts/ccd/directory/|https://nces.ed.gov/ccd/,2026-09-07
31313,GA,Liberty County Schools,Hinesville,traditional,ccd_school_zip,high,10,multi-LEA ZCTA; also Long County Schools; census land≈59.34 sq mi (97% of LEA land in ZCTA),https://educationdata.urban.org/api/v1/school-districts/ccd/directory/|https://nces.ed.gov/ccd/|https://nces.ed.gov/programs/edge/Geographic/RelationshipFiles|https://nces.ed.gov/programs/edge/data/GRF24.zip,2026-09-07
31313,GA,Long County Schools,Hinesville,traditional,census_zcta_lea,medium,,no open CCD school campus in this ZIP for this LEA; ZCTA∩LEA land from NCES EDGE GRF24; multi-LEA ZCTA; also Liberty County Schools; census land≈1.78 sq mi (3% of LEA land in ZCTA); small land share in ZCTA — possible city/county edge,https://nces.ed.gov/programs/edge/Geographic/RelationshipFiles|https://nces.ed.gov/programs/edge/data/GRF24.zip,2026-09-07
31316,GA,Liberty County Schools,Hinesville,traditional,census_zcta_lea,low,,no open CCD school campus in this ZIP for this LEA; ZCTA∩LEA land from NCES EDGE GRF24; multi-LEA ZCTA; also Long County Schools; census land≈0.07 sq mi (0% of LEA land in ZCTA); tiny land sliver — boundary edge; verify before routing parents solely here,https://nces.ed.gov/programs/edge/Geographic/RelationshipFiles|https://nces.ed.gov/programs/edge/data/GRF24.zip,2026-09-07
31316,GA,Long County Schools,Hinesville,traditional,ccd_school_zip,high,4,multi-LEA ZCTA; also Liberty County Schools; census land≈286.51 sq mi (100% of LEA land in ZCTA),https://educationdata.urban.org/api/v1/school-districts/ccd/directory/|https://nces.ed.gov/ccd/|https://nces.ed.gov/programs/edge/Geographic/RelationshipFiles|https://nces.ed.gov/programs/edge/data/GRF24.zip,2026-09-07
31318,GA,Effingham County Schools,Savannah,traditional,census_zcta_lea,medium,,no open CCD school campus in this ZIP for this LEA; ZCTA∩LEA land from NCES EDGE GRF24; census land≈2.59 sq mi in ZCTA,https://nces.ed.gov/programs/edge/Geographic/RelationshipFiles|https://nces.ed.gov/programs/edge/data/GRF24.zip,2026-09-07
31320,GA,Liberty County Schools,Hinesville,traditional,ccd_school_zip,high,2,,https://educationdata.urban.org/api/v1/school-districts/ccd/directory/|https://nces.ed.gov/ccd/,2026-09-07
31321,GA,Bryan County Schools,Savannah,traditional,ccd_school_zip,high,3,multi-LEA ZCTA; also Bulloch County Schools; census land≈72.03 sq mi (50% of LEA land in ZCTA),https://educationdata.urban.org/api/v1/school-districts/ccd/directory/|https://nces.ed.gov/ccd/|https://nces.ed.gov/programs/edge/Geographic/RelationshipFiles|https://nces.ed.gov/programs/edge/data/GRF24.zip,2026-09-07
31321,GA,Bulloch County Schools,Statesboro,traditional,census_zcta_lea,medium,,no open CCD school campus in this ZIP for this LEA; ZCTA∩LEA land from NCES EDGE GRF24; multi-LEA ZCTA; also Bryan County Schools; census land≈71.10 sq mi (50% of LEA land in ZCTA),https://nces.ed.gov/programs/edge/Geographic/RelationshipFiles|https://nces.ed.gov/programs/edge/data/GRF24.zip,2026-09-07
31322,GA,Savannah-Chatham County Public School System,Savannah,traditional,ccd_school_zip,high,3,,https://educationdata.urban.org/api/v1/school-districts/ccd/directory/|https://nces.ed.gov/ccd/,2026-09-07
31323,GA,Liberty County Schools,Hinesville,traditional,census_zcta_lea,medium,,"no open CCD school campus in this ZIP for this LEA; ZCTA∩LEA land from NCES EDGE GRF24; multi-LEA ZCTA; also Long County Schools, McIntosh County Schools; census land≈83.79 sq mi (54% of LEA land in ZCTA)",https://nces.ed.gov/programs/edge/Geographic/RelationshipFiles|https://nces.ed.gov/programs/edge/data/GRF24.zip,2026-09-07
31323,GA,Long County Schools,Hinesville,traditional,census_zcta_lea,medium,,"no open CCD school campus in this ZIP for this LEA; ZCTA∩LEA land from NCES EDGE GRF24; multi-LEA ZCTA; also Liberty County Schools, McIntosh County Schools; census land≈21.63 sq mi (14% of LEA land in ZCTA); small land share in ZCTA — possible city/county edge",https://nces.ed.gov/programs/edge/Geographic/RelationshipFiles|https://nces.ed.gov/programs/edge/data/GRF24.zip,2026-09-07
31323,GA,McIntosh County Schools,Brunswick,traditional,census_zcta_lea,medium,,"no open CCD school campus in this ZIP for this LEA; ZCTA∩LEA land from NCES EDGE GRF24; multi-LEA ZCTA; also Liberty County Schools, Long County Schools; census land≈49.59 sq mi (32% of LEA land in ZCTA)",https://nces.ed.gov/programs/edge/Geographic/RelationshipFiles|https://nces.ed.gov/programs/edge/data/GRF24.zip,2026-09-07
31324,GA,Bryan County Schools,Savannah,traditional,ccd_school_zip,high,7,multi-LEA ZCTA; also Liberty County Schools; census land≈128.17 sq mi (100% of LEA land in ZCTA),https://educationdata.urban.org/api/v1/school-districts/ccd/directory/|https://nces.ed.gov/ccd/|https://nces.ed.gov/programs/edge/Geographic/RelationshipFiles|https://nces.ed.gov/programs/edge/data/GRF24.zip,2026-09-07
31324,GA,Liberty County Schools,Hinesville,traditional,census_zcta_lea,low,,no open CCD school campus in this ZIP for this LEA; ZCTA∩LEA land from NCES EDGE GRF24; multi-LEA ZCTA; also Bryan County Schools; census land≈0.11 sq mi (0% of LEA land in ZCTA); tiny land sliver — boundary edge; verify before routing parents solely here,https://nces.ed.gov/programs/edge/Geographic/RelationshipFiles|https://nces.ed.gov/programs/edge/data/GRF24.zip,2026-09-07
31326,GA,Effingham County Schools,Savannah,traditional,ccd_school_zip,high,4,,https://educationdata.urban.org/api/v1/school-districts/ccd/directory/|https://nces.ed.gov/ccd/,2026-09-07
31327,GA,McIntosh County Schools,Brunswick,traditional,census_zcta_lea,medium,,no open CCD school campus in this ZIP for this LEA; ZCTA∩LEA land from NCES EDGE GRF24; census land≈19.62 sq mi in ZCTA,https://nces.ed.gov/programs/edge/Geographic/RelationshipFiles|https://nces.ed.gov/programs/edge/data/GRF24.zip,2026-09-07
31328,GA,Savannah-Chatham County Public School System,Savannah,traditional,ccd_school_zip,high,1,,https://educationdata.urban.org/api/v1/school-districts/ccd/directory/|https://nces.ed.gov/ccd/,2026-09-07
31329,GA,Effingham County Schools,Savannah,traditional,ccd_school_zip,high,2,,https://educationdata.urban.org/api/v1/school-districts/ccd/directory/|https://nces.ed.gov/ccd/,2026-09-07
31331,GA,McIntosh County Schools,Brunswick,traditional,census_zcta_lea,medium,,no open CCD school campus in this ZIP for this LEA; ZCTA∩LEA land from NCES EDGE GRF24; census land≈284.25 sq mi in ZCTA,https://nces.ed.gov/programs/edge/Geographic/RelationshipFiles|https://nces.ed.gov/programs/edge/data/GRF24.zip,2026-09-07
31333,GA,Liberty County Schools,Hinesville,traditional,census_zcta_lea,medium,,no open CCD school campus in this ZIP for this LEA; ZCTA∩LEA land from NCES EDGE GRF24; census land≈0.07 sq mi in ZCTA; small land share in ZCTA — possible city/county edge,https://nces.ed.gov/programs/edge/Geographic/RelationshipFiles|https://nces.ed.gov/programs/edge/data/GRF24.zip,2026-09-07
31401,GA,Savannah-Chatham County Public School System,Savannah,traditional,ccd_school_zip,high,6,,https://educationdata.urban.org/api/v1/school-districts/ccd/directory/|https://nces.ed.gov/ccd/,2026-09-07
31404,GA,Savannah-Chatham County Public School System,Savannah,traditional,ccd_school_zip,high,7,,https://educationdata.urban.org/api/v1/school-districts/ccd/directory/|https://nces.ed.gov/ccd/,2026-09-07
31405,GA,Savannah-Chatham County Public School System,Savannah,traditional,ccd_school_zip,high,11,,https://educationdata.urban.org/api/v1/school-districts/ccd/directory/|https://nces.ed.gov/ccd/,2026-09-07
31406,GA,Savannah-Chatham County Public School System,Savannah,traditional,ccd_school_zip,high,8,,https://educationdata.urban.org/api/v1/school-districts/ccd/directory/|https://nces.ed.gov/ccd/,2026-09-07
31407,GA,Savannah-Chatham County Public School System,Savannah,traditional,ccd_school_zip,high,2,,https://educationdata.urban.org/api/v1/school-districts/ccd/directory/|https://nces.ed.gov/ccd/,2026-09-07
31408,GA,Savannah-Chatham County Public School System,Savannah,traditional,ccd_school_zip,high,4,,https://educationdata.urban.org/api/v1/school-districts/ccd/directory/|https://nces.ed.gov/ccd/,2026-09-07
31409,GA,Savannah-Chatham County Public School System,Savannah,traditional,census_zcta_lea,medium,,no open CCD school campus in this ZIP for this LEA; ZCTA∩LEA land from NCES EDGE GRF24; census land≈6.74 sq mi in ZCTA,https://nces.ed.gov/programs/edge/Geographic/RelationshipFiles|https://nces.ed.gov/programs/edge/data/GRF24.zip,2026-09-07
31410,GA,Savannah-Chatham County Public School System,Savannah,traditional,ccd_school_zip,high,4,,https://educationdata.urban.org/api/v1/school-districts/ccd/directory/|https://nces.ed.gov/ccd/,2026-09-07
31411,GA,Savannah-Chatham County Public School System,Savannah,traditional,census_zcta_lea,medium,,no open CCD school campus in this ZIP for this LEA; ZCTA∩LEA land from NCES EDGE GRF24; census land≈22.48 sq mi in ZCTA,https://nces.ed.gov/programs/edge/Geographic/RelationshipFiles|https://nces.ed.gov/programs/edge/data/GRF24.zip,2026-09-07
31415,GA,Savannah-Chatham County Public School System,Savannah,traditional,ccd_school_zip,high,3,,https://educationdata.urban.org/api/v1/school-districts/ccd/directory/|https://nces.ed.gov/ccd/,2026-09-07
31419,GA,Savannah-Chatham County Public School System,Savannah,traditional,ccd_school_zip,high,6,,https://educationdata.urban.org/api/v1/school-districts/ccd/directory/|https://nces.ed.gov/ccd/,2026-09-07
31421,GA,Savannah-Chatham County Public School System,Savannah,traditional,census_zcta_lea,medium,,no open CCD school campus in this ZIP for this LEA; ZCTA∩LEA land from NCES EDGE GRF24; census land≈1.53 sq mi in ZCTA,https://nces.ed.gov/programs/edge/Geographic/RelationshipFiles|https://nces.ed.gov/programs/edge/data/GRF24.zip,2026-09-07
31501,GA,Ware County Schools,Waycross,traditional,ccd_school_zip,high,3,,https://educationdata.urban.org/api/v1/school-districts/ccd/directory/|https://nces.ed.gov/ccd/,2026-09-07
31503,GA,Brantley County Schools,Brunswick,traditional,census_zcta_lea,medium,,"no open CCD school campus in this ZIP for this LEA; ZCTA∩LEA land from NCES EDGE GRF24; multi-LEA ZCTA; also Pierce County Schools, Ware County Schools; census land≈26.56 sq mi (8% of LEA land in ZCTA); small land share in ZCTA — possible city/county edge",https://nces.ed.gov/programs/edge/Geographic/RelationshipFiles|https://nces.ed.gov/programs/edge/data/GRF24.zip,2026-09-07
31503,GA,Pierce County Schools,Waycross,traditional,census_zcta_lea,medium,,"no open CCD school campus in this ZIP for this LEA; ZCTA∩LEA land from NCES EDGE GRF24; multi-LEA ZCTA; also Brantley County Schools, Ware County Schools; census land≈2.44 sq mi (1% of LEA land in ZCTA); small land share in ZCTA — possible city/county edge",https://nces.ed.gov/programs/edge/Geographic/RelationshipFiles|https://nces.ed.gov/programs/edge/data/GRF24.zip,2026-09-07
31503,GA,Ware County Schools,Waycross,traditional,ccd_school_zip,high,6,"multi-LEA ZCTA; also Brantley County Schools, Pierce County Schools; census land≈308.89 sq mi (91% of LEA land in ZCTA)",https://educationdata.urban.org/api/v1/school-districts/ccd/directory/|https://nces.ed.gov/ccd/|https://nces.ed.gov/programs/edge/Geographic/RelationshipFiles|https://nces.ed.gov/programs/edge/data/GRF24.zip,2026-09-07
31510,GA,Bacon County Schools,Rural SE Georgia,traditional,ccd_school_zip,high,4,multi-LEA ZCTA; also Pierce County Schools; census land≈199.52 sq mi (90% of LEA land in ZCTA),https://educationdata.urban.org/api/v1/school-districts/ccd/directory/|https://nces.ed.gov/ccd/|https://nces.ed.gov/programs/edge/Geographic/RelationshipFiles|https://nces.ed.gov/programs/edge/data/GRF24.zip,2026-09-07
31510,GA,Pierce County Schools,Waycross,traditional,census_zcta_lea,medium,,no open CCD school campus in this ZIP for this LEA; ZCTA∩LEA land from NCES EDGE GRF24; multi-LEA ZCTA; also Bacon County Schools; census land≈22.50 sq mi (10% of LEA land in ZCTA); small land share in ZCTA — possible city/county edge,https://nces.ed.gov/programs/edge/Geographic/RelationshipFiles|https://nces.ed.gov/programs/edge/data/GRF24.zip,2026-09-07
31512,GA,Coffee County Schools,Douglas,traditional,ccd_school_zip,high,1,,https://educationdata.urban.org/api/v1/school-districts/ccd/directory/|https://nces.ed.gov/ccd/,2026-09-07
31513,GA,Appling County Schools,Rural SE Georgia,traditional,ccd_school_zip,high,4,multi-LEA ZCTA; also Jeff Davis County Schools; census land≈327.10 sq mi (100% of LEA land in ZCTA),https://educationdata.urban.org/api/v1/school-districts/ccd/directory/|https://nces.ed.gov/ccd/|https://nces.ed.gov/programs/edge/Geographic/RelationshipFiles|https://nces.ed.gov/programs/edge/data/GRF24.zip,2026-09-07
31513,GA,Jeff Davis County Schools,Rural SE Georgia,traditional,census_zcta_lea,low,,no open CCD school campus in this ZIP for this LEA; ZCTA∩LEA land from NCES EDGE GRF24; multi-LEA ZCTA; also Appling County Schools; census land≈0.16 sq mi (0% of LEA land in ZCTA); tiny land sliver — boundary edge; verify before routing parents solely here,https://nces.ed.gov/programs/edge/Geographic/RelationshipFiles|https://nces.ed.gov/programs/edge/data/GRF24.zip,2026-09-07
31516,GA,Pierce County Schools,Waycross,traditional,ccd_school_zip,high,4,,https://educationdata.urban.org/api/v1/school-districts/ccd/directory/|https://nces.ed.gov/ccd/,2026-09-07
31518,GA,Appling County Schools,Rural SE Georgia,traditional,census_zcta_lea,medium,,"no open CCD school campus in this ZIP for this LEA; ZCTA∩LEA land from NCES EDGE GRF24; multi-LEA ZCTA; also Pierce County Schools, Wayne County Schools; census land≈26.73 sq mi (57% of LEA land in ZCTA)",https://nces.ed.gov/programs/edge/Geographic/RelationshipFiles|https://nces.ed.gov/programs/edge/data/GRF24.zip,2026-09-07
31518,GA,Pierce County Schools,Waycross,traditional,census_zcta_lea,medium,,"no open CCD school campus in this ZIP for this LEA; ZCTA∩LEA land from NCES EDGE GRF24; multi-LEA ZCTA; also Appling County Schools, Wayne County Schools; census land≈14.31 sq mi (31% of LEA land in ZCTA)",https://nces.ed.gov/programs/edge/Geographic/RelationshipFiles|https://nces.ed.gov/programs/edge/data/GRF24.zip,2026-09-07
31518,GA,Wayne County Schools,Jesup,traditional,census_zcta_lea,medium,,"no open CCD school campus in this ZIP for this LEA; ZCTA∩LEA land from NCES EDGE GRF24; multi-LEA ZCTA; also Appling County Schools, Pierce County Schools; census land≈5.50 sq mi (12% of LEA land in ZCTA); small land share in ZCTA — possible city/county edge",https://nces.ed.gov/programs/edge/Geographic/RelationshipFiles|https://nces.ed.gov/programs/edge/data/GRF24.zip,2026-09-07
31519,GA,Coffee County Schools,Douglas,traditional,ccd_school_zip,high,1,multi-LEA ZCTA; also Jeff Davis County Schools; census land≈110.32 sq mi (89% of LEA land in ZCTA),https://educationdata.urban.org/api/v1/school-districts/ccd/directory/|https://nces.ed.gov/ccd/|https://nces.ed.gov/programs/edge/Geographic/RelationshipFiles|https://nces.ed.gov/programs/edge/data/GRF24.zip,2026-09-07
31519,GA,Jeff Davis County Schools,Rural SE Georgia,traditional,census_zcta_lea,medium,,no open CCD school campus in this ZIP for this LEA; ZCTA∩LEA land from NCES EDGE GRF24; multi-LEA ZCTA; also Coffee County Schools; census land≈13.56 sq mi (11% of LEA land in ZCTA); small land share in ZCTA — possible city/county edge,https://nces.ed.gov/programs/edge/Geographic/RelationshipFiles|https://nces.ed.gov/programs/edge/data/GRF24.zip,2026-09-07
31520,GA,Glynn County Schools,Brunswick,traditional,ccd_school_zip,high,6,,https://educationdata.urban.org/api/v1/school-districts/ccd/directory/|https://nces.ed.gov/ccd/,2026-09-07
31522,GA,Glynn County Schools,Brunswick,traditional,ccd_school_zip,high,2,,https://educationdata.urban.org/api/v1/school-districts/ccd/directory/|https://nces.ed.gov/ccd/,2026-09-07
31523,GA,Glynn County Schools,Brunswick,traditional,ccd_school_zip,high,4,,https://educationdata.urban.org/api/v1/school-districts/ccd/directory/|https://nces.ed.gov/ccd/,2026-09-07
31524,GA,Glynn County Schools,Brunswick,traditional,census_zcta_lea,medium,,no open CCD school campus in this ZIP for this LEA; ZCTA∩LEA land from NCES EDGE GRF24; census land≈1.46 sq mi in ZCTA,https://nces.ed.gov/programs/edge/Geographic/RelationshipFiles|https://nces.ed.gov/programs/edge/data/GRF24.zip,2026-09-07
31525,GA,Glynn County Schools,Brunswick,traditional,ccd_school_zip,high,5,,https://educationdata.urban.org/api/v1/school-districts/ccd/directory/|https://nces.ed.gov/ccd/,2026-09-07
31527,GA,Glynn County Schools,Brunswick,traditional,census_zcta_lea,medium,,no open CCD school campus in this ZIP for this LEA; ZCTA∩LEA land from NCES EDGE GRF24; census land≈9.74 sq mi in ZCTA,https://nces.ed.gov/programs/edge/Geographic/RelationshipFiles|https://nces.ed.gov/programs/edge/data/GRF24.zip,2026-09-07
31532,GA,Jeff Davis County Schools,Rural SE Georgia,traditional,census_zcta_lea,medium,,no open CCD school campus in this ZIP for this LEA; ZCTA∩LEA land from NCES EDGE GRF24; census land≈47.08 sq mi in ZCTA,https://nces.ed.gov/programs/edge/Geographic/RelationshipFiles|https://nces.ed.gov/programs/edge/data/GRF24.zip,2026-09-07
31533,GA,Coffee County Schools,Douglas,traditional,ccd_school_zip,high,6,,https://educationdata.urban.org/api/v1/school-districts/ccd/directory/|https://nces.ed.gov/ccd/,2026-09-07
31535,GA,Coffee County Schools,Douglas,traditional,ccd_school_zip,high,2,,https://educationdata.urban.org/api/v1/school-districts/ccd/directory/|https://nces.ed.gov/ccd/,2026-09-07
31537,GA,Camden County Schools,Kingsland,traditional,census_zcta_lea,medium,,no open CCD school campus in this ZIP for this LEA; ZCTA∩LEA land from NCES EDGE GRF24; multi-LEA ZCTA; also Charlton County Schools; census land≈26.36 sq mi (5% of LEA land in ZCTA); small land share in ZCTA — possible city/county edge,https://nces.ed.gov/programs/edge/Geographic/RelationshipFiles|https://nces.ed.gov/programs/edge/data/GRF24.zip,2026-09-07
31537,GA,Charlton County Schools,Rural SE Georgia,traditional,ccd_school_zip,high,4,multi-LEA ZCTA; also Camden County Schools; census land≈518.46 sq mi (95% of LEA land in ZCTA),https://educationdata.urban.org/api/v1/school-districts/ccd/directory/|https://nces.ed.gov/ccd/|https://nces.ed.gov/programs/edge/Geographic/RelationshipFiles|https://nces.ed.gov/programs/edge/data/GRF24.zip,2026-09-07
31539,GA,Appling County Schools,Rural SE Georgia,traditional,census_zcta_lea,medium,,no open CCD school campus in this ZIP for this LEA; ZCTA∩LEA land from NCES EDGE GRF24; multi-LEA ZCTA; also Jeff Davis County Schools; census land≈5.63 sq mi (2% of LEA land in ZCTA); small land share in ZCTA — possible city/county edge,https://nces.ed.gov/programs/edge/Geographic/RelationshipFiles|https://nces.ed.gov/programs/edge/data/GRF24.zip,2026-09-07
31539,GA,Jeff Davis County Schools,Rural SE Georgia,traditional,ccd_school_zip,high,4,multi-LEA ZCTA; also Appling County Schools; census land≈270.11 sq mi (98% of LEA land in ZCTA),https://educationdata.urban.org/api/v1/school-districts/ccd/directory/|https://nces.ed.gov/ccd/|https://nces.ed.gov/programs/edge/Geographic/RelationshipFiles|https://nces.ed.gov/programs/edge/data/GRF24.zip,2026-09-07
31542,GA,Brantley County Schools,Brunswick,traditional,ccd_school_zip,high,1,,https://educationdata.urban.org/api/v1/school-districts/ccd/directory/|https://nces.ed.gov/ccd/,2026-09-07
31543,GA,Brantley County Schools,Brunswick,traditional,census_zcta_lea,medium,,"no open CCD school campus in this ZIP for this LEA; ZCTA∩LEA land from NCES EDGE GRF24; multi-LEA ZCTA; also Glynn County Schools, Wayne County Schools; census land≈82.87 sq mi (50% of LEA land in ZCTA)",https://nces.ed.gov/programs/edge/Geographic/RelationshipFiles|https://nces.ed.gov/programs/edge/data/GRF24.zip,2026-09-07
31543,GA,Glynn County Schools,Brunswick,traditional,census_zcta_lea,medium,,"no open CCD school campus in this ZIP for this LEA; ZCTA∩LEA land from NCES EDGE GRF24; multi-LEA ZCTA; also Brantley County Schools, Wayne County Schools; census land≈13.30 sq mi (8% of LEA land in ZCTA); small land share in ZCTA — possible city/county edge",https://nces.ed.gov/programs/edge/Geographic/RelationshipFiles|https://nces.ed.gov/programs/edge/data/GRF24.zip,2026-09-07
31543,GA,Wayne County Schools,Jesup,traditional,census_zcta_lea,medium,,"no open CCD school campus in this ZIP for this LEA; ZCTA∩LEA land from NCES EDGE GRF24; multi-LEA ZCTA; also Brantley County Schools, Glynn County Schools; census land≈68.64 sq mi (42% of LEA land in ZCTA)",https://nces.ed.gov/programs/edge/Geographic/RelationshipFiles|https://nces.ed.gov/programs/edge/data/GRF24.zip,2026-09-07
31544,GA,Telfair County Schools,Rural South Georgia,traditional,census_zcta_lea,medium,,no open CCD school campus in this ZIP for this LEA; ZCTA∩LEA land from NCES EDGE GRF24; census land≈102.99 sq mi in ZCTA,https://nces.ed.gov/programs/edge/Geographic/RelationshipFiles|https://nces.ed.gov/programs/edge/data/GRF24.zip,2026-09-07
31545,GA,Wayne County Schools,Jesup,traditional,ccd_school_zip,high,4,,https://educationdata.urban.org/api/v1/school-districts/ccd/directory/|https://nces.ed.gov/ccd/,2026-09-07
31546,GA,Wayne County Schools,Jesup,traditional,ccd_school_zip,high,2,,https://educationdata.urban.org/api/v1/school-districts/ccd/directory/|https://nces.ed.gov/ccd/,2026-09-07
31547,GA,Camden County Schools,Kingsland,traditional,census_zcta_lea,medium,,no open CCD school campus in this ZIP for this LEA; ZCTA∩LEA land from NCES EDGE GRF24; census land≈16.13 sq mi in ZCTA,https://nces.ed.gov/programs/edge/Geographic/RelationshipFiles|https://nces.ed.gov/programs/edge/data/GRF24.zip,2026-09-07
31548,GA,Camden County Schools,Kingsland,traditional,ccd_school_zip,high,5,,https://educationdata.urban.org/api/v1/school-districts/ccd/directory/|https://nces.ed.gov/ccd/,2026-09-07
31549,GA,Telfair County Schools,Rural South Georgia,traditional,census_zcta_lea,medium,,no open CCD school campus in this ZIP for this LEA; ZCTA∩LEA land from NCES EDGE GRF24; multi-LEA ZCTA; also Wheeler County Schools; census land≈66.52 sq mi (57% of LEA land in ZCTA),https://nces.ed.gov/programs/edge/Geographic/RelationshipFiles|https://nces.ed.gov/programs/edge/data/GRF24.zip,2026-09-07
31549,GA,Wheeler County Schools,Rural Middle Georgia,traditional,census_zcta_lea,medium,,no open CCD school campus in this ZIP for this LEA; ZCTA∩LEA land from NCES EDGE GRF24; multi-LEA ZCTA; also Telfair County Schools; census land≈51.10 sq mi (43% of LEA land in ZCTA),https://nces.ed.gov/programs/edge/Geographic/RelationshipFiles|https://nces.ed.gov/programs/edge/data/GRF24.zip,2026-09-07
31550,GA,Clinch County Schools,Rural SE Georgia,traditional,census_zcta_lea,medium,,no open CCD school campus in this ZIP for this LEA; ZCTA∩LEA land from NCES EDGE GRF24; multi-LEA ZCTA; also Ware County Schools; census land≈4.72 sq mi (8% of LEA land in ZCTA); small land share in ZCTA — possible city/county edge,https://nces.ed.gov/programs/edge/Geographic/RelationshipFiles|https://nces.ed.gov/programs/edge/data/GRF24.zip,2026-09-07
31550,GA,Ware County Schools,Waycross,traditional,census_zcta_lea,medium,,no open CCD school campus in this ZIP for this LEA; ZCTA∩LEA land from NCES EDGE GRF24; multi-LEA ZCTA; also Clinch County Schools; census land≈53.54 sq mi (92% of LEA land in ZCTA),https://nces.ed.gov/programs/edge/Geographic/RelationshipFiles|https://nces.ed.gov/programs/edge/data/GRF24.zip,2026-09-07
31551,GA,Bacon County Schools,Rural SE Georgia,traditional,census_zcta_lea,medium,,no open CCD school campus in this ZIP for this LEA; ZCTA∩LEA land from NCES EDGE GRF24; multi-LEA ZCTA; also Pierce County Schools; census land≈32.39 sq mi (48% of LEA land in ZCTA),https://nces.ed.gov/programs/edge/Geographic/RelationshipFiles|https://nces.ed.gov/programs/edge/data/GRF24.zip,2026-09-07
31551,GA,Pierce County Schools,Waycross,traditional,census_zcta_lea,medium,,no open CCD school campus in this ZIP for this LEA; ZCTA∩LEA land from NCES EDGE GRF24; multi-LEA ZCTA; also Bacon County Schools; census land≈35.67 sq mi (52% of LEA land in ZCTA),https://nces.ed.gov/programs/edge/Geographic/RelationshipFiles|https://nces.ed.gov/programs/edge/data/GRF24.zip,2026-09-07
31552,GA,Atkinson County Schools,Douglas,traditional,census_zcta_lea,medium,,"no open CCD school campus in this ZIP for this LEA; ZCTA∩LEA land from NCES EDGE GRF24; multi-LEA ZCTA; also Coffee County Schools, Ware County Schools; census land≈6.87 sq mi (7% of LEA land in ZCTA); small land share in ZCTA — possible city/county edge",https://nces.ed.gov/programs/edge/Geographic/RelationshipFiles|https://nces.ed.gov/programs/edge/data/GRF24.zip,2026-09-07
31552,GA,Coffee County Schools,Douglas,traditional,census_zcta_lea,medium,,"no open CCD school campus in this ZIP for this LEA; ZCTA∩LEA land from NCES EDGE GRF24; multi-LEA ZCTA; also Atkinson County Schools, Ware County Schools; census land≈3.12 sq mi (3% of LEA land in ZCTA); small land share in ZCTA — possible city/county edge",https://nces.ed.gov/programs/edge/Geographic/RelationshipFiles|https://nces.ed.gov/programs/edge/data/GRF24.zip,2026-09-07
31552,GA,Ware County Schools,Waycross,traditional,census_zcta_lea,medium,,"no open CCD school campus in this ZIP for this LEA; ZCTA∩LEA land from NCES EDGE GRF24; multi-LEA ZCTA; also Atkinson County Schools, Coffee County Schools; census land≈91.84 sq mi (90% of LEA land in ZCTA)",https://nces.ed.gov/programs/edge/Geographic/RelationshipFiles|https://nces.ed.gov/programs/edge/data/GRF24.zip,2026-09-07
31553,GA,Brantley County Schools,Brunswick,traditional,ccd_school_zip,high,4,multi-LEA ZCTA; also Charlton County Schools; census land≈182.86 sq mi (98% of LEA land in ZCTA),https://educationdata.urban.org/api/v1/school-districts/ccd/directory/|https://nces.ed.gov/ccd/|https://nces.ed.gov/programs/edge/Geographic/RelationshipFiles|https://nces.ed.gov/programs/edge/data/GRF24.zip,2026-09-07
31553,GA,Charlton County Schools,Rural SE Georgia,traditional,census_zcta_lea,medium,,no open CCD school campus in this ZIP for this LEA; ZCTA∩LEA land from NCES EDGE GRF24; multi-LEA ZCTA; also Brantley County Schools; census land≈3.58 sq mi (2% of LEA land in ZCTA); small land share in ZCTA — possible city/county edge,https://nces.ed.gov/programs/edge/Geographic/RelationshipFiles|https://nces.ed.gov/programs/edge/data/GRF24.zip,2026-09-07
31554,GA,Bacon County Schools,Rural SE Georgia,traditional,census_zcta_lea,medium,,"no open CCD school campus in this ZIP for this LEA; ZCTA∩LEA land from NCES EDGE GRF24; multi-LEA ZCTA; also Coffee County Schools, Ware County Schools; census land≈52.18 sq mi (23% of LEA land in ZCTA)",https://nces.ed.gov/programs/edge/Geographic/RelationshipFiles|https://nces.ed.gov/programs/edge/data/GRF24.zip,2026-09-07
31554,GA,Coffee County Schools,Douglas,traditional,ccd_school_zip,high,1,"multi-LEA ZCTA; also Bacon County Schools, Ware County Schools; census land≈116.00 sq mi (52% of LEA land in ZCTA)",https://educationdata.urban.org/api/v1/school-districts/ccd/directory/|https://nces.ed.gov/ccd/|https://nces.ed.gov/programs/edge/Geographic/RelationshipFiles|https://nces.ed.gov/programs/edge/data/GRF24.zip,2026-09-07
31554,GA,Ware County Schools,Waycross,traditional,census_zcta_lea,medium,,"no open CCD school campus in this ZIP for this LEA; ZCTA∩LEA land from NCES EDGE GRF24; multi-LEA ZCTA; also Bacon County Schools, Coffee County Schools; census land≈56.38 sq mi (25% of LEA land in ZCTA)",https://nces.ed.gov/programs/edge/Geographic/RelationshipFiles|https://nces.ed.gov/programs/edge/data/GRF24.zip,2026-09-07
31555,GA,Appling County Schools,Rural SE Georgia,traditional,census_zcta_lea,medium,,no open CCD school campus in this ZIP for this LEA; ZCTA∩LEA land from NCES EDGE GRF24; multi-LEA ZCTA; also Wayne County Schools; census land≈24.25 sq mi (17% of LEA land in ZCTA),https://nces.ed.gov/programs/edge/Geographic/RelationshipFiles|https://nces.ed.gov/programs/edge/data/GRF24.zip,2026-09-07
31555,GA,Wayne County Schools,Jesup,traditional,ccd_school_zip,high,1,multi-LEA ZCTA; also Appling County Schools; census land≈119.81 sq mi (83% of LEA land in ZCTA),https://educationdata.urban.org/api/v1/school-districts/ccd/directory/|https://nces.ed.gov/ccd/|https://nces.ed.gov/programs/edge/Geographic/RelationshipFiles|https://nces.ed.gov/programs/edge/data/GRF24.zip,2026-09-07
31556,GA,Pierce County Schools,Waycross,traditional,census_zcta_lea,medium,,no open CCD school campus in this ZIP for this LEA; ZCTA∩LEA land from NCES EDGE GRF24; census land≈0.11 sq mi in ZCTA; small land share in ZCTA — possible city/county edge,https://nces.ed.gov/programs/edge/Geographic/RelationshipFiles|https://nces.ed.gov/programs/edge/data/GRF24.zip,2026-09-07
31557,GA,Appling County Schools,Rural SE Georgia,traditional,census_zcta_lea,medium,,"no open CCD school campus in this ZIP for this LEA; ZCTA∩LEA land from NCES EDGE GRF24; multi-LEA ZCTA; also Brantley County Schools, Pierce County Schools; census land≈2.92 sq mi (3% of LEA land in ZCTA); small land share in ZCTA — possible city/county edge",https://nces.ed.gov/programs/edge/Geographic/RelationshipFiles|https://nces.ed.gov/programs/edge/data/GRF24.zip,2026-09-07
31557,GA,Brantley County Schools,Brunswick,traditional,census_zcta_lea,medium,,"no open CCD school campus in this ZIP for this LEA; ZCTA∩LEA land from NCES EDGE GRF24; multi-LEA ZCTA; also Appling County Schools, Pierce County Schools; census land≈4.43 sq mi (4% of LEA land in ZCTA); small land share in ZCTA — possible city/county edge",https://nces.ed.gov/programs/edge/Geographic/RelationshipFiles|https://nces.ed.gov/programs/edge/data/GRF24.zip,2026-09-07
31557,GA,Pierce County Schools,Waycross,traditional,ccd_school_zip,high,1,"multi-LEA ZCTA; also Appling County Schools, Brantley County Schools; census land≈105.89 sq mi (94% of LEA land in ZCTA)",https://educationdata.urban.org/api/v1/school-districts/ccd/directory/|https://nces.ed.gov/ccd/|https://nces.ed.gov/programs/edge/Geographic/RelationshipFiles|https://nces.ed.gov/programs/edge/data/GRF24.zip,2026-09-07
31558,GA,Camden County Schools,Kingsland,traditional,ccd_school_zip,high,5,,https://educationdata.urban.org/api/v1/school-districts/ccd/directory/|https://nces.ed.gov/ccd/,2026-09-07
31560,GA,Appling County Schools,Rural SE Georgia,traditional,census_zcta_lea,medium,,no open CCD school campus in this ZIP for this LEA; ZCTA∩LEA land from NCES EDGE GRF24; multi-LEA ZCTA; also Wayne County Schools; census land≈0.80 sq mi (1% of LEA land in ZCTA); small land share in ZCTA — possible city/county edge,https://nces.ed.gov/programs/edge/Geographic/RelationshipFiles|https://nces.ed.gov/programs/edge/data/GRF24.zip,2026-09-07
31560,GA,Wayne County Schools,Jesup,traditional,ccd_school_zip,high,1,multi-LEA ZCTA; also Appling County Schools; census land≈118.58 sq mi (99% of LEA land in ZCTA),https://educationdata.urban.org/api/v1/school-districts/ccd/directory/|https://nces.ed.gov/ccd/|https://nces.ed.gov/programs/edge/Geographic/RelationshipFiles|https://nces.ed.gov/programs/edge/data/GRF24.zip,2026-09-07
31561,GA,Glynn County Schools,Brunswick,traditional,census_zcta_lea,medium,,no open CCD school campus in this ZIP for this LEA; ZCTA∩LEA land from NCES EDGE GRF24; census land≈4.72 sq mi in ZCTA,https://nces.ed.gov/programs/edge/Geographic/RelationshipFiles|https://nces.ed.gov/programs/edge/data/GRF24.zip,2026-09-07
31562,GA,Charlton County Schools,Rural SE Georgia,traditional,census_zcta_lea,medium,,no open CCD school campus in this ZIP for this LEA; ZCTA∩LEA land from NCES EDGE GRF24; census land≈153.33 sq mi in ZCTA,https://nces.ed.gov/programs/edge/Geographic/RelationshipFiles|https://nces.ed.gov/programs/edge/data/GRF24.zip,2026-09-07
31563,GA,Appling County Schools,Rural SE Georgia,traditional,ccd_school_zip,high,1,,https://educationdata.urban.org/api/v1/school-districts/ccd/directory/|https://nces.ed.gov/ccd/,2026-09-07
31564,GA,Ware County Schools,Waycross,traditional,census_zcta_lea,medium,,no open CCD school campus in this ZIP for this LEA; ZCTA∩LEA land from NCES EDGE GRF24; census land≈0.04 sq mi in ZCTA; small land share in ZCTA — possible city/county edge,https://nces.ed.gov/programs/edge/Geographic/RelationshipFiles|https://nces.ed.gov/programs/edge/data/GRF24.zip,2026-09-07
31565,GA,Camden County Schools,Kingsland,traditional,census_zcta_lea,medium,,no open CCD school campus in this ZIP for this LEA; ZCTA∩LEA land from NCES EDGE GRF24; census land≈117.99 sq mi in ZCTA,https://nces.ed.gov/programs/edge/Geographic/RelationshipFiles|https://nces.ed.gov/programs/edge/data/GRF24.zip,2026-09-07
31566,GA,Brantley County Schools,Brunswick,traditional,ccd_school_zip,high,2,"multi-LEA ZCTA; also Camden County Schools, Glynn County Schools; census land≈51.65 sq mi (79% of LEA land in ZCTA)",https://educationdata.urban.org/api/v1/school-districts/ccd/directory/|https://nces.ed.gov/ccd/|https://nces.ed.gov/programs/edge/Geographic/RelationshipFiles|https://nces.ed.gov/programs/edge/data/GRF24.zip,2026-09-07
31566,GA,Camden County Schools,Kingsland,traditional,census_zcta_lea,medium,,"no open CCD school campus in this ZIP for this LEA; ZCTA∩LEA land from NCES EDGE GRF24; multi-LEA ZCTA; also Brantley County Schools, Glynn County Schools; census land≈4.58 sq mi (7% of LEA land in ZCTA); small land share in ZCTA — possible city/county edge",https://nces.ed.gov/programs/edge/Geographic/RelationshipFiles|https://nces.ed.gov/programs/edge/data/GRF24.zip,2026-09-07
31566,GA,Glynn County Schools,Brunswick,traditional,census_zcta_lea,medium,,"no open CCD school campus in this ZIP for this LEA; ZCTA∩LEA land from NCES EDGE GRF24; multi-LEA ZCTA; also Brantley County Schools, Camden County Schools; census land≈8.96 sq mi (14% of LEA land in ZCTA); small land share in ZCTA — possible city/county edge",https://nces.ed.gov/programs/edge/Geographic/RelationshipFiles|https://nces.ed.gov/programs/edge/data/GRF24.zip,2026-09-07
31567,GA,Coffee County Schools,Douglas,traditional,ccd_school_zip,high,1,,https://educationdata.urban.org/api/v1/school-districts/ccd/directory/|https://nces.ed.gov/ccd/,2026-09-07
31568,GA,Camden County Schools,Kingsland,traditional,census_zcta_lea,medium,,no open CCD school campus in this ZIP for this LEA; ZCTA∩LEA land from NCES EDGE GRF24; census land≈116.07 sq mi in ZCTA,https://nces.ed.gov/programs/edge/Geographic/RelationshipFiles|https://nces.ed.gov/programs/edge/data/GRF24.zip,2026-09-07
31569,GA,Camden County Schools,Kingsland,traditional,ccd_school_zip,high,2,,https://educationdata.urban.org/api/v1/school-districts/ccd/directory/|https://nces.ed.gov/ccd/,2026-09-07
31599,GA,Wayne County Schools,Jesup,traditional,census_zcta_lea,medium,,no open CCD school campus in this ZIP for this LEA; ZCTA∩LEA land from NCES EDGE GRF24; census land≈0.47 sq mi in ZCTA; small land share in ZCTA — possible city/county edge,https://nces.ed.gov/programs/edge/Geographic/RelationshipFiles|https://nces.ed.gov/programs/edge/data/GRF24.zip,2026-09-07
31601,GA,Brooks County Schools,Valdosta,traditional,census_zcta_lea,medium,,"no open CCD school campus in this ZIP for this LEA; ZCTA∩LEA land from NCES EDGE GRF24; multi-LEA ZCTA; also Lowndes County Schools, Valdosta City Schools; census land≈0.57 sq mi (0% of LEA land in ZCTA); small land share in ZCTA — possible city/county edge",https://nces.ed.gov/programs/edge/Geographic/RelationshipFiles|https://nces.ed.gov/programs/edge/data/GRF24.zip,2026-09-07
31601,GA,Lowndes County Schools,Valdosta,traditional,ccd_school_zip,high,5,"multi-LEA ZCTA; also Brooks County Schools, Valdosta City Schools; census land≈141.59 sq mi (89% of LEA land in ZCTA)",https://educationdata.urban.org/api/v1/school-districts/ccd/directory/|https://nces.ed.gov/ccd/|https://nces.ed.gov/programs/edge/Geographic/RelationshipFiles|https://nces.ed.gov/programs/edge/data/GRF24.zip,2026-09-07
31601,GA,Valdosta City Schools,Valdosta,traditional,ccd_school_zip,high,4,"multi-LEA ZCTA; also Brooks County Schools, Lowndes County Schools; census land≈16.49 sq mi (10% of LEA land in ZCTA)",https://educationdata.urban.org/api/v1/school-districts/ccd/directory/|https://nces.ed.gov/ccd/|https://nces.ed.gov/programs/edge/Geographic/RelationshipFiles|https://nces.ed.gov/programs/edge/data/GRF24.zip,2026-09-07
31602,GA,Brooks County Schools,Valdosta,traditional,census_zcta_lea,medium,,"no open CCD school campus in this ZIP for this LEA; ZCTA∩LEA land from NCES EDGE GRF24; multi-LEA ZCTA; also Lowndes County Schools, Valdosta City Schools; census land≈15.56 sq mi (39% of LEA land in ZCTA)",https://nces.ed.gov/programs/edge/Geographic/RelationshipFiles|https://nces.ed.gov/programs/edge/data/GRF24.zip,2026-09-07
31602,GA,Lowndes County Schools,Valdosta,traditional,census_zcta_lea,medium,,"no open CCD school campus in this ZIP for this LEA; ZCTA∩LEA land from NCES EDGE GRF24; multi-LEA ZCTA; also Brooks County Schools, Valdosta City Schools; census land≈11.85 sq mi (30% of LEA land in ZCTA)",https://nces.ed.gov/programs/edge/Geographic/RelationshipFiles|https://nces.ed.gov/programs/edge/data/GRF24.zip,2026-09-07
31602,GA,Valdosta City Schools,Valdosta,traditional,ccd_school_zip,high,3,"multi-LEA ZCTA; also Brooks County Schools, Lowndes County Schools; census land≈12.49 sq mi (31% of LEA land in ZCTA)",https://educationdata.urban.org/api/v1/school-districts/ccd/directory/|https://nces.ed.gov/ccd/|https://nces.ed.gov/programs/edge/Geographic/RelationshipFiles|https://nces.ed.gov/programs/edge/data/GRF24.zip,2026-09-07
31602,GA,Scintilla Charter Academy,Valdosta,charter,ccd_school_zip,high,1,"charter campus ZIP (choice school; not an attendance-zone claim); multi-LEA zip; also Brooks County Schools, Lowndes County Schools, Valdosta City Schools",https://educationdata.urban.org/api/v1/school-districts/ccd/directory/|https://nces.ed.gov/ccd/,2026-09-07
31605,GA,Lowndes County Schools,Valdosta,traditional,ccd_school_zip,high,3,multi-LEA ZCTA; also Valdosta City Schools; census land≈42.10 sq mi (86% of LEA land in ZCTA),https://educationdata.urban.org/api/v1/school-districts/ccd/directory/|https://nces.ed.gov/ccd/|https://nces.ed.gov/programs/edge/Geographic/RelationshipFiles|https://nces.ed.gov/programs/edge/data/GRF24.zip,2026-09-07
31605,GA,Valdosta City Schools,Valdosta,traditional,ccd_school_zip,high,1,multi-LEA ZCTA; also Lowndes County Schools; census land≈6.72 sq mi (14% of LEA land in ZCTA),https://educationdata.urban.org/api/v1/school-districts/ccd/directory/|https://nces.ed.gov/ccd/|https://nces.ed.gov/programs/edge/Geographic/RelationshipFiles|https://nces.ed.gov/programs/edge/data/GRF24.zip,2026-09-07
31606,GA,Echols County Schools,Valdosta,traditional,census_zcta_lea,medium,,"no open CCD school campus in this ZIP for this LEA; ZCTA∩LEA land from NCES EDGE GRF24; multi-LEA ZCTA; also Lowndes County Schools, Valdosta City Schools; census land≈2.74 sq mi (6% of LEA land in ZCTA); small land share in ZCTA — possible city/county edge",https://nces.ed.gov/programs/edge/Geographic/RelationshipFiles|https://nces.ed.gov/programs/edge/data/GRF24.zip,2026-09-07
31606,GA,Lowndes County Schools,Valdosta,traditional,census_zcta_lea,medium,,"no open CCD school campus in this ZIP for this LEA; ZCTA∩LEA land from NCES EDGE GRF24; multi-LEA ZCTA; also Echols County Schools, Valdosta City Schools; census land≈41.69 sq mi (94% of LEA land in ZCTA)",https://nces.ed.gov/programs/edge/Geographic/RelationshipFiles|https://nces.ed.gov/programs/edge/data/GRF24.zip,2026-09-07
31606,GA,Valdosta City Schools,Valdosta,traditional,census_zcta_lea,low,,"no open CCD school campus in this ZIP for this LEA; ZCTA∩LEA land from NCES EDGE GRF24; multi-LEA ZCTA; also Echols County Schools, Lowndes County Schools; census land≈0.14 sq mi (0% of LEA land in ZCTA); tiny land sliver — boundary edge; verify before routing parents solely here",https://nces.ed.gov/programs/edge/Geographic/RelationshipFiles|https://nces.ed.gov/programs/edge/data/GRF24.zip,2026-09-07
31620,GA,Cook County Schools,Rural South Georgia,traditional,ccd_school_zip,high,2,,https://educationdata.urban.org/api/v1/school-districts/ccd/directory/|https://nces.ed.gov/ccd/,2026-09-07
31622,GA,Berrien County Schools,Rural South Georgia,traditional,census_zcta_lea,medium,,no open CCD school campus in this ZIP for this LEA; ZCTA∩LEA land from NCES EDGE GRF24; census land≈120.36 sq mi in ZCTA,https://nces.ed.gov/programs/edge/Geographic/RelationshipFiles|https://nces.ed.gov/programs/edge/data/GRF24.zip,2026-09-07
31623,GA,Clinch County Schools,Rural SE Georgia,traditional,census_zcta_lea,medium,,no open CCD school campus in this ZIP for this LEA; ZCTA∩LEA land from NCES EDGE GRF24; census land≈0.63 sq mi in ZCTA; small land share in ZCTA — possible city/county edge,https://nces.ed.gov/programs/edge/Geographic/RelationshipFiles|https://nces.ed.gov/programs/edge/data/GRF24.zip,2026-09-07
31624,GA,Atkinson County Schools,Douglas,traditional,census_zcta_lea,medium,,"no open CCD school campus in this ZIP for this LEA; ZCTA∩LEA land from NCES EDGE GRF24; multi-LEA ZCTA; also Coffee County Schools, Ware County Schools; census land≈82.16 sq mi (87% of LEA land in ZCTA)",https://nces.ed.gov/programs/edge/Geographic/RelationshipFiles|https://nces.ed.gov/programs/edge/data/GRF24.zip,2026-09-07
31624,GA,Coffee County Schools,Douglas,traditional,census_zcta_lea,medium,,"no open CCD school campus in this ZIP for this LEA; ZCTA∩LEA land from NCES EDGE GRF24; multi-LEA ZCTA; also Atkinson County Schools, Ware County Schools; census land≈10.53 sq mi (11% of LEA land in ZCTA); small land share in ZCTA — possible city/county edge",https://nces.ed.gov/programs/edge/Geographic/RelationshipFiles|https://nces.ed.gov/programs/edge/data/GRF24.zip,2026-09-07
31624,GA,Ware County Schools,Waycross,traditional,census_zcta_lea,medium,,"no open CCD school campus in this ZIP for this LEA; ZCTA∩LEA land from NCES EDGE GRF24; multi-LEA ZCTA; also Atkinson County Schools, Coffee County Schools; census land≈1.52 sq mi (2% of LEA land in ZCTA); small land share in ZCTA — possible city/county edge",https://nces.ed.gov/programs/edge/Geographic/RelationshipFiles|https://nces.ed.gov/programs/edge/data/GRF24.zip,2026-09-07
31625,GA,Brooks County Schools,Valdosta,traditional,census_zcta_lea,medium,,no open CCD school campus in this ZIP for this LEA; ZCTA∩LEA land from NCES EDGE GRF24; census land≈57.96 sq mi in ZCTA,https://nces.ed.gov/programs/edge/Geographic/RelationshipFiles|https://nces.ed.gov/programs/edge/data/GRF24.zip,2026-09-07
31626,GA,Brooks County Schools,Valdosta,traditional,census_zcta_lea,medium,,no open CCD school campus in this ZIP for this LEA; ZCTA∩LEA land from NCES EDGE GRF24; multi-LEA ZCTA; also Thomas County Schools; census land≈11.28 sq mi (8% of LEA land in ZCTA); small land share in ZCTA — possible city/county edge,https://nces.ed.gov/programs/edge/Geographic/RelationshipFiles|https://nces.ed.gov/programs/edge/data/GRF24.zip,2026-09-07
31626,GA,Thomas County Schools,Thomasville,traditional,census_zcta_lea,medium,,no open CCD school campus in this ZIP for this LEA; ZCTA∩LEA land from NCES EDGE GRF24; multi-LEA ZCTA; also Brooks County Schools; census land≈130.73 sq mi (92% of LEA land in ZCTA),https://nces.ed.gov/programs/edge/Geographic/RelationshipFiles|https://nces.ed.gov/programs/edge/data/GRF24.zip,2026-09-07
31627,GA,Cook County Schools,Rural South Georgia,traditional,census_zcta_lea,medium,,no open CCD school campus in this ZIP for this LEA; ZCTA∩LEA land from NCES EDGE GRF24; census land≈0.74 sq mi in ZCTA; small land share in ZCTA — possible city/county edge,https://nces.ed.gov/programs/edge/Geographic/RelationshipFiles|https://nces.ed.gov/programs/edge/data/GRF24.zip,2026-09-07
31629,GA,Brooks County Schools,Valdosta,traditional,census_zcta_lea,medium,,no open CCD school campus in this ZIP for this LEA; ZCTA∩LEA land from NCES EDGE GRF24; census land≈46.94 sq mi in ZCTA,https://nces.ed.gov/programs/edge/Geographic/RelationshipFiles|https://nces.ed.gov/programs/edge/data/GRF24.zip,2026-09-07
31630,GA,Clinch County Schools,Rural SE Georgia,traditional,census_zcta_lea,medium,,no open CCD school campus in this ZIP for this LEA; ZCTA∩LEA land from NCES EDGE GRF24; multi-LEA ZCTA; also Echols County Schools; census land≈115.04 sq mi (82% of LEA land in ZCTA),https://nces.ed.gov/programs/edge/Geographic/RelationshipFiles|https://nces.ed.gov/programs/edge/data/GRF24.zip,2026-09-07
31630,GA,Echols County Schools,Valdosta,traditional,census_zcta_lea,medium,,no open CCD school campus in this ZIP for this LEA; ZCTA∩LEA land from NCES EDGE GRF24; multi-LEA ZCTA; also Clinch County Schools; census land≈25.35 sq mi (18% of LEA land in ZCTA),https://nces.ed.gov/programs/edge/Geographic/RelationshipFiles|https://nces.ed.gov/programs/edge/data/GRF24.zip,2026-09-07
31631,GA,Charlton County Schools,Rural SE Georgia,traditional,census_zcta_lea,medium,,"no open CCD school campus in this ZIP for this LEA; ZCTA∩LEA land from NCES EDGE GRF24; multi-LEA ZCTA; also Clinch County Schools, Echols County Schools, Ware County Schools; census land≈20.61 sq mi (9% of LEA land in ZCTA); small land share in ZCTA — possible city/county edge",https://nces.ed.gov/programs/edge/Geographic/RelationshipFiles|https://nces.ed.gov/programs/edge/data/GRF24.zip,2026-09-07
31631,GA,Clinch County Schools,Rural SE Georgia,traditional,census_zcta_lea,medium,,"no open CCD school campus in this ZIP for this LEA; ZCTA∩LEA land from NCES EDGE GRF24; multi-LEA ZCTA; also Charlton County Schools, Echols County Schools, Ware County Schools; census land≈76.00 sq mi (32% of LEA land in ZCTA)",https://nces.ed.gov/programs/edge/Geographic/RelationshipFiles|https://nces.ed.gov/programs/edge/data/GRF24.zip,2026-09-07
31631,GA,Echols County Schools,Valdosta,traditional,census_zcta_lea,medium,,"no open CCD school campus in this ZIP for this LEA; ZCTA∩LEA land from NCES EDGE GRF24; multi-LEA ZCTA; also Charlton County Schools, Clinch County Schools, Ware County Schools; census land≈136.11 sq mi (58% of LEA land in ZCTA)",https://nces.ed.gov/programs/edge/Geographic/RelationshipFiles|https://nces.ed.gov/programs/edge/data/GRF24.zip,2026-09-07
31631,GA,Ware County Schools,Waycross,traditional,census_zcta_lea,medium,,"no open CCD school campus in this ZIP for this LEA; ZCTA∩LEA land from NCES EDGE GRF24; multi-LEA ZCTA; also Charlton County Schools, Clinch County Schools, Echols County Schools; census land≈3.81 sq mi (2% of LEA land in ZCTA); small land share in ZCTA — possible city/county edge",https://nces.ed.gov/programs/edge/Geographic/RelationshipFiles|https://nces.ed.gov/programs/edge/data/GRF24.zip,2026-09-07
31632,GA,Cook County Schools,Rural South Georgia,traditional,census_zcta_lea,medium,,no open CCD school campus in this ZIP for this LEA; ZCTA∩LEA land from NCES EDGE GRF24; multi-LEA ZCTA; also Lowndes County Schools; census land≈23.34 sq mi (21% of LEA land in ZCTA),https://nces.ed.gov/programs/edge/Geographic/RelationshipFiles|https://nces.ed.gov/programs/edge/data/GRF24.zip,2026-09-07
31632,GA,Lowndes County Schools,Valdosta,traditional,ccd_school_zip,high,2,multi-LEA ZCTA; also Cook County Schools; census land≈88.74 sq mi (79% of LEA land in ZCTA),https://educationdata.urban.org/api/v1/school-districts/ccd/directory/|https://nces.ed.gov/ccd/|https://nces.ed.gov/programs/edge/Geographic/RelationshipFiles|https://nces.ed.gov/programs/edge/data/GRF24.zip,2026-09-07
31634,GA,Clinch County Schools,Rural SE Georgia,traditional,ccd_school_zip,high,3,,https://educationdata.urban.org/api/v1/school-districts/ccd/directory/|https://nces.ed.gov/ccd/,2026-09-07
31635,GA,Atkinson County Schools,Douglas,traditional,census_zcta_lea,medium,,"no open CCD school campus in this ZIP for this LEA; ZCTA∩LEA land from NCES EDGE GRF24; multi-LEA ZCTA; also Clinch County Schools, Lanier County Schools, Lowndes County Schools; census land≈16.77 sq mi (12% of LEA land in ZCTA); small land share in ZCTA — possible city/county edge",https://nces.ed.gov/programs/edge/Geographic/RelationshipFiles|https://nces.ed.gov/programs/edge/data/GRF24.zip,2026-09-07
31635,GA,Clinch County Schools,Rural SE Georgia,traditional,census_zcta_lea,medium,,"no open CCD school campus in this ZIP for this LEA; ZCTA∩LEA land from NCES EDGE GRF24; multi-LEA ZCTA; also Atkinson County Schools, Lanier County Schools, Lowndes County Schools; census land≈13.90 sq mi (10% of LEA land in ZCTA); small land share in ZCTA — possible city/county edge",https://nces.ed.gov/programs/edge/Geographic/RelationshipFiles|https://nces.ed.gov/programs/edge/data/GRF24.zip,2026-09-07
31635,GA,Lanier County Schools,Valdosta,traditional,ccd_school_zip,high,3,"multi-LEA ZCTA; also Atkinson County Schools, Clinch County Schools, Lowndes County Schools; census land≈112.11 sq mi (78% of LEA land in ZCTA)",https://educationdata.urban.org/api/v1/school-districts/ccd/directory/|https://nces.ed.gov/ccd/|https://nces.ed.gov/programs/edge/Geographic/RelationshipFiles|https://nces.ed.gov/programs/edge/data/GRF24.zip,2026-09-07
31635,GA,Lowndes County Schools,Valdosta,traditional,census_zcta_lea,low,,"no open CCD school campus in this ZIP for this LEA; ZCTA∩LEA land from NCES EDGE GRF24; multi-LEA ZCTA; also Atkinson County Schools, Clinch County Schools, Lanier County Schools; census land≈0.05 sq mi (0% of LEA land in ZCTA); tiny land sliver — boundary edge; verify before routing parents solely here",https://nces.ed.gov/programs/edge/Geographic/RelationshipFiles|https://nces.ed.gov/programs/edge/data/GRF24.zip,2026-09-07
31636,GA,Echols County Schools,Valdosta,traditional,census_zcta_lea,medium,,no open CCD school campus in this ZIP for this LEA; ZCTA∩LEA land from NCES EDGE GRF24; multi-LEA ZCTA; also Lowndes County Schools; census land≈113.51 sq mi (61% of LEA land in ZCTA),https://nces.ed.gov/programs/edge/Geographic/RelationshipFiles|https://nces.ed.gov/programs/edge/data/GRF24.zip,2026-09-07
31636,GA,Lowndes County Schools,Valdosta,traditional,ccd_school_zip,high,1,multi-LEA ZCTA; also Echols County Schools; census land≈72.31 sq mi (39% of LEA land in ZCTA),https://educationdata.urban.org/api/v1/school-districts/ccd/directory/|https://nces.ed.gov/ccd/|https://nces.ed.gov/programs/edge/Geographic/RelationshipFiles|https://nces.ed.gov/programs/edge/data/GRF24.zip,2026-09-07
31637,GA,Berrien County Schools,Rural South Georgia,traditional,census_zcta_lea,medium,,"no open CCD school campus in this ZIP for this LEA; ZCTA∩LEA land from NCES EDGE GRF24; multi-LEA ZCTA; also Colquitt County Schools, Cook County Schools, Tift County Schools; census land≈29.38 sq mi (36% of LEA land in ZCTA)",https://nces.ed.gov/programs/edge/Geographic/RelationshipFiles|https://nces.ed.gov/programs/edge/data/GRF24.zip,2026-09-07
31637,GA,Colquitt County Schools,Moultrie,traditional,census_zcta_lea,medium,,"no open CCD school campus in this ZIP for this LEA; ZCTA∩LEA land from NCES EDGE GRF24; multi-LEA ZCTA; also Berrien County Schools, Cook County Schools, Tift County Schools; census land≈13.78 sq mi (17% of LEA land in ZCTA)",https://nces.ed.gov/programs/edge/Geographic/RelationshipFiles|https://nces.ed.gov/programs/edge/data/GRF24.zip,2026-09-07
31637,GA,Cook County Schools,Rural South Georgia,traditional,census_zcta_lea,medium,,"no open CCD school campus in this ZIP for this LEA; ZCTA∩LEA land from NCES EDGE GRF24; multi-LEA ZCTA; also Berrien County Schools, Colquitt County Schools, Tift County Schools; census land≈34.16 sq mi (41% of LEA land in ZCTA)",https://nces.ed.gov/programs/edge/Geographic/RelationshipFiles|https://nces.ed.gov/programs/edge/data/GRF24.zip,2026-09-07
31637,GA,Tift County Schools,Tifton,traditional,census_zcta_lea,medium,,"no open CCD school campus in this ZIP for this LEA; ZCTA∩LEA land from NCES EDGE GRF24; multi-LEA ZCTA; also Berrien County Schools, Colquitt County Schools, Cook County Schools; census land≈5.15 sq mi (6% of LEA land in ZCTA); small land share in ZCTA — possible city/county edge",https://nces.ed.gov/programs/edge/Geographic/RelationshipFiles|https://nces.ed.gov/programs/edge/data/GRF24.zip,2026-09-07
31638,GA,Brooks County Schools,Valdosta,traditional,ccd_school_zip,high,1,,https://educationdata.urban.org/api/v1/school-districts/ccd/directory/|https://nces.ed.gov/ccd/,2026-09-07
31639,GA,Berrien County Schools,Rural South Georgia,traditional,ccd_school_zip,high,5,multi-LEA ZCTA; also Lanier County Schools; census land≈208.85 sq mi (99% of LEA land in ZCTA),https://educationdata.urban.org/api/v1/school-districts/ccd/directory/|https://nces.ed.gov/ccd/|https://nces.ed.gov/programs/edge/Geographic/RelationshipFiles|https://nces.ed.gov/programs/edge/data/GRF24.zip,2026-09-07
31639,GA,Lanier County Schools,Valdosta,traditional,census_zcta_lea,medium,,no open CCD school campus in this ZIP for this LEA; ZCTA∩LEA land from NCES EDGE GRF24; multi-LEA ZCTA; also Berrien County Schools; census land≈2.28 sq mi (1% of LEA land in ZCTA); small land share in ZCTA — possible city/county edge,https://nces.ed.gov/programs/edge/Geographic/RelationshipFiles|https://nces.ed.gov/programs/edge/data/GRF24.zip,2026-09-07
31641,GA,Lanier County Schools,Valdosta,traditional,census_zcta_lea,medium,,no open CCD school campus in this ZIP for this LEA; ZCTA∩LEA land from NCES EDGE GRF24; multi-LEA ZCTA; also Lowndes County Schools; census land≈36.36 sq mi (41% of LEA land in ZCTA),https://nces.ed.gov/programs/edge/Geographic/RelationshipFiles|https://nces.ed.gov/programs/edge/data/GRF24.zip,2026-09-07
31641,GA,Lowndes County Schools,Valdosta,traditional,census_zcta_lea,medium,,no open CCD school campus in this ZIP for this LEA; ZCTA∩LEA land from NCES EDGE GRF24; multi-LEA ZCTA; also Lanier County Schools; census land≈52.19 sq mi (59% of LEA land in ZCTA),https://nces.ed.gov/programs/edge/Geographic/RelationshipFiles|https://nces.ed.gov/programs/edge/data/GRF24.zip,2026-09-07
31642,GA,Atkinson County Schools,Douglas,traditional,ccd_school_zip,high,3,multi-LEA ZCTA; also Clinch County Schools; census land≈160.55 sq mi (83% of LEA land in ZCTA),https://educationdata.urban.org/api/v1/school-districts/ccd/directory/|https://nces.ed.gov/ccd/|https://nces.ed.gov/programs/edge/Geographic/RelationshipFiles|https://nces.ed.gov/programs/edge/data/GRF24.zip,2026-09-07
31642,GA,Clinch County Schools,Rural SE Georgia,traditional,census_zcta_lea,medium,,no open CCD school campus in this ZIP for this LEA; ZCTA∩LEA land from NCES EDGE GRF24; multi-LEA ZCTA; also Atkinson County Schools; census land≈33.36 sq mi (17% of LEA land in ZCTA),https://nces.ed.gov/programs/edge/Geographic/RelationshipFiles|https://nces.ed.gov/programs/edge/data/GRF24.zip,2026-09-07
31643,GA,Brooks County Schools,Valdosta,traditional,ccd_school_zip,high,5,,https://educationdata.urban.org/api/v1/school-districts/ccd/directory/|https://nces.ed.gov/ccd/,2026-09-07
31645,GA,Berrien County Schools,Rural South Georgia,traditional,census_zcta_lea,medium,,"no open CCD school campus in this ZIP for this LEA; ZCTA∩LEA land from NCES EDGE GRF24; multi-LEA ZCTA; also Lanier County Schools, Lowndes County Schools; census land≈34.17 sq mi (70% of LEA land in ZCTA)",https://nces.ed.gov/programs/edge/Geographic/RelationshipFiles|https://nces.ed.gov/programs/edge/data/GRF24.zip,2026-09-07
31645,GA,Lanier County Schools,Valdosta,traditional,census_zcta_lea,medium,,"no open CCD school campus in this ZIP for this LEA; ZCTA∩LEA land from NCES EDGE GRF24; multi-LEA ZCTA; also Berrien County Schools, Lowndes County Schools; census land≈8.81 sq mi (18% of LEA land in ZCTA)",https://nces.ed.gov/programs/edge/Geographic/RelationshipFiles|https://nces.ed.gov/programs/edge/data/GRF24.zip,2026-09-07
31645,GA,Lowndes County Schools,Valdosta,traditional,census_zcta_lea,medium,,"no open CCD school campus in this ZIP for this LEA; ZCTA∩LEA land from NCES EDGE GRF24; multi-LEA ZCTA; also Berrien County Schools, Lanier County Schools; census land≈5.91 sq mi (12% of LEA land in ZCTA); small land share in ZCTA — possible city/county edge",https://nces.ed.gov/programs/edge/Geographic/RelationshipFiles|https://nces.ed.gov/programs/edge/data/GRF24.zip,2026-09-07
31647,GA,Cook County Schools,Rural South Georgia,traditional,ccd_school_zip,high,2,,https://educationdata.urban.org/api/v1/school-districts/ccd/directory/|https://nces.ed.gov/ccd/,2026-09-07
31648,GA,Echols County Schools,Valdosta,traditional,ccd_school_zip,high,2,,https://educationdata.urban.org/api/v1/school-districts/ccd/directory/|https://nces.ed.gov/ccd/,2026-09-07
31649,GA,Echols County Schools,Valdosta,traditional,census_zcta_lea,medium,,no open CCD school campus in this ZIP for this LEA; ZCTA∩LEA land from NCES EDGE GRF24; multi-LEA ZCTA; also Lanier County Schools; census land≈0.69 sq mi (2% of LEA land in ZCTA); small land share in ZCTA — possible city/county edge,https://nces.ed.gov/programs/edge/Geographic/RelationshipFiles|https://nces.ed.gov/programs/edge/data/GRF24.zip,2026-09-07
31649,GA,Lanier County Schools,Valdosta,traditional,census_zcta_lea,medium,,no open CCD school campus in this ZIP for this LEA; ZCTA∩LEA land from NCES EDGE GRF24; multi-LEA ZCTA; also Echols County Schools; census land≈30.41 sq mi (98% of LEA land in ZCTA),https://nces.ed.gov/programs/edge/Geographic/RelationshipFiles|https://nces.ed.gov/programs/edge/data/GRF24.zip,2026-09-07
31650,GA,Atkinson County Schools,Douglas,traditional,ccd_school_zip,high,1,multi-LEA ZCTA; also Coffee County Schools; census land≈75.21 sq mi (67% of LEA land in ZCTA),https://educationdata.urban.org/api/v1/school-districts/ccd/directory/|https://nces.ed.gov/ccd/|https://nces.ed.gov/programs/edge/Geographic/RelationshipFiles|https://nces.ed.gov/programs/edge/data/GRF24.zip,2026-09-07
31650,GA,Coffee County Schools,Douglas,traditional,census_zcta_lea,medium,,no open CCD school campus in this ZIP for this LEA; ZCTA∩LEA land from NCES EDGE GRF24; multi-LEA ZCTA; also Atkinson County Schools; census land≈37.15 sq mi (33% of LEA land in ZCTA),https://nces.ed.gov/programs/edge/Geographic/RelationshipFiles|https://nces.ed.gov/programs/edge/data/GRF24.zip,2026-09-07
31698,GA,Valdosta City Schools,Valdosta,traditional,census_zcta_lea,medium,,no open CCD school campus in this ZIP for this LEA; ZCTA∩LEA land from NCES EDGE GRF24; census land≈0.15 sq mi in ZCTA; small land share in ZCTA — possible city/county edge,https://nces.ed.gov/programs/edge/Geographic/RelationshipFiles|https://nces.ed.gov/programs/edge/data/GRF24.zip,2026-09-07
31699,GA,Lowndes County Schools,Valdosta,traditional,census_zcta_lea,medium,,no open CCD school campus in this ZIP for this LEA; ZCTA∩LEA land from NCES EDGE GRF24; census land≈4.50 sq mi in ZCTA,https://nces.ed.gov/programs/edge/Geographic/RelationshipFiles|https://nces.ed.gov/programs/edge/data/GRF24.zip,2026-09-07
31701,GA,Dougherty County Schools,Albany,traditional,ccd_school_zip,high,5,multi-LEA ZCTA; also Lee County Schools; census land≈19.04 sq mi (90% of LEA land in ZCTA),https://educationdata.urban.org/api/v1/school-districts/ccd/directory/|https://nces.ed.gov/ccd/|https://nces.ed.gov/programs/edge/Geographic/RelationshipFiles|https://nces.ed.gov/programs/edge/data/GRF24.zip,2026-09-07
31701,GA,Lee County Schools,Albany,traditional,census_zcta_lea,medium,,no open CCD school campus in this ZIP for this LEA; ZCTA∩LEA land from NCES EDGE GRF24; multi-LEA ZCTA; also Dougherty County Schools; census land≈2.14 sq mi (10% of LEA land in ZCTA); small land share in ZCTA — possible city/county edge,https://nces.ed.gov/programs/edge/Geographic/RelationshipFiles|https://nces.ed.gov/programs/edge/data/GRF24.zip,2026-09-07
31704,GA,Dougherty County Schools,Albany,traditional,census_zcta_lea,medium,,no open CCD school campus in this ZIP for this LEA; ZCTA∩LEA land from NCES EDGE GRF24; census land≈0.46 sq mi in ZCTA; small land share in ZCTA — possible city/county edge,https://nces.ed.gov/programs/edge/Geographic/RelationshipFiles|https://nces.ed.gov/programs/edge/data/GRF24.zip,2026-09-07
31705,GA,Dougherty County Schools,Albany,traditional,ccd_school_zip,high,9,"multi-LEA ZCTA; also Mitchell County Schools, Worth County Schools; census land≈107.10 sq mi (76% of LEA land in ZCTA)",https://educationdata.urban.org/api/v1/school-districts/ccd/directory/|https://nces.ed.gov/ccd/|https://nces.ed.gov/programs/edge/Geographic/RelationshipFiles|https://nces.ed.gov/programs/edge/data/GRF24.zip,2026-09-07
31705,GA,Mitchell County Schools,Rural SW Georgia,traditional,census_zcta_lea,medium,,"no open CCD school campus in this ZIP for this LEA; ZCTA∩LEA land from NCES EDGE GRF24; multi-LEA ZCTA; also Dougherty County Schools, Worth County Schools; census land≈15.68 sq mi (11% of LEA land in ZCTA); small land share in ZCTA — possible city/county edge",https://nces.ed.gov/programs/edge/Geographic/RelationshipFiles|https://nces.ed.gov/programs/edge/data/GRF24.zip,2026-09-07
31705,GA,Worth County Schools,Albany,traditional,census_zcta_lea,medium,,"no open CCD school campus in this ZIP for this LEA; ZCTA∩LEA land from NCES EDGE GRF24; multi-LEA ZCTA; also Dougherty County Schools, Mitchell County Schools; census land≈17.62 sq mi (13% of LEA land in ZCTA); small land share in ZCTA — possible city/county edge",https://nces.ed.gov/programs/edge/Geographic/RelationshipFiles|https://nces.ed.gov/programs/edge/data/GRF24.zip,2026-09-07
31707,GA,Dougherty County Schools,Albany,traditional,ccd_school_zip,high,6,multi-LEA ZCTA; also Lee County Schools; census land≈16.67 sq mi (91% of LEA land in ZCTA),https://educationdata.urban.org/api/v1/school-districts/ccd/directory/|https://nces.ed.gov/ccd/|https://nces.ed.gov/programs/edge/Geographic/RelationshipFiles|https://nces.ed.gov/programs/edge/data/GRF24.zip,2026-09-07
31707,GA,Lee County Schools,Albany,traditional,census_zcta_lea,medium,,no open CCD school campus in this ZIP for this LEA; ZCTA∩LEA land from NCES EDGE GRF24; multi-LEA ZCTA; also Dougherty County Schools; census land≈1.64 sq mi (9% of LEA land in ZCTA); small land share in ZCTA — possible city/county edge,https://nces.ed.gov/programs/edge/Geographic/RelationshipFiles|https://nces.ed.gov/programs/edge/data/GRF24.zip,2026-09-07
31709,GA,Sumter County Schools,Americus,traditional,census_zcta_lea,medium,,no open CCD school campus in this ZIP for this LEA; ZCTA∩LEA land from NCES EDGE GRF24; census land≈120.54 sq mi in ZCTA; multi-LEA zip; also Furlow Charter School,https://nces.ed.gov/programs/edge/Geographic/RelationshipFiles|https://nces.ed.gov/programs/edge/data/GRF24.zip,2026-09-07
31709,GA,Furlow Charter School,Americus,charter,ccd_school_zip,high,1,charter campus ZIP (choice school; not an attendance-zone claim); multi-LEA zip; also Sumter County Schools,https://educationdata.urban.org/api/v1/school-districts/ccd/directory/|https://nces.ed.gov/ccd/,2026-09-07
31711,GA,Macon County Schools,Rural Middle Georgia,traditional,census_zcta_lea,medium,,"no open CCD school campus in this ZIP for this LEA; ZCTA∩LEA land from NCES EDGE GRF24; multi-LEA ZCTA; also Schley County Schools, Sumter County Schools; census land≈27.49 sq mi (37% of LEA land in ZCTA)",https://nces.ed.gov/programs/edge/Geographic/RelationshipFiles|https://nces.ed.gov/programs/edge/data/GRF24.zip,2026-09-07
31711,GA,Schley County Schools,Americus,traditional,census_zcta_lea,medium,,"no open CCD school campus in this ZIP for this LEA; ZCTA∩LEA land from NCES EDGE GRF24; multi-LEA ZCTA; also Macon County Schools, Sumter County Schools; census land≈0.60 sq mi (1% of LEA land in ZCTA); small land share in ZCTA — possible city/county edge",https://nces.ed.gov/programs/edge/Geographic/RelationshipFiles|https://nces.ed.gov/programs/edge/data/GRF24.zip,2026-09-07
31711,GA,Sumter County Schools,Americus,traditional,census_zcta_lea,medium,,"no open CCD school campus in this ZIP for this LEA; ZCTA∩LEA land from NCES EDGE GRF24; multi-LEA ZCTA; also Macon County Schools, Schley County Schools; census land≈45.62 sq mi (62% of LEA land in ZCTA)",https://nces.ed.gov/programs/edge/Geographic/RelationshipFiles|https://nces.ed.gov/programs/edge/data/GRF24.zip,2026-09-07
31712,GA,Crisp County Schools,Cordele,traditional,census_zcta_lea,medium,,"no open CCD school campus in this ZIP for this LEA; ZCTA∩LEA land from NCES EDGE GRF24; multi-LEA ZCTA; also Turner County Schools, Worth County Schools; census land≈52.38 sq mi (78% of LEA land in ZCTA)",https://nces.ed.gov/programs/edge/Geographic/RelationshipFiles|https://nces.ed.gov/programs/edge/data/GRF24.zip,2026-09-07
31712,GA,Turner County Schools,Tifton,traditional,census_zcta_lea,medium,,"no open CCD school campus in this ZIP for this LEA; ZCTA∩LEA land from NCES EDGE GRF24; multi-LEA ZCTA; also Crisp County Schools, Worth County Schools; census land≈13.74 sq mi (20% of LEA land in ZCTA)",https://nces.ed.gov/programs/edge/Geographic/RelationshipFiles|https://nces.ed.gov/programs/edge/data/GRF24.zip,2026-09-07
31712,GA,Worth County Schools,Albany,traditional,census_zcta_lea,medium,,"no open CCD school campus in this ZIP for this LEA; ZCTA∩LEA land from NCES EDGE GRF24; multi-LEA ZCTA; also Crisp County Schools, Turner County Schools; census land≈1.00 sq mi (1% of LEA land in ZCTA); small land share in ZCTA — possible city/county edge",https://nces.ed.gov/programs/edge/Geographic/RelationshipFiles|https://nces.ed.gov/programs/edge/data/GRF24.zip,2026-09-07
31714,GA,Tift County Schools,Tifton,traditional,census_zcta_lea,medium,,"no open CCD school campus in this ZIP for this LEA; ZCTA∩LEA land from NCES EDGE GRF24; multi-LEA ZCTA; also Turner County Schools, Worth County Schools; census land≈1.33 sq mi (1% of LEA land in ZCTA); small land share in ZCTA — possible city/county edge",https://nces.ed.gov/programs/edge/Geographic/RelationshipFiles|https://nces.ed.gov/programs/edge/data/GRF24.zip,2026-09-07
31714,GA,Turner County Schools,Tifton,traditional,ccd_school_zip,high,3,"multi-LEA ZCTA; also Tift County Schools, Worth County Schools; census land≈155.38 sq mi (91% of LEA land in ZCTA)",https://educationdata.urban.org/api/v1/school-districts/ccd/directory/|https://nces.ed.gov/ccd/|https://nces.ed.gov/programs/edge/Geographic/RelationshipFiles|https://nces.ed.gov/programs/edge/data/GRF24.zip,2026-09-07
31714,GA,Worth County Schools,Albany,traditional,census_zcta_lea,medium,,"no open CCD school campus in this ZIP for this LEA; ZCTA∩LEA land from NCES EDGE GRF24; multi-LEA ZCTA; also Tift County Schools, Turner County Schools; census land≈13.30 sq mi (8% of LEA land in ZCTA); small land share in ZCTA — possible city/county edge",https://nces.ed.gov/programs/edge/Geographic/RelationshipFiles|https://nces.ed.gov/programs/edge/data/GRF24.zip,2026-09-07
31716,GA,Mitchell County Schools,Rural SW Georgia,traditional,ccd_school_zip,high,1,multi-LEA zip; also Baconton Community Charter School,https://educationdata.urban.org/api/v1/school-districts/ccd/directory/|https://nces.ed.gov/ccd/,2026-09-07
31716,GA,Baconton Community Charter School,Rural SW Georgia,charter,ccd_school_zip,high,1,charter campus ZIP (choice school; not an attendance-zone claim); multi-LEA zip; also Mitchell County Schools,https://educationdata.urban.org/api/v1/school-districts/ccd/directory/|https://nces.ed.gov/ccd/,2026-09-07
31719,GA,Schley County Schools,Americus,traditional,census_zcta_lea,medium,,no open CCD school campus in this ZIP for this LEA; ZCTA∩LEA land from NCES EDGE GRF24; multi-LEA ZCTA; also Sumter County Schools; census land≈0.67 sq mi (1% of LEA land in ZCTA); small land share in ZCTA — possible city/county edge,https://nces.ed.gov/programs/edge/Geographic/RelationshipFiles|https://nces.ed.gov/programs/edge/data/GRF24.zip,2026-09-07
31719,GA,Sumter County Schools,Americus,traditional,ccd_school_zip,high,5,multi-LEA ZCTA; also Schley County Schools; census land≈93.93 sq mi (99% of LEA land in ZCTA),https://educationdata.urban.org/api/v1/school-districts/ccd/directory/|https://nces.ed.gov/ccd/|https://nces.ed.gov/programs/edge/Geographic/RelationshipFiles|https://nces.ed.gov/programs/edge/data/GRF24.zip,2026-09-07
31720,GA,Brooks County Schools,Valdosta,traditional,census_zcta_lea,medium,,no open CCD school campus in this ZIP for this LEA; ZCTA∩LEA land from NCES EDGE GRF24; multi-LEA ZCTA; also Thomas County Schools; census land≈4.30 sq mi (93% of LEA land in ZCTA),https://nces.ed.gov/programs/edge/Geographic/RelationshipFiles|https://nces.ed.gov/programs/edge/data/GRF24.zip,2026-09-07
31720,GA,Thomas County Schools,Thomasville,traditional,census_zcta_lea,low,,no open CCD school campus in this ZIP for this LEA; ZCTA∩LEA land from NCES EDGE GRF24; multi-LEA ZCTA; also Brooks County Schools; census land≈0.34 sq mi (7% of LEA land in ZCTA); tiny land sliver — boundary edge; verify before routing parents solely here,https://nces.ed.gov/programs/edge/Geographic/RelationshipFiles|https://nces.ed.gov/programs/edge/data/GRF24.zip,2026-09-07
31721,GA,Baker County Schools,Albany,traditional,census_zcta_lea,medium,,"no open CCD school campus in this ZIP for this LEA; ZCTA∩LEA land from NCES EDGE GRF24; multi-LEA ZCTA; also Dougherty County Schools, Lee County Schools, Terrell County Schools; census land≈34.72 sq mi (16% of LEA land in ZCTA)",https://nces.ed.gov/programs/edge/Geographic/RelationshipFiles|https://nces.ed.gov/programs/edge/data/GRF24.zip,2026-09-07
31721,GA,Dougherty County Schools,Albany,traditional,ccd_school_zip,high,2,"multi-LEA ZCTA; also Baker County Schools, Lee County Schools, Terrell County Schools; census land≈182.59 sq mi (83% of LEA land in ZCTA)",https://educationdata.urban.org/api/v1/school-districts/ccd/directory/|https://nces.ed.gov/ccd/|https://nces.ed.gov/programs/edge/Geographic/RelationshipFiles|https://nces.ed.gov/programs/edge/data/GRF24.zip,2026-09-07
31721,GA,Lee County Schools,Albany,traditional,census_zcta_lea,medium,,"no open CCD school campus in this ZIP for this LEA; ZCTA∩LEA land from NCES EDGE GRF24; multi-LEA ZCTA; also Baker County Schools, Dougherty County Schools, Terrell County Schools; census land≈1.51 sq mi (1% of LEA land in ZCTA); small land share in ZCTA — possible city/county edge",https://nces.ed.gov/programs/edge/Geographic/RelationshipFiles|https://nces.ed.gov/programs/edge/data/GRF24.zip,2026-09-07
31721,GA,Terrell County Schools,Albany,traditional,census_zcta_lea,medium,,"no open CCD school campus in this ZIP for this LEA; ZCTA∩LEA land from NCES EDGE GRF24; multi-LEA ZCTA; also Baker County Schools, Dougherty County Schools, Lee County Schools; census land≈1.40 sq mi (1% of LEA land in ZCTA); small land share in ZCTA — possible city/county edge",https://nces.ed.gov/programs/edge/Geographic/RelationshipFiles|https://nces.ed.gov/programs/edge/data/GRF24.zip,2026-09-07
31722,GA,Colquitt County Schools,Moultrie,traditional,census_zcta_lea,medium,,no open CCD school campus in this ZIP for this LEA; ZCTA∩LEA land from NCES EDGE GRF24; census land≈2.38 sq mi in ZCTA,https://nces.ed.gov/programs/edge/Geographic/RelationshipFiles|https://nces.ed.gov/programs/edge/data/GRF24.zip,2026-09-07
31727,GA,Tift County Schools,Tifton,traditional,census_zcta_lea,medium,,no open CCD school campus in this ZIP for this LEA; ZCTA∩LEA land from NCES EDGE GRF24; census land≈0.04 sq mi in ZCTA; small land share in ZCTA — possible city/county edge,https://nces.ed.gov/programs/edge/Geographic/RelationshipFiles|https://nces.ed.gov/programs/edge/data/GRF24.zip,2026-09-07
31730,GA,Decatur County Schools,Bainbridge,traditional,census_zcta_lea,medium,,no open CCD school campus in this ZIP for this LEA; ZCTA∩LEA land from NCES EDGE GRF24; multi-LEA ZCTA; also Mitchell County Schools; census land≈7.95 sq mi (3% of LEA land in ZCTA); small land share in ZCTA — possible city/county edge,https://nces.ed.gov/programs/edge/Geographic/RelationshipFiles|https://nces.ed.gov/programs/edge/data/GRF24.zip,2026-09-07
31730,GA,Mitchell County Schools,Rural SW Georgia,traditional,ccd_school_zip,high,3,multi-LEA ZCTA; also Decatur County Schools; census land≈250.73 sq mi (97% of LEA land in ZCTA),https://educationdata.urban.org/api/v1/school-districts/ccd/directory/|https://nces.ed.gov/ccd/|https://nces.ed.gov/programs/edge/Geographic/RelationshipFiles|https://nces.ed.gov/programs/edge/data/GRF24.zip,2026-09-07
31733,GA,Irwin County Schools,Rural South Georgia,traditional,census_zcta_lea,medium,,no open CCD school campus in this ZIP for this LEA; ZCTA∩LEA land from NCES EDGE GRF24; multi-LEA ZCTA; also Tift County Schools; census land≈33.11 sq mi (61% of LEA land in ZCTA),https://nces.ed.gov/programs/edge/Geographic/RelationshipFiles|https://nces.ed.gov/programs/edge/data/GRF24.zip,2026-09-07
31733,GA,Tift County Schools,Tifton,traditional,census_zcta_lea,medium,,no open CCD school campus in this ZIP for this LEA; ZCTA∩LEA land from NCES EDGE GRF24; multi-LEA ZCTA; also Irwin County Schools; census land≈20.83 sq mi (39% of LEA land in ZCTA),https://nces.ed.gov/programs/edge/Geographic/RelationshipFiles|https://nces.ed.gov/programs/edge/data/GRF24.zip,2026-09-07
31735,GA,Sumter County Schools,Americus,traditional,census_zcta_lea,medium,,no open CCD school campus in this ZIP for this LEA; ZCTA∩LEA land from NCES EDGE GRF24; census land≈19.78 sq mi in ZCTA,https://nces.ed.gov/programs/edge/Geographic/RelationshipFiles|https://nces.ed.gov/programs/edge/data/GRF24.zip,2026-09-07
31738,GA,Colquitt County Schools,Moultrie,traditional,census_zcta_lea,medium,,no open CCD school campus in this ZIP for this LEA; ZCTA∩LEA land from NCES EDGE GRF24; multi-LEA ZCTA; also Thomas County Schools; census land≈16.47 sq mi (26% of LEA land in ZCTA),https://nces.ed.gov/programs/edge/Geographic/RelationshipFiles|https://nces.ed.gov/programs/edge/data/GRF24.zip,2026-09-07
31738,GA,Thomas County Schools,Thomasville,traditional,census_zcta_lea,medium,,no open CCD school campus in this ZIP for this LEA; ZCTA∩LEA land from NCES EDGE GRF24; multi-LEA ZCTA; also Colquitt County Schools; census land≈45.90 sq mi (74% of LEA land in ZCTA),https://nces.ed.gov/programs/edge/Geographic/RelationshipFiles|https://nces.ed.gov/programs/edge/data/GRF24.zip,2026-09-07
31743,GA,Lee County Schools,Albany,traditional,census_zcta_lea,medium,,no open CCD school campus in this ZIP for this LEA; ZCTA∩LEA land from NCES EDGE GRF24; multi-LEA ZCTA; also Sumter County Schools; census land≈38.26 sq mi (59% of LEA land in ZCTA),https://nces.ed.gov/programs/edge/Geographic/RelationshipFiles|https://nces.ed.gov/programs/edge/data/GRF24.zip,2026-09-07
31743,GA,Sumter County Schools,Americus,traditional,census_zcta_lea,medium,,no open CCD school campus in this ZIP for this LEA; ZCTA∩LEA land from NCES EDGE GRF24; multi-LEA ZCTA; also Lee County Schools; census land≈26.33 sq mi (41% of LEA land in ZCTA),https://nces.ed.gov/programs/edge/Geographic/RelationshipFiles|https://nces.ed.gov/programs/edge/data/GRF24.zip,2026-09-07
31744,GA,Colquitt County Schools,Moultrie,traditional,ccd_school_zip,high,1,"multi-LEA ZCTA; also Mitchell County Schools, Worth County Schools; census land≈51.53 sq mi (43% of LEA land in ZCTA)",https://educationdata.urban.org/api/v1/school-districts/ccd/directory/|https://nces.ed.gov/ccd/|https://nces.ed.gov/programs/edge/Geographic/RelationshipFiles|https://nces.ed.gov/programs/edge/data/GRF24.zip,2026-09-07
31744,GA,Mitchell County Schools,Rural SW Georgia,traditional,census_zcta_lea,medium,,"no open CCD school campus in this ZIP for this LEA; ZCTA∩LEA land from NCES EDGE GRF24; multi-LEA ZCTA; also Colquitt County Schools, Worth County Schools; census land≈3.81 sq mi (3% of LEA land in ZCTA); small land share in ZCTA — possible city/county edge",https://nces.ed.gov/programs/edge/Geographic/RelationshipFiles|https://nces.ed.gov/programs/edge/data/GRF24.zip,2026-09-07
31744,GA,Worth County Schools,Albany,traditional,census_zcta_lea,medium,,"no open CCD school campus in this ZIP for this LEA; ZCTA∩LEA land from NCES EDGE GRF24; multi-LEA ZCTA; also Colquitt County Schools, Mitchell County Schools; census land≈65.43 sq mi (54% of LEA land in ZCTA)",https://nces.ed.gov/programs/edge/Geographic/RelationshipFiles|https://nces.ed.gov/programs/edge/data/GRF24.zip,2026-09-07
31747,GA,Colquitt County Schools,Moultrie,traditional,census_zcta_lea,medium,,no open CCD school campus in this ZIP for this LEA; ZCTA∩LEA land from NCES EDGE GRF24; census land≈0.70 sq mi in ZCTA; small land share in ZCTA — possible city/county edge,https://nces.ed.gov/programs/edge/Geographic/RelationshipFiles|https://nces.ed.gov/programs/edge/data/GRF24.zip,2026-09-07
31749,GA,Berrien County Schools,Rural South Georgia,traditional,census_zcta_lea,medium,,"no open CCD school campus in this ZIP for this LEA; ZCTA∩LEA land from NCES EDGE GRF24; multi-LEA ZCTA; also Irwin County Schools, Tift County Schools; census land≈49.62 sq mi (78% of LEA land in ZCTA)",https://nces.ed.gov/programs/edge/Geographic/RelationshipFiles|https://nces.ed.gov/programs/edge/data/GRF24.zip,2026-09-07
31749,GA,Irwin County Schools,Rural South Georgia,traditional,census_zcta_lea,medium,,"no open CCD school campus in this ZIP for this LEA; ZCTA∩LEA land from NCES EDGE GRF24; multi-LEA ZCTA; also Berrien County Schools, Tift County Schools; census land≈8.57 sq mi (14% of LEA land in ZCTA); small land share in ZCTA — possible city/county edge",https://nces.ed.gov/programs/edge/Geographic/RelationshipFiles|https://nces.ed.gov/programs/edge/data/GRF24.zip,2026-09-07
31749,GA,Tift County Schools,Tifton,traditional,census_zcta_lea,medium,,"no open CCD school campus in this ZIP for this LEA; ZCTA∩LEA land from NCES EDGE GRF24; multi-LEA ZCTA; also Berrien County Schools, Irwin County Schools; census land≈5.29 sq mi (8% of LEA land in ZCTA); small land share in ZCTA — possible city/county edge",https://nces.ed.gov/programs/edge/Geographic/RelationshipFiles|https://nces.ed.gov/programs/edge/data/GRF24.zip,2026-09-07
31750,GA,Ben Hill County Schools,Fitzgerald,traditional,ccd_school_zip,high,5,"multi-LEA ZCTA; also Irwin County Schools, Wilcox County Schools; census land≈209.03 sq mi (75% of LEA land in ZCTA)",https://educationdata.urban.org/api/v1/school-districts/ccd/directory/|https://nces.ed.gov/ccd/|https://nces.ed.gov/programs/edge/Geographic/RelationshipFiles|https://nces.ed.gov/programs/edge/data/GRF24.zip,2026-09-07
31750,GA,Irwin County Schools,Rural South Georgia,traditional,census_zcta_lea,medium,,"no open CCD school campus in this ZIP for this LEA; ZCTA∩LEA land from NCES EDGE GRF24; multi-LEA ZCTA; also Ben Hill County Schools, Wilcox County Schools; census land≈71.43 sq mi (25% of LEA land in ZCTA)",https://nces.ed.gov/programs/edge/Geographic/RelationshipFiles|https://nces.ed.gov/programs/edge/data/GRF24.zip,2026-09-07
31750,GA,Wilcox County Schools,Rural South Georgia,traditional,census_zcta_lea,low,,"no open CCD school campus in this ZIP for this LEA; ZCTA∩LEA land from NCES EDGE GRF24; multi-LEA ZCTA; also Ben Hill County Schools, Irwin County Schools; census land≈0.11 sq mi (0% of LEA land in ZCTA); tiny land sliver — boundary edge; verify before routing parents solely here",https://nces.ed.gov/programs/edge/Geographic/RelationshipFiles|https://nces.ed.gov/programs/edge/data/GRF24.zip,2026-09-07
31753,GA,Colquitt County Schools,Moultrie,traditional,ccd_school_zip,high,1,,https://educationdata.urban.org/api/v1/school-districts/ccd/directory/|https://nces.ed.gov/ccd/,2026-09-07
31756,GA,Colquitt County Schools,Moultrie,traditional,ccd_school_zip,high,1,,https://educationdata.urban.org/api/v1/school-districts/ccd/directory/|https://nces.ed.gov/ccd/,2026-09-07
31757,GA,Thomas County Schools,Thomasville,traditional,ccd_school_zip,high,2,multi-LEA ZCTA; also Thomasville City Schools; census land≈84.13 sq mi (100% of LEA land in ZCTA),https://educationdata.urban.org/api/v1/school-districts/ccd/directory/|https://nces.ed.gov/ccd/|https://nces.ed.gov/programs/edge/Geographic/RelationshipFiles|https://nces.ed.gov/programs/edge/data/GRF24.zip,2026-09-07
31757,GA,Thomasville City Schools,Thomasville,traditional,census_zcta_lea,low,,no open CCD school campus in this ZIP for this LEA; ZCTA∩LEA land from NCES EDGE GRF24; multi-LEA ZCTA; also Thomas County Schools; census land≈0.40 sq mi (0% of LEA land in ZCTA); tiny land sliver — boundary edge; verify before routing parents solely here,https://nces.ed.gov/programs/edge/Geographic/RelationshipFiles|https://nces.ed.gov/programs/edge/data/GRF24.zip,2026-09-07
31763,GA,Dougherty County Schools,Albany,traditional,census_zcta_lea,medium,,"no open CCD school campus in this ZIP for this LEA; ZCTA∩LEA land from NCES EDGE GRF24; multi-LEA ZCTA; also Lee County Schools, Terrell County Schools; census land≈1.70 sq mi (1% of LEA land in ZCTA); small land share in ZCTA — possible city/county edge",https://nces.ed.gov/programs/edge/Geographic/RelationshipFiles|https://nces.ed.gov/programs/edge/data/GRF24.zip,2026-09-07
31763,GA,Lee County Schools,Albany,traditional,ccd_school_zip,high,8,"multi-LEA ZCTA; also Dougherty County Schools, Terrell County Schools; census land≈245.77 sq mi (99% of LEA land in ZCTA)",https://educationdata.urban.org/api/v1/school-districts/ccd/directory/|https://nces.ed.gov/ccd/|https://nces.ed.gov/programs/edge/Geographic/RelationshipFiles|https://nces.ed.gov/programs/edge/data/GRF24.zip,2026-09-07
31763,GA,Terrell County Schools,Albany,traditional,census_zcta_lea,low,,"no open CCD school campus in this ZIP for this LEA; ZCTA∩LEA land from NCES EDGE GRF24; multi-LEA ZCTA; also Dougherty County Schools, Lee County Schools; census land≈0.38 sq mi (0% of LEA land in ZCTA); tiny land sliver — boundary edge; verify before routing parents solely here",https://nces.ed.gov/programs/edge/Geographic/RelationshipFiles|https://nces.ed.gov/programs/edge/data/GRF24.zip,2026-09-07
31764,GA,Lee County Schools,Albany,traditional,census_zcta_lea,medium,,no open CCD school campus in this ZIP for this LEA; ZCTA∩LEA land from NCES EDGE GRF24; multi-LEA ZCTA; also Sumter County Schools; census land≈10.82 sq mi (14% of LEA land in ZCTA); small land share in ZCTA — possible city/county edge,https://nces.ed.gov/programs/edge/Geographic/RelationshipFiles|https://nces.ed.gov/programs/edge/data/GRF24.zip,2026-09-07
31764,GA,Sumter County Schools,Americus,traditional,census_zcta_lea,medium,,no open CCD school campus in this ZIP for this LEA; ZCTA∩LEA land from NCES EDGE GRF24; multi-LEA ZCTA; also Lee County Schools; census land≈65.10 sq mi (86% of LEA land in ZCTA),https://nces.ed.gov/programs/edge/Geographic/RelationshipFiles|https://nces.ed.gov/programs/edge/data/GRF24.zip,2026-09-07
31765,GA,Colquitt County Schools,Moultrie,traditional,census_zcta_lea,medium,,"no open CCD school campus in this ZIP for this LEA; ZCTA∩LEA land from NCES EDGE GRF24; multi-LEA ZCTA; also Mitchell County Schools, Thomas County Schools; census land≈17.26 sq mi (21% of LEA land in ZCTA)",https://nces.ed.gov/programs/edge/Geographic/RelationshipFiles|https://nces.ed.gov/programs/edge/data/GRF24.zip,2026-09-07
31765,GA,Mitchell County Schools,Rural SW Georgia,traditional,census_zcta_lea,medium,,"no open CCD school campus in this ZIP for this LEA; ZCTA∩LEA land from NCES EDGE GRF24; multi-LEA ZCTA; also Colquitt County Schools, Thomas County Schools; census land≈41.76 sq mi (50% of LEA land in ZCTA)",https://nces.ed.gov/programs/edge/Geographic/RelationshipFiles|https://nces.ed.gov/programs/edge/data/GRF24.zip,2026-09-07
31765,GA,Thomas County Schools,Thomasville,traditional,census_zcta_lea,medium,,"no open CCD school campus in this ZIP for this LEA; ZCTA∩LEA land from NCES EDGE GRF24; multi-LEA ZCTA; also Colquitt County Schools, Mitchell County Schools; census land≈23.79 sq mi (29% of LEA land in ZCTA)",https://nces.ed.gov/programs/edge/Geographic/RelationshipFiles|https://nces.ed.gov/programs/edge/data/GRF24.zip,2026-09-07
31768,GA,Colquitt County Schools,Moultrie,traditional,ccd_school_zip,high,7,,https://educationdata.urban.org/api/v1/school-districts/ccd/directory/|https://nces.ed.gov/ccd/,2026-09-07
31771,GA,Colquitt County Schools,Moultrie,traditional,ccd_school_zip,high,2,multi-LEA ZCTA; also Worth County Schools; census land≈109.43 sq mi (97% of LEA land in ZCTA),https://educationdata.urban.org/api/v1/school-districts/ccd/directory/|https://nces.ed.gov/ccd/|https://nces.ed.gov/programs/edge/Geographic/RelationshipFiles|https://nces.ed.gov/programs/edge/data/GRF24.zip,2026-09-07
31771,GA,Worth County Schools,Albany,traditional,census_zcta_lea,medium,,no open CCD school campus in this ZIP for this LEA; ZCTA∩LEA land from NCES EDGE GRF24; multi-LEA ZCTA; also Colquitt County Schools; census land≈3.51 sq mi (3% of LEA land in ZCTA); small land share in ZCTA — possible city/county edge,https://nces.ed.gov/programs/edge/Geographic/RelationshipFiles|https://nces.ed.gov/programs/edge/data/GRF24.zip,2026-09-07
31772,GA,Worth County Schools,Albany,traditional,census_zcta_lea,medium,,no open CCD school campus in this ZIP for this LEA; ZCTA∩LEA land from NCES EDGE GRF24; census land≈54.18 sq mi in ZCTA,https://nces.ed.gov/programs/edge/Geographic/RelationshipFiles|https://nces.ed.gov/programs/edge/data/GRF24.zip,2026-09-07
31773,GA,Colquitt County Schools,Moultrie,traditional,census_zcta_lea,medium,,"no open CCD school campus in this ZIP for this LEA; ZCTA∩LEA land from NCES EDGE GRF24; multi-LEA ZCTA; also Grady County Schools, Thomas County Schools; census land≈1.68 sq mi (2% of LEA land in ZCTA); small land share in ZCTA — possible city/county edge",https://nces.ed.gov/programs/edge/Geographic/RelationshipFiles|https://nces.ed.gov/programs/edge/data/GRF24.zip,2026-09-07
31773,GA,Grady County Schools,Thomasville,traditional,census_zcta_lea,medium,,"no open CCD school campus in this ZIP for this LEA; ZCTA∩LEA land from NCES EDGE GRF24; multi-LEA ZCTA; also Colquitt County Schools, Thomas County Schools; census land≈16.35 sq mi (19% of LEA land in ZCTA)",https://nces.ed.gov/programs/edge/Geographic/RelationshipFiles|https://nces.ed.gov/programs/edge/data/GRF24.zip,2026-09-07
31773,GA,Thomas County Schools,Thomasville,traditional,census_zcta_lea,medium,,"no open CCD school campus in this ZIP for this LEA; ZCTA∩LEA land from NCES EDGE GRF24; multi-LEA ZCTA; also Colquitt County Schools, Grady County Schools; census land≈67.56 sq mi (79% of LEA land in ZCTA)",https://nces.ed.gov/programs/edge/Geographic/RelationshipFiles|https://nces.ed.gov/programs/edge/data/GRF24.zip,2026-09-07
31774,GA,Irwin County Schools,Rural South Georgia,traditional,ccd_school_zip,high,3,,https://educationdata.urban.org/api/v1/school-districts/ccd/directory/|https://nces.ed.gov/ccd/,2026-09-07
31775,GA,Colquitt County Schools,Moultrie,traditional,census_zcta_lea,medium,,"no open CCD school campus in this ZIP for this LEA; ZCTA∩LEA land from NCES EDGE GRF24; multi-LEA ZCTA; also Tift County Schools, Worth County Schools; census land≈19.32 sq mi (44% of LEA land in ZCTA)",https://nces.ed.gov/programs/edge/Geographic/RelationshipFiles|https://nces.ed.gov/programs/edge/data/GRF24.zip,2026-09-07
31775,GA,Tift County Schools,Tifton,traditional,ccd_school_zip,high,1,"multi-LEA ZCTA; also Colquitt County Schools, Worth County Schools; census land≈16.49 sq mi (37% of LEA land in ZCTA)",https://educationdata.urban.org/api/v1/school-districts/ccd/directory/|https://nces.ed.gov/ccd/|https://nces.ed.gov/programs/edge/Geographic/RelationshipFiles|https://nces.ed.gov/programs/edge/data/GRF24.zip,2026-09-07
31775,GA,Worth County Schools,Albany,traditional,census_zcta_lea,medium,,"no open CCD school campus in this ZIP for this LEA; ZCTA∩LEA land from NCES EDGE GRF24; multi-LEA ZCTA; also Colquitt County Schools, Tift County Schools; census land≈8.58 sq mi (19% of LEA land in ZCTA)",https://nces.ed.gov/programs/edge/Geographic/RelationshipFiles|https://nces.ed.gov/programs/edge/data/GRF24.zip,2026-09-07
31778,GA,Brooks County Schools,Valdosta,traditional,census_zcta_lea,medium,,"no open CCD school campus in this ZIP for this LEA; ZCTA∩LEA land from NCES EDGE GRF24; multi-LEA ZCTA; also Colquitt County Schools, Thomas County Schools; census land≈66.99 sq mi (61% of LEA land in ZCTA)",https://nces.ed.gov/programs/edge/Geographic/RelationshipFiles|https://nces.ed.gov/programs/edge/data/GRF24.zip,2026-09-07
31778,GA,Colquitt County Schools,Moultrie,traditional,census_zcta_lea,medium,,"no open CCD school campus in this ZIP for this LEA; ZCTA∩LEA land from NCES EDGE GRF24; multi-LEA ZCTA; also Brooks County Schools, Thomas County Schools; census land≈2.82 sq mi (3% of LEA land in ZCTA); small land share in ZCTA — possible city/county edge",https://nces.ed.gov/programs/edge/Geographic/RelationshipFiles|https://nces.ed.gov/programs/edge/data/GRF24.zip,2026-09-07
31778,GA,Thomas County Schools,Thomasville,traditional,census_zcta_lea,medium,,"no open CCD school campus in this ZIP for this LEA; ZCTA∩LEA land from NCES EDGE GRF24; multi-LEA ZCTA; also Brooks County Schools, Colquitt County Schools; census land≈39.50 sq mi (36% of LEA land in ZCTA)",https://nces.ed.gov/programs/edge/Geographic/RelationshipFiles|https://nces.ed.gov/programs/edge/data/GRF24.zip,2026-09-07
31779,GA,Grady County Schools,Thomasville,traditional,ccd_school_zip,high,1,"multi-LEA ZCTA; also Mitchell County Schools, Pelham City Schools, Thomas County Schools; census land≈44.82 sq mi (33% of LEA land in ZCTA)",https://educationdata.urban.org/api/v1/school-districts/ccd/directory/|https://nces.ed.gov/ccd/|https://nces.ed.gov/programs/edge/Geographic/RelationshipFiles|https://nces.ed.gov/programs/edge/data/GRF24.zip,2026-09-07
31779,GA,Mitchell County Schools,Rural SW Georgia,traditional,census_zcta_lea,medium,,"no open CCD school campus in this ZIP for this LEA; ZCTA∩LEA land from NCES EDGE GRF24; multi-LEA ZCTA; also Grady County Schools, Pelham City Schools, Thomas County Schools; census land≈83.73 sq mi (62% of LEA land in ZCTA)",https://nces.ed.gov/programs/edge/Geographic/RelationshipFiles|https://nces.ed.gov/programs/edge/data/GRF24.zip,2026-09-07
31779,GA,Pelham City Schools,Rural SW Georgia,traditional,ccd_school_zip,high,3,"multi-LEA ZCTA; also Grady County Schools, Mitchell County Schools, Thomas County Schools; census land≈4.08 sq mi (3% of LEA land in ZCTA)",https://educationdata.urban.org/api/v1/school-districts/ccd/directory/|https://nces.ed.gov/ccd/|https://nces.ed.gov/programs/edge/Geographic/RelationshipFiles|https://nces.ed.gov/programs/edge/data/GRF24.zip,2026-09-07
31779,GA,Thomas County Schools,Thomasville,traditional,census_zcta_lea,medium,,"no open CCD school campus in this ZIP for this LEA; ZCTA∩LEA land from NCES EDGE GRF24; multi-LEA ZCTA; also Grady County Schools, Mitchell County Schools, Pelham City Schools; census land≈2.89 sq mi (2% of LEA land in ZCTA); small land share in ZCTA — possible city/county edge",https://nces.ed.gov/programs/edge/Geographic/RelationshipFiles|https://nces.ed.gov/programs/edge/data/GRF24.zip,2026-09-07
31780,GA,Sumter County Schools,Americus,traditional,census_zcta_lea,medium,,no open CCD school campus in this ZIP for this LEA; ZCTA∩LEA land from NCES EDGE GRF24; multi-LEA ZCTA; also Webster County Schools; census land≈82.85 sq mi (91% of LEA land in ZCTA),https://nces.ed.gov/programs/edge/Geographic/RelationshipFiles|https://nces.ed.gov/programs/edge/data/GRF24.zip,2026-09-07
31780,GA,Webster County Schools,Rural SW Georgia,traditional,census_zcta_lea,medium,,no open CCD school campus in this ZIP for this LEA; ZCTA∩LEA land from NCES EDGE GRF24; multi-LEA ZCTA; also Sumter County Schools; census land≈8.68 sq mi (9% of LEA land in ZCTA); small land share in ZCTA — possible city/county edge,https://nces.ed.gov/programs/edge/Geographic/RelationshipFiles|https://nces.ed.gov/programs/edge/data/GRF24.zip,2026-09-07
31781,GA,Worth County Schools,Albany,traditional,census_zcta_lea,medium,,no open CCD school campus in this ZIP for this LEA; ZCTA∩LEA land from NCES EDGE GRF24; census land≈27.10 sq mi in ZCTA,https://nces.ed.gov/programs/edge/Geographic/RelationshipFiles|https://nces.ed.gov/programs/edge/data/GRF24.zip,2026-09-07
31783,GA,Ben Hill County Schools,Fitzgerald,traditional,census_zcta_lea,medium,,"no open CCD school campus in this ZIP for this LEA; ZCTA∩LEA land from NCES EDGE GRF24; multi-LEA ZCTA; also Irwin County Schools, Turner County Schools; census land≈18.98 sq mi (19% of LEA land in ZCTA)",https://nces.ed.gov/programs/edge/Geographic/RelationshipFiles|https://nces.ed.gov/programs/edge/data/GRF24.zip,2026-09-07
31783,GA,Irwin County Schools,Rural South Georgia,traditional,census_zcta_lea,medium,,"no open CCD school campus in this ZIP for this LEA; ZCTA∩LEA land from NCES EDGE GRF24; multi-LEA ZCTA; also Ben Hill County Schools, Turner County Schools; census land≈27.46 sq mi (28% of LEA land in ZCTA)",https://nces.ed.gov/programs/edge/Geographic/RelationshipFiles|https://nces.ed.gov/programs/edge/data/GRF24.zip,2026-09-07
31783,GA,Turner County Schools,Tifton,traditional,census_zcta_lea,medium,,"no open CCD school campus in this ZIP for this LEA; ZCTA∩LEA land from NCES EDGE GRF24; multi-LEA ZCTA; also Ben Hill County Schools, Irwin County Schools; census land≈51.25 sq mi (52% of LEA land in ZCTA)",https://nces.ed.gov/programs/edge/Geographic/RelationshipFiles|https://nces.ed.gov/programs/edge/data/GRF24.zip,2026-09-07
31784,GA,Mitchell County Schools,Rural SW Georgia,traditional,census_zcta_lea,medium,,no open CCD school campus in this ZIP for this LEA; ZCTA∩LEA land from NCES EDGE GRF24; census land≈32.60 sq mi in ZCTA,https://nces.ed.gov/programs/edge/Geographic/RelationshipFiles|https://nces.ed.gov/programs/edge/data/GRF24.zip,2026-09-07
31787,GA,Lee County Schools,Albany,traditional,census_zcta_lea,medium,,no open CCD school campus in this ZIP for this LEA; ZCTA∩LEA land from NCES EDGE GRF24; multi-LEA ZCTA; also Sumter County Schools; census land≈55.71 sq mi (66% of LEA land in ZCTA),https://nces.ed.gov/programs/edge/Geographic/RelationshipFiles|https://nces.ed.gov/programs/edge/data/GRF24.zip,2026-09-07
31787,GA,Sumter County Schools,Americus,traditional,census_zcta_lea,medium,,no open CCD school campus in this ZIP for this LEA; ZCTA∩LEA land from NCES EDGE GRF24; multi-LEA ZCTA; also Lee County Schools; census land≈28.72 sq mi (34% of LEA land in ZCTA),https://nces.ed.gov/programs/edge/Geographic/RelationshipFiles|https://nces.ed.gov/programs/edge/data/GRF24.zip,2026-09-07
31788,GA,Brooks County Schools,Valdosta,traditional,census_zcta_lea,medium,,no open CCD school campus in this ZIP for this LEA; ZCTA∩LEA land from NCES EDGE GRF24; multi-LEA ZCTA; also Colquitt County Schools; census land≈2.43 sq mi (2% of LEA land in ZCTA); small land share in ZCTA — possible city/county edge,https://nces.ed.gov/programs/edge/Geographic/RelationshipFiles|https://nces.ed.gov/programs/edge/data/GRF24.zip,2026-09-07
31788,GA,Colquitt County Schools,Moultrie,traditional,ccd_school_zip,high,1,multi-LEA ZCTA; also Brooks County Schools; census land≈126.27 sq mi (98% of LEA land in ZCTA),https://educationdata.urban.org/api/v1/school-districts/ccd/directory/|https://nces.ed.gov/ccd/|https://nces.ed.gov/programs/edge/Geographic/RelationshipFiles|https://nces.ed.gov/programs/edge/data/GRF24.zip,2026-09-07
31789,GA,Worth County Schools,Albany,traditional,census_zcta_lea,medium,,no open CCD school campus in this ZIP for this LEA; ZCTA∩LEA land from NCES EDGE GRF24; census land≈65.88 sq mi in ZCTA,https://nces.ed.gov/programs/edge/Geographic/RelationshipFiles|https://nces.ed.gov/programs/edge/data/GRF24.zip,2026-09-07
31790,GA,Irwin County Schools,Rural South Georgia,traditional,census_zcta_lea,medium,,"no open CCD school campus in this ZIP for this LEA; ZCTA∩LEA land from NCES EDGE GRF24; multi-LEA ZCTA; also Tift County Schools, Turner County Schools; census land≈2.19 sq mi (3% of LEA land in ZCTA); small land share in ZCTA — possible city/county edge",https://nces.ed.gov/programs/edge/Geographic/RelationshipFiles|https://nces.ed.gov/programs/edge/data/GRF24.zip,2026-09-07
31790,GA,Tift County Schools,Tifton,traditional,census_zcta_lea,medium,,"no open CCD school campus in this ZIP for this LEA; ZCTA∩LEA land from NCES EDGE GRF24; multi-LEA ZCTA; also Irwin County Schools, Turner County Schools; census land≈1.87 sq mi (3% of LEA land in ZCTA); small land share in ZCTA — possible city/county edge",https://nces.ed.gov/programs/edge/Geographic/RelationshipFiles|https://nces.ed.gov/programs/edge/data/GRF24.zip,2026-09-07
31790,GA,Turner County Schools,Tifton,traditional,census_zcta_lea,medium,,"no open CCD school campus in this ZIP for this LEA; ZCTA∩LEA land from NCES EDGE GRF24; multi-LEA ZCTA; also Irwin County Schools, Tift County Schools; census land≈65.05 sq mi (94% of LEA land in ZCTA)",https://nces.ed.gov/programs/edge/Geographic/RelationshipFiles|https://nces.ed.gov/programs/edge/data/GRF24.zip,2026-09-07
31791,GA,Dougherty County Schools,Albany,traditional,census_zcta_lea,medium,,no open CCD school campus in this ZIP for this LEA; ZCTA∩LEA land from NCES EDGE GRF24; multi-LEA ZCTA; also Worth County Schools; census land≈0.74 sq mi (0% of LEA land in ZCTA); small land share in ZCTA — possible city/county edge,https://nces.ed.gov/programs/edge/Geographic/RelationshipFiles|https://nces.ed.gov/programs/edge/data/GRF24.zip,2026-09-07
31791,GA,Worth County Schools,Albany,traditional,ccd_school_zip,high,5,multi-LEA ZCTA; also Dougherty County Schools; census land≈208.88 sq mi (100% of LEA land in ZCTA),https://educationdata.urban.org/api/v1/school-districts/ccd/directory/|https://nces.ed.gov/ccd/|https://nces.ed.gov/programs/edge/Geographic/RelationshipFiles|https://nces.ed.gov/programs/edge/data/GRF24.zip,2026-09-07
31792,GA,Grady County Schools,Thomasville,traditional,census_zcta_lea,medium,,"no open CCD school campus in this ZIP for this LEA; ZCTA∩LEA land from NCES EDGE GRF24; multi-LEA ZCTA; also Thomas County Schools, Thomasville City Schools; census land≈62.01 sq mi (29% of LEA land in ZCTA)",https://nces.ed.gov/programs/edge/Geographic/RelationshipFiles|https://nces.ed.gov/programs/edge/data/GRF24.zip,2026-09-07
31792,GA,Thomas County Schools,Thomasville,traditional,ccd_school_zip,high,5,"multi-LEA ZCTA; also Grady County Schools, Thomasville City Schools; census land≈134.61 sq mi (64% of LEA land in ZCTA)",https://educationdata.urban.org/api/v1/school-districts/ccd/directory/|https://nces.ed.gov/ccd/|https://nces.ed.gov/programs/edge/Geographic/RelationshipFiles|https://nces.ed.gov/programs/edge/data/GRF24.zip,2026-09-07
31792,GA,Thomasville City Schools,Thomasville,traditional,ccd_school_zip,high,5,"multi-LEA ZCTA; also Grady County Schools, Thomas County Schools; census land≈14.61 sq mi (7% of LEA land in ZCTA)",https://educationdata.urban.org/api/v1/school-districts/ccd/directory/|https://nces.ed.gov/ccd/|https://nces.ed.gov/programs/edge/Geographic/RelationshipFiles|https://nces.ed.gov/programs/edge/data/GRF24.zip,2026-09-07
31793,GA,Tift County Schools,Tifton,traditional,ccd_school_zip,high,1,,https://educationdata.urban.org/api/v1/school-districts/ccd/directory/|https://nces.ed.gov/ccd/,2026-09-07
31794,GA,Berrien County Schools,Rural South Georgia,traditional,census_zcta_lea,medium,,no open CCD school campus in this ZIP for this LEA; ZCTA∩LEA land from NCES EDGE GRF24; multi-LEA ZCTA; also Tift County Schools; census land≈10.68 sq mi (9% of LEA land in ZCTA); small land share in ZCTA — possible city/county edge,https://nces.ed.gov/programs/edge/Geographic/RelationshipFiles|https://nces.ed.gov/programs/edge/data/GRF24.zip,2026-09-07
31794,GA,Tift County Schools,Tifton,traditional,ccd_school_zip,high,9,multi-LEA ZCTA; also Berrien County Schools; census land≈103.86 sq mi (91% of LEA land in ZCTA),https://educationdata.urban.org/api/v1/school-districts/ccd/directory/|https://nces.ed.gov/ccd/|https://nces.ed.gov/programs/edge/Geographic/RelationshipFiles|https://nces.ed.gov/programs/edge/data/GRF24.zip,2026-09-07
31795,GA,Tift County Schools,Tifton,traditional,census_zcta_lea,medium,,no open CCD school campus in this ZIP for this LEA; ZCTA∩LEA land from NCES EDGE GRF24; multi-LEA ZCTA; also Worth County Schools; census land≈12.48 sq mi (26% of LEA land in ZCTA),https://nces.ed.gov/programs/edge/Geographic/RelationshipFiles|https://nces.ed.gov/programs/edge/data/GRF24.zip,2026-09-07
31795,GA,Worth County Schools,Albany,traditional,census_zcta_lea,medium,,no open CCD school campus in this ZIP for this LEA; ZCTA∩LEA land from NCES EDGE GRF24; multi-LEA ZCTA; also Tift County Schools; census land≈34.91 sq mi (74% of LEA land in ZCTA),https://nces.ed.gov/programs/edge/Geographic/RelationshipFiles|https://nces.ed.gov/programs/edge/data/GRF24.zip,2026-09-07
31796,GA,Crisp County Schools,Cordele,traditional,census_zcta_lea,medium,,no open CCD school campus in this ZIP for this LEA; ZCTA∩LEA land from NCES EDGE GRF24; multi-LEA ZCTA; also Worth County Schools; census land≈0.63 sq mi (1% of LEA land in ZCTA); small land share in ZCTA — possible city/county edge,https://nces.ed.gov/programs/edge/Geographic/RelationshipFiles|https://nces.ed.gov/programs/edge/data/GRF24.zip,2026-09-07
31796,GA,Worth County Schools,Albany,traditional,census_zcta_lea,medium,,no open CCD school campus in this ZIP for this LEA; ZCTA∩LEA land from NCES EDGE GRF24; multi-LEA ZCTA; also Crisp County Schools; census land≈70.28 sq mi (99% of LEA land in ZCTA),https://nces.ed.gov/programs/edge/Geographic/RelationshipFiles|https://nces.ed.gov/programs/edge/data/GRF24.zip,2026-09-07
31798,GA,Ben Hill County Schools,Fitzgerald,traditional,census_zcta_lea,medium,,"no open CCD school campus in this ZIP for this LEA; ZCTA∩LEA land from NCES EDGE GRF24; multi-LEA ZCTA; also Coffee County Schools, Irwin County Schools; census land≈11.41 sq mi (13% of LEA land in ZCTA); small land share in ZCTA — possible city/county edge",https://nces.ed.gov/programs/edge/Geographic/RelationshipFiles|https://nces.ed.gov/programs/edge/data/GRF24.zip,2026-09-07
31798,GA,Coffee County Schools,Douglas,traditional,census_zcta_lea,medium,,"no open CCD school campus in this ZIP for this LEA; ZCTA∩LEA land from NCES EDGE GRF24; multi-LEA ZCTA; also Ben Hill County Schools, Irwin County Schools; census land≈31.06 sq mi (34% of LEA land in ZCTA)",https://nces.ed.gov/programs/edge/Geographic/RelationshipFiles|https://nces.ed.gov/programs/edge/data/GRF24.zip,2026-09-07
31798,GA,Irwin County Schools,Rural South Georgia,traditional,census_zcta_lea,medium,,"no open CCD school campus in this ZIP for this LEA; ZCTA∩LEA land from NCES EDGE GRF24; multi-LEA ZCTA; also Ben Hill County Schools, Coffee County Schools; census land≈48.45 sq mi (53% of LEA land in ZCTA)",https://nces.ed.gov/programs/edge/Geographic/RelationshipFiles|https://nces.ed.gov/programs/edge/data/GRF24.zip,2026-09-07
31801,GA,Marion County Schools,Columbus,traditional,census_zcta_lea,medium,,"no open CCD school campus in this ZIP for this LEA; ZCTA∩LEA land from NCES EDGE GRF24; multi-LEA ZCTA; also Muscogee County Schools, Talbot County Schools; census land≈55.94 sq mi (65% of LEA land in ZCTA)",https://nces.ed.gov/programs/edge/Geographic/RelationshipFiles|https://nces.ed.gov/programs/edge/data/GRF24.zip,2026-09-07
31801,GA,Muscogee County Schools,Columbus,traditional,census_zcta_lea,medium,,"no open CCD school campus in this ZIP for this LEA; ZCTA∩LEA land from NCES EDGE GRF24; multi-LEA ZCTA; also Marion County Schools, Talbot County Schools; census land≈2.09 sq mi (2% of LEA land in ZCTA); small land share in ZCTA — possible city/county edge",https://nces.ed.gov/programs/edge/Geographic/RelationshipFiles|https://nces.ed.gov/programs/edge/data/GRF24.zip,2026-09-07
31801,GA,Talbot County Schools,Columbus,traditional,census_zcta_lea,medium,,"no open CCD school campus in this ZIP for this LEA; ZCTA∩LEA land from NCES EDGE GRF24; multi-LEA ZCTA; also Marion County Schools, Muscogee County Schools; census land≈28.04 sq mi (33% of LEA land in ZCTA)",https://nces.ed.gov/programs/edge/Geographic/RelationshipFiles|https://nces.ed.gov/programs/edge/data/GRF24.zip,2026-09-07
31803,GA,Marion County Schools,Columbus,traditional,ccd_school_zip,high,2,"multi-LEA ZCTA; also Schley County Schools, Webster County Schools; census land≈266.87 sq mi (94% of LEA land in ZCTA)",https://educationdata.urban.org/api/v1/school-districts/ccd/directory/|https://nces.ed.gov/ccd/|https://nces.ed.gov/programs/edge/Geographic/RelationshipFiles|https://nces.ed.gov/programs/edge/data/GRF24.zip,2026-09-07
31803,GA,Schley County Schools,Americus,traditional,census_zcta_lea,medium,,"no open CCD school campus in this ZIP for this LEA; ZCTA∩LEA land from NCES EDGE GRF24; multi-LEA ZCTA; also Marion County Schools, Webster County Schools; census land≈16.02 sq mi (6% of LEA land in ZCTA); small land share in ZCTA — possible city/county edge",https://nces.ed.gov/programs/edge/Geographic/RelationshipFiles|https://nces.ed.gov/programs/edge/data/GRF24.zip,2026-09-07
31803,GA,Webster County Schools,Rural SW Georgia,traditional,census_zcta_lea,medium,,"no open CCD school campus in this ZIP for this LEA; ZCTA∩LEA land from NCES EDGE GRF24; multi-LEA ZCTA; also Marion County Schools, Schley County Schools; census land≈2.08 sq mi (1% of LEA land in ZCTA); small land share in ZCTA — possible city/county edge",https://nces.ed.gov/programs/edge/Geographic/RelationshipFiles|https://nces.ed.gov/programs/edge/data/GRF24.zip,2026-09-07
31804,GA,Harris County Schools,Columbus,traditional,ccd_school_zip,high,2,,https://educationdata.urban.org/api/v1/school-districts/ccd/directory/|https://nces.ed.gov/ccd/,2026-09-07
31805,GA,Chattahoochee County Schools,Columbus,traditional,ccd_school_zip,high,3,multi-LEA ZCTA; also Stewart County Schools; census land≈55.17 sq mi (83% of LEA land in ZCTA),https://educationdata.urban.org/api/v1/school-districts/ccd/directory/|https://nces.ed.gov/ccd/|https://nces.ed.gov/programs/edge/Geographic/RelationshipFiles|https://nces.ed.gov/programs/edge/data/GRF24.zip,2026-09-07
31805,GA,Stewart County Schools,Columbus,traditional,census_zcta_lea,medium,,no open CCD school campus in this ZIP for this LEA; ZCTA∩LEA land from NCES EDGE GRF24; multi-LEA ZCTA; also Chattahoochee County Schools; census land≈11.23 sq mi (17% of LEA land in ZCTA),https://nces.ed.gov/programs/edge/Geographic/RelationshipFiles|https://nces.ed.gov/programs/edge/data/GRF24.zip,2026-09-07
31806,GA,Macon County Schools,Rural Middle Georgia,traditional,census_zcta_lea,medium,,no open CCD school campus in this ZIP for this LEA; ZCTA∩LEA land from NCES EDGE GRF24; multi-LEA ZCTA; also Schley County Schools; census land≈11.43 sq mi (7% of LEA land in ZCTA); small land share in ZCTA — possible city/county edge,https://nces.ed.gov/programs/edge/Geographic/RelationshipFiles|https://nces.ed.gov/programs/edge/data/GRF24.zip,2026-09-07
31806,GA,Schley County Schools,Americus,traditional,ccd_school_zip,high,2,multi-LEA ZCTA; also Macon County Schools; census land≈148.60 sq mi (93% of LEA land in ZCTA),https://educationdata.urban.org/api/v1/school-districts/ccd/directory/|https://nces.ed.gov/ccd/|https://nces.ed.gov/programs/edge/Geographic/RelationshipFiles|https://nces.ed.gov/programs/edge/data/GRF24.zip,2026-09-07
31807,GA,Harris County Schools,Columbus,traditional,ccd_school_zip,high,1,,https://educationdata.urban.org/api/v1/school-districts/ccd/directory/|https://nces.ed.gov/ccd/,2026-09-07
31808,GA,Harris County Schools,Columbus,traditional,ccd_school_zip,high,1,multi-LEA ZCTA; also Muscogee County Schools; census land≈43.92 sq mi (79% of LEA land in ZCTA),https://educationdata.urban.org/api/v1/school-districts/ccd/directory/|https://nces.ed.gov/ccd/|https://nces.ed.gov/programs/edge/Geographic/RelationshipFiles|https://nces.ed.gov/programs/edge/data/GRF24.zip,2026-09-07
31808,GA,Muscogee County Schools,Columbus,traditional,census_zcta_lea,medium,,no open CCD school campus in this ZIP for this LEA; ZCTA∩LEA land from NCES EDGE GRF24; multi-LEA ZCTA; also Harris County Schools; census land≈11.56 sq mi (21% of LEA land in ZCTA),https://nces.ed.gov/programs/edge/Geographic/RelationshipFiles|https://nces.ed.gov/programs/edge/data/GRF24.zip,2026-09-07
31810,GA,Talbot County Schools,Columbus,traditional,census_zcta_lea,medium,,no open CCD school campus in this ZIP for this LEA; ZCTA∩LEA land from NCES EDGE GRF24; census land≈15.86 sq mi in ZCTA,https://nces.ed.gov/programs/edge/Geographic/RelationshipFiles|https://nces.ed.gov/programs/edge/data/GRF24.zip,2026-09-07
31811,GA,Harris County Schools,Columbus,traditional,ccd_school_zip,high,3,,https://educationdata.urban.org/api/v1/school-districts/ccd/directory/|https://nces.ed.gov/ccd/,2026-09-07
31812,GA,Talbot County Schools,Columbus,traditional,census_zcta_lea,medium,,no open CCD school campus in this ZIP for this LEA; ZCTA∩LEA land from NCES EDGE GRF24; multi-LEA ZCTA; also Taylor County Schools; census land≈52.91 sq mi (80% of LEA land in ZCTA),https://nces.ed.gov/programs/edge/Geographic/RelationshipFiles|https://nces.ed.gov/programs/edge/data/GRF24.zip,2026-09-07
31812,GA,Taylor County Schools,Rural Middle Georgia,traditional,census_zcta_lea,medium,,no open CCD school campus in this ZIP for this LEA; ZCTA∩LEA land from NCES EDGE GRF24; multi-LEA ZCTA; also Talbot County Schools; census land≈13.64 sq mi (20% of LEA land in ZCTA),https://nces.ed.gov/programs/edge/Geographic/RelationshipFiles|https://nces.ed.gov/programs/edge/data/GRF24.zip,2026-09-07
31814,GA,Stewart County Schools,Columbus,traditional,census_zcta_lea,medium,,no open CCD school campus in this ZIP for this LEA; ZCTA∩LEA land from NCES EDGE GRF24; census land≈16.68 sq mi in ZCTA,https://nces.ed.gov/programs/edge/Geographic/RelationshipFiles|https://nces.ed.gov/programs/edge/data/GRF24.zip,2026-09-07
31815,GA,Stewart County Schools,Columbus,traditional,ccd_school_zip,high,3,,https://educationdata.urban.org/api/v1/school-districts/ccd/directory/|https://nces.ed.gov/ccd/,2026-09-07
31816,GA,Meriwether County Schools,Atlanta,traditional,ccd_school_zip,high,3,multi-LEA ZCTA; also Talbot County Schools; census land≈32.20 sq mi (86% of LEA land in ZCTA),https://educationdata.urban.org/api/v1/school-districts/ccd/directory/|https://nces.ed.gov/ccd/|https://nces.ed.gov/programs/edge/Geographic/RelationshipFiles|https://nces.ed.gov/programs/edge/data/GRF24.zip,2026-09-07
31816,GA,Talbot County Schools,Columbus,traditional,census_zcta_lea,medium,,no open CCD school campus in this ZIP for this LEA; ZCTA∩LEA land from NCES EDGE GRF24; multi-LEA ZCTA; also Meriwether County Schools; census land≈5.34 sq mi (14% of LEA land in ZCTA); small land share in ZCTA — possible city/county edge,https://nces.ed.gov/programs/edge/Geographic/RelationshipFiles|https://nces.ed.gov/programs/edge/data/GRF24.zip,2026-09-07
31820,GA,Harris County Schools,Columbus,traditional,census_zcta_lea,medium,,no open CCD school campus in this ZIP for this LEA; ZCTA∩LEA land from NCES EDGE GRF24; multi-LEA ZCTA; also Muscogee County Schools; census land≈16.41 sq mi (42% of LEA land in ZCTA),https://nces.ed.gov/programs/edge/Geographic/RelationshipFiles|https://nces.ed.gov/programs/edge/data/GRF24.zip,2026-09-07
31820,GA,Muscogee County Schools,Columbus,traditional,ccd_school_zip,high,4,multi-LEA ZCTA; also Harris County Schools; census land≈23.00 sq mi (58% of LEA land in ZCTA),https://educationdata.urban.org/api/v1/school-districts/ccd/directory/|https://nces.ed.gov/ccd/|https://nces.ed.gov/programs/edge/Geographic/RelationshipFiles|https://nces.ed.gov/programs/edge/data/GRF24.zip,2026-09-07
31821,GA,Stewart County Schools,Columbus,traditional,census_zcta_lea,medium,,no open CCD school campus in this ZIP for this LEA; ZCTA∩LEA land from NCES EDGE GRF24; census land≈67.01 sq mi in ZCTA,https://nces.ed.gov/programs/edge/Geographic/RelationshipFiles|https://nces.ed.gov/programs/edge/data/GRF24.zip,2026-09-07
31822,GA,Harris County Schools,Columbus,traditional,census_zcta_lea,medium,,"no open CCD school campus in this ZIP for this LEA; ZCTA∩LEA land from NCES EDGE GRF24; multi-LEA ZCTA; also Meriwether County Schools, Troup County School System; census land≈57.39 sq mi (50% of LEA land in ZCTA)",https://nces.ed.gov/programs/edge/Geographic/RelationshipFiles|https://nces.ed.gov/programs/edge/data/GRF24.zip,2026-09-07
31822,GA,Meriwether County Schools,Atlanta,traditional,census_zcta_lea,medium,,"no open CCD school campus in this ZIP for this LEA; ZCTA∩LEA land from NCES EDGE GRF24; multi-LEA ZCTA; also Harris County Schools, Troup County School System; census land≈20.44 sq mi (18% of LEA land in ZCTA)",https://nces.ed.gov/programs/edge/Geographic/RelationshipFiles|https://nces.ed.gov/programs/edge/data/GRF24.zip,2026-09-07
31822,GA,Troup County School System,LaGrange,traditional,census_zcta_lea,medium,,"no open CCD school campus in this ZIP for this LEA; ZCTA∩LEA land from NCES EDGE GRF24; multi-LEA ZCTA; also Harris County Schools, Meriwether County Schools; census land≈37.60 sq mi (33% of LEA land in ZCTA)",https://nces.ed.gov/programs/edge/Geographic/RelationshipFiles|https://nces.ed.gov/programs/edge/data/GRF24.zip,2026-09-07
31823,GA,Harris County Schools,Columbus,traditional,census_zcta_lea,medium,,no open CCD school campus in this ZIP for this LEA; ZCTA∩LEA land from NCES EDGE GRF24; census land≈7.41 sq mi in ZCTA,https://nces.ed.gov/programs/edge/Geographic/RelationshipFiles|https://nces.ed.gov/programs/edge/data/GRF24.zip,2026-09-07
31824,GA,Marion County Schools,Columbus,traditional,census_zcta_lea,medium,,no open CCD school campus in this ZIP for this LEA; ZCTA∩LEA land from NCES EDGE GRF24; multi-LEA ZCTA; also Webster County Schools; census land≈2.13 sq mi (2% of LEA land in ZCTA); small land share in ZCTA — possible city/county edge,https://nces.ed.gov/programs/edge/Geographic/RelationshipFiles|https://nces.ed.gov/programs/edge/data/GRF24.zip,2026-09-07
31824,GA,Webster County Schools,Rural SW Georgia,traditional,ccd_school_zip,high,2,multi-LEA ZCTA; also Marion County Schools; census land≈114.78 sq mi (98% of LEA land in ZCTA),https://educationdata.urban.org/api/v1/school-districts/ccd/directory/|https://nces.ed.gov/ccd/|https://nces.ed.gov/programs/edge/Geographic/RelationshipFiles|https://nces.ed.gov/programs/edge/data/GRF24.zip,2026-09-07
31825,GA,Stewart County Schools,Columbus,traditional,census_zcta_lea,medium,,no open CCD school campus in this ZIP for this LEA; ZCTA∩LEA land from NCES EDGE GRF24; multi-LEA ZCTA; also Webster County Schools; census land≈102.23 sq mi (70% of LEA land in ZCTA),https://nces.ed.gov/programs/edge/Geographic/RelationshipFiles|https://nces.ed.gov/programs/edge/data/GRF24.zip,2026-09-07
31825,GA,Webster County Schools,Rural SW Georgia,traditional,census_zcta_lea,medium,,no open CCD school campus in this ZIP for this LEA; ZCTA∩LEA land from NCES EDGE GRF24; multi-LEA ZCTA; also Stewart County Schools; census land≈43.15 sq mi (30% of LEA land in ZCTA),https://nces.ed.gov/programs/edge/Geographic/RelationshipFiles|https://nces.ed.gov/programs/edge/data/GRF24.zip,2026-09-07
31826,GA,Harris County Schools,Columbus,traditional,census_zcta_lea,medium,,no open CCD school campus in this ZIP for this LEA; ZCTA∩LEA land from NCES EDGE GRF24; multi-LEA ZCTA; also Talbot County Schools; census land≈33.99 sq mi (66% of LEA land in ZCTA),https://nces.ed.gov/programs/edge/Geographic/RelationshipFiles|https://nces.ed.gov/programs/edge/data/GRF24.zip,2026-09-07
31826,GA,Talbot County Schools,Columbus,traditional,census_zcta_lea,medium,,no open CCD school campus in this ZIP for this LEA; ZCTA∩LEA land from NCES EDGE GRF24; multi-LEA ZCTA; also Harris County Schools; census land≈17.48 sq mi (34% of LEA land in ZCTA),https://nces.ed.gov/programs/edge/Geographic/RelationshipFiles|https://nces.ed.gov/programs/edge/data/GRF24.zip,2026-09-07
31827,GA,Talbot County Schools,Columbus,traditional,ccd_school_zip,high,1,,https://educationdata.urban.org/api/v1/school-districts/ccd/directory/|https://nces.ed.gov/ccd/,2026-09-07
31829,GA,Harris County Schools,Columbus,traditional,census_zcta_lea,medium,,no open CCD school campus in this ZIP for this LEA; ZCTA∩LEA land from NCES EDGE GRF24; multi-LEA ZCTA; also Muscogee County Schools; census land≈2.12 sq mi (16% of LEA land in ZCTA),https://nces.ed.gov/programs/edge/Geographic/RelationshipFiles|https://nces.ed.gov/programs/edge/data/GRF24.zip,2026-09-07
31829,GA,Muscogee County Schools,Columbus,traditional,census_zcta_lea,medium,,no open CCD school campus in this ZIP for this LEA; ZCTA∩LEA land from NCES EDGE GRF24; multi-LEA ZCTA; also Harris County Schools; census land≈11.21 sq mi (84% of LEA land in ZCTA),https://nces.ed.gov/programs/edge/Geographic/RelationshipFiles|https://nces.ed.gov/programs/edge/data/GRF24.zip,2026-09-07
31830,GA,Harris County Schools,Columbus,traditional,census_zcta_lea,medium,,no open CCD school campus in this ZIP for this LEA; ZCTA∩LEA land from NCES EDGE GRF24; multi-LEA ZCTA; also Meriwether County Schools; census land≈5.38 sq mi (10% of LEA land in ZCTA); small land share in ZCTA — possible city/county edge,https://nces.ed.gov/programs/edge/Geographic/RelationshipFiles|https://nces.ed.gov/programs/edge/data/GRF24.zip,2026-09-07
31830,GA,Meriwether County Schools,Atlanta,traditional,ccd_school_zip,high,1,multi-LEA ZCTA; also Harris County Schools; census land≈49.27 sq mi (90% of LEA land in ZCTA),https://educationdata.urban.org/api/v1/school-districts/ccd/directory/|https://nces.ed.gov/ccd/|https://nces.ed.gov/programs/edge/Geographic/RelationshipFiles|https://nces.ed.gov/programs/edge/data/GRF24.zip,2026-09-07
31831,GA,Harris County Schools,Columbus,traditional,census_zcta_lea,medium,,no open CCD school campus in this ZIP for this LEA; ZCTA∩LEA land from NCES EDGE GRF24; multi-LEA ZCTA; also Talbot County Schools; census land≈45.75 sq mi (62% of LEA land in ZCTA),https://nces.ed.gov/programs/edge/Geographic/RelationshipFiles|https://nces.ed.gov/programs/edge/data/GRF24.zip,2026-09-07
31831,GA,Talbot County Schools,Columbus,traditional,census_zcta_lea,medium,,no open CCD school campus in this ZIP for this LEA; ZCTA∩LEA land from NCES EDGE GRF24; multi-LEA ZCTA; also Harris County Schools; census land≈27.66 sq mi (38% of LEA land in ZCTA),https://nces.ed.gov/programs/edge/Geographic/RelationshipFiles|https://nces.ed.gov/programs/edge/data/GRF24.zip,2026-09-07
31832,GA,Randolph County Schools,Rural SW Georgia,traditional,census_zcta_lea,medium,,no open CCD school campus in this ZIP for this LEA; ZCTA∩LEA land from NCES EDGE GRF24; multi-LEA ZCTA; also Webster County Schools; census land≈3.55 sq mi (13% of LEA land in ZCTA); small land share in ZCTA — possible city/county edge,https://nces.ed.gov/programs/edge/Geographic/RelationshipFiles|https://nces.ed.gov/programs/edge/data/GRF24.zip,2026-09-07
31832,GA,Webster County Schools,Rural SW Georgia,traditional,census_zcta_lea,medium,,no open CCD school campus in this ZIP for this LEA; ZCTA∩LEA land from NCES EDGE GRF24; multi-LEA ZCTA; also Randolph County Schools; census land≈24.79 sq mi (87% of LEA land in ZCTA),https://nces.ed.gov/programs/edge/Geographic/RelationshipFiles|https://nces.ed.gov/programs/edge/data/GRF24.zip,2026-09-07
31833,GA,Harris County Schools,Columbus,traditional,census_zcta_lea,medium,,no open CCD school campus in this ZIP for this LEA; ZCTA∩LEA land from NCES EDGE GRF24; multi-LEA ZCTA; also Troup County School System; census land≈59.12 sq mi (61% of LEA land in ZCTA),https://nces.ed.gov/programs/edge/Geographic/RelationshipFiles|https://nces.ed.gov/programs/edge/data/GRF24.zip,2026-09-07
31833,GA,Troup County School System,LaGrange,traditional,ccd_school_zip,high,1,multi-LEA ZCTA; also Harris County Schools; census land≈38.50 sq mi (39% of LEA land in ZCTA),https://educationdata.urban.org/api/v1/school-districts/ccd/directory/|https://nces.ed.gov/ccd/|https://nces.ed.gov/programs/edge/Geographic/RelationshipFiles|https://nces.ed.gov/programs/edge/data/GRF24.zip,2026-09-07
31836,GA,Talbot County Schools,Columbus,traditional,census_zcta_lea,medium,,no open CCD school campus in this ZIP for this LEA; ZCTA∩LEA land from NCES EDGE GRF24; census land≈89.92 sq mi in ZCTA,https://nces.ed.gov/programs/edge/Geographic/RelationshipFiles|https://nces.ed.gov/programs/edge/data/GRF24.zip,2026-09-07
31901,GA,Muscogee County Schools,Columbus,traditional,ccd_school_zip,high,2,,https://educationdata.urban.org/api/v1/school-districts/ccd/directory/|https://nces.ed.gov/ccd/,2026-09-07
31903,GA,Muscogee County Schools,Columbus,traditional,ccd_school_zip,high,7,,https://educationdata.urban.org/api/v1/school-districts/ccd/directory/|https://nces.ed.gov/ccd/,2026-09-07
31904,GA,Muscogee County Schools,Columbus,traditional,ccd_school_zip,high,8,,https://educationdata.urban.org/api/v1/school-districts/ccd/directory/|https://nces.ed.gov/ccd/,2026-09-07
31905,GA,Muscogee County Schools,Columbus,traditional,census_zcta_lea,medium,,no open CCD school campus in this ZIP for this LEA; ZCTA∩LEA land from NCES EDGE GRF24; census land≈0.11 sq mi in ZCTA; small land share in ZCTA — possible city/county edge,https://nces.ed.gov/programs/edge/Geographic/RelationshipFiles|https://nces.ed.gov/programs/edge/data/GRF24.zip,2026-09-07
31906,GA,Muscogee County Schools,Columbus,traditional,ccd_school_zip,high,10,,https://educationdata.urban.org/api/v1/school-districts/ccd/directory/|https://nces.ed.gov/ccd/,2026-09-07
31907,GA,Muscogee County Schools,Columbus,traditional,ccd_school_zip,high,14,,https://educationdata.urban.org/api/v1/school-districts/ccd/directory/|https://nces.ed.gov/ccd/,2026-09-07
31909,GA,Muscogee County Schools,Columbus,traditional,ccd_school_zip,high,8,,https://educationdata.urban.org/api/v1/school-districts/ccd/directory/|https://nces.ed.gov/ccd/,2026-09-07
36855,GA,Troup County School System,LaGrange,traditional,census_zcta_lea,medium,,no open CCD school campus in this ZIP for this LEA; ZCTA∩LEA land from NCES EDGE GRF24; census land≈0.79 sq mi in ZCTA; small land share in ZCTA — possible city/county edge,https://nces.ed.gov/programs/edge/Geographic/RelationshipFiles|https://nces.ed.gov/programs/edge/data/GRF24.zip,2026-09-07
39813,GA,Baker County Schools,Albany,traditional,census_zcta_lea,medium,,"no open CCD school campus in this ZIP for this LEA; ZCTA∩LEA land from NCES EDGE GRF24; multi-LEA ZCTA; also Calhoun County Schools, Early County Schools; census land≈17.84 sq mi (13% of LEA land in ZCTA); small land share in ZCTA — possible city/county edge",https://nces.ed.gov/programs/edge/Geographic/RelationshipFiles|https://nces.ed.gov/programs/edge/data/GRF24.zip,2026-09-07
39813,GA,Calhoun County Schools,Rural SW Georgia,traditional,census_zcta_lea,medium,,"no open CCD school campus in this ZIP for this LEA; ZCTA∩LEA land from NCES EDGE GRF24; multi-LEA ZCTA; also Baker County Schools, Early County Schools; census land≈61.81 sq mi (46% of LEA land in ZCTA)",https://nces.ed.gov/programs/edge/Geographic/RelationshipFiles|https://nces.ed.gov/programs/edge/data/GRF24.zip,2026-09-07
39813,GA,Early County Schools,Rural SW Georgia,traditional,census_zcta_lea,medium,,"no open CCD school campus in this ZIP for this LEA; ZCTA∩LEA land from NCES EDGE GRF24; multi-LEA ZCTA; also Baker County Schools, Calhoun County Schools; census land≈53.31 sq mi (40% of LEA land in ZCTA)",https://nces.ed.gov/programs/edge/Geographic/RelationshipFiles|https://nces.ed.gov/programs/edge/data/GRF24.zip,2026-09-07
39815,GA,Decatur County Schools,Bainbridge,traditional,census_zcta_lea,medium,,no open CCD school campus in this ZIP for this LEA; ZCTA∩LEA land from NCES EDGE GRF24; census land≈54.66 sq mi in ZCTA,https://nces.ed.gov/programs/edge/Geographic/RelationshipFiles|https://nces.ed.gov/programs/edge/data/GRF24.zip,2026-09-07
39817,GA,Decatur County Schools,Bainbridge,traditional,ccd_school_zip,high,3,multi-LEA zip; also Spring Creek Charter Academy,https://educationdata.urban.org/api/v1/school-districts/ccd/directory/|https://nces.ed.gov/ccd/,2026-09-07
39817,GA,Spring Creek Charter Academy,Bainbridge,charter,ccd_school_zip,high,1,charter campus ZIP (choice school; not an attendance-zone claim); multi-LEA zip; also Decatur County Schools,https://educationdata.urban.org/api/v1/school-districts/ccd/directory/|https://nces.ed.gov/ccd/,2026-09-07
39819,GA,Decatur County Schools,Bainbridge,traditional,ccd_school_zip,high,3,,https://educationdata.urban.org/api/v1/school-districts/ccd/directory/|https://nces.ed.gov/ccd/,2026-09-07
39823,GA,Early County Schools,Rural SW Georgia,traditional,ccd_school_zip,high,3,multi-LEA ZCTA; also Miller County Schools; census land≈330.97 sq mi (95% of LEA land in ZCTA),https://educationdata.urban.org/api/v1/school-districts/ccd/directory/|https://nces.ed.gov/ccd/|https://nces.ed.gov/programs/edge/Geographic/RelationshipFiles|https://nces.ed.gov/programs/edge/data/GRF24.zip,2026-09-07
39823,GA,Miller County Schools,Rural SW Georgia,traditional,census_zcta_lea,medium,,no open CCD school campus in this ZIP for this LEA; ZCTA∩LEA land from NCES EDGE GRF24; multi-LEA ZCTA; also Early County Schools; census land≈16.69 sq mi (5% of LEA land in ZCTA); small land share in ZCTA — possible city/county edge,https://nces.ed.gov/programs/edge/Geographic/RelationshipFiles|https://nces.ed.gov/programs/edge/data/GRF24.zip,2026-09-07
39824,GA,Clay County Schools,Rural SW Georgia,traditional,census_zcta_lea,medium,,no open CCD school campus in this ZIP for this LEA; ZCTA∩LEA land from NCES EDGE GRF24; multi-LEA ZCTA; also Early County Schools; census land≈29.21 sq mi (71% of LEA land in ZCTA),https://nces.ed.gov/programs/edge/Geographic/RelationshipFiles|https://nces.ed.gov/programs/edge/data/GRF24.zip,2026-09-07
39824,GA,Early County Schools,Rural SW Georgia,traditional,census_zcta_lea,medium,,no open CCD school campus in this ZIP for this LEA; ZCTA∩LEA land from NCES EDGE GRF24; multi-LEA ZCTA; also Clay County Schools; census land≈12.02 sq mi (29% of LEA land in ZCTA),https://nces.ed.gov/programs/edge/Geographic/RelationshipFiles|https://nces.ed.gov/programs/edge/data/GRF24.zip,2026-09-07
39825,GA,Decatur County Schools,Bainbridge,traditional,census_zcta_lea,medium,,no open CCD school campus in this ZIP for this LEA; ZCTA∩LEA land from NCES EDGE GRF24; multi-LEA ZCTA; also Seminole County Schools; census land≈78.08 sq mi (84% of LEA land in ZCTA),https://nces.ed.gov/programs/edge/Geographic/RelationshipFiles|https://nces.ed.gov/programs/edge/data/GRF24.zip,2026-09-07
39825,GA,Seminole County Schools,Rural SW Georgia,traditional,census_zcta_lea,medium,,no open CCD school campus in this ZIP for this LEA; ZCTA∩LEA land from NCES EDGE GRF24; multi-LEA ZCTA; also Decatur County Schools; census land≈15.17 sq mi (16% of LEA land in ZCTA),https://nces.ed.gov/programs/edge/Geographic/RelationshipFiles|https://nces.ed.gov/programs/edge/data/GRF24.zip,2026-09-07
39826,GA,Terrell County Schools,Albany,traditional,census_zcta_lea,medium,,no open CCD school campus in this ZIP for this LEA; ZCTA∩LEA land from NCES EDGE GRF24; census land≈33.68 sq mi in ZCTA,https://nces.ed.gov/programs/edge/Geographic/RelationshipFiles|https://nces.ed.gov/programs/edge/data/GRF24.zip,2026-09-07
39827,GA,Grady County Schools,Thomasville,traditional,census_zcta_lea,medium,,no open CCD school campus in this ZIP for this LEA; ZCTA∩LEA land from NCES EDGE GRF24; census land≈69.88 sq mi in ZCTA,https://nces.ed.gov/programs/edge/Geographic/RelationshipFiles|https://nces.ed.gov/programs/edge/data/GRF24.zip,2026-09-07
39828,GA,Grady County Schools,Thomasville,traditional,ccd_school_zip,high,5,,https://educationdata.urban.org/api/v1/school-districts/ccd/directory/|https://nces.ed.gov/ccd/,2026-09-07
39832,GA,Early County Schools,Rural SW Georgia,traditional,census_zcta_lea,medium,,no open CCD school campus in this ZIP for this LEA; ZCTA∩LEA land from NCES EDGE GRF24; census land≈2.60 sq mi in ZCTA,https://nces.ed.gov/programs/edge/Geographic/RelationshipFiles|https://nces.ed.gov/programs/edge/data/GRF24.zip,2026-09-07
39834,GA,Decatur County Schools,Bainbridge,traditional,census_zcta_lea,medium,,no open CCD school campus in this ZIP for this LEA; ZCTA∩LEA land from NCES EDGE GRF24; census land≈121.85 sq mi in ZCTA,https://nces.ed.gov/programs/edge/Geographic/RelationshipFiles|https://nces.ed.gov/programs/edge/data/GRF24.zip,2026-09-07
39836,GA,Clay County Schools,Rural SW Georgia,traditional,census_zcta_lea,medium,,no open CCD school campus in this ZIP for this LEA; ZCTA∩LEA land from NCES EDGE GRF24; multi-LEA ZCTA; also Randolph County Schools; census land≈9.87 sq mi (14% of LEA land in ZCTA); small land share in ZCTA — possible city/county edge,https://nces.ed.gov/programs/edge/Geographic/RelationshipFiles|https://nces.ed.gov/programs/edge/data/GRF24.zip,2026-09-07
39836,GA,Randolph County Schools,Rural SW Georgia,traditional,census_zcta_lea,medium,,no open CCD school campus in this ZIP for this LEA; ZCTA∩LEA land from NCES EDGE GRF24; multi-LEA ZCTA; also Clay County Schools; census land≈62.30 sq mi (86% of LEA land in ZCTA),https://nces.ed.gov/programs/edge/Geographic/RelationshipFiles|https://nces.ed.gov/programs/edge/data/GRF24.zip,2026-09-07
39837,GA,Baker County Schools,Albany,traditional,census_zcta_lea,medium,,"no open CCD school campus in this ZIP for this LEA; ZCTA∩LEA land from NCES EDGE GRF24; multi-LEA ZCTA; also Decatur County Schools, Early County Schools, Miller County Schools; census land≈32.29 sq mi (11% of LEA land in ZCTA); small land share in ZCTA — possible city/county edge",https://nces.ed.gov/programs/edge/Geographic/RelationshipFiles|https://nces.ed.gov/programs/edge/data/GRF24.zip,2026-09-07
39837,GA,Decatur County Schools,Bainbridge,traditional,census_zcta_lea,medium,,"no open CCD school campus in this ZIP for this LEA; ZCTA∩LEA land from NCES EDGE GRF24; multi-LEA ZCTA; also Baker County Schools, Early County Schools, Miller County Schools; census land≈29.12 sq mi (10% of LEA land in ZCTA); small land share in ZCTA — possible city/county edge",https://nces.ed.gov/programs/edge/Geographic/RelationshipFiles|https://nces.ed.gov/programs/edge/data/GRF24.zip,2026-09-07
39837,GA,Early County Schools,Rural SW Georgia,traditional,census_zcta_lea,medium,,"no open CCD school campus in this ZIP for this LEA; ZCTA∩LEA land from NCES EDGE GRF24; multi-LEA ZCTA; also Baker County Schools, Decatur County Schools, Miller County Schools; census land≈1.14 sq mi (0% of LEA land in ZCTA); small land share in ZCTA — possible city/county edge",https://nces.ed.gov/programs/edge/Geographic/RelationshipFiles|https://nces.ed.gov/programs/edge/data/GRF24.zip,2026-09-07
39837,GA,Miller County Schools,Rural SW Georgia,traditional,ccd_school_zip,high,3,"multi-LEA ZCTA; also Baker County Schools, Decatur County Schools, Early County Schools; census land≈225.46 sq mi (78% of LEA land in ZCTA)",https://educationdata.urban.org/api/v1/school-districts/ccd/directory/|https://nces.ed.gov/ccd/|https://nces.ed.gov/programs/edge/Geographic/RelationshipFiles|https://nces.ed.gov/programs/edge/data/GRF24.zip,2026-09-07
39840,GA,Randolph County Schools,Rural SW Georgia,traditional,ccd_school_zip,high,3,,https://educationdata.urban.org/api/v1/school-districts/ccd/directory/|https://nces.ed.gov/ccd/,2026-09-07
39841,GA,Baker County Schools,Albany,traditional,census_zcta_lea,medium,,"no open CCD school campus in this ZIP for this LEA; ZCTA∩LEA land from NCES EDGE GRF24; multi-LEA ZCTA; also Early County Schools, Miller County Schools; census land≈12.58 sq mi (17% of LEA land in ZCTA)",https://nces.ed.gov/programs/edge/Geographic/RelationshipFiles|https://nces.ed.gov/programs/edge/data/GRF24.zip,2026-09-07
39841,GA,Early County Schools,Rural SW Georgia,traditional,census_zcta_lea,medium,,"no open CCD school campus in this ZIP for this LEA; ZCTA∩LEA land from NCES EDGE GRF24; multi-LEA ZCTA; also Baker County Schools, Miller County Schools; census land≈51.26 sq mi (71% of LEA land in ZCTA)",https://nces.ed.gov/programs/edge/Geographic/RelationshipFiles|https://nces.ed.gov/programs/edge/data/GRF24.zip,2026-09-07
39841,GA,Miller County Schools,Rural SW Georgia,traditional,census_zcta_lea,medium,,"no open CCD school campus in this ZIP for this LEA; ZCTA∩LEA land from NCES EDGE GRF24; multi-LEA ZCTA; also Baker County Schools, Early County Schools; census land≈8.42 sq mi (12% of LEA land in ZCTA); small land share in ZCTA — possible city/county edge",https://nces.ed.gov/programs/edge/Geographic/RelationshipFiles|https://nces.ed.gov/programs/edge/data/GRF24.zip,2026-09-07
39842,GA,Calhoun County Schools,Rural SW Georgia,traditional,census_zcta_lea,medium,,no open CCD school campus in this ZIP for this LEA; ZCTA∩LEA land from NCES EDGE GRF24; multi-LEA ZCTA; also Terrell County Schools; census land≈0.71 sq mi (0% of LEA land in ZCTA); small land share in ZCTA — possible city/county edge,https://nces.ed.gov/programs/edge/Geographic/RelationshipFiles|https://nces.ed.gov/programs/edge/data/GRF24.zip,2026-09-07
39842,GA,Terrell County Schools,Albany,traditional,ccd_school_zip,high,3,multi-LEA ZCTA; also Calhoun County Schools; census land≈268.46 sq mi (100% of LEA land in ZCTA),https://educationdata.urban.org/api/v1/school-districts/ccd/directory/|https://nces.ed.gov/ccd/|https://nces.ed.gov/programs/edge/Geographic/RelationshipFiles|https://nces.ed.gov/programs/edge/data/GRF24.zip,2026-09-07
39845,GA,Early County Schools,Rural SW Georgia,traditional,census_zcta_lea,medium,,"no open CCD school campus in this ZIP for this LEA; ZCTA∩LEA land from NCES EDGE GRF24; multi-LEA ZCTA; also Miller County Schools, Seminole County Schools; census land≈0.89 sq mi (0% of LEA land in ZCTA); small land share in ZCTA — possible city/county edge",https://nces.ed.gov/programs/edge/Geographic/RelationshipFiles|https://nces.ed.gov/programs/edge/data/GRF24.zip,2026-09-07
39845,GA,Miller County Schools,Rural SW Georgia,traditional,census_zcta_lea,medium,,"no open CCD school campus in this ZIP for this LEA; ZCTA∩LEA land from NCES EDGE GRF24; multi-LEA ZCTA; also Early County Schools, Seminole County Schools; census land≈29.90 sq mi (15% of LEA land in ZCTA)",https://nces.ed.gov/programs/edge/Geographic/RelationshipFiles|https://nces.ed.gov/programs/edge/data/GRF24.zip,2026-09-07
39845,GA,Seminole County Schools,Rural SW Georgia,traditional,ccd_school_zip,high,2,"multi-LEA ZCTA; also Early County Schools, Miller County Schools; census land≈163.57 sq mi (84% of LEA land in ZCTA)",https://educationdata.urban.org/api/v1/school-districts/ccd/directory/|https://nces.ed.gov/ccd/|https://nces.ed.gov/programs/edge/Geographic/RelationshipFiles|https://nces.ed.gov/programs/edge/data/GRF24.zip,2026-09-07
39846,GA,Calhoun County Schools,Rural SW Georgia,traditional,ccd_school_zip,high,3,"multi-LEA ZCTA; also Clay County Schools, Randolph County Schools; census land≈72.81 sq mi (91% of LEA land in ZCTA)",https://educationdata.urban.org/api/v1/school-districts/ccd/directory/|https://nces.ed.gov/ccd/|https://nces.ed.gov/programs/edge/Geographic/RelationshipFiles|https://nces.ed.gov/programs/edge/data/GRF24.zip,2026-09-07
39846,GA,Clay County Schools,Rural SW Georgia,traditional,census_zcta_lea,medium,,"no open CCD school campus in this ZIP for this LEA; ZCTA∩LEA land from NCES EDGE GRF24; multi-LEA ZCTA; also Calhoun County Schools, Randolph County Schools; census land≈6.44 sq mi (8% of LEA land in ZCTA); small land share in ZCTA — possible city/county edge",https://nces.ed.gov/programs/edge/Geographic/RelationshipFiles|https://nces.ed.gov/programs/edge/data/GRF24.zip,2026-09-07
39846,GA,Randolph County Schools,Rural SW Georgia,traditional,census_zcta_lea,medium,,"no open CCD school campus in this ZIP for this LEA; ZCTA∩LEA land from NCES EDGE GRF24; multi-LEA ZCTA; also Calhoun County Schools, Clay County Schools; census land≈0.99 sq mi (1% of LEA land in ZCTA); small land share in ZCTA — possible city/county edge",https://nces.ed.gov/programs/edge/Geographic/RelationshipFiles|https://nces.ed.gov/programs/edge/data/GRF24.zip,2026-09-07
39846,GA,Pataula Charter Academy,Rural SW Georgia,charter,ccd_school_zip,high,1,"charter campus ZIP (choice school; not an attendance-zone claim); multi-LEA zip; also Calhoun County Schools, Clay County Schools, Randolph County Schools",https://educationdata.urban.org/api/v1/school-districts/ccd/directory/|https://nces.ed.gov/ccd/,2026-09-07
39851,GA,Clay County Schools,Rural SW Georgia,traditional,ccd_school_zip,high,2,multi-LEA ZCTA; also Randolph County Schools; census land≈124.59 sq mi (91% of LEA land in ZCTA),https://educationdata.urban.org/api/v1/school-districts/ccd/directory/|https://nces.ed.gov/ccd/|https://nces.ed.gov/programs/edge/Geographic/RelationshipFiles|https://nces.ed.gov/programs/edge/data/GRF24.zip,2026-09-07
39851,GA,Randolph County Schools,Rural SW Georgia,traditional,census_zcta_lea,medium,,no open CCD school campus in this ZIP for this LEA; ZCTA∩LEA land from NCES EDGE GRF24; multi-LEA ZCTA; also Clay County Schools; census land≈12.51 sq mi (9% of LEA land in ZCTA); small land share in ZCTA — possible city/county edge,https://nces.ed.gov/programs/edge/Geographic/RelationshipFiles|https://nces.ed.gov/programs/edge/data/GRF24.zip,2026-09-07
39854,GA,Clay County Schools,Rural SW Georgia,traditional,census_zcta_lea,medium,,no open CCD school campus in this ZIP for this LEA; ZCTA∩LEA land from NCES EDGE GRF24; multi-LEA ZCTA; also Quitman County Schools; census land≈7.31 sq mi (6% of LEA land in ZCTA); small land share in ZCTA — possible city/county edge,https://nces.ed.gov/programs/edge/Geographic/RelationshipFiles|https://nces.ed.gov/programs/edge/data/GRF24.zip,2026-09-07
39854,GA,Quitman County Schools,Eufaula,traditional,ccd_school_zip,high,2,multi-LEA ZCTA; also Clay County Schools; census land≈107.35 sq mi (94% of LEA land in ZCTA),https://educationdata.urban.org/api/v1/school-districts/ccd/directory/|https://nces.ed.gov/ccd/|https://nces.ed.gov/programs/edge/Geographic/RelationshipFiles|https://nces.ed.gov/programs/edge/data/GRF24.zip,2026-09-07
39859,GA,Miller County Schools,Rural SW Georgia,traditional,census_zcta_lea,medium,,no open CCD school campus in this ZIP for this LEA; ZCTA∩LEA land from NCES EDGE GRF24; multi-LEA ZCTA; also Seminole County Schools; census land≈1.96 sq mi (3% of LEA land in ZCTA); small land share in ZCTA — possible city/county edge,https://nces.ed.gov/programs/edge/Geographic/RelationshipFiles|https://nces.ed.gov/programs/edge/data/GRF24.zip,2026-09-07
39859,GA,Seminole County Schools,Rural SW Georgia,traditional,census_zcta_lea,medium,,no open CCD school campus in this ZIP for this LEA; ZCTA∩LEA land from NCES EDGE GRF24; multi-LEA ZCTA; also Miller County Schools; census land≈57.55 sq mi (97% of LEA land in ZCTA),https://nces.ed.gov/programs/edge/Geographic/RelationshipFiles|https://nces.ed.gov/programs/edge/data/GRF24.zip,2026-09-07
39861,GA,Early County Schools,Rural SW Georgia,traditional,census_zcta_lea,medium,,no open CCD school campus in this ZIP for this LEA; ZCTA∩LEA land from NCES EDGE GRF24; multi-LEA ZCTA; also Seminole County Schools; census land≈60.42 sq mi (98% of LEA land in ZCTA),https://nces.ed.gov/programs/edge/Geographic/RelationshipFiles|https://nces.ed.gov/programs/edge/data/GRF24.zip,2026-09-07
39861,GA,Seminole County Schools,Rural SW Georgia,traditional,census_zcta_lea,medium,,no open CCD school campus in this ZIP for this LEA; ZCTA∩LEA land from NCES EDGE GRF24; multi-LEA ZCTA; also Early County Schools; census land≈1.26 sq mi (2% of LEA land in ZCTA); small land share in ZCTA — possible city/county edge,https://nces.ed.gov/programs/edge/Geographic/RelationshipFiles|https://nces.ed.gov/programs/edge/data/GRF24.zip,2026-09-07
39862,GA,Baker County Schools,Albany,traditional,census_zcta_lea,medium,,no open CCD school campus in this ZIP for this LEA; ZCTA∩LEA land from NCES EDGE GRF24; multi-LEA ZCTA; also Calhoun County Schools; census land≈60.67 sq mi (42% of LEA land in ZCTA),https://nces.ed.gov/programs/edge/Geographic/RelationshipFiles|https://nces.ed.gov/programs/edge/data/GRF24.zip,2026-09-07
39862,GA,Calhoun County Schools,Rural SW Georgia,traditional,census_zcta_lea,medium,,no open CCD school campus in this ZIP for this LEA; ZCTA∩LEA land from NCES EDGE GRF24; multi-LEA ZCTA; also Baker County Schools; census land≈85.50 sq mi (58% of LEA land in ZCTA),https://nces.ed.gov/programs/edge/Geographic/RelationshipFiles|https://nces.ed.gov/programs/edge/data/GRF24.zip,2026-09-07
39866,GA,Calhoun County Schools,Rural SW Georgia,traditional,census_zcta_lea,medium,,no open CCD school campus in this ZIP for this LEA; ZCTA∩LEA land from NCES EDGE GRF24; multi-LEA ZCTA; also Randolph County Schools; census land≈56.53 sq mi (96% of LEA land in ZCTA),https://nces.ed.gov/programs/edge/Geographic/RelationshipFiles|https://nces.ed.gov/programs/edge/data/GRF24.zip,2026-09-07
39866,GA,Randolph County Schools,Rural SW Georgia,traditional,census_zcta_lea,medium,,no open CCD school campus in this ZIP for this LEA; ZCTA∩LEA land from NCES EDGE GRF24; multi-LEA ZCTA; also Calhoun County Schools; census land≈2.45 sq mi (4% of LEA land in ZCTA); small land share in ZCTA — possible city/county edge,https://nces.ed.gov/programs/edge/Geographic/RelationshipFiles|https://nces.ed.gov/programs/edge/data/GRF24.zip,2026-09-07
39867,GA,Clay County Schools,Rural SW Georgia,traditional,census_zcta_lea,medium,,"no open CCD school campus in this ZIP for this LEA; ZCTA∩LEA land from NCES EDGE GRF24; multi-LEA ZCTA; also Quitman County Schools, Randolph County Schools, Stewart County Schools; census land≈17.98 sq mi (19% of LEA land in ZCTA)",https://nces.ed.gov/programs/edge/Geographic/RelationshipFiles|https://nces.ed.gov/programs/edge/data/GRF24.zip,2026-09-07
39867,GA,Quitman County Schools,Eufaula,traditional,census_zcta_lea,medium,,"no open CCD school campus in this ZIP for this LEA; ZCTA∩LEA land from NCES EDGE GRF24; multi-LEA ZCTA; also Clay County Schools, Randolph County Schools, Stewart County Schools; census land≈43.89 sq mi (45% of LEA land in ZCTA)",https://nces.ed.gov/programs/edge/Geographic/RelationshipFiles|https://nces.ed.gov/programs/edge/data/GRF24.zip,2026-09-07
39867,GA,Randolph County Schools,Rural SW Georgia,traditional,census_zcta_lea,medium,,"no open CCD school campus in this ZIP for this LEA; ZCTA∩LEA land from NCES EDGE GRF24; multi-LEA ZCTA; also Clay County Schools, Quitman County Schools, Stewart County Schools; census land≈25.78 sq mi (27% of LEA land in ZCTA)",https://nces.ed.gov/programs/edge/Geographic/RelationshipFiles|https://nces.ed.gov/programs/edge/data/GRF24.zip,2026-09-07
39867,GA,Stewart County Schools,Columbus,traditional,census_zcta_lea,medium,,"no open CCD school campus in this ZIP for this LEA; ZCTA∩LEA land from NCES EDGE GRF24; multi-LEA ZCTA; also Clay County Schools, Quitman County Schools, Randolph County Schools; census land≈8.90 sq mi (9% of LEA land in ZCTA); small land share in ZCTA — possible city/county edge",https://nces.ed.gov/programs/edge/Geographic/RelationshipFiles|https://nces.ed.gov/programs/edge/data/GRF24.zip,2026-09-07
39870,GA,Baker County Schools,Albany,traditional,ccd_school_zip,high,2,,https://educationdata.urban.org/api/v1/school-districts/ccd/directory/|https://nces.ed.gov/ccd/,2026-09-07
39877,GA,Terrell County Schools,Albany,traditional,census_zcta_lea,medium,,no open CCD school campus in this ZIP for this LEA; ZCTA∩LEA land from NCES EDGE GRF24; multi-LEA ZCTA; also Webster County Schools; census land≈27.18 sq mi (63% of LEA land in ZCTA),https://nces.ed.gov/programs/edge/Geographic/RelationshipFiles|https://nces.ed.gov/programs/edge/data/GRF24.zip,2026-09-07
39877,GA,Webster County Schools,Rural SW Georgia,traditional,census_zcta_lea,medium,,no open CCD school campus in this ZIP for this LEA; ZCTA∩LEA land from NCES EDGE GRF24; multi-LEA ZCTA; also Terrell County Schools; census land≈16.00 sq mi (37% of LEA land in ZCTA),https://nces.ed.gov/programs/edge/Geographic/RelationshipFiles|https://nces.ed.gov/programs/edge/data/GRF24.zip,2026-09-07
39885,GA,Terrell County Schools,Albany,traditional,census_zcta_lea,medium,,no open CCD school campus in this ZIP for this LEA; ZCTA∩LEA land from NCES EDGE GRF24; census land≈0.15 sq mi in ZCTA; small land share in ZCTA — possible city/county edge,https://nces.ed.gov/programs/edge/Geographic/RelationshipFiles|https://nces.ed.gov/programs/edge/data/GRF24.zip,2026-09-07
39886,GA,Calhoun County Schools,Rural SW Georgia,traditional,census_zcta_lea,medium,,"no open CCD school campus in this ZIP for this LEA; ZCTA∩LEA land from NCES EDGE GRF24; multi-LEA ZCTA; also Randolph County Schools, Terrell County Schools; census land≈3.01 sq mi (3% of LEA land in ZCTA); small land share in ZCTA — possible city/county edge",https://nces.ed.gov/programs/edge/Geographic/RelationshipFiles|https://nces.ed.gov/programs/edge/data/GRF24.zip,2026-09-07
39886,GA,Randolph County Schools,Rural SW Georgia,traditional,census_zcta_lea,medium,,"no open CCD school campus in this ZIP for this LEA; ZCTA∩LEA land from NCES EDGE GRF24; multi-LEA ZCTA; also Calhoun County Schools, Terrell County Schools; census land≈97.82 sq mi (93% of LEA land in ZCTA)",https://nces.ed.gov/programs/edge/Geographic/RelationshipFiles|https://nces.ed.gov/programs/edge/data/GRF24.zip,2026-09-07
39886,GA,Terrell County Schools,Albany,traditional,census_zcta_lea,medium,,"no open CCD school campus in this ZIP for this LEA; ZCTA∩LEA land from NCES EDGE GRF24; multi-LEA ZCTA; also Calhoun County Schools, Randolph County Schools; census land≈4.54 sq mi (4% of LEA land in ZCTA); small land share in ZCTA — possible city/county edge",https://nces.ed.gov/programs/edge/Geographic/RelationshipFiles|https://nces.ed.gov/programs/edge/data/GRF24.zip,2026-09-07
39886,GA,Southwest Georgia STEM Charter,Rural SW Georgia,charter,ccd_school_zip,high,1,"charter campus ZIP (choice school; not an attendance-zone claim); multi-LEA zip; also Calhoun County Schools, Randolph County Schools, Terrell County Schools",https://educationdata.urban.org/api/v1/school-districts/ccd/directory/|https://nces.ed.gov/ccd/,2026-09-07
39897,GA,Decatur County Schools,Bainbridge,traditional,census_zcta_lea,medium,,no open CCD school campus in this ZIP for this LEA; ZCTA∩LEA land from NCES EDGE GRF24; multi-LEA ZCTA; also Grady County Schools; census land≈11.07 sq mi (8% of LEA land in ZCTA); small land share in ZCTA — possible city/county edge,https://nces.ed.gov/programs/edge/Geographic/RelationshipFiles|https://nces.ed.gov/programs/edge/data/GRF24.zip,2026-09-07
39897,GA,Grady County Schools,Thomasville,traditional,ccd_school_zip,high,1,multi-LEA ZCTA; also Decatur County Schools; census land≈125.59 sq mi (92% of LEA land in ZCTA),https://educationdata.urban.org/api/v1/school-districts/ccd/directory/|https://nces.ed.gov/ccd/|https://nces.ed.gov/programs/edge/Geographic/RelationshipFiles|https://nces.ed.gov/programs/edge/data/GRF24.zip,2026-09-07
